address_id,country,region,city,street,building_number,zip,parent_id
1,Ukraine,,,,0, ,0
2,Ukraine,Kyiv region,,,0, ,1
3,Ukraine,Kyiv region,Kyiv,,0, ,2
4,Ukraine,Kyiv region,Kyiv,Khreshchatyk St,0, ,3
5,Ukraine,Kyiv region,Kyiv,Velyka Vasylkivska St,0, ,3
6,Ukraine,Kyiv region,Kyiv,Saksahanskoho St,0, ,3
7,Ukraine,Kyiv region,Kyiv,Peremohy Ave,0, ,3
8,Ukraine,Kyiv region,Kyiv,Obolonskyi Ave,0, ,3
9,Ukraine,Kyiv region,Kyiv,Naberezhne Hwy,0, ,3
10,Ukraine,Kyiv region,Kyiv,Kharkivske Hwy,0, ,3
11,Ukraine,Kyiv region,Kyiv,Dmytrivska St,0, ,3
12,Ukraine,Kyiv region,Kyiv,Shota Rustaveli St,0, ,3
13,Ukraine,Kyiv region,Kyiv,Henerala Almazova St,0, ,3
14,Ukraine,Kyiv region,Kyiv,Ivana Franka St,0, ,3
15,Ukraine,Kyiv region,Kyiv,Lesi Ukrainky Blvd,0, ,3
16,Ukraine,Kyiv region,Bila Tserkva,,0, ,2
17,Ukraine,Kyiv region,Bila Tserkva,Yaroslav Mudryi St,0, ,16
18,Ukraine,Kyiv region,Bila Tserkva,Soborna Sq,0, ,16
19,Ukraine,Kyiv region,Bila Tserkva,Levantovych St,0, ,16
20,Ukraine,Kyiv region,Bila Tserkva,Oleksandriiska St,0, ,16
21,Ukraine,Kyiv region,Bila Tserkva,Tekhnichna St,0, ,16
22,Ukraine,Kyiv region,Bila Tserkva,Heroiv Krut St,0, ,16
23,Ukraine,Kyiv region,Bila Tserkva,Yuvileina St,0, ,16
24,Ukraine,Kyiv region,Bila Tserkva,Volodymyrska St,0, ,16
25,Ukraine,Kyiv region,Bila Tserkva,Honchara St,0, ,16
26,Ukraine,Kyiv region,Bila Tserkva,Pushkinska St,0, ,16
27,Ukraine,Kyiv region,Irpin,,0, ,2
28,Ukraine,Kyiv region,Irpin,Centralna St,0, ,27
29,Ukraine,Kyiv region,Irpin,Universytetska St,0, ,27
30,Ukraine,Kyiv region,Irpin,Tsentralnyi Park Ave,0, ,27
31,Ukraine,Kyiv region,Irpin,Nezalezhnosti St,0, ,27
32,Ukraine,Kyiv region,Irpin,Miroshnychenka St,0, ,27
33,Ukraine,Kyiv region,Irpin,Poltavska St,0, ,27
34,Ukraine,Kyiv region,Irpin,Pushkinska St,0, ,27
35,Ukraine,Kyiv region,Irpin,Sadova St,0, ,27
36,Ukraine,Kyiv region,Irpin,Kyivska St,0, ,27
37,Ukraine,Kyiv region,Irpin,Kurdyumova St,0, ,27
38,Ukraine,Lviv region,,,0, ,1
39,Ukraine,Lviv region,Lviv,,0, ,38
40,Ukraine,Lviv region,Lviv,Svobody Ave,0, ,39
41,Ukraine,Lviv region,Lviv,Shevchenka St,0, ,39
42,Ukraine,Lviv region,Lviv,Franko St,0, ,39
43,Ukraine,Lviv region,Lviv,Bandery St,0, ,39
44,Ukraine,Lviv region,Lviv,Kopernyka St,0, ,39
45,Ukraine,Lviv region,Lviv,Horodotska St,0, ,39
46,Ukraine,Lviv region,Lviv,Lychakivska St,0, ,39
47,Ukraine,Lviv region,Lviv,Pekarska St,0, ,39
48,Ukraine,Lviv region,Lviv,Halytska St,0, ,39
49,Ukraine,Lviv region,Lviv,Zelena St,0, ,39
50,Ukraine,Lviv region,Lviv,Stryiska St,0, ,39
51,Ukraine,Lviv region,Lviv,Levandivska St,0, ,39
52,Ukraine,Lviv region,Drohobych,,0, ,38
53,Ukraine,Lviv region,Drohobych,Shevchenka St,0, ,52
54,Ukraine,Lviv region,Drohobych,Stepana Bandery St,0, ,52
55,Ukraine,Lviv region,Drohobych,Stryiska St,0, ,52
56,Ukraine,Lviv region,Drohobych,Mazepy St,0, ,52
57,Ukraine,Lviv region,Drohobych,Truskavetska St,0, ,52
58,Ukraine,Lviv region,Drohobych,Heroiv Maidanu St,0, ,52
59,Ukraine,Lviv region,Drohobych,Lesi Ukrainky St,0, ,52
60,Ukraine,Lviv region,Drohobych,Tobilevycha St,0, ,52
61,Ukraine,Lviv region,Drohobych,Boryslavska St,0, ,52
62,Ukraine,Lviv region,Drohobych,Grushevskoho St,0, ,52
63,Ukraine,Lviv region,Stryi,,0, ,38
64,Ukraine,Lviv region,Stryi,Shevchenka St,0, ,63
65,Ukraine,Lviv region,Stryi,Oleska St,0, ,63
66,Ukraine,Lviv region,Stryi,Olesia Honchara St,0, ,63
67,Ukraine,Lviv region,Stryi,Kopernyka St,0, ,63
68,Ukraine,Lviv region,Stryi,Stepana Bandery St,0, ,63
69,Ukraine,Lviv region,Stryi,Horodotska St,0, ,63
70,Ukraine,Lviv region,Stryi,Chornovola St,0, ,63
71,Ukraine,Lviv region,Stryi,Maksyma Kryvonosa St,0, ,63
72,Ukraine,Lviv region,Stryi,Tarasa Shevchenka Blvd,0, ,63
73,Ukraine,Lviv region,Stryi,Bohdana Khmelnytskoho St,0, ,63
74,Ukraine,Odesa region,,,0, ,1
75,Ukraine,Odesa region,Odesa,,0, ,74
76,Ukraine,Odesa region,Odesa,Deribasivska St,0, ,75
77,Ukraine,Odesa region,Odesa,Primorsky Blvd,0, ,75
78,Ukraine,Odesa region,Odesa,Kanatna St,0, ,75
79,Ukraine,Odesa region,Odesa,Panteleimonivska St,0, ,75
80,Ukraine,Odesa region,Odesa,Uspenska St,0, ,75
81,Ukraine,Odesa region,Odesa,Ryshelievska St,0, ,75
82,Ukraine,Odesa region,Odesa,Prymorska St,0, ,75
83,Ukraine,Odesa region,Odesa,Fontanska Rd,0, ,75
84,Ukraine,Odesa region,Odesa,Pushkinska St,0, ,75
85,Ukraine,Odesa region,Odesa,Leontovycha St,0, ,75
86,Ukraine,Odesa region,Odesa,Italiiska St,0, ,75
87,Ukraine,Odesa region,Odesa,Bunina St,0, ,75
88,Ukraine,Odesa region,Izmail,,0, ,74
89,Ukraine,Odesa region,Izmail,Kotovskoho St,0, ,88
90,Ukraine,Odesa region,Izmail,Suvorova St,0, ,88
91,Ukraine,Odesa region,Izmail,Nezalezhnosti Ave,0, ,88
92,Ukraine,Odesa region,Izmail,Sadova St,0, ,88
93,Ukraine,Odesa region,Izmail,Pushkina St,0, ,88
94,Ukraine,Odesa region,Izmail,Myru St,0, ,88
95,Ukraine,Odesa region,Izmail,Sportyvna St,0, ,88
96,Ukraine,Odesa region,Izmail,Lermontova St,0, ,88
97,Ukraine,Odesa region,Izmail,Horodotska St,0, ,88
98,Ukraine,Odesa region,Izmail,Bohdana Khmelnytskoho St,0, ,88
99,Ukraine,Odesa region,Chornomorsk,,0, ,74
100,Ukraine,Odesa region,Chornomorsk,Parusna St,0, ,99
101,Ukraine,Odesa region,Chornomorsk,Myru Ave,0, ,99
102,Ukraine,Odesa region,Chornomorsk,Heroiv Stalingrada St,0, ,99
103,Ukraine,Odesa region,Chornomorsk,Nezalezhnosti St,0, ,99
104,Ukraine,Odesa region,Chornomorsk,Sadova St,0, ,99
105,Ukraine,Odesa region,Chornomorsk,Stepova St,0, ,99
106,Ukraine,Odesa region,Chornomorsk,Industrialna St,0, ,99
107,Ukraine,Odesa region,Chornomorsk,Odeska St,0, ,99
108,Ukraine,Odesa region,Chornomorsk,Kyivska St,0, ,99
109,Ukraine,Odesa region,Chornomorsk,Sportyvna St,0, ,99
110,Poland,,,,0, ,0
111,Poland,Mazowieckie,,,0, ,110
112,Poland,Mazowieckie,Warsaw,,0, ,111
113,Poland,Mazowieckie,Warsaw,Aleje Jerozolimskie,0, ,112
114,Poland,Mazowieckie,Warsaw,Marszałkowska St,0, ,112
115,Poland,Mazowieckie,Warsaw,Nowy Świat,0, ,112
116,Poland,Mazowieckie,Warsaw,Krakowskie Przedmieście,0, ,112
117,Poland,Mazowieckie,Warsaw,Puławska St,0, ,112
118,Poland,Mazowieckie,Warsaw,Tamka St,0, ,112
119,Poland,Mazowieckie,Warsaw,Świętokrzyska St,0, ,112
120,Poland,Mazowieckie,Warsaw,Chmielna St,0, ,112
121,Poland,Mazowieckie,Warsaw,Żurawia St,0, ,112
122,Poland,Mazowieckie,Warsaw,Krucza St,0, ,112
123,Poland,Mazowieckie,Warsaw,Koszykowa St,0, ,112
124,Poland,Mazowieckie,Warsaw,Hoża St,0, ,112
125,Poland,Mazowieckie,Radom,,0, ,111
126,Poland,Mazowieckie,Radom,Żeromskiego St,0, ,125
127,Poland,Mazowieckie,Radom,25 Czerwca St,0, ,125
128,Poland,Mazowieckie,Radom,Traugutta St,0, ,125
129,Poland,Mazowieckie,Radom,Focha St,0, ,125
130,Poland,Mazowieckie,Radom,Słowackiego St,0, ,125
131,Poland,Mazowieckie,Radom,Okulickiego St,0, ,125
132,Poland,Mazowieckie,Radom,Warszawska St,0, ,125
133,Poland,Mazowieckie,Radom,Żółkiewskiego St,0, ,125
134,Poland,Mazowieckie,Radom,Konstytucji 3 Maja St,0, ,125
135,Poland,Mazowieckie,Radom,Moniuszki St,0, ,125
136,Poland,Mazowieckie,Płock,,0, ,111
137,Poland,Mazowieckie,Płock,Tumska St,0, ,136
138,Poland,Mazowieckie,Płock,Kobylińskiego St,0, ,136
139,Poland,Mazowieckie,Płock,Armii Krajowej St,0, ,136
140,Poland,Mazowieckie,Płock,Bielska St,0, ,136
141,Poland,Mazowieckie,Płock,Graniczna St,0, ,136
142,Poland,Mazowieckie,Płock,Dobrzyńska St,0, ,136
143,Poland,Mazowieckie,Płock,Łukasiewicza St,0, ,136
144,Poland,Mazowieckie,Płock,Mostowa St,0, ,136
145,Poland,Mazowieckie,Płock,Mazowiecka St,0, ,136
146,Poland,Mazowieckie,Płock,Żyzna St,0, ,136
147,Poland,Małopolskie,,,0, ,110
148,Poland,Małopolskie,Kraków,,0, ,147
149,Poland,Małopolskie,Kraków,Floriańska St,0, ,148
150,Poland,Małopolskie,Kraków,Grodzka St,0, ,148
151,Poland,Małopolskie,Kraków,Karmelicka St,0, ,148
152,Poland,Małopolskie,Kraków,Szewska St,0, ,148
153,Poland,Małopolskie,Kraków,Kazimierza Wielkiego St,0, ,148
154,Poland,Małopolskie,Kraków,Starowiślna St,0, ,148
155,Poland,Małopolskie,Kraków,Dietla St,0, ,148
156,Poland,Małopolskie,Kraków,Długa St,0, ,148
157,Poland,Małopolskie,Kraków,Basztowa St,0, ,148
158,Poland,Małopolskie,Kraków,Lubicz St,0, ,148
159,Poland,Małopolskie,Kraków,Świętego Tomasza St,0, ,148
160,Poland,Małopolskie,Tarnów,,0, ,147
161,Poland,Małopolskie,Tarnów,Wałowa St,0, ,160
162,Poland,Małopolskie,Tarnów,Krakowska St,0, ,160
163,Poland,Małopolskie,Tarnów,Lwowska St,0, ,160
164,Poland,Małopolskie,Tarnów,Słowackiego St,0, ,160
165,Poland,Małopolskie,Tarnów,Nowy Świat,0, ,160
166,Poland,Małopolskie,Tarnów,Szujskiego St,0, ,160
167,Poland,Małopolskie,Tarnów,Klikowska St,0, ,160
168,Poland,Małopolskie,Tarnów,Mościckiego Ave,0, ,160
169,Poland,Małopolskie,Tarnów,Broniewskiego St,0, ,160
170,Poland,Małopolskie,Tarnów,Bitwy pod Studziankami St,0, ,160
171,Poland,Małopolskie,Nowy Sącz,,0, ,147
172,Poland,Małopolskie,Nowy Sącz,Jagiellońska St,0, ,171
173,Poland,Małopolskie,Nowy Sącz,Długosza St,0, ,171
174,Poland,Małopolskie,Nowy Sącz,Lwowska St,0, ,171
175,Poland,Małopolskie,Nowy Sącz,Sobieskiego St,0, ,171
176,Poland,Małopolskie,Nowy Sącz,Barska St,0, ,171
177,Poland,Małopolskie,Nowy Sącz,Grottgera St,0, ,171
178,Poland,Małopolskie,Nowy Sącz,Piłsudskiego St,0, ,171
179,Poland,Małopolskie,Nowy Sącz,Królowa Jadwigi St,0, ,171
180,Poland,Małopolskie,Nowy Sącz,Broniewskiego St,0, ,171
181,Poland,Małopolskie,Nowy Sącz,Śniadeckich St,0, ,171
182,Poland,Dolnośląskie,,,0, ,110
183,Poland,Dolnośląskie,Wrocław,,0, ,182
184,Poland,Dolnośląskie,Wrocław,Świdnicka St,0, ,183
185,Poland,Dolnośląskie,Wrocław,Kazimierza Wielkiego St,0, ,183
186,Poland,Dolnośląskie,Wrocław,Oławska St,0, ,183
187,Poland,Dolnośląskie,Wrocław,Ruska St,0, ,183
188,Poland,Dolnośląskie,Wrocław,Legnicka St,0, ,183
189,Poland,Dolnośląskie,Wrocław,Krupnicza St,0, ,183
190,Poland,Dolnośląskie,Wrocław,Robotnicza St,0, ,183
191,Poland,Dolnośląskie,Wrocław,Grabiszyńska St,0, ,183
192,Poland,Dolnośląskie,Wrocław,Wita Stwosza St,0, ,183
193,Poland,Dolnośląskie,Wrocław,Nowowiejska St,0, ,183
194,Poland,Dolnośląskie,Legnica,,0, ,182
195,Poland,Dolnośląskie,Legnica,Najświętszej Marii Panny St,0, ,194
196,Poland,Dolnośląskie,Legnica,Wrocławska St,0, ,194
197,Poland,Dolnośląskie,Legnica,Złotoryjska St,0, ,194
198,Poland,Dolnośląskie,Legnica,Piłsudskiego St,0, ,194
199,Poland,Dolnośląskie,Legnica,Jaworzyńska St,0, ,194
200,Poland,Dolnośląskie,Legnica,Chojnowska St,0, ,194
201,Poland,Dolnośląskie,Legnica,Mickiewicza St,0, ,194
202,Poland,Dolnośląskie,Legnica,Pocztowa St,0, ,194
203,Poland,Dolnośląskie,Legnica,Nowa St,0, ,194
204,Poland,Dolnośląskie,Legnica,Dziennikarska St,0, ,194
205,Poland,Dolnośląskie,Jelenia Góra,,0, ,182
206,Poland,Dolnośląskie,Jelenia Góra,1 Maja St,0, ,205
207,Poland,Dolnośląskie,Jelenia Góra,Piłsudskiego St,0, ,205
208,Poland,Dolnośląskie,Jelenia Góra,Bankowa St,0, ,205
209,Poland,Dolnośląskie,Jelenia Góra,Sudecka St,0, ,205
210,Poland,Dolnośląskie,Jelenia Góra,Wolności St,0, ,205
211,Poland,Dolnośląskie,Jelenia Góra,Ogińskiego St,0, ,205
212,Poland,Dolnośląskie,Jelenia Góra,Sobieskiego St,0, ,205
213,Poland,Dolnośląskie,Jelenia Góra,Konstytucji 3 Maja St,0, ,205
214,Poland,Dolnośląskie,Jelenia Góra,Matejki St,0, ,205
215,Poland,Dolnośląskie,Jelenia Góra,Pijarska St,0, ,205
216,Germany,,,,0, ,0
217,Germany,Bavaria,,,0, ,216
218,Germany,Bavaria,Munich,,0, ,217
219,Germany,Bavaria,Munich,Leopoldstraße,0, ,218
220,Germany,Bavaria,Munich,Ludwigstraße,0, ,218
221,Germany,Bavaria,Munich,Maximilianstraße,0, ,218
222,Germany,Bavaria,Munich,Kaufingerstraße,0, ,218
223,Germany,Bavaria,Munich,Sendlinger Straße,0, ,218
224,Germany,Bavaria,Munich,Theresienstraße,0, ,218
225,Germany,Bavaria,Munich,Brienner Straße,0, ,218
226,Germany,Bavaria,Munich,Schwanthalerstraße,0, ,218
227,Germany,Bavaria,Munich,Dachauer Straße,0, ,218
228,Germany,Bavaria,Munich,Sonnenstraße,0, ,218
229,Germany,Bavaria,Munich,Fürstenrieder Straße,0, ,218
230,Germany,Bavaria,Munich,Rosenheimer Straße,0, ,218
231,Germany,Bavaria,Nuremberg,,0, ,217
232,Germany,Bavaria,Nuremberg,Königstraße,0, ,231
233,Germany,Bavaria,Nuremberg,Karolinenstraße,0, ,231
234,Germany,Bavaria,Nuremberg,Breite Gasse,0, ,231
235,Germany,Bavaria,Nuremberg,Färberstraße,0, ,231
236,Germany,Bavaria,Nuremberg,Bahnhofstraße,0, ,231
237,Germany,Bavaria,Nuremberg,Lorenzer Straße,0, ,231
238,Germany,Bavaria,Nuremberg,Jakobsplatz,0, ,231
239,Germany,Bavaria,Nuremberg,Vestnertorgraben,0, ,231
240,Germany,Bavaria,Nuremberg,Plobenhofstraße,0, ,231
241,Germany,Bavaria,Nuremberg,Allersberger Straße,0, ,231
242,Germany,Bavaria,Augsburg,,0, ,217
243,Germany,Bavaria,Augsburg,Maximilianstraße,0, ,242
244,Germany,Bavaria,Augsburg,Bahnhofstraße,0, ,242
245,Germany,Bavaria,Augsburg,Hermanstraße,0, ,242
246,Germany,Bavaria,Augsburg,Ulmer Straße,0, ,242
247,Germany,Bavaria,Augsburg,Jakoberstraße,0, ,242
248,Germany,Bavaria,Augsburg,Bürgermeister-Fischer-Straße,0, ,242
249,Germany,Bavaria,Augsburg,Karlstraße,0, ,242
250,Germany,Bavaria,Augsburg,Frauentorstraße,0, ,242
251,Germany,Bavaria,Augsburg,Jakobstraße,0, ,242
252,Germany,Bavaria,Augsburg,Konrad-Adenauer-Allee,0, ,242
253,Germany,North Rhine-Westphalia,,,0, ,216
254,Germany,North Rhine-Westphalia,Cologne,,0, ,253
255,Germany,North Rhine-Westphalia,Cologne,Hohe Straße,0, ,254
256,Germany,North Rhine-Westphalia,Cologne,Schildergasse,0, ,254
257,Germany,North Rhine-Westphalia,Cologne,Breite Straße,0, ,254
258,Germany,North Rhine-Westphalia,Cologne,Aachener Straße,0, ,254
259,Germany,North Rhine-Westphalia,Cologne,Venloer Straße,0, ,254
260,Germany,North Rhine-Westphalia,Cologne,Severinstraße,0, ,254
261,Germany,North Rhine-Westphalia,Cologne,Zülpicher Straße,0, ,254
262,Germany,North Rhine-Westphalia,Cologne,Ehrenstraße,0, ,254
263,Germany,North Rhine-Westphalia,Cologne,Neumarkt,0, ,254
264,Germany,North Rhine-Westphalia,Cologne,Eigelstein,0, ,254
265,Germany,North Rhine-Westphalia,Düsseldorf,,0, ,253
266,Germany,North Rhine-Westphalia,Düsseldorf,Königsallee,0, ,265
267,Germany,North Rhine-Westphalia,Düsseldorf,Schadowstraße,0, ,265
268,Germany,North Rhine-Westphalia,Düsseldorf,Flinger Straße,0, ,265
269,Germany,North Rhine-Westphalia,Düsseldorf,Bolkerstraße,0, ,265
270,Germany,North Rhine-Westphalia,Düsseldorf,Breite Straße,0, ,265
271,Germany,North Rhine-Westphalia,Düsseldorf,Friedrichstraße,0, ,265
272,Germany,North Rhine-Westphalia,Düsseldorf,Immermannstraße,0, ,265
273,Germany,North Rhine-Westphalia,Düsseldorf,Ackerstraße,0, ,265
274,Germany,North Rhine-Westphalia,Düsseldorf,Neustraße,0, ,265
275,Germany,North Rhine-Westphalia,Düsseldorf,Ratinger Straße,0, ,265
276,Germany,North Rhine-Westphalia,Bonn,,0, ,253
277,Germany,North Rhine-Westphalia,Bonn,Sternstraße,0, ,276
278,Germany,North Rhine-Westphalia,Bonn,Friedensplatz,0, ,276
279,Germany,North Rhine-Westphalia,Bonn,Oxfordstraße,0, ,276
280,Germany,North Rhine-Westphalia,Bonn,Kaiserstraße,0, ,276
281,Germany,North Rhine-Westphalia,Bonn,Adenauerallee,0, ,276
282,Germany,North Rhine-Westphalia,Bonn,Berliner Freiheit,0, ,276
283,Germany,North Rhine-Westphalia,Bonn,Colmantstraße,0, ,276
284,Germany,North Rhine-Westphalia,Bonn,Kölnstraße,0, ,276
285,Germany,North Rhine-Westphalia,Bonn,Wilhelmstraße,0, ,276
286,Germany,North Rhine-Westphalia,Bonn,Breite Straße,0, ,276
287,Germany,Berlin,,,0, ,216
288,Germany,Berlin,Berlin,,0, ,287
289,Germany,Berlin,Berlin,Unter den Linden,0, ,288
290,Germany,Berlin,Berlin,Friedrichstraße,0, ,288
291,Germany,Berlin,Berlin,Kurfürstendamm,0, ,288
292,Germany,Berlin,Berlin,Karl-Marx-Allee,0, ,288
293,Germany,Berlin,Berlin,Potsdamer Straße,0, ,288
294,Germany,Berlin,Berlin,Leipziger Straße,0, ,288
295,Germany,Berlin,Berlin,Oranienburger Straße,0, ,288
296,Germany,Berlin,Berlin,Invalidenstraße,0, ,288
297,Germany,Berlin,Berlin,Torstraße,0, ,288
298,Germany,Berlin,Berlin,Greifswalder Straße,0, ,288
299,Germany,Berlin,Berlin,Schönhauser Allee,0, ,288
300,Germany,Berlin,Berlin,Prenzlauer Allee,0, ,288
301,Romania,,,,0, ,0
302,Romania,Bucharest-Ilfov,,,0, ,301
303,Romania,Bucharest-Ilfov,Bucharest,,0, ,302
304,Romania,Bucharest-Ilfov,Bucharest,Calea Victoriei,0, ,303
305,Romania,Bucharest-Ilfov,Bucharest,Bulevardul Unirii,0, ,303
306,Romania,Bucharest-Ilfov,Bucharest,Calea Moșilor,0, ,303
307,Romania,Bucharest-Ilfov,Bucharest,Șoseaua Kiseleff,0, ,303
308,Romania,Bucharest-Ilfov,Bucharest,Calea Dorobanți,0, ,303
309,Romania,Bucharest-Ilfov,Bucharest,Strada Lipscani,0, ,303
310,Romania,Bucharest-Ilfov,Bucharest,Bulevardul Magheru,0, ,303
311,Romania,Bucharest-Ilfov,Bucharest,Strada Academiei,0, ,303
312,Romania,Bucharest-Ilfov,Bucharest,Șoseaua Pantelimon,0, ,303
313,Romania,Bucharest-Ilfov,Bucharest,Bulevardul Timișoara,0, ,303
314,Romania,Bucharest-Ilfov,Otopeni,,0, ,302
315,Romania,Bucharest-Ilfov,Otopeni,Calea Bucureștilor,0, ,314
316,Romania,Bucharest-Ilfov,Otopeni,Strada 23 August,0, ,314
317,Romania,Bucharest-Ilfov,Otopeni,Strada Viitorului,0, ,314
318,Romania,Bucharest-Ilfov,Otopeni,Strada Libertății,0, ,314
319,Romania,Bucharest-Ilfov,Otopeni,Strada Crinului,0, ,314
320,Romania,Bucharest-Ilfov,Otopeni,Strada Mihai Eminescu,0, ,314
321,Romania,Bucharest-Ilfov,Otopeni,Strada Griviței,0, ,314
322,Romania,Bucharest-Ilfov,Otopeni,Strada Mihai Viteazul,0, ,314
323,Romania,Bucharest-Ilfov,Otopeni,Strada Ștefan cel Mare,0, ,314
324,Romania,Bucharest-Ilfov,Otopeni,Strada Tudor Vladimirescu,0, ,314
325,Romania,Cluj,,,0, ,301
326,Romania,Cluj,Cluj-Napoca,,0, ,325
327,Romania,Cluj,Cluj-Napoca,Bulevardul Eroilor,0, ,326
328,Romania,Cluj,Cluj-Napoca,Piața Unirii,0, ,326
329,Romania,Cluj,Cluj-Napoca,Strada Memorandumului,0, ,326
330,Romania,Cluj,Cluj-Napoca,Calea Turzii,0, ,326
331,Romania,Cluj,Cluj-Napoca,Strada Moților,0, ,326
332,Romania,Cluj,Cluj-Napoca,Strada Horea,0, ,326
333,Romania,Cluj,Cluj-Napoca,Strada Avram Iancu,0, ,326
334,Romania,Cluj,Cluj-Napoca,Strada Universității,0, ,326
335,Romania,Cluj,Cluj-Napoca,Strada George Barițiu,0, ,326
336,Romania,Cluj,Cluj-Napoca,Strada Dorobanților,0, ,326
337,Romania,Cluj,Turda,,0, ,325
338,Romania,Cluj,Turda,Strada Republicii,0, ,337
339,Romania,Cluj,Turda,Strada Libertății,0, ,337
340,Romania,Cluj,Turda,Strada Gheorghe Doja,0, ,337
341,Romania,Cluj,Turda,Strada Avram Iancu,0, ,337
342,Romania,Cluj,Turda,Strada Mihai Viteazul,0, ,337
343,Romania,Cluj,Turda,Strada Constructorilor,0, ,337
344,Romania,Cluj,Turda,Strada Tineretului,0, ,337
345,Romania,Cluj,Turda,Strada Gării,0, ,337
346,Romania,Cluj,Turda,Strada Trandafirilor,0, ,337
347,Romania,Cluj,Turda,Strada Zambilelor,0, ,337
348,Romania,Timiș,,,0, ,301
349,Romania,Timiș,Timișoara,,0, ,348
350,Romania,Timiș,Timișoara,Piața Victoriei,0, ,349
351,Romania,Timiș,Timișoara,Bulevardul Revoluției,0, ,349
352,Romania,Timiș,Timișoara,Strada Alba Iulia,0, ,349
353,Romania,Timiș,Timișoara,Bulevardul Republicii,0, ,349
354,Romania,Timiș,Timișoara,Strada Gheorghe Lazăr,0, ,349
355,Romania,Timiș,Timișoara,Strada Take Ionescu,0, ,349
356,Romania,Timiș,Timișoara,Bulevardul Dacia,0, ,349
357,Romania,Timiș,Timișoara,Strada Arieș,0, ,349
358,Romania,Timiș,Timișoara,Strada Iancu de Hunedoara,0, ,349
359,Romania,Timiș,Timișoara,Bulevardul Liviu Rebreanu,0, ,349
360,Romania,Timiș,Lugoj,,0, ,348
361,Romania,Timiș,Lugoj,Strada Caransebeșului,0, ,360
362,Romania,Timiș,Lugoj,Strada Timișoarei,0, ,360
363,Romania,Timiș,Lugoj,Strada Bocșei,0, ,360
364,Romania,Timiș,Lugoj,Strada Astalaș,0, ,360
365,Romania,Timiș,Lugoj,Strada Buziașului,0, ,360
366,Romania,Timiș,Lugoj,Strada Ștrandului,0, ,360
367,Romania,Timiș,Lugoj,Strada Avram Iancu,0, ,360
368,Romania,Timiș,Lugoj,Strada Cloșca,0, ,360
369,Romania,Timiș,Lugoj,Strada Eftimie Murgu,0, ,360
370,Romania,Timiș,Lugoj,Strada Ion Creangă,0, ,360
371,Hungary,,,,0, ,0
372,Hungary,Central Hungary,,,0, ,371
373,Hungary,Central Hungary,Budapest,,0, ,372
374,Hungary,Central Hungary,Budapest,Andrássy út,0, ,373
375,Hungary,Central Hungary,Budapest,Váci utca,0, ,373
376,Hungary,Central Hungary,Budapest,Kossuth Lajos utca,0, ,373
377,Hungary,Central Hungary,Budapest,Rákóczi út,0, ,373
378,Hungary,Central Hungary,Budapest,Bartók Béla út,0, ,373
379,Hungary,Central Hungary,Budapest,Október huszonharmadika utca,0, ,373
380,Hungary,Central Hungary,Budapest,Margit körút,0, ,373
381,Hungary,Central Hungary,Budapest,Nagykörút,0, ,373
382,Hungary,Central Hungary,Budapest,Üllői út,0, ,373
383,Hungary,Central Hungary,Budapest,Bajcsy-Zsilinszky út,0, ,373
384,Hungary,Central Hungary,Szentendre,,0, ,372
385,Hungary,Central Hungary,Szentendre,Fő tér,0, ,384
386,Hungary,Central Hungary,Szentendre,Dumtsa Jenő utca,0, ,384
387,Hungary,Central Hungary,Szentendre,Duna korzó,0, ,384
388,Hungary,Central Hungary,Szentendre,Bogdányi út,0, ,384
389,Hungary,Central Hungary,Szentendre,Kossuth Lajos utca,0, ,384
390,Hungary,Central Hungary,Szentendre,Árpád utca,0, ,384
391,Hungary,Central Hungary,Szentendre,Rákóczi Ferenc utca,0, ,384
392,Hungary,Central Hungary,Szentendre,Petőfi Sándor utca,0, ,384
393,Hungary,Central Hungary,Szentendre,Barcsay utca,0, ,384
394,Hungary,Central Hungary,Szentendre,Ady Endre utca,0, ,384
395,Hungary,Northern Great Plain,,,0, ,371
396,Hungary,Northern Great Plain,Debrecen,,0, ,395
397,Hungary,Northern Great Plain,Debrecen,Piac utca,0, ,396
398,Hungary,Northern Great Plain,Debrecen,Kossuth utca,0, ,396
399,Hungary,Northern Great Plain,Debrecen,Nagyerdei körút,0, ,396
400,Hungary,Northern Great Plain,Debrecen,Böszörményi út,0, ,396
401,Hungary,Northern Great Plain,Debrecen,Csapó utca,0, ,396
402,Hungary,Northern Great Plain,Debrecen,Darabos utca,0, ,396
403,Hungary,Northern Great Plain,Debrecen,Arany János utca,0, ,396
404,Hungary,Northern Great Plain,Debrecen,Béke utca,0, ,396
405,Hungary,Northern Great Plain,Debrecen,Wesselényi utca,0, ,396
406,Hungary,Northern Great Plain,Debrecen,Nyíl utca,0, ,396
407,Hungary,Northern Great Plain,Nyíregyháza,,0, ,395
408,Hungary,Northern Great Plain,Nyíregyháza,Kossuth tér,0, ,407
409,Hungary,Northern Great Plain,Nyíregyháza,Dózsa György utca,0, ,407
410,Hungary,Northern Great Plain,Nyíregyháza,Rákóczi utca,0, ,407
411,Hungary,Northern Great Plain,Nyíregyháza,Hősök tere,0, ,407
412,Hungary,Northern Great Plain,Nyíregyháza,Széchenyi utca,0, ,407
413,Hungary,Northern Great Plain,Nyíregyháza,Korányi Frigyes utca,0, ,407
414,Hungary,Northern Great Plain,Nyíregyháza,Bethlen Gábor utca,0, ,407
415,Hungary,Northern Great Plain,Nyíregyháza,Bercsényi utca,0, ,407
416,Hungary,Northern Great Plain,Nyíregyháza,Kertvárosi utca,0, ,407
417,Hungary,Northern Great Plain,Nyíregyháza,Tavasz utca,0, ,407
418,Hungary,Transdanubia,,,0, ,371
419,Hungary,Transdanubia,Pécs,,0, ,418
420,Hungary,Transdanubia,Pécs,Király utca,0, ,419
421,Hungary,Transdanubia,Pécs,Ferencesek utcája,0, ,419
422,Hungary,Transdanubia,Pécs,Rákóczi út,0, ,419
423,Hungary,Transdanubia,Pécs,Jókai tér,0, ,419
424,Hungary,Transdanubia,Pécs,Citrom utca,0, ,419
425,Hungary,Transdanubia,Pécs,Munkácsy utca,0, ,419
426,Hungary,Transdanubia,Pécs,Hunyadi János utca,0, ,419
427,Hungary,Transdanubia,Pécs,Megyeri út,0, ,419
428,Hungary,Transdanubia,Pécs,Petőfi utca,0, ,419
429,Hungary,Transdanubia,Pécs,Tímár utca,0, ,419
430,Hungary,Transdanubia,Győr,,0, ,418
431,Hungary,Transdanubia,Győr,Baross Gábor út,0, ,430
432,Hungary,Transdanubia,Győr,Árpád út,0, ,430
433,Hungary,Transdanubia,Győr,Szent István út,0, ,430
434,Hungary,Transdanubia,Győr,Kálvária út,0, ,430
435,Hungary,Transdanubia,Győr,Kazinczy utca,0, ,430
436,Hungary,Transdanubia,Győr,Munkás utca,0, ,430
437,Hungary,Transdanubia,Győr,Virág utca,0, ,430
438,Hungary,Transdanubia,Győr,Révai Miklós utca,0, ,430
439,Hungary,Transdanubia,Győr,Teleki László utca,0, ,430
440,Hungary,Transdanubia,Győr,Puskás Tivadar utca,0, ,430
441,Germany,North Rhine-Westphalia,Cologne,Severinstraße,45, 50057,260
442,Ukraine,Lviv region,Drohobych,Stryiska St,2, 82022,55
443,Poland,Mazowieckie,Warsaw,Aleje Jerozolimskie,1, 01002,113
444,Poland,Dolnośląskie,Legnica,Jaworzyńska St,2, 59042,199
445,Germany,Berlin,Berlin,Potsdamer Straße,33, 10046,293
446,Germany,Bavaria,Augsburg,Karlstraße,44, 86067,249
447,Ukraine,Lviv region,Drohobych,Tobilevycha St,24, 82075,60
448,Germany,Bavaria,Augsburg,Bürgermeister-Fischer-Straße,29, 86056,248
449,Hungary,Transdanubia,Pécs,Hunyadi János utca,45, 76067,426
450,Ukraine,Lviv region,Lviv,Franko St,38, 79027,42
451,Germany,North Rhine-Westphalia,Bonn,Kaiserstraße,31, 53036,280
452,Germany,Bavaria,Munich,Fürstenrieder Straße,6, 800103,229
453,Ukraine,Odesa region,Odesa,Deribasivska St,32, 65006,76
454,Germany,North Rhine-Westphalia,Bonn,Oxfordstraße,38, 53027,279
455,Ukraine,Kyiv region,Kyiv,Ivana Franka St,23, 010105,14
456,Romania,Timiș,Lugoj,Strada Astalaș,8, 31033,364
457,Hungary,Transdanubia,Győr,Árpád út,4, 90013,432
458,Poland,Mazowieckie,Płock,Mazowiecka St,20,09085,145
459,Germany,Bavaria,Augsburg,Bahnhofstraße,16, 86015,244
460,Poland,Małopolskie,Kraków,Kazimierza Wielkiego St,15, 30044,153
461,Germany,Bavaria,Nuremberg,Karolinenstraße,23, 90015,233
462,Hungary,Central Hungary,Budapest,Október huszonharmadika utca,8, 10053,379
463,Romania,Cluj,Cluj-Napoca,Strada Moților,17, 40045,331
464,Ukraine,Odesa region,Izmail,Suvorova St,40, 68017,90
465,Romania,Cluj,Cluj-Napoca,Strada George Barițiu,2, 40082,335
466,Hungary,Transdanubia,Győr,Révai Miklós utca,15, 90074,438
467,Poland,Dolnośląskie,Jelenia Góra,Matejki St,23, 58085,214
468,Poland,Małopolskie,Tarnów,Klikowska St,29, 33066,167
469,Ukraine,Odesa region,Izmail,Myru St,19, 68055,94
470,Germany,Bavaria,Munich,Dachauer Straße,4, 80083,227
471,Poland,Mazowieckie,Radom,Traugutta St,20, 26025,128
472,Hungary,Northern Great Plain,Nyíregyháza,Kertvárosi utca,5, 44083,416
473,Poland,Małopolskie,Tarnów,Wałowa St,43, 33007,161
474,Ukraine,Odesa region,Izmail,Nezalezhnosti Ave,13, 68024,91
475,Germany,North Rhine-Westphalia,Cologne,Schildergasse,13, 50014,256
476,Hungary,Central Hungary,Budapest,Üllői út,22, 10085,382
477,Romania,Bucharest-Ilfov,Otopeni,Strada Tudor Vladimirescu,33, 07096,324
478,Germany,Bavaria,Nuremberg,Königstraße,15, 90004,232
479,Hungary,Northern Great Plain,Debrecen,Csapó utca,9, 40044,401
480,Ukraine,Odesa region,Izmail,Pushkina St,38, 68047,93
481,Ukraine,Kyiv region,Kyiv,Kharkivske Hwy,4, 01063,10
482,Ukraine,Kyiv region,Bila Tserkva,Pushkinska St,1, 09092,26
483,Hungary,Central Hungary,Szentendre,Petőfi Sándor utca,48, 20077,392
484,Poland,Mazowieckie,Warsaw,Marszałkowska St,5, 01013,114
485,Poland,Dolnośląskie,Wrocław,Legnicka St,3, 50042,188
486,Ukraine,Lviv region,Lviv,Levandivska St,26, 790116,51
487,Hungary,Transdanubia,Győr,Teleki László utca,48, 90087,439
488,Poland,Mazowieckie,Radom,Warszawska St,1, 26062,132
489,Germany,Bavaria,Munich,Kaufingerstraße,41, 80037,222
490,Hungary,Northern Great Plain,Nyíregyháza,Bercsényi utca,11, 44074,415
491,Hungary,Transdanubia,Pécs,Jókai tér,9, 76034,423
492,Poland,Mazowieckie,Warsaw,Aleje Jerozolimskie,11, 01004,113
493,Romania,Cluj,Turda,Strada Avram Iancu,18, 41035,341
494,Poland,Dolnośląskie,Jelenia Góra,Ogińskiego St,8, 58053,211
495,Poland,Mazowieckie,Warsaw,Nowy Świat,15, 01024,115
496,Ukraine,Odesa region,Izmail,Myru St,35, 68056,94
497,Romania,Bucharest-Ilfov,Bucharest,Bulevardul Magheru,8, 01063,310
498,Germany,North Rhine-Westphalia,Düsseldorf,Immermannstraße,5, 40063,272
499,Romania,Bucharest-Ilfov,Otopeni,Strada Ștefan cel Mare,40, 07087,323
500,Hungary,Transdanubia,Győr,Kálvária út,46, 90037,434
501,Hungary,Transdanubia,Pécs,Jókai tér,24, 76035,423
502,Germany,North Rhine-Westphalia,Bonn,Kaiserstraße,43, 53037,280
503,Hungary,Northern Great Plain,Nyíregyháza,Bercsényi utca,14, 44074,415
504,Germany,Bavaria,Nuremberg,Färberstraße,34, 90036,235
505,Ukraine,Lviv region,Lviv,Levandivska St,3, 790112,51
506,Ukraine,Lviv region,Stryi,Horodotska St,33, 83056,69
507,Hungary,Central Hungary,Szentendre,Petőfi Sándor utca,17, 20075,392
508,Ukraine,Lviv region,Drohobych,Tobilevycha St,13, 82074,60
509,Ukraine,Lviv region,Lviv,Bandery St,5, 79033,43
510,Ukraine,Kyiv region,Bila Tserkva,Volodymyrska St,5, 09073,24
511,Ukraine,Lviv region,Stryi,Bohdana Khmelnytskoho St,37, 83097,73
512,Poland,Dolnośląskie,Wrocław,Świdnicka St,28, 50006,184
513,Hungary,Northern Great Plain,Debrecen,Böszörményi út,8, 40033,400
514,Hungary,Transdanubia,Pécs,Tímár utca,30, 76096,429
515,Poland,Dolnośląskie,Jelenia Góra,Konstytucji 3 Maja St,32, 58076,213
516,Germany,Bavaria,Munich,Theresienstraße,5, 80053,224
517,Poland,Mazowieckie,Płock,Mazowiecka St,31,09086,145
518,Romania,Cluj,Cluj-Napoca,Strada Universității,12, 40074,334
519,Ukraine,Lviv region,Drohobych,Lesi Ukrainky St,23, 82065,59
520,Romania,Cluj,Cluj-Napoca,Strada Moților,19, 40045,331
521,Ukraine,Odesa region,Izmail,Suvorova St,27, 68016,90
522,Germany,Bavaria,Nuremberg,Allersberger Straße,3, 90092,241
523,Germany,North Rhine-Westphalia,Cologne,Breite Straße,2, 50022,257
524,Poland,Małopolskie,Kraków,Grodzka St,48, 30017,150
525,Germany,Berlin,Berlin,Prenzlauer Allee,46, 100117,300
526,Romania,Cluj,Turda,Strada Gării,15, 41074,345
527,Ukraine,Lviv region,Lviv,Levandivska St,43, 790117,51
528,Poland,Dolnośląskie,Jelenia Góra,Piłsudskiego St,20, 58015,207
529,Poland,Dolnośląskie,Legnica,Dziennikarska St,18, 59095,204
530,Poland,Dolnośląskie,Wrocław,Robotnicza St,36, 50067,190
531,Poland,Małopolskie,Kraków,Karmelicka St,18, 30025,151
532,Germany,North Rhine-Westphalia,Bonn,Sternstraße,12, 53004,277
533,Poland,Dolnośląskie,Wrocław,Oławska St,30, 50026,186
534,Ukraine,Lviv region,Stryi,Shevchenka St,41, 83007,64
535,Poland,Mazowieckie,Płock,Kobylińskiego St,19,09015,138
536,Romania,Bucharest-Ilfov,Bucharest,Șoseaua Kiseleff,8, 01033,307
537,Poland,Dolnośląskie,Legnica,Chojnowska St,43, 59057,200
538,Ukraine,Odesa region,Chornomorsk,Stepova St,16, 69055,105
539,Romania,Bucharest-Ilfov,Bucharest,Calea Moșilor,22, 01025,306
540,Poland,Mazowieckie,Radom,Konstytucji 3 Maja St,12, 26084,134
541,Germany,Berlin,Berlin,Prenzlauer Allee,24, 100115,300
542,Romania,Bucharest-Ilfov,Otopeni,Strada Mihai Eminescu,19, 07055,320
543,Romania,Bucharest-Ilfov,Otopeni,Strada Crinului,46, 07047,319
544,Hungary,Central Hungary,Szentendre,Duna korzó,28, 20026,387
545,Germany,Berlin,Berlin,Karl-Marx-Allee,23, 10035,292
546,Hungary,Transdanubia,Győr,Teleki László utca,45, 90087,439
547,Poland,Małopolskie,Nowy Sącz,Grottgera St,41, 34057,177
548,Hungary,Transdanubia,Pécs,Király utca,8, 76003,420
549,Germany,Bavaria,Nuremberg,Lorenzer Straße,19, 90055,237
550,Germany,North Rhine-Westphalia,Düsseldorf,Königsallee,11, 40004,266
551,Poland,Mazowieckie,Radom,Konstytucji 3 Maja St,4, 26083,134
552,Poland,Małopolskie,Nowy Sącz,Barska St,46, 34047,176
553,Germany,North Rhine-Westphalia,Düsseldorf,Ratinger Straße,20, 40095,275
554,Poland,Mazowieckie,Radom,Moniuszki St,4, 26093,135
555,Germany,Berlin,Berlin,Kurfürstendamm,7, 10023,291
556,Poland,Dolnośląskie,Legnica,Pocztowa St,44, 59077,202
557,Germany,Bavaria,Nuremberg,Bahnhofstraße,38, 90047,236
558,Ukraine,Lviv region,Stryi,Chornovola St,4, 83063,70
559,Ukraine,Kyiv region,Irpin,Kyivska St,21, 08085,36
560,Hungary,Transdanubia,Győr,Árpád út,45, 90017,432
561,Romania,Timiș,Lugoj,Strada Astalaș,22, 31035,364
562,Romania,Timiș,Timișoara,Strada Iancu de Hunedoara,19, 30085,358
563,Ukraine,Kyiv region,Bila Tserkva,Pushkinska St,9, 09094,26
564,Poland,Mazowieckie,Radom,Okulickiego St,34, 26056,131
565,Poland,Dolnośląskie,Legnica,Chojnowska St,31, 59056,200
566,Ukraine,Lviv region,Stryi,Horodotska St,14, 83054,69
567,Poland,Małopolskie,Nowy Sącz,Barska St,21, 34045,176
568,Poland,Mazowieckie,Płock,Mostowa St,5,09073,144
569,Poland,Mazowieckie,Warsaw,Marszałkowska St,41, 01017,114
570,Germany,North Rhine-Westphalia,Düsseldorf,Ratinger Straße,7, 40093,275
571,Poland,Mazowieckie,Radom,25 Czerwca St,17, 26015,127
572,Hungary,Northern Great Plain,Debrecen,Böszörményi út,22, 40035,400
573,Ukraine,Lviv region,Drohobych,Stryiska St,48, 82027,55
574,Germany,North Rhine-Westphalia,Bonn,Sternstraße,45, 53007,277
575,Ukraine,Odesa region,Chornomorsk,Nezalezhnosti St,38, 69037,103
576,Poland,Małopolskie,Nowy Sącz,Broniewskiego St,43, 34087,180
577,Poland,Mazowieckie,Warsaw,Krakowskie Przedmieście,47, 01037,116
578,Romania,Timiș,Lugoj,Strada Timișoarei,36, 31017,362
579,Ukraine,Kyiv region,Irpin,Tsentralnyi Park Ave,8, 08023,30
580,Ukraine,Odesa region,Odesa,Italiiska St,11, 650104,86
581,Poland,Mazowieckie,Warsaw,Marszałkowska St,18, 01015,114
582,Hungary,Central Hungary,Budapest,Bajcsy-Zsilinszky út,24, 10095,383
583,Ukraine,Kyiv region,Kyiv,Ivana Franka St,14, 010104,14
584,Ukraine,Lviv region,Stryi,Kopernyka St,38, 83037,67
585,Germany,North Rhine-Westphalia,Bonn,Berliner Freiheit,41, 53057,282
586,Poland,Małopolskie,Tarnów,Mościckiego Ave,26, 33076,168
587,Ukraine,Kyiv region,Bila Tserkva,Levantovych St,28, 09026,19
588,Romania,Cluj,Cluj-Napoca,Strada Memorandumului,15, 40024,329
589,Ukraine,Lviv region,Stryi,Chornovola St,7, 83063,70
590,Germany,Bavaria,Nuremberg,Jakobsplatz,2, 90062,238
591,Romania,Cluj,Turda,Strada Constructorilor,33, 41056,343
592,Germany,Bavaria,Munich,Ludwigstraße,46, 80017,220
593,Poland,Mazowieckie,Radom,Żeromskiego St,42, 26007,126
594,Hungary,Transdanubia,Győr,Kálvária út,4, 90033,434
595,Ukraine,Lviv region,Lviv,Svobody Ave,26, 79006,40
596,Ukraine,Lviv region,Lviv,Lychakivska St,2, 79062,46
597,Ukraine,Kyiv region,Irpin,Kurdyumova St,37, 08097,37
598,Romania,Cluj,Cluj-Napoca,Strada Dorobanților,43, 40097,336
599,Poland,Małopolskie,Kraków,Basztowa St,38, 30087,157
600,Poland,Małopolskie,Nowy Sącz,Lwowska St,43, 34027,174
601,Romania,Cluj,Turda,Strada Avram Iancu,15, 41034,341
602,Romania,Cluj,Turda,Strada Trandafirilor,7, 41083,346
603,Romania,Timiș,Lugoj,Strada Avram Iancu,29, 31066,367
604,Ukraine,Kyiv region,Kyiv,Dmytrivska St,17, 01075,11
605,Germany,Berlin,Berlin,Leipziger Straße,31, 10056,294
606,Ukraine,Lviv region,Drohobych,Shevchenka St,31, 82006,53
607,Romania,Timiș,Lugoj,Strada Caransebeșului,39, 31007,361
608,Germany,North Rhine-Westphalia,Cologne,Hohe Straße,38, 50007,255
609,Poland,Małopolskie,Tarnów,Klikowska St,24, 33065,167
610,Poland,Dolnośląskie,Wrocław,Oławska St,7, 50023,186
611,Poland,Dolnośląskie,Legnica,Dziennikarska St,44, 59097,204
612,Romania,Bucharest-Ilfov,Bucharest,Bulevardul Timișoara,33, 01096,313
613,Poland,Dolnośląskie,Jelenia Góra,Wolności St,31, 58046,210
614,Ukraine,Odesa region,Odesa,Bunina St,46, 650117,87
615,Ukraine,Lviv region,Lviv,Levandivska St,5, 790113,51
616,Poland,Małopolskie,Kraków,Karmelicka St,32, 30026,151
617,Hungary,Central Hungary,Budapest,Kossuth Lajos utca,18, 10025,376
618,Germany,North Rhine-Westphalia,Bonn,Sternstraße,43, 53007,277
619,Hungary,Northern Great Plain,Nyíregyháza,Bercsényi utca,25, 44076,415
620,Germany,Bavaria,Augsburg,Karlstraße,49, 86068,249
621,Germany,Bavaria,Nuremberg,Plobenhofstraße,10, 90084,240
622,Poland,Mazowieckie,Radom,Warszawska St,25, 26066,132
623,Poland,Mazowieckie,Płock,Mazowiecka St,43,09087,145
624,Poland,Małopolskie,Kraków,Dietla St,42, 30067,155
625,Poland,Małopolskie,Kraków,Kazimierza Wielkiego St,18, 30045,153
626,Ukraine,Kyiv region,Bila Tserkva,Oleksandriiska St,4, 09033,20
627,Romania,Timiș,Timișoara,Strada Alba Iulia,31, 30026,352
628,Germany,Bavaria,Augsburg,Ulmer Straße,18, 86035,246
629,Poland,Małopolskie,Kraków,Szewska St,30, 30036,152
630,Poland,Mazowieckie,Warsaw,Puławska St,4, 01043,117
631,Germany,North Rhine-Westphalia,Bonn,Sternstraße,31, 53006,277
632,Romania,Cluj,Turda,Strada Zambilelor,15, 41094,347
633,Ukraine,Odesa region,Izmail,Lermontova St,11, 68074,96
634,Germany,Berlin,Berlin,Greifswalder Straße,16, 10095,298
635,Germany,Bavaria,Augsburg,Karlstraße,9, 86064,249
636,Poland,Mazowieckie,Radom,Traugutta St,49, 26028,128
637,Poland,Mazowieckie,Płock,Armii Krajowej St,36,09027,139
638,Poland,Dolnośląskie,Jelenia Góra,Matejki St,35, 58086,214
639,Romania,Cluj,Turda,Strada Republicii,44, 41007,338
640,Hungary,Northern Great Plain,Debrecen,Arany János utca,47, 40067,403
641,Ukraine,Kyiv region,Irpin,Sadova St,7, 08073,35
642,Ukraine,Odesa region,Odesa,Deribasivska St,18, 65005,76
643,Germany,North Rhine-Westphalia,Düsseldorf,Bolkerstraße,49, 40038,269
644,Poland,Mazowieckie,Warsaw,Koszykowa St,31, 010106,123
645,Romania,Bucharest-Ilfov,Bucharest,Calea Moșilor,41, 01027,306
646,Poland,Małopolskie,Kraków,Długa St,42, 30077,156
647,Ukraine,Odesa region,Chornomorsk,Kyivska St,46, 69087,108
648,Romania,Bucharest-Ilfov,Bucharest,Șoseaua Pantelimon,43, 01087,312
649,Hungary,Northern Great Plain,Nyíregyháza,Bercsényi utca,3, 44072,415
650,Romania,Bucharest-Ilfov,Bucharest,Bulevardul Unirii,37, 01017,305
651,Ukraine,Lviv region,Drohobych,Stepana Bandery St,40, 82017,54
652,Ukraine,Kyiv region,Kyiv,Peremohy Ave,49, 01038,7
653,Romania,Cluj,Turda,Strada Gheorghe Doja,32, 41026,340
654,Ukraine,Lviv region,Drohobych,Mazepy St,6, 82033,56
655,Hungary,Northern Great Plain,Nyíregyháza,Hősök tere,16, 44035,411
656,Romania,Bucharest-Ilfov,Otopeni,Strada Libertății,19, 07035,318
657,Germany,Bavaria,Nuremberg,Breite Gasse,9, 90024,234
658,Ukraine,Odesa region,Chornomorsk,Nezalezhnosti St,15, 69034,103
659,Romania,Bucharest-Ilfov,Otopeni,Strada Mihai Eminescu,7, 07053,320
660,Poland,Małopolskie,Tarnów,Szujskiego St,23, 33055,166
661,Romania,Timiș,Timișoara,Strada Gheorghe Lazăr,42, 30047,354
662,Germany,Berlin,Berlin,Karl-Marx-Allee,27, 10036,292
663,Ukraine,Kyiv region,Kyiv,Velyka Vasylkivska St,30, 01016,5
664,Germany,North Rhine-Westphalia,Bonn,Kaiserstraße,14, 53034,280
665,Ukraine,Lviv region,Lviv,Bandery St,33, 79036,43
666,Hungary,Transdanubia,Pécs,Király utca,20, 76005,420
667,Hungary,Central Hungary,Szentendre,Ady Endre utca,37, 20097,394
668,Romania,Bucharest-Ilfov,Otopeni,Calea Bucureștilor,23, 07005,315
669,Hungary,Transdanubia,Pécs,Tímár utca,18, 76095,429
670,Germany,North Rhine-Westphalia,Düsseldorf,Flinger Straße,40, 40027,268
671,Germany,Bavaria,Munich,Dachauer Straße,7, 80083,227
672,Ukraine,Odesa region,Izmail,Pushkina St,29, 68046,93
673,Hungary,Central Hungary,Budapest,Nagykörút,3, 10072,381
674,Romania,Cluj,Turda,Strada Libertății,44, 41017,339
675,Romania,Bucharest-Ilfov,Bucharest,Bulevardul Magheru,12, 01064,310
676,Ukraine,Lviv region,Drohobych,Stepana Bandery St,23, 82015,54
677,Poland,Dolnośląskie,Jelenia Góra,Konstytucji 3 Maja St,35, 58076,213
678,Germany,Bavaria,Munich,Sendlinger Straße,8, 80043,223
679,Ukraine,Odesa region,Odesa,Italiiska St,45, 650107,86
680,Poland,Dolnośląskie,Wrocław,Świdnicka St,26, 50006,184
681,Hungary,Northern Great Plain,Nyíregyháza,Bethlen Gábor utca,22, 44065,414
682,Poland,Dolnośląskie,Jelenia Góra,Wolności St,19, 58045,210
683,Germany,Bavaria,Augsburg,Bürgermeister-Fischer-Straße,35, 86056,248
684,Hungary,Northern Great Plain,Nyíregyháza,Dózsa György utca,22, 44015,409
685,Germany,Bavaria,Munich,Dachauer Straße,48, 80087,227
686,Ukraine,Lviv region,Lviv,Stryiska St,1, 790102,50
687,Ukraine,Odesa region,Izmail,Bohdana Khmelnytskoho St,21, 68095,98
688,Ukraine,Kyiv region,Kyiv,Saksahanskoho St,21, 01025,6
689,Germany,Berlin,Berlin,Oranienburger Straße,5, 10063,295
690,Germany,Bavaria,Munich,Kaufingerstraße,12, 80034,222
691,Poland,Dolnośląskie,Legnica,Jaworzyńska St,9, 59044,199
692,Germany,Bavaria,Munich,Kaufingerstraße,36, 80037,222
693,Hungary,Central Hungary,Szentendre,Dumtsa Jenő utca,48, 20017,386
694,Hungary,Transdanubia,Pécs,Ferencesek utcája,20, 76015,421
695,Ukraine,Lviv region,Drohobych,Shevchenka St,6, 82003,53
696,Poland,Mazowieckie,Radom,Moniuszki St,24, 26095,135
697,Poland,Dolnośląskie,Wrocław,Nowowiejska St,7, 50093,193
698,Germany,Bavaria,Augsburg,Maximilianstraße,24, 86005,243
699,Germany,North Rhine-Westphalia,Düsseldorf,Neustraße,20, 40085,274
700,Poland,Dolnośląskie,Legnica,Pocztowa St,15, 59074,202
701,Ukraine,Lviv region,Stryi,Kopernyka St,25, 83036,67
702,Hungary,Northern Great Plain,Debrecen,Béke utca,18, 40075,404
703,Romania,Cluj,Turda,Strada Trandafirilor,44, 41087,346
704,Ukraine,Kyiv region,Irpin,Kyivska St,33, 08086,36
705,Hungary,Northern Great Plain,Debrecen,Csapó utca,11, 40044,401
706,Poland,Dolnośląskie,Wrocław,Grabiszyńska St,42, 50077,191
707,Poland,Małopolskie,Nowy Sącz,Sobieskiego St,25, 34036,175
708,Hungary,Central Hungary,Szentendre,Kossuth Lajos utca,1, 20042,389
709,Poland,Małopolskie,Kraków,Karmelicka St,42, 30027,151
710,Germany,North Rhine-Westphalia,Bonn,Wilhelmstraße,36, 53087,285
711,Germany,North Rhine-Westphalia,Bonn,Berliner Freiheit,20, 53055,282
712,Germany,Bavaria,Munich,Brienner Straße,8, 80063,225
713,Germany,North Rhine-Westphalia,Cologne,Breite Straße,3, 50022,257
714,Poland,Mazowieckie,Warsaw,Tamka St,34, 01056,118
715,Poland,Mazowieckie,Płock,Żyzna St,29,09096,146
716,Romania,Timiș,Timișoara,Piața Victoriei,39, 30007,350
717,Ukraine,Odesa region,Chornomorsk,Sportyvna St,41, 69097,109
718,Poland,Mazowieckie,Radom,Okulickiego St,17, 26055,131
719,Poland,Mazowieckie,Warsaw,Świętokrzyska St,16, 01065,119
720,Ukraine,Kyiv region,Irpin,Pushkinska St,47, 08067,34
721,Poland,Małopolskie,Nowy Sącz,Sobieskiego St,45, 34037,175
722,Ukraine,Odesa region,Chornomorsk,Nezalezhnosti St,1, 69032,103
723,Poland,Małopolskie,Nowy Sącz,Sobieskiego St,34, 34036,175
724,Poland,Małopolskie,Kraków,Świętego Tomasza St,17, 300105,159
725,Romania,Bucharest-Ilfov,Bucharest,Bulevardul Magheru,49, 01068,310
726,Poland,Mazowieckie,Radom,Traugutta St,25, 26026,128
727,Poland,Mazowieckie,Płock,Tumska St,13,09004,137
728,Germany,North Rhine-Westphalia,Bonn,Friedensplatz,6, 53013,278
729,Poland,Małopolskie,Nowy Sącz,Grottgera St,28, 34056,177
730,Germany,North Rhine-Westphalia,Bonn,Wilhelmstraße,3, 53082,285
731,Germany,Berlin,Berlin,Invalidenstraße,43, 10077,296
732,Germany,North Rhine-Westphalia,Düsseldorf,Bolkerstraße,17, 40035,269
733,Hungary,Transdanubia,Pécs,Petőfi utca,29, 76086,428
734,Ukraine,Odesa region,Chornomorsk,Heroiv Stalingrada St,33, 69026,102
735,Poland,Mazowieckie,Warsaw,Puławska St,27, 01046,117
736,Romania,Cluj,Cluj-Napoca,Strada Universității,10, 40074,334
737,Ukraine,Lviv region,Stryi,Olesia Honchara St,28, 83026,66
738,Germany,Bavaria,Augsburg,Maximilianstraße,37, 86007,243
739,Poland,Mazowieckie,Radom,Focha St,4, 26033,129
740,Poland,Dolnośląskie,Jelenia Góra,Pijarska St,34, 58096,215
741,Hungary,Central Hungary,Budapest,Nagykörút,31, 10076,381
742,Hungary,Central Hungary,Budapest,Kossuth Lajos utca,6, 10023,376
743,Ukraine,Lviv region,Stryi,Stepana Bandery St,34, 83046,68
744,Poland,Mazowieckie,Warsaw,Marszałkowska St,11, 01014,114
745,Germany,Bavaria,Augsburg,Jakoberstraße,34, 86046,247
746,Germany,North Rhine-Westphalia,Bonn,Wilhelmstraße,37, 53087,285
747,Poland,Dolnośląskie,Wrocław,Krupnicza St,41, 50057,189
748,Ukraine,Odesa region,Chornomorsk,Industrialna St,36, 69067,106
749,Poland,Małopolskie,Tarnów,Mościckiego Ave,5, 33073,168
750,Romania,Bucharest-Ilfov,Otopeni,Strada Mihai Eminescu,48, 07057,320
751,Germany,Bavaria,Munich,Leopoldstraße,30, 80006,219
752,Poland,Małopolskie,Nowy Sącz,Długosza St,49, 34018,173
753,Romania,Cluj,Turda,Strada Gării,43, 41077,345
754,Romania,Cluj,Cluj-Napoca,Strada Moților,47, 40047,331
755,Romania,Bucharest-Ilfov,Otopeni,Strada Mihai Viteazul,18, 07075,322
756,Hungary,Central Hungary,Szentendre,Dumtsa Jenő utca,5, 20013,386
757,Poland,Małopolskie,Nowy Sącz,Broniewskiego St,29, 34086,180
758,Ukraine,Kyiv region,Irpin,Pushkinska St,41, 08067,34
759,Romania,Timiș,Timișoara,Strada Arieș,15, 30074,357
760,Poland,Małopolskie,Kraków,Basztowa St,35, 30086,157
761,Hungary,Central Hungary,Budapest,Nagykörút,6, 10073,381
762,Germany,North Rhine-Westphalia,Düsseldorf,Königsallee,5, 40003,266
763,Poland,Dolnośląskie,Legnica,Nowa St,11, 59084,203
764,Romania,Timiș,Lugoj,Strada Ion Creangă,1, 31092,370
765,Romania,Timiș,Timișoara,Bulevardul Republicii,42, 30037,353
766,Germany,Bavaria,Nuremberg,Breite Gasse,20, 90025,234
767,Hungary,Transdanubia,Győr,Kazinczy utca,41, 90047,435
768,Germany,North Rhine-Westphalia,Cologne,Eigelstein,11, 50094,264
769,Ukraine,Odesa region,Chornomorsk,Stepova St,5, 69053,105
770,Ukraine,Odesa region,Izmail,Lermontova St,43, 68077,96
771,Romania,Cluj,Cluj-Napoca,Strada Memorandumului,3, 40022,329
772,Germany,North Rhine-Westphalia,Bonn,Kaiserstraße,47, 53037,280
773,Germany,North Rhine-Westphalia,Bonn,Adenauerallee,45, 53047,281
774,Germany,Bavaria,Augsburg,Hermanstraße,44, 86027,245
775,Hungary,Transdanubia,Pécs,Citrom utca,19, 76045,424
776,Poland,Małopolskie,Nowy Sącz,Królowa Jadwigi St,4, 34073,179
777,Germany,Berlin,Berlin,Prenzlauer Allee,16, 100115,300
778,Poland,Dolnośląskie,Jelenia Góra,1 Maja St,8, 58003,206
779,Poland,Dolnośląskie,Jelenia Góra,Pijarska St,31, 58096,215
780,Hungary,Transdanubia,Győr,Révai Miklós utca,28, 90076,438
781,Ukraine,Kyiv region,Irpin,Miroshnychenka St,19, 08045,32
782,Germany,Berlin,Berlin,Torstraße,3, 10082,297
783,Germany,Bavaria,Munich,Fürstenrieder Straße,11, 800104,229
784,Poland,Dolnośląskie,Wrocław,Wita Stwosza St,38, 50087,192
785,Hungary,Transdanubia,Győr,Kálvária út,24, 90035,434
786,Poland,Małopolskie,Kraków,Świętego Tomasza St,1, 300102,159
787,Romania,Cluj,Cluj-Napoca,Strada Horea,48, 40057,332
788,Poland,Mazowieckie,Warsaw,Świętokrzyska St,13, 01064,119
789,Poland,Dolnośląskie,Jelenia Góra,1 Maja St,23, 58005,206
790,Poland,Mazowieckie,Płock,Mazowiecka St,8,09083,145
791,Germany,Bavaria,Munich,Rosenheimer Straße,7, 800113,230
792,Poland,Mazowieckie,Warsaw,Świętokrzyska St,2, 01062,119
793,Poland,Małopolskie,Tarnów,Słowackiego St,31, 33036,164
794,Hungary,Transdanubia,Pécs,Rákóczi út,38, 76027,422
795,Ukraine,Odesa region,Izmail,Sportyvna St,42, 68067,95
796,Poland,Mazowieckie,Warsaw,Krakowskie Przedmieście,31, 01036,116
797,Poland,Mazowieckie,Warsaw,Krakowskie Przedmieście,19, 01035,116
798,Germany,Bavaria,Nuremberg,Jakobsplatz,15, 90064,238
799,Germany,North Rhine-Westphalia,Cologne,Hohe Straße,44, 50007,255
800,Poland,Dolnośląskie,Legnica,Najświętszej Marii Panny St,31, 59006,195
801,Germany,Berlin,Berlin,Karl-Marx-Allee,42, 10037,292
802,Poland,Mazowieckie,Płock,Mostowa St,27,09076,144
803,Hungary,Transdanubia,Győr,Puskás Tivadar utca,3, 90092,440
804,Germany,Berlin,Berlin,Schönhauser Allee,32, 100106,299
805,Romania,Bucharest-Ilfov,Bucharest,Calea Victoriei,11, 01004,304
806,Hungary,Northern Great Plain,Nyíregyháza,Dózsa György utca,18, 44015,409
807,Romania,Timiș,Lugoj,Strada Eftimie Murgu,48, 31087,369
808,Germany,North Rhine-Westphalia,Düsseldorf,Königsallee,23, 40005,266
809,Ukraine,Odesa region,Izmail,Sadova St,15, 68034,92
810,Poland,Małopolskie,Kraków,Szewska St,1, 30032,152
811,Poland,Małopolskie,Tarnów,Nowy Świat,36, 33047,165
812,Poland,Mazowieckie,Warsaw,Tamka St,12, 01054,118
813,Ukraine,Odesa region,Odesa,Uspenska St,30, 65046,80
814,Poland,Mazowieckie,Radom,Traugutta St,1, 26022,128
815,Poland,Mazowieckie,Płock,Tumska St,39,09007,137
816,Germany,North Rhine-Westphalia,Bonn,Kölnstraße,41, 53077,284
817,Romania,Bucharest-Ilfov,Bucharest,Șoseaua Kiseleff,43, 01037,307
818,Romania,Bucharest-Ilfov,Bucharest,Șoseaua Kiseleff,40, 01037,307
819,Poland,Dolnośląskie,Jelenia Góra,Sobieskiego St,25, 58066,212
820,Ukraine,Lviv region,Lviv,Svobody Ave,8, 79003,40
821,Poland,Mazowieckie,Radom,Konstytucji 3 Maja St,22, 26085,134
822,Germany,Berlin,Berlin,Kurfürstendamm,40, 10027,291
823,Poland,Dolnośląskie,Jelenia Góra,Pijarska St,16, 58095,215
824,Romania,Cluj,Cluj-Napoca,Strada Universității,21, 40075,334
825,Germany,North Rhine-Westphalia,Düsseldorf,Ratinger Straße,21, 40095,275
826,Germany,Bavaria,Augsburg,Maximilianstraße,22, 86005,243
827,Germany,Bavaria,Munich,Brienner Straße,25, 80066,225
828,Germany,Bavaria,Augsburg,Frauentorstraße,26, 86076,250
829,Hungary,Transdanubia,Győr,Szent István út,20, 90025,433
830,Poland,Małopolskie,Nowy Sącz,Lwowska St,10, 34024,174
831,Hungary,Central Hungary,Szentendre,Árpád utca,39, 20057,390
832,Poland,Dolnośląskie,Wrocław,Robotnicza St,33, 50066,190
833,Poland,Dolnośląskie,Legnica,Pocztowa St,32, 59076,202
834,Germany,North Rhine-Westphalia,Bonn,Sternstraße,18, 53005,277
835,Poland,Małopolskie,Kraków,Floriańska St,26, 30006,149
836,Poland,Dolnośląskie,Legnica,Chojnowska St,30, 59056,200
837,Romania,Bucharest-Ilfov,Otopeni,Strada Crinului,20, 07045,319
838,Hungary,Northern Great Plain,Nyíregyháza,Tavasz utca,39, 44097,417
839,Ukraine,Kyiv region,Kyiv,Lesi Ukrainky Blvd,10, 010114,15
840,Germany,Bavaria,Munich,Rosenheimer Straße,42, 800117,230
841,Germany,Bavaria,Munich,Fürstenrieder Straße,26, 800106,229
842,Hungary,Transdanubia,Pécs,Rákóczi út,40, 76027,422
843,Germany,North Rhine-Westphalia,Cologne,Venloer Straße,7, 50043,259
844,Poland,Mazowieckie,Radom,Okulickiego St,27, 26056,131
845,Ukraine,Odesa region,Izmail,Suvorova St,19, 68015,90
846,Ukraine,Kyiv region,Bila Tserkva,Pushkinska St,30, 09096,26
847,Romania,Bucharest-Ilfov,Bucharest,Calea Victoriei,8, 01003,304
848,Hungary,Northern Great Plain,Nyíregyháza,Bercsényi utca,47, 44077,415
849,Ukraine,Lviv region,Stryi,Maksyma Kryvonosa St,7, 83073,71
850,Germany,North Rhine-Westphalia,Bonn,Wilhelmstraße,1, 53082,285
851,Poland,Dolnośląskie,Legnica,Pocztowa St,2, 59072,202
852,Germany,Bavaria,Munich,Rosenheimer Straße,13, 800114,230
853,Romania,Cluj,Cluj-Napoca,Strada Moților,42, 40047,331
854,Romania,Bucharest-Ilfov,Bucharest,Bulevardul Magheru,36, 01067,310
855,Germany,Berlin,Berlin,Prenzlauer Allee,39, 100117,300
856,Hungary,Transdanubia,Győr,Virág utca,42, 90067,437
857,Hungary,Transdanubia,Győr,Teleki László utca,10, 90084,439
858,Germany,North Rhine-Westphalia,Cologne,Neumarkt,21, 50085,263
859,Romania,Timiș,Timișoara,Bulevardul Dacia,48, 30067,356
860,Ukraine,Lviv region,Stryi,Tarasa Shevchenka Blvd,7, 83083,72
861,Poland,Dolnośląskie,Wrocław,Świdnicka St,46, 50007,184
862,Ukraine,Lviv region,Lviv,Horodotska St,34, 79056,45
863,Germany,North Rhine-Westphalia,Düsseldorf,Breite Straße,33, 40046,270
864,Ukraine,Odesa region,Izmail,Pushkina St,48, 68047,93
865,Poland,Małopolskie,Kraków,Starowiślna St,10, 30054,154
866,Poland,Dolnośląskie,Jelenia Góra,Ogińskiego St,20, 58055,211
867,Ukraine,Odesa region,Chornomorsk,Odeska St,20, 69075,107
868,Romania,Timiș,Lugoj,Strada Cloșca,15, 31074,368
869,Ukraine,Odesa region,Odesa,Prymorska St,23, 65065,82
870,Ukraine,Odesa region,Izmail,Myru St,49, 68058,94
871,Ukraine,Lviv region,Stryi,Stepana Bandery St,22, 83045,68
872,Poland,Mazowieckie,Radom,Słowackiego St,43, 26047,130
873,Poland,Dolnośląskie,Wrocław,Nowowiejska St,17, 50095,193
874,Poland,Małopolskie,Tarnów,Nowy Świat,29, 33046,165
875,Poland,Dolnośląskie,Wrocław,Krupnicza St,13, 50054,189
876,Ukraine,Lviv region,Lviv,Zelena St,22, 79095,49
877,Hungary,Northern Great Plain,Debrecen,Béke utca,46, 40077,404
878,Germany,North Rhine-Westphalia,Bonn,Friedensplatz,41, 53017,278
879,Germany,North Rhine-Westphalia,Düsseldorf,Schadowstraße,29, 40016,267
880,Hungary,Transdanubia,Győr,Kazinczy utca,13, 90044,435
881,Germany,North Rhine-Westphalia,Cologne,Severinstraße,4, 50053,260
882,Poland,Mazowieckie,Warsaw,Puławska St,16, 01045,117
883,Hungary,Central Hungary,Szentendre,Fő tér,30, 20006,385
884,Romania,Bucharest-Ilfov,Bucharest,Bulevardul Magheru,13, 01064,310
885,Ukraine,Odesa region,Odesa,Fontanska Rd,28, 65076,83
886,Ukraine,Kyiv region,Bila Tserkva,Yuvileina St,46, 09067,23
887,Ukraine,Lviv region,Lviv,Zelena St,23, 79095,49
888,Romania,Timiș,Timișoara,Bulevardul Dacia,5, 30063,356
889,Germany,Berlin,Berlin,Invalidenstraße,25, 10076,296
890,Poland,Mazowieckie,Radom,25 Czerwca St,10, 26014,127
891,Germany,North Rhine-Westphalia,Bonn,Breite Straße,33, 53096,286
892,Romania,Timiș,Timișoara,Piața Victoriei,41, 30007,350
893,Hungary,Transdanubia,Győr,Árpád út,15, 90014,432
894,Germany,North Rhine-Westphalia,Düsseldorf,Schadowstraße,4, 40013,267
895,Germany,North Rhine-Westphalia,Bonn,Oxfordstraße,46, 53027,279
896,Ukraine,Odesa region,Izmail,Horodotska St,5, 68083,97
897,Ukraine,Kyiv region,Kyiv,Peremohy Ave,3, 01032,7
898,Hungary,Central Hungary,Szentendre,Ady Endre utca,32, 20096,394
899,Hungary,Transdanubia,Győr,Munkás utca,3, 90052,436
900,Romania,Cluj,Turda,Strada Constructorilor,37, 41057,343
901,Poland,Mazowieckie,Radom,Moniuszki St,3, 26092,135
902,Ukraine,Kyiv region,Kyiv,Obolonskyi Ave,24, 01045,8
903,Germany,North Rhine-Westphalia,Cologne,Schildergasse,2, 50012,256
904,Romania,Timiș,Timișoara,Strada Iancu de Hunedoara,47, 30087,358
905,Poland,Mazowieckie,Warsaw,Marszałkowska St,17, 01015,114
906,Ukraine,Lviv region,Lviv,Bandery St,43, 79037,43
907,Hungary,Transdanubia,Pécs,Hunyadi János utca,12, 76064,426
908,Romania,Bucharest-Ilfov,Bucharest,Strada Academiei,39, 01077,311
909,Ukraine,Kyiv region,Kyiv,Obolonskyi Ave,20, 01045,8
910,Hungary,Transdanubia,Győr,Szent István út,27, 90026,433
911,Poland,Mazowieckie,Warsaw,Świętokrzyska St,10, 01064,119
912,Germany,Bavaria,Munich,Maximilianstraße,40, 80027,221
913,Poland,Dolnośląskie,Legnica,Nowa St,15, 59084,203
914,Poland,Mazowieckie,Płock,Mazowiecka St,28,09086,145
915,Germany,Bavaria,Augsburg,Jakobstraße,26, 86086,251
916,Hungary,Central Hungary,Szentendre,Barcsay utca,47, 20087,393
917,Hungary,Central Hungary,Szentendre,Ady Endre utca,16, 20095,394
918,Poland,Małopolskie,Tarnów,Klikowska St,21, 33065,167
919,Romania,Cluj,Turda,Strada Constructorilor,4, 41053,343
920,Poland,Dolnośląskie,Jelenia Góra,Matejki St,29, 58086,214
921,Poland,Dolnośląskie,Legnica,Pocztowa St,12, 59074,202
922,Ukraine,Odesa region,Odesa,Leontovycha St,20, 65095,85
923,Poland,Małopolskie,Tarnów,Broniewskiego St,19, 33085,169
924,Poland,Małopolskie,Kraków,Floriańska St,11, 30004,149
925,Poland,Mazowieckie,Warsaw,Tamka St,23, 01055,118
926,Romania,Cluj,Cluj-Napoca,Strada Horea,49, 40058,332
927,Poland,Małopolskie,Nowy Sącz,Sobieskiego St,33, 34036,175
928,Hungary,Transdanubia,Pécs,Munkácsy utca,45, 76057,425
929,Ukraine,Lviv region,Stryi,Kopernyka St,19, 83035,67
930,Ukraine,Lviv region,Lviv,Shevchenka St,39, 79017,41
931,Poland,Mazowieckie,Warsaw,Koszykowa St,23, 010105,123
932,Poland,Małopolskie,Tarnów,Lwowska St,11, 33024,163
933,Romania,Bucharest-Ilfov,Otopeni,Calea Bucureștilor,39, 07007,315
934,Ukraine,Kyiv region,Irpin,Kyivska St,25, 08086,36
935,Hungary,Northern Great Plain,Nyíregyháza,Kertvárosi utca,30, 44086,416
936,Ukraine,Odesa region,Chornomorsk,Kyivska St,1, 69082,108
937,Germany,Bavaria,Nuremberg,Vestnertorgraben,35, 90076,239
938,Ukraine,Kyiv region,Irpin,Sadova St,37, 08077,35
939,Romania,Timiș,Lugoj,Strada Buziașului,26, 31046,365
940,Poland,Mazowieckie,Radom,Traugutta St,10, 26024,128
941,Ukraine,Lviv region,Drohobych,Heroiv Maidanu St,24, 82055,58
942,Germany,North Rhine-Westphalia,Bonn,Oxfordstraße,24, 53025,279
943,Hungary,Transdanubia,Győr,Virág utca,17, 90065,437
944,Poland,Dolnośląskie,Jelenia Góra,Piłsudskiego St,45, 58017,207
945,Germany,North Rhine-Westphalia,Düsseldorf,Ackerstraße,18, 40075,273
946,Poland,Mazowieckie,Warsaw,Tamka St,36, 01057,118
947,Poland,Mazowieckie,Płock,Mostowa St,17,09075,144
948,Germany,North Rhine-Westphalia,Bonn,Kaiserstraße,40, 53037,280
949,Romania,Cluj,Turda,Strada Tineretului,13, 41064,344
950,Germany,Bavaria,Nuremberg,Färberstraße,49, 90038,235
951,Ukraine,Lviv region,Stryi,Stepana Bandery St,18, 83045,68
952,Ukraine,Lviv region,Lviv,Franko St,39, 79027,42
953,Romania,Cluj,Cluj-Napoca,Strada Universității,39, 40077,334
954,Hungary,Transdanubia,Pécs,Petőfi utca,35, 76086,428
955,Poland,Mazowieckie,Płock,Kobylińskiego St,4,09013,138
956,Hungary,Transdanubia,Győr,Baross Gábor út,13, 90004,431
957,Germany,North Rhine-Westphalia,Düsseldorf,Friedrichstraße,46, 40057,271
958,Romania,Timiș,Timișoara,Strada Alba Iulia,4, 30023,352
959,Hungary,Northern Great Plain,Nyíregyháza,Korányi Frigyes utca,48, 44057,413
960,Poland,Mazowieckie,Płock,Żyzna St,25,09096,146
961,Germany,North Rhine-Westphalia,Düsseldorf,Flinger Straße,6, 40023,268
962,Germany,Bavaria,Nuremberg,Lorenzer Straße,23, 90055,237
963,Hungary,Transdanubia,Győr,Virág utca,5, 90063,437
964,Hungary,Northern Great Plain,Debrecen,Nyíl utca,5, 40093,406
965,Romania,Timiș,Timișoara,Piața Victoriei,18, 30005,350
966,Ukraine,Lviv region,Lviv,Bandery St,26, 79036,43
967,Ukraine,Odesa region,Odesa,Fontanska Rd,3, 65072,83
968,Germany,Bavaria,Munich,Leopoldstraße,22, 80005,219
969,Ukraine,Lviv region,Lviv,Halytska St,35, 79086,48
970,Ukraine,Lviv region,Drohobych,Truskavetska St,19, 82045,57
971,Ukraine,Odesa region,Odesa,Bunina St,42, 650117,87
972,Germany,North Rhine-Westphalia,Cologne,Neumarkt,47, 50087,263
973,Ukraine,Kyiv region,Bila Tserkva,Oleksandriiska St,41, 09037,20
974,Ukraine,Lviv region,Drohobych,Mazepy St,18, 82035,56
975,Germany,North Rhine-Westphalia,Cologne,Ehrenstraße,41, 50077,262
976,Ukraine,Kyiv region,Bila Tserkva,Volodymyrska St,26, 09076,24
977,Ukraine,Odesa region,Odesa,Leontovycha St,10, 65094,85
978,Poland,Mazowieckie,Płock,Żyzna St,22,09095,146
979,Germany,Bavaria,Munich,Theresienstraße,11, 80054,224
980,Ukraine,Odesa region,Chornomorsk,Myru Ave,8, 69013,101
981,Ukraine,Lviv region,Stryi,Maksyma Kryvonosa St,34, 83076,71
982,Poland,Małopolskie,Kraków,Lubicz St,23, 30095,158
983,Germany,Bavaria,Augsburg,Bürgermeister-Fischer-Straße,34, 86056,248
984,Germany,Bavaria,Nuremberg,Vestnertorgraben,7, 90073,239
985,Germany,Bavaria,Nuremberg,Bahnhofstraße,40, 90047,236
986,Germany,North Rhine-Westphalia,Cologne,Schildergasse,20, 50015,256
987,Romania,Bucharest-Ilfov,Otopeni,Strada Griviței,23, 07065,321
988,Hungary,Northern Great Plain,Nyíregyháza,Kossuth tér,21, 44005,408
989,Ukraine,Kyiv region,Irpin,Poltavska St,45, 08057,33
990,Poland,Małopolskie,Nowy Sącz,Długosza St,33, 34016,173
991,Poland,Mazowieckie,Warsaw,Puławska St,20, 01045,117
992,Hungary,Transdanubia,Győr,Árpád út,49, 90018,432
993,Hungary,Northern Great Plain,Nyíregyháza,Tavasz utca,43, 44097,417
994,Poland,Mazowieckie,Płock,Armii Krajowej St,47,09027,139
995,Hungary,Transdanubia,Győr,Virág utca,30, 90066,437
996,Germany,North Rhine-Westphalia,Bonn,Adenauerallee,20, 53045,281
997,Ukraine,Odesa region,Izmail,Suvorova St,46, 68017,90
998,Germany,Berlin,Berlin,Unter den Linden,22, 10005,289
999,Poland,Dolnośląskie,Legnica,Dziennikarska St,2, 59092,204
1000,Germany,North Rhine-Westphalia,Düsseldorf,Ratinger Straße,39, 40097,275
1001,Ukraine,Kyiv region,Bila Tserkva,Tekhnichna St,30, 09046,21
1002,Hungary,Transdanubia,Győr,Kazinczy utca,45, 90047,435
1003,Poland,Małopolskie,Nowy Sącz,Broniewskiego St,48, 34087,180
1004,Poland,Mazowieckie,Radom,Konstytucji 3 Maja St,49, 26088,134
1005,Hungary,Transdanubia,Győr,Árpád út,46, 90017,432
1006,Ukraine,Lviv region,Lviv,Pekarska St,21, 79075,47
1007,Germany,Berlin,Berlin,Prenzlauer Allee,44, 100117,300
1008,Poland,Dolnośląskie,Jelenia Góra,Ogińskiego St,43, 58057,211
1009,Ukraine,Odesa region,Izmail,Myru St,7, 68053,94
1010,Germany,North Rhine-Westphalia,Bonn,Berliner Freiheit,47, 53057,282
1011,Poland,Dolnośląskie,Wrocław,Ruska St,40, 50037,187
1012,Romania,Timiș,Timișoara,Bulevardul Dacia,47, 30067,356
1013,Ukraine,Kyiv region,Irpin,Pushkinska St,8, 08063,34
1014,Poland,Małopolskie,Nowy Sącz,Królowa Jadwigi St,36, 34077,179
1015,Poland,Dolnośląskie,Wrocław,Świdnicka St,12, 50004,184
1016,Hungary,Central Hungary,Budapest,Kossuth Lajos utca,30, 10026,376
1017,Romania,Timiș,Lugoj,Strada Astalaș,3, 31032,364
1018,Poland,Małopolskie,Tarnów,Bitwy pod Studziankami St,44, 33097,170
1019,Ukraine,Odesa region,Odesa,Primorsky Blvd,12, 65014,77
1020,Poland,Małopolskie,Tarnów,Słowackiego St,32, 33036,164
1021,Poland,Małopolskie,Kraków,Basztowa St,41, 30087,157
1022,Ukraine,Kyiv region,Kyiv,Dmytrivska St,18, 01075,11
1023,Ukraine,Kyiv region,Kyiv,Ivana Franka St,31, 010106,14
1024,Poland,Mazowieckie,Warsaw,Krakowskie Przedmieście,40, 01037,116
1025,Hungary,Central Hungary,Budapest,Bartók Béla út,31, 10046,378
1026,Hungary,Northern Great Plain,Debrecen,Béke utca,8, 40073,404
1027,Poland,Dolnośląskie,Wrocław,Wita Stwosza St,2, 50082,192
1028,Hungary,Transdanubia,Pécs,Ferencesek utcája,39, 76017,421
1029,Romania,Cluj,Turda,Strada Tineretului,45, 41067,344
1030,Poland,Dolnośląskie,Legnica,Dziennikarska St,47, 59097,204
1031,Ukraine,Kyiv region,Bila Tserkva,Oleksandriiska St,22, 09035,20
1032,Germany,Berlin,Berlin,Oranienburger Straße,25, 10066,295
1033,Germany,Berlin,Berlin,Torstraße,21, 10085,297
1034,Hungary,Central Hungary,Szentendre,Dumtsa Jenő utca,21, 20015,386
1035,Germany,North Rhine-Westphalia,Cologne,Hohe Straße,8, 50003,255
1036,Hungary,Transdanubia,Pécs,Citrom utca,26, 76046,424
1037,Germany,North Rhine-Westphalia,Düsseldorf,Breite Straße,11, 40044,270
1038,Germany,Bavaria,Munich,Theresienstraße,17, 80055,224
1039,Germany,Berlin,Berlin,Potsdamer Straße,30, 10046,293
1040,Ukraine,Lviv region,Stryi,Tarasa Shevchenka Blvd,4, 83083,72
1041,Hungary,Northern Great Plain,Nyíregyháza,Tavasz utca,22, 44095,417
1042,Germany,North Rhine-Westphalia,Cologne,Hohe Straße,35, 50006,255
1043,Hungary,Transdanubia,Pécs,Munkácsy utca,33, 76056,425
1044,Romania,Bucharest-Ilfov,Bucharest,Strada Academiei,16, 01075,311
1045,Poland,Małopolskie,Nowy Sącz,Jagiellońska St,10, 34004,172
1046,Romania,Timiș,Lugoj,Strada Ștrandului,45, 31057,366
1047,Poland,Dolnośląskie,Legnica,Jaworzyńska St,6, 59043,199
1048,Ukraine,Lviv region,Stryi,Olesia Honchara St,22, 83025,66
1049,Germany,Bavaria,Augsburg,Jakobstraße,8, 86083,251
1050,Germany,North Rhine-Westphalia,Bonn,Kaiserstraße,30, 53036,280
1051,Poland,Dolnośląskie,Jelenia Góra,Piłsudskiego St,37, 58017,207
1052,Ukraine,Lviv region,Lviv,Zelena St,38, 79097,49
1053,Romania,Timiș,Lugoj,Strada Caransebeșului,43, 31007,361
1054,Ukraine,Odesa region,Odesa,Pushkinska St,17, 65085,84
1055,Romania,Timiș,Timișoara,Strada Take Ionescu,26, 30056,355
1056,Germany,North Rhine-Westphalia,Düsseldorf,Ackerstraße,45, 40077,273
1057,Ukraine,Odesa region,Odesa,Deribasivska St,24, 65005,76
1058,Poland,Dolnośląskie,Legnica,Pocztowa St,11, 59074,202
1059,Hungary,Northern Great Plain,Debrecen,Csapó utca,49, 40048,401
1060,Germany,Bavaria,Nuremberg,Plobenhofstraße,43, 90087,240
1061,Romania,Timiș,Timișoara,Piața Victoriei,1, 30002,350
1062,Poland,Mazowieckie,Warsaw,Tamka St,16, 01055,118
1063,Poland,Mazowieckie,Warsaw,Tamka St,2, 01052,118
1064,Poland,Dolnośląskie,Wrocław,Świdnicka St,27, 50006,184
1065,Ukraine,Kyiv region,Irpin,Tsentralnyi Park Ave,45, 08027,30
1066,Romania,Cluj,Turda,Strada Gheorghe Doja,9, 41024,340
1067,Hungary,Transdanubia,Pécs,Rákóczi út,14, 76024,422
1068,Ukraine,Kyiv region,Irpin,Universytetska St,23, 08015,29
1069,Romania,Timiș,Lugoj,Strada Ștrandului,12, 31054,366
1070,Romania,Bucharest-Ilfov,Bucharest,Calea Victoriei,43, 01007,304
1071,Hungary,Northern Great Plain,Nyíregyháza,Bercsényi utca,27, 44076,415
1072,Hungary,Northern Great Plain,Nyíregyháza,Kertvárosi utca,16, 44085,416
1073,Romania,Timiș,Timișoara,Piața Victoriei,3, 30002,350
1074,Poland,Małopolskie,Kraków,Świętego Tomasza St,39, 300107,159
1075,Poland,Małopolskie,Kraków,Szewska St,36, 30037,152
1076,Ukraine,Lviv region,Lviv,Horodotska St,23, 79055,45
1077,Poland,Dolnośląskie,Wrocław,Świdnicka St,34, 50006,184
1078,Germany,Bavaria,Munich,Maximilianstraße,6, 80023,221
1079,Poland,Mazowieckie,Warsaw,Puławska St,6, 01043,117
1080,Germany,North Rhine-Westphalia,Cologne,Severinstraße,27, 50056,260
1081,Ukraine,Lviv region,Lviv,Shevchenka St,18, 79015,41
1082,Poland,Mazowieckie,Warsaw,Krakowskie Przedmieście,5, 01033,116
1083,Germany,Bavaria,Nuremberg,Plobenhofstraße,49, 90088,240
1084,Romania,Timiș,Timișoara,Strada Gheorghe Lazăr,25, 30046,354
1085,Romania,Cluj,Turda,Strada Gheorghe Doja,27, 41026,340
1086,Poland,Mazowieckie,Płock,Graniczna St,38,09047,141
1087,Romania,Bucharest-Ilfov,Otopeni,Strada Libertății,10, 07034,318
1088,Ukraine,Odesa region,Chornomorsk,Nezalezhnosti St,40, 69037,103
1089,Germany,Berlin,Berlin,Schönhauser Allee,12, 100104,299
1090,Hungary,Central Hungary,Budapest,Kossuth Lajos utca,8, 10023,376
1091,Ukraine,Odesa region,Odesa,Pushkinska St,34, 65086,84
1092,Germany,North Rhine-Westphalia,Cologne,Schildergasse,12, 50014,256
1093,Germany,Bavaria,Nuremberg,Breite Gasse,21, 90025,234
1094,Germany,Bavaria,Augsburg,Frauentorstraße,23, 86075,250
1095,Hungary,Central Hungary,Szentendre,Bogdányi út,32, 20036,388
1096,Ukraine,Lviv region,Drohobych,Truskavetska St,2, 82042,57
1097,Hungary,Northern Great Plain,Nyíregyháza,Tavasz utca,32, 44096,417
1098,Germany,Bavaria,Nuremberg,Jakobsplatz,10, 90064,238
1099,Hungary,Central Hungary,Szentendre,Árpád utca,29, 20056,390
1100,Ukraine,Odesa region,Odesa,Fontanska Rd,42, 65077,83
1101,Poland,Mazowieckie,Radom,Warszawska St,5, 26063,132
1102,Poland,Mazowieckie,Warsaw,Świętokrzyska St,28, 01066,119
1103,Ukraine,Kyiv region,Irpin,Centralna St,26, 08006,28
1104,Ukraine,Lviv region,Stryi,Kopernyka St,30, 83036,67
1105,Germany,Bavaria,Munich,Schwanthalerstraße,43, 80077,226
1106,Poland,Małopolskie,Nowy Sącz,Jagiellońska St,31, 34006,172
1107,Poland,Dolnośląskie,Wrocław,Krupnicza St,5, 50053,189
1108,Germany,Bavaria,Augsburg,Maximilianstraße,1, 86002,243
1109,Romania,Bucharest-Ilfov,Otopeni,Strada 23 August,15, 07014,316
1110,Ukraine,Lviv region,Lviv,Stryiska St,23, 790105,50
1111,Romania,Bucharest-Ilfov,Bucharest,Bulevardul Magheru,48, 01067,310
1112,Ukraine,Kyiv region,Irpin,Poltavska St,38, 08057,33
1113,Germany,North Rhine-Westphalia,Bonn,Berliner Freiheit,8, 53053,282
1114,Romania,Cluj,Turda,Strada Avram Iancu,40, 41037,341
1115,Germany,North Rhine-Westphalia,Bonn,Kölnstraße,19, 53075,284
1116,Germany,Berlin,Berlin,Leipziger Straße,15, 10054,294
1117,Hungary,Transdanubia,Pécs,Tímár utca,34, 76096,429
1118,Hungary,Transdanubia,Pécs,Hunyadi János utca,39, 76067,426
1119,Germany,North Rhine-Westphalia,Düsseldorf,Flinger Straße,9, 40024,268
1120,Germany,North Rhine-Westphalia,Cologne,Aachener Straße,44, 50037,258
1121,Poland,Małopolskie,Nowy Sącz,Piłsudskiego St,3, 34062,178
1122,Ukraine,Kyiv region,Kyiv,Naberezhne Hwy,43, 01057,9
1123,Ukraine,Kyiv region,Irpin,Kurdyumova St,15, 08094,37
1124,Germany,Bavaria,Nuremberg,Vestnertorgraben,14, 90074,239
1125,Hungary,Central Hungary,Szentendre,Petőfi Sándor utca,31, 20076,392
1126,Hungary,Transdanubia,Győr,Baross Gábor út,44, 90007,431
1127,Ukraine,Kyiv region,Kyiv,Henerala Almazova St,11, 01094,13
1128,Ukraine,Kyiv region,Bila Tserkva,Tekhnichna St,7, 09043,21
1129,Hungary,Northern Great Plain,Debrecen,Darabos utca,45, 40057,402
1130,Ukraine,Odesa region,Odesa,Primorsky Blvd,14, 65014,77
1131,Poland,Mazowieckie,Warsaw,Krakowskie Przedmieście,16, 01035,116
1132,Poland,Dolnośląskie,Legnica,Złotoryjska St,48, 59027,197
1133,Germany,North Rhine-Westphalia,Düsseldorf,Ackerstraße,33, 40076,273
1134,Germany,Bavaria,Munich,Kaufingerstraße,9, 80034,222
1135,Germany,Bavaria,Augsburg,Frauentorstraße,10, 86074,250
1136,Germany,North Rhine-Westphalia,Düsseldorf,Flinger Straße,43, 40027,268
1137,Poland,Mazowieckie,Radom,Moniuszki St,28, 26096,135
1138,Germany,North Rhine-Westphalia,Cologne,Aachener Straße,14, 50034,258
1139,Romania,Cluj,Turda,Strada Constructorilor,45, 41057,343
1140,Ukraine,Kyiv region,Irpin,Kyivska St,32, 08086,36
1141,Hungary,Northern Great Plain,Debrecen,Nagyerdei körút,42, 40027,399
1142,Romania,Timiș,Timișoara,Strada Take Ionescu,9, 30054,355
1143,Ukraine,Lviv region,Drohobych,Shevchenka St,13, 82004,53
1144,Romania,Timiș,Timișoara,Strada Arieș,20, 30075,357
1145,Romania,Bucharest-Ilfov,Bucharest,Bulevardul Unirii,12, 01014,305
1146,Poland,Mazowieckie,Płock,Kobylińskiego St,38,09017,138
1147,Hungary,Northern Great Plain,Nyíregyháza,Hősök tere,40, 44037,411
1148,Poland,Dolnośląskie,Jelenia Góra,Bankowa St,19, 58025,208
1149,Romania,Bucharest-Ilfov,Otopeni,Calea Bucureștilor,15, 07004,315
1150,Hungary,Northern Great Plain,Debrecen,Darabos utca,44, 40057,402
1151,Germany,Berlin,Berlin,Unter den Linden,35, 10006,289
1152,Ukraine,Odesa region,Odesa,Uspenska St,31, 65046,80
1153,Ukraine,Lviv region,Lviv,Shevchenka St,21, 79015,41
1154,Ukraine,Kyiv region,Irpin,Poltavska St,28, 08056,33
1155,Ukraine,Kyiv region,Irpin,Kyivska St,27, 08086,36
1156,Hungary,Northern Great Plain,Debrecen,Böszörményi út,1, 40032,400
1157,Poland,Dolnośląskie,Legnica,Pocztowa St,22, 59075,202
1158,Poland,Dolnośląskie,Wrocław,Robotnicza St,20, 50065,190
1159,Poland,Dolnośląskie,Jelenia Góra,Wolności St,29, 58046,210
1160,Germany,Bavaria,Nuremberg,Breite Gasse,34, 90026,234
1161,Romania,Bucharest-Ilfov,Bucharest,Bulevardul Timișoara,5, 01093,313
1162,Poland,Dolnośląskie,Legnica,Piłsudskiego St,19, 59035,198
1163,Ukraine,Odesa region,Odesa,Ryshelievska St,29, 65056,81
1164,Romania,Cluj,Cluj-Napoca,Strada Horea,5, 40053,332
1165,Germany,Berlin,Berlin,Potsdamer Straße,3, 10042,293
1166,Poland,Mazowieckie,Radom,25 Czerwca St,26, 26016,127
1167,Romania,Timiș,Timișoara,Strada Arieș,3, 30072,357
1168,Romania,Bucharest-Ilfov,Otopeni,Strada Crinului,12, 07044,319
1169,Ukraine,Lviv region,Lviv,Franko St,29, 79026,42
1170,Ukraine,Odesa region,Odesa,Kanatna St,30, 65026,78
1171,Ukraine,Kyiv region,Bila Tserkva,Yuvileina St,2, 09062,23
1172,Poland,Mazowieckie,Płock,Mazowiecka St,16,09085,145
1173,Germany,Bavaria,Augsburg,Frauentorstraße,22, 86075,250
1174,Ukraine,Odesa region,Chornomorsk,Sadova St,17, 69045,104
1175,Ukraine,Kyiv region,Bila Tserkva,Yuvileina St,20, 09065,23
1176,Hungary,Transdanubia,Pécs,Citrom utca,27, 76046,424
1177,Germany,North Rhine-Westphalia,Düsseldorf,Königsallee,46, 40007,266
1178,Poland,Mazowieckie,Radom,25 Czerwca St,42, 26017,127
1179,Hungary,Northern Great Plain,Nyíregyháza,Dózsa György utca,2, 44012,409
1180,Germany,North Rhine-Westphalia,Düsseldorf,Immermannstraße,43, 40067,272
1181,Romania,Bucharest-Ilfov,Bucharest,Strada Academiei,17, 01075,311
1182,Romania,Bucharest-Ilfov,Otopeni,Strada Libertății,7, 07033,318
1183,Poland,Dolnośląskie,Wrocław,Świdnicka St,18, 50005,184
1184,Ukraine,Odesa region,Odesa,Deribasivska St,44, 65007,76
1185,Ukraine,Odesa region,Chornomorsk,Myru Ave,48, 69017,101
1186,Ukraine,Kyiv region,Kyiv,Lesi Ukrainky Blvd,25, 010116,15
1187,Poland,Dolnośląskie,Jelenia Góra,Piłsudskiego St,36, 58017,207
1188,Poland,Mazowieckie,Płock,Kobylińskiego St,40,09017,138
1189,Germany,North Rhine-Westphalia,Düsseldorf,Immermannstraße,44, 40067,272
1190,Poland,Mazowieckie,Radom,Żółkiewskiego St,39, 26077,133
1191,Poland,Małopolskie,Kraków,Grodzka St,17, 30015,150
1192,Ukraine,Odesa region,Odesa,Fontanska Rd,16, 65075,83
1193,Poland,Małopolskie,Tarnów,Bitwy pod Studziankami St,41, 33097,170
1194,Romania,Bucharest-Ilfov,Bucharest,Bulevardul Magheru,1, 01062,310
1195,Germany,Bavaria,Munich,Theresienstraße,3, 80052,224
1196,Hungary,Central Hungary,Szentendre,Duna korzó,8, 20023,387
1197,Ukraine,Odesa region,Odesa,Bunina St,36, 650117,87
1198,Ukraine,Lviv region,Drohobych,Heroiv Maidanu St,19, 82055,58
1199,Hungary,Transdanubia,Pécs,Ferencesek utcája,29, 76016,421
1200,Ukraine,Kyiv region,Kyiv,Kharkivske Hwy,39, 01067,10
1201,Ukraine,Kyiv region,Bila Tserkva,Volodymyrska St,37, 09077,24
1202,Romania,Bucharest-Ilfov,Bucharest,Bulevardul Magheru,30, 01066,310
1203,Ukraine,Lviv region,Stryi,Olesia Honchara St,34, 83026,66
1204,Ukraine,Kyiv region,Kyiv,Naberezhne Hwy,38, 01057,9
1205,Germany,Bavaria,Nuremberg,Bahnhofstraße,22, 90045,236
1206,Hungary,Central Hungary,Szentendre,Rákóczi Ferenc utca,6, 20063,391
1207,Germany,North Rhine-Westphalia,Düsseldorf,Breite Straße,34, 40046,270
1208,Poland,Małopolskie,Nowy Sącz,Grottgera St,2, 34052,177
1209,Ukraine,Odesa region,Izmail,Suvorova St,45, 68017,90
1210,Hungary,Northern Great Plain,Debrecen,Nagyerdei körút,32, 40026,399
1211,Germany,Bavaria,Nuremberg,Bahnhofstraße,34, 90046,236
1212,Hungary,Central Hungary,Szentendre,Petőfi Sándor utca,14, 20074,392
1213,Poland,Dolnośląskie,Jelenia Góra,Konstytucji 3 Maja St,5, 58073,213
1214,Germany,Bavaria,Munich,Dachauer Straße,26, 80086,227
1215,Poland,Mazowieckie,Warsaw,Chmielna St,12, 01074,120
1216,Germany,North Rhine-Westphalia,Düsseldorf,Schadowstraße,45, 40017,267
1217,Hungary,Transdanubia,Győr,Révai Miklós utca,9, 90074,438
1218,Ukraine,Lviv region,Lviv,Halytska St,11, 79084,48
1219,Ukraine,Lviv region,Lviv,Halytska St,16, 79085,48
1220,Ukraine,Lviv region,Stryi,Bohdana Khmelnytskoho St,17, 83095,73
1221,Romania,Bucharest-Ilfov,Bucharest,Strada Academiei,11, 01074,311
1222,Germany,Bavaria,Nuremberg,Breite Gasse,49, 90028,234
1223,Ukraine,Kyiv region,Irpin,Centralna St,3, 08002,28
1224,Poland,Dolnośląskie,Legnica,Nowa St,44, 59087,203
1225,Hungary,Northern Great Plain,Debrecen,Darabos utca,21, 40055,402
1226,Poland,Mazowieckie,Płock,Graniczna St,20,09045,141
1227,Poland,Dolnośląskie,Wrocław,Ruska St,39, 50037,187
1228,Romania,Cluj,Cluj-Napoca,Strada Avram Iancu,48, 40067,333
1229,Hungary,Northern Great Plain,Nyíregyháza,Korányi Frigyes utca,2, 44052,413
1230,Ukraine,Kyiv region,Irpin,Centralna St,17, 08005,28
1231,Romania,Cluj,Turda,Strada Avram Iancu,30, 41036,341
1232,Romania,Cluj,Cluj-Napoca,Strada Universității,24, 40075,334
1233,Poland,Mazowieckie,Warsaw,Tamka St,41, 01057,118
1234,Germany,Bavaria,Munich,Schwanthalerstraße,33, 80076,226
1235,Romania,Timiș,Lugoj,Strada Caransebeșului,9, 31004,361
1236,Poland,Dolnośląskie,Legnica,Dziennikarska St,42, 59097,204
1237,Ukraine,Odesa region,Odesa,Prymorska St,10, 65064,82
1238,Germany,Bavaria,Nuremberg,Bahnhofstraße,32, 90046,236
1239,Ukraine,Kyiv region,Irpin,Nezalezhnosti St,14, 08034,31
1240,Ukraine,Kyiv region,Irpin,Universytetska St,38, 08017,29
1241,Poland,Małopolskie,Tarnów,Mościckiego Ave,33, 33076,168
1242,Germany,North Rhine-Westphalia,Cologne,Venloer Straße,46, 50047,259
1243,Ukraine,Kyiv region,Irpin,Universytetska St,47, 08017,29
1244,Germany,Bavaria,Nuremberg,Plobenhofstraße,35, 90086,240
1245,Ukraine,Lviv region,Lviv,Franko St,3, 79022,42
1246,Poland,Dolnośląskie,Legnica,Dziennikarska St,31, 59096,204
1247,Ukraine,Lviv region,Lviv,Svobody Ave,32, 79006,40
1248,Romania,Timiș,Lugoj,Strada Ștrandului,26, 31056,366
1249,Poland,Mazowieckie,Radom,Konstytucji 3 Maja St,10, 26084,134
1250,Romania,Bucharest-Ilfov,Otopeni,Calea Bucureștilor,49, 07008,315
1251,Poland,Mazowieckie,Radom,Żeromskiego St,24, 26005,126
1252,Ukraine,Kyiv region,Kyiv,Obolonskyi Ave,23, 01045,8
1253,Hungary,Central Hungary,Szentendre,Árpád utca,44, 20057,390
1254,Germany,North Rhine-Westphalia,Düsseldorf,Neustraße,13, 40084,274
1255,Hungary,Central Hungary,Budapest,Rákóczi út,37, 10037,377
1256,Romania,Bucharest-Ilfov,Otopeni,Strada Griviței,5, 07063,321
1257,Romania,Cluj,Turda,Strada Trandafirilor,31, 41086,346
1258,Romania,Bucharest-Ilfov,Otopeni,Calea Bucureștilor,47, 07007,315
1259,Ukraine,Lviv region,Drohobych,Shevchenka St,30, 82006,53
1260,Poland,Dolnośląskie,Jelenia Góra,Sobieskiego St,35, 58066,212
1261,Ukraine,Lviv region,Lviv,Halytska St,39, 79087,48
1262,Germany,North Rhine-Westphalia,Düsseldorf,Immermannstraße,1, 40062,272
1263,Ukraine,Kyiv region,Kyiv,Obolonskyi Ave,3, 01042,8
1264,Romania,Cluj,Cluj-Napoca,Strada Memorandumului,8, 40023,329
1265,Ukraine,Odesa region,Izmail,Lermontova St,33, 68076,96
1266,Romania,Timiș,Timișoara,Bulevardul Liviu Rebreanu,46, 30097,359
1267,Ukraine,Odesa region,Chornomorsk,Sadova St,18, 69045,104
1268,Poland,Małopolskie,Nowy Sącz,Sobieskiego St,29, 34036,175
1269,Hungary,Central Hungary,Budapest,Margit körút,34, 10066,380
1270,Poland,Dolnośląskie,Wrocław,Nowowiejska St,3, 50092,193
1271,Germany,Bavaria,Munich,Brienner Straße,26, 80066,225
1272,Germany,North Rhine-Westphalia,Bonn,Berliner Freiheit,18, 53055,282
1273,Germany,Bavaria,Nuremberg,Jakobsplatz,8, 90063,238
1274,Germany,North Rhine-Westphalia,Düsseldorf,Breite Straße,30, 40046,270
1275,Ukraine,Odesa region,Izmail,Kotovskoho St,49, 68008,89
1276,Hungary,Transdanubia,Pécs,Rákóczi út,37, 76027,422
1277,Romania,Bucharest-Ilfov,Bucharest,Șoseaua Pantelimon,20, 01085,312
1278,Ukraine,Kyiv region,Kyiv,Saksahanskoho St,15, 01024,6
1279,Ukraine,Kyiv region,Kyiv,Shota Rustaveli St,22, 01085,12
1280,Poland,Mazowieckie,Warsaw,Chmielna St,15, 01074,120
1281,Germany,Bavaria,Munich,Sendlinger Straße,34, 80046,223
1282,Poland,Małopolskie,Kraków,Dietla St,8, 30063,155
1283,Hungary,Northern Great Plain,Debrecen,Kossuth utca,40, 40017,398
1284,Romania,Bucharest-Ilfov,Otopeni,Strada Mihai Viteazul,8, 07073,322
1285,Hungary,Central Hungary,Szentendre,Bogdányi út,35, 20036,388
1286,Ukraine,Kyiv region,Kyiv,Saksahanskoho St,42, 01027,6
1287,Hungary,Transdanubia,Pécs,Petőfi utca,49, 76088,428
1288,Germany,North Rhine-Westphalia,Cologne,Ehrenstraße,23, 50075,262
1289,Romania,Timiș,Timișoara,Bulevardul Republicii,16, 30035,353
1290,Poland,Mazowieckie,Radom,Żeromskiego St,44, 26007,126
1291,Romania,Bucharest-Ilfov,Bucharest,Calea Moșilor,29, 01026,306
1292,Germany,North Rhine-Westphalia,Bonn,Breite Straße,37, 53097,286
1293,Poland,Małopolskie,Kraków,Dietla St,34, 30066,155
1294,Poland,Mazowieckie,Płock,Mostowa St,29,09076,144
1295,Germany,Berlin,Berlin,Prenzlauer Allee,25, 100116,300
1296,Poland,Małopolskie,Kraków,Lubicz St,12, 30094,158
1297,Poland,Dolnośląskie,Jelenia Góra,Wolności St,42, 58047,210
1298,Romania,Bucharest-Ilfov,Otopeni,Strada Tudor Vladimirescu,35, 07096,324
1299,Ukraine,Lviv region,Lviv,Halytska St,1, 79082,48
1300,Ukraine,Kyiv region,Kyiv,Obolonskyi Ave,36, 01047,8
1301,Hungary,Central Hungary,Szentendre,Duna korzó,14, 20024,387
1302,Germany,Berlin,Berlin,Oranienburger Straße,33, 10066,295
1303,Poland,Małopolskie,Nowy Sącz,Piłsudskiego St,48, 34067,178
1304,Romania,Cluj,Cluj-Napoca,Strada Universității,44, 40077,334
1305,Ukraine,Kyiv region,Bila Tserkva,Yaroslav Mudryi St,43, 09007,17
1306,Romania,Timiș,Lugoj,Strada Cloșca,43, 31077,368
1307,Romania,Timiș,Timișoara,Bulevardul Liviu Rebreanu,33, 30096,359
1308,Romania,Cluj,Turda,Strada Gării,41, 41077,345
1309,Romania,Timiș,Timișoara,Strada Iancu de Hunedoara,32, 30086,358
1310,Germany,North Rhine-Westphalia,Bonn,Colmantstraße,33, 53066,283
1311,Ukraine,Odesa region,Izmail,Bohdana Khmelnytskoho St,40, 68097,98
1312,Poland,Małopolskie,Kraków,Basztowa St,13, 30084,157
1313,Germany,Berlin,Berlin,Oranienburger Straße,43, 10067,295
1314,Romania,Bucharest-Ilfov,Otopeni,Strada Mihai Viteazul,6, 07073,322
1315,Ukraine,Odesa region,Odesa,Prymorska St,27, 65066,82
1316,Romania,Timiș,Timișoara,Bulevardul Republicii,36, 30037,353
1317,Poland,Dolnośląskie,Jelenia Góra,Sobieskiego St,39, 58067,212
1318,Ukraine,Lviv region,Lviv,Levandivska St,21, 790115,51
1319,Hungary,Northern Great Plain,Debrecen,Arany János utca,17, 40065,403
1320,Germany,Bavaria,Augsburg,Frauentorstraße,8, 86073,250
1321,Romania,Timiș,Lugoj,Strada Astalaș,7, 31033,364
1322,Ukraine,Odesa region,Izmail,Horodotska St,14, 68084,97
1323,Poland,Mazowieckie,Radom,Moniuszki St,1, 26092,135
1324,Hungary,Northern Great Plain,Debrecen,Arany János utca,20, 40065,403
1325,Poland,Dolnośląskie,Jelenia Góra,Sudecka St,23, 58035,209
1326,Germany,Bavaria,Munich,Kaufingerstraße,23, 80035,222
1327,Poland,Małopolskie,Kraków,Długa St,40, 30077,156
1328,Ukraine,Odesa region,Izmail,Suvorova St,20, 68015,90
1329,Germany,North Rhine-Westphalia,Cologne,Aachener Straße,3, 50032,258
1330,Hungary,Central Hungary,Szentendre,Bogdányi út,18, 20035,388
1331,Hungary,Transdanubia,Pécs,Tímár utca,28, 76096,429
1332,Germany,Bavaria,Nuremberg,Karolinenstraße,7, 90013,233
1333,Hungary,Central Hungary,Szentendre,Rákóczi Ferenc utca,7, 20063,391
1334,Poland,Dolnośląskie,Legnica,Pocztowa St,38, 59077,202
1335,Poland,Dolnośląskie,Jelenia Góra,Piłsudskiego St,2, 58012,207
1336,Romania,Cluj,Turda,Strada Tineretului,16, 41065,344
1337,Ukraine,Odesa region,Odesa,Kanatna St,6, 65023,78
1338,Poland,Małopolskie,Tarnów,Nowy Świat,47, 33047,165
1339,Germany,North Rhine-Westphalia,Cologne,Hohe Straße,9, 50004,255
1340,Poland,Małopolskie,Tarnów,Nowy Świat,46, 33047,165
1341,Ukraine,Odesa region,Chornomorsk,Heroiv Stalingrada St,6, 69023,102
1342,Ukraine,Kyiv region,Irpin,Tsentralnyi Park Ave,34, 08026,30
1343,Hungary,Transdanubia,Pécs,Tímár utca,47, 76097,429
1344,Hungary,Central Hungary,Budapest,Rákóczi út,11, 10034,377
1345,Romania,Bucharest-Ilfov,Otopeni,Strada Viitorului,16, 07025,317
1346,Romania,Bucharest-Ilfov,Bucharest,Bulevardul Unirii,19, 01015,305
1347,Poland,Dolnośląskie,Jelenia Góra,Wolności St,15, 58044,210
1348,Romania,Bucharest-Ilfov,Otopeni,Calea Bucureștilor,7, 07003,315
1349,Hungary,Northern Great Plain,Debrecen,Piac utca,48, 40007,397
1350,Germany,North Rhine-Westphalia,Bonn,Colmantstraße,15, 53064,283
1351,Poland,Dolnośląskie,Jelenia Góra,Matejki St,37, 58087,214
1352,Romania,Cluj,Turda,Strada Trandafirilor,39, 41087,346
1353,Ukraine,Lviv region,Drohobych,Shevchenka St,8, 82003,53
1354,Romania,Cluj,Cluj-Napoca,Strada Avram Iancu,31, 40066,333
1355,Romania,Timiș,Timișoara,Bulevardul Liviu Rebreanu,49, 30098,359
1356,Ukraine,Kyiv region,Kyiv,Saksahanskoho St,38, 01027,6
1357,Ukraine,Kyiv region,Irpin,Kyivska St,2, 08082,36
1358,Poland,Małopolskie,Nowy Sącz,Sobieskiego St,6, 34033,175
1359,Hungary,Northern Great Plain,Nyíregyháza,Széchenyi utca,9, 44044,412
1360,Germany,Bavaria,Nuremberg,Allersberger Straße,35, 90096,241
1361,Romania,Bucharest-Ilfov,Bucharest,Strada Academiei,46, 01077,311
1362,Romania,Bucharest-Ilfov,Bucharest,Strada Academiei,24, 01075,311
1363,Poland,Dolnośląskie,Jelenia Góra,Ogińskiego St,45, 58057,211
1364,Hungary,Transdanubia,Pécs,Munkácsy utca,1, 76052,425
1365,Poland,Małopolskie,Kraków,Starowiślna St,46, 30057,154
1366,Romania,Timiș,Lugoj,Strada Caransebeșului,32, 31006,361
1367,Hungary,Northern Great Plain,Nyíregyháza,Korányi Frigyes utca,5, 44053,413
1368,Germany,North Rhine-Westphalia,Cologne,Neumarkt,48, 50087,263
1369,Poland,Mazowieckie,Radom,Żółkiewskiego St,9, 26074,133
1370,Ukraine,Lviv region,Stryi,Bohdana Khmelnytskoho St,40, 83097,73
1371,Germany,Bavaria,Munich,Theresienstraße,45, 80057,224
1372,Ukraine,Lviv region,Lviv,Lychakivska St,3, 79062,46
1373,Ukraine,Lviv region,Lviv,Svobody Ave,44, 79007,40
1374,Hungary,Transdanubia,Pécs,Jókai tér,1, 76032,423
1375,Ukraine,Odesa region,Izmail,Kotovskoho St,40, 68007,89
1376,Ukraine,Kyiv region,Bila Tserkva,Honchara St,20, 09085,25
1377,Ukraine,Lviv region,Drohobych,Lesi Ukrainky St,46, 82067,59
1378,Ukraine,Odesa region,Chornomorsk,Heroiv Stalingrada St,24, 69025,102
1379,Poland,Dolnośląskie,Legnica,Złotoryjska St,12, 59024,197
1380,Hungary,Northern Great Plain,Debrecen,Kossuth utca,25, 40016,398
1381,Ukraine,Kyiv region,Irpin,Poltavska St,23, 08055,33
1382,Ukraine,Kyiv region,Bila Tserkva,Soborna Sq,30, 09016,18
1383,Ukraine,Odesa region,Chornomorsk,Nezalezhnosti St,35, 69036,103
1384,Ukraine,Lviv region,Lviv,Horodotska St,19, 79055,45
1385,Ukraine,Odesa region,Chornomorsk,Heroiv Stalingrada St,4, 69023,102
1386,Poland,Mazowieckie,Radom,Konstytucji 3 Maja St,37, 26087,134
1387,Ukraine,Odesa region,Odesa,Bunina St,20, 650115,87
1388,Poland,Małopolskie,Kraków,Długa St,2, 30072,156
1389,Poland,Dolnośląskie,Jelenia Góra,Sudecka St,37, 58037,209
1390,Ukraine,Odesa region,Izmail,Myru St,24, 68055,94
1391,Ukraine,Lviv region,Drohobych,Mazepy St,26, 82036,56
1392,Poland,Dolnośląskie,Wrocław,Krupnicza St,47, 50057,189
1393,Poland,Małopolskie,Nowy Sącz,Broniewskiego St,4, 34083,180
1394,Germany,North Rhine-Westphalia,Bonn,Colmantstraße,8, 53063,283
1395,Germany,Bavaria,Nuremberg,Allersberger Straße,44, 90097,241
1396,Romania,Bucharest-Ilfov,Bucharest,Calea Moșilor,14, 01024,306
1397,Romania,Cluj,Turda,Strada Gării,3, 41072,345
1398,Ukraine,Kyiv region,Bila Tserkva,Honchara St,21, 09085,25
1399,Germany,North Rhine-Westphalia,Bonn,Kölnstraße,13, 53074,284
1400,Germany,North Rhine-Westphalia,Düsseldorf,Flinger Straße,47, 40027,268
1401,Germany,Bavaria,Munich,Dachauer Straße,40, 80087,227
1402,Germany,North Rhine-Westphalia,Cologne,Severinstraße,48, 50057,260
1403,Romania,Cluj,Turda,Strada Republicii,28, 41006,338
1404,Germany,North Rhine-Westphalia,Cologne,Hohe Straße,1, 50002,255
1405,Ukraine,Lviv region,Stryi,Kopernyka St,34, 83036,67
1406,Hungary,Transdanubia,Győr,Kazinczy utca,32, 90046,435
1407,Romania,Bucharest-Ilfov,Bucharest,Șoseaua Pantelimon,42, 01087,312
1408,Germany,North Rhine-Westphalia,Cologne,Venloer Straße,21, 50045,259
1409,Ukraine,Odesa region,Izmail,Suvorova St,41, 68017,90
1410,Romania,Cluj,Cluj-Napoca,Strada Dorobanților,25, 40096,336
1411,Hungary,Transdanubia,Pécs,Petőfi utca,48, 76087,428
1412,Ukraine,Kyiv region,Kyiv,Saksahanskoho St,1, 01022,6
1413,Ukraine,Lviv region,Lviv,Svobody Ave,45, 79007,40
1414,Germany,Berlin,Berlin,Unter den Linden,7, 10003,289
1415,Ukraine,Lviv region,Lviv,Halytska St,6, 79083,48
1416,Germany,North Rhine-Westphalia,Düsseldorf,Königsallee,42, 40007,266
1417,Poland,Dolnośląskie,Legnica,Pocztowa St,5, 59073,202
1418,Hungary,Northern Great Plain,Debrecen,Nagyerdei körút,26, 40026,399
1419,Romania,Timiș,Timișoara,Strada Gheorghe Lazăr,33, 30046,354
1420,Germany,North Rhine-Westphalia,Cologne,Schildergasse,5, 50013,256
1421,Ukraine,Lviv region,Drohobych,Tobilevycha St,38, 82077,60
1422,Poland,Małopolskie,Kraków,Grodzka St,5, 30013,150
1423,Romania,Bucharest-Ilfov,Bucharest,Bulevardul Timișoara,26, 01096,313
1424,Poland,Dolnośląskie,Wrocław,Ruska St,32, 50036,187
1425,Poland,Dolnośląskie,Wrocław,Krupnicza St,43, 50057,189
1426,Germany,Bavaria,Nuremberg,Breite Gasse,41, 90027,234
1427,Romania,Cluj,Cluj-Napoca,Strada Dorobanților,27, 40096,336
1428,Poland,Małopolskie,Tarnów,Słowackiego St,6, 33033,164
1429,Poland,Dolnośląskie,Jelenia Góra,Wolności St,33, 58046,210
1430,Romania,Bucharest-Ilfov,Otopeni,Strada Crinului,16, 07045,319
1431,Ukraine,Lviv region,Lviv,Halytska St,42, 79087,48
1432,Poland,Mazowieckie,Radom,Konstytucji 3 Maja St,26, 26086,134
1433,Poland,Małopolskie,Tarnów,Krakowska St,37, 33017,162
1434,Poland,Mazowieckie,Warsaw,Nowy Świat,24, 01025,115
1435,Poland,Mazowieckie,Płock,Bielska St,39,09037,140
1436,Poland,Mazowieckie,Radom,Żeromskiego St,18, 26005,126
1437,Romania,Bucharest-Ilfov,Bucharest,Calea Victoriei,31, 01006,304
1438,Hungary,Northern Great Plain,Nyíregyháza,Kertvárosi utca,40, 44087,416
1439,Ukraine,Kyiv region,Kyiv,Velyka Vasylkivska St,39, 01017,5
1440,Ukraine,Lviv region,Drohobych,Mazepy St,5, 82033,56
1441,Ukraine,Odesa region,Izmail,Bohdana Khmelnytskoho St,46, 68097,98
1442,Romania,Bucharest-Ilfov,Bucharest,Șoseaua Kiseleff,19, 01035,307
1443,Ukraine,Odesa region,Chornomorsk,Myru Ave,42, 69017,101
1444,Germany,North Rhine-Westphalia,Bonn,Kölnstraße,43, 53077,284
1445,Hungary,Northern Great Plain,Nyíregyháza,Kertvárosi utca,9, 44084,416
1446,Ukraine,Lviv region,Drohobych,Mazepy St,2, 82032,56
1447,Hungary,Central Hungary,Szentendre,Bogdányi út,15, 20034,388
1448,Ukraine,Odesa region,Izmail,Pushkina St,49, 68048,93
1449,Ukraine,Kyiv region,Kyiv,Naberezhne Hwy,41, 01057,9
1450,Ukraine,Kyiv region,Irpin,Kyivska St,41, 08087,36
1451,Germany,North Rhine-Westphalia,Cologne,Schildergasse,26, 50016,256
1452,Ukraine,Odesa region,Odesa,Fontanska Rd,6, 65073,83
1453,Hungary,Transdanubia,Pécs,Hunyadi János utca,7, 76063,426
1454,Romania,Cluj,Cluj-Napoca,Calea Turzii,33, 40036,330
1455,Hungary,Central Hungary,Budapest,Üllői út,26, 10086,382
1456,Romania,Bucharest-Ilfov,Bucharest,Bulevardul Unirii,25, 01016,305
1457,Ukraine,Lviv region,Lviv,Zelena St,40, 79097,49
1458,Germany,Bavaria,Munich,Maximilianstraße,48, 80027,221
1459,Poland,Małopolskie,Kraków,Basztowa St,47, 30087,157
1460,Germany,North Rhine-Westphalia,Bonn,Berliner Freiheit,16, 53055,282
1461,Poland,Dolnośląskie,Jelenia Góra,Piłsudskiego St,32, 58016,207
1462,Germany,North Rhine-Westphalia,Cologne,Aachener Straße,12, 50034,258
1463,Germany,North Rhine-Westphalia,Bonn,Colmantstraße,6, 53063,283
1464,Germany,Berlin,Berlin,Prenzlauer Allee,26, 100116,300
1465,Ukraine,Lviv region,Stryi,Horodotska St,15, 83054,69
1466,Romania,Cluj,Turda,Strada Tineretului,30, 41066,344
1467,Ukraine,Odesa region,Izmail,Lermontova St,1, 68072,96
1468,Romania,Bucharest-Ilfov,Otopeni,Strada Tudor Vladimirescu,25, 07096,324
1469,Germany,Bavaria,Nuremberg,Königstraße,36, 90007,232
1470,Poland,Dolnośląskie,Legnica,Wrocławska St,3, 59012,196
1471,Hungary,Northern Great Plain,Nyíregyháza,Bethlen Gábor utca,18, 44065,414
1472,Germany,North Rhine-Westphalia,Cologne,Schildergasse,46, 50017,256
1473,Germany,Bavaria,Nuremberg,Breite Gasse,35, 90026,234
1474,Germany,Bavaria,Nuremberg,Vestnertorgraben,22, 90075,239
1475,Ukraine,Lviv region,Drohobych,Truskavetska St,46, 82047,57
1476,Poland,Małopolskie,Nowy Sącz,Broniewskiego St,8, 34083,180
1477,Germany,North Rhine-Westphalia,Bonn,Breite Straße,20, 53095,286
1478,Poland,Mazowieckie,Płock,Graniczna St,43,09047,141
1479,Romania,Bucharest-Ilfov,Otopeni,Strada Griviței,21, 07065,321
1480,Hungary,Transdanubia,Győr,Kálvária út,8, 90033,434
1481,Ukraine,Lviv region,Stryi,Shevchenka St,17, 83005,64
1482,Ukraine,Odesa region,Izmail,Kotovskoho St,35, 68006,89
1483,Hungary,Transdanubia,Pécs,Jókai tér,38, 76037,423
1484,Hungary,Central Hungary,Budapest,Üllői út,41, 10087,382
1485,Romania,Cluj,Cluj-Napoca,Strada George Barițiu,6, 40083,335
1486,Germany,Bavaria,Munich,Dachauer Straße,49, 80088,227
1487,Ukraine,Lviv region,Drohobych,Stryiska St,44, 82027,55
1488,Romania,Timiș,Timișoara,Strada Gheorghe Lazăr,21, 30045,354
1489,Poland,Mazowieckie,Warsaw,Chmielna St,38, 01077,120
1490,Germany,Berlin,Berlin,Kurfürstendamm,3, 10022,291
1491,Hungary,Northern Great Plain,Debrecen,Nyíl utca,34, 40096,406
1492,Ukraine,Kyiv region,Kyiv,Kharkivske Hwy,12, 01064,10
1493,Germany,Bavaria,Munich,Ludwigstraße,48, 80017,220
1494,Hungary,Northern Great Plain,Debrecen,Arany János utca,25, 40066,403
1495,Hungary,Central Hungary,Budapest,Margit körút,3, 10062,380
1496,Hungary,Northern Great Plain,Nyíregyháza,Korányi Frigyes utca,12, 44054,413
1497,Hungary,Northern Great Plain,Nyíregyháza,Széchenyi utca,47, 44047,412
1498,Hungary,Transdanubia,Pécs,Munkácsy utca,26, 76056,425
1499,Germany,Bavaria,Augsburg,Ulmer Straße,1, 86032,246
1500,Poland,Mazowieckie,Warsaw,Świętokrzyska St,26, 01066,119
1501,Hungary,Transdanubia,Győr,Munkás utca,40, 90057,436
1502,Hungary,Transdanubia,Pécs,Ferencesek utcája,5, 76013,421
1503,Germany,Bavaria,Munich,Sonnenstraße,3, 80092,228
1504,Poland,Dolnośląskie,Jelenia Góra,Sobieskiego St,10, 58064,212
1505,Germany,North Rhine-Westphalia,Cologne,Severinstraße,12, 50054,260
1506,Germany,North Rhine-Westphalia,Düsseldorf,Ratinger Straße,45, 40097,275
1507,Romania,Timiș,Lugoj,Strada Cloșca,10, 31074,368
1508,Romania,Bucharest-Ilfov,Otopeni,Strada Griviței,45, 07067,321
1509,Ukraine,Kyiv region,Irpin,Universytetska St,11, 08014,29
1510,Germany,Berlin,Berlin,Karl-Marx-Allee,30, 10036,292
1511,Hungary,Northern Great Plain,Nyíregyháza,Kossuth tér,22, 44005,408
1512,Ukraine,Odesa region,Izmail,Myru St,8, 68053,94
1513,Poland,Dolnośląskie,Legnica,Najświętszej Marii Panny St,42, 59007,195
1514,Hungary,Central Hungary,Szentendre,Duna korzó,43, 20027,387
1515,Hungary,Transdanubia,Pécs,Hunyadi János utca,33, 76066,426
1516,Poland,Małopolskie,Kraków,Starowiślna St,41, 30057,154
1517,Ukraine,Odesa region,Chornomorsk,Kyivska St,45, 69087,108
1518,Poland,Mazowieckie,Warsaw,Tamka St,10, 01054,118
1519,Hungary,Transdanubia,Győr,Kazinczy utca,4, 90043,435
1520,Poland,Dolnośląskie,Legnica,Złotoryjska St,33, 59026,197
1521,Ukraine,Lviv region,Stryi,Kopernyka St,18, 83035,67
1522,Hungary,Northern Great Plain,Nyíregyháza,Széchenyi utca,7, 44043,412
1523,Germany,Bavaria,Munich,Ludwigstraße,39, 80017,220
1524,Ukraine,Kyiv region,Kyiv,Ivana Franka St,29, 010106,14
1525,Hungary,Northern Great Plain,Nyíregyháza,Korányi Frigyes utca,31, 44056,413
1526,Hungary,Central Hungary,Budapest,Bajcsy-Zsilinszky út,18, 10095,383
1527,Hungary,Transdanubia,Pécs,Citrom utca,25, 76046,424
1528,Germany,Bavaria,Munich,Brienner Straße,22, 80065,225
1529,Poland,Małopolskie,Tarnów,Słowackiego St,42, 33037,164
1530,Hungary,Transdanubia,Győr,Teleki László utca,6, 90083,439
1531,Romania,Cluj,Turda,Strada Mihai Viteazul,30, 41046,342
1532,Hungary,Transdanubia,Pécs,Citrom utca,16, 76045,424
1533,Germany,Bavaria,Nuremberg,Breite Gasse,11, 90024,234
1534,Poland,Mazowieckie,Płock,Mazowiecka St,40,09087,145
1535,Ukraine,Odesa region,Odesa,Italiiska St,13, 650104,86
1536,Ukraine,Lviv region,Drohobych,Stryiska St,13, 82024,55
1537,Romania,Bucharest-Ilfov,Bucharest,Bulevardul Magheru,5, 01063,310
1538,Romania,Cluj,Turda,Strada Trandafirilor,24, 41085,346
1539,Poland,Małopolskie,Kraków,Floriańska St,16, 30005,149
1540,Ukraine,Kyiv region,Kyiv,Dmytrivska St,21, 01075,11
1541,Poland,Mazowieckie,Płock,Graniczna St,16,09045,141
1542,Hungary,Northern Great Plain,Nyíregyháza,Rákóczi utca,43, 44027,410
1543,Romania,Cluj,Turda,Strada Mihai Viteazul,16, 41045,342
1544,Ukraine,Odesa region,Odesa,Ryshelievska St,48, 65057,81
1545,Hungary,Northern Great Plain,Debrecen,Kossuth utca,35, 40016,398
1546,Ukraine,Odesa region,Odesa,Ryshelievska St,5, 65053,81
1547,Ukraine,Odesa region,Odesa,Uspenska St,37, 65047,80
1548,Germany,North Rhine-Westphalia,Bonn,Oxfordstraße,27, 53026,279
1549,Ukraine,Odesa region,Odesa,Primorsky Blvd,31, 65016,77
1550,Romania,Timiș,Timișoara,Bulevardul Revoluției,28, 30016,351
1551,Germany,Bavaria,Augsburg,Maximilianstraße,11, 86004,243
1552,Poland,Mazowieckie,Radom,Moniuszki St,33, 26096,135
1553,Romania,Bucharest-Ilfov,Bucharest,Calea Victoriei,47, 01007,304
1554,Germany,Bavaria,Augsburg,Frauentorstraße,31, 86076,250
1555,Poland,Dolnośląskie,Wrocław,Krupnicza St,4, 50053,189
1556,Hungary,Northern Great Plain,Debrecen,Csapó utca,7, 40043,401
1557,Hungary,Northern Great Plain,Nyíregyháza,Korányi Frigyes utca,25, 44056,413
1558,Hungary,Northern Great Plain,Nyíregyháza,Bethlen Gábor utca,9, 44064,414
1559,Hungary,Northern Great Plain,Nyíregyháza,Dózsa György utca,37, 44017,409
1560,Ukraine,Lviv region,Stryi,Chornovola St,21, 83065,70
1561,Hungary,Northern Great Plain,Debrecen,Béke utca,29, 40076,404
1562,Germany,Bavaria,Munich,Schwanthalerstraße,34, 80076,226
1563,Ukraine,Kyiv region,Kyiv,Velyka Vasylkivska St,41, 01017,5
1564,Hungary,Transdanubia,Győr,Munkás utca,45, 90057,436
1565,Ukraine,Lviv region,Drohobych,Mazepy St,17, 82035,56
1566,Ukraine,Kyiv region,Kyiv,Lesi Ukrainky Blvd,30, 010116,15
1567,Ukraine,Lviv region,Lviv,Lychakivska St,8, 79063,46
1568,Poland,Małopolskie,Nowy Sącz,Sobieskiego St,36, 34037,175
1569,Germany,Bavaria,Nuremberg,Vestnertorgraben,45, 90077,239
1570,Germany,Bavaria,Munich,Theresienstraße,41, 80057,224
1571,Poland,Mazowieckie,Warsaw,Marszałkowska St,39, 01017,114
1572,Ukraine,Lviv region,Stryi,Shevchenka St,30, 83006,64
1573,Hungary,Transdanubia,Pécs,Hunyadi János utca,23, 76065,426
1574,Romania,Cluj,Turda,Strada Republicii,24, 41005,338
1575,Ukraine,Kyiv region,Irpin,Sadova St,15, 08074,35
1576,Ukraine,Kyiv region,Irpin,Centralna St,9, 08004,28
1577,Poland,Mazowieckie,Radom,Żółkiewskiego St,35, 26076,133
1578,Ukraine,Lviv region,Drohobych,Lesi Ukrainky St,12, 82064,59
1579,Germany,Bavaria,Munich,Sendlinger Straße,36, 80047,223
1580,Germany,Bavaria,Munich,Ludwigstraße,36, 80017,220
1581,Ukraine,Odesa region,Chornomorsk,Myru Ave,36, 69017,101
1582,Ukraine,Kyiv region,Kyiv,Khreshchatyk St,12, 01004,4
1583,Germany,North Rhine-Westphalia,Düsseldorf,Ackerstraße,47, 40077,273
1584,Hungary,Northern Great Plain,Debrecen,Darabos utca,5, 40053,402
1585,Poland,Małopolskie,Tarnów,Klikowska St,10, 33064,167
1586,Hungary,Transdanubia,Pécs,Rákóczi út,32, 76026,422
1587,Ukraine,Kyiv region,Bila Tserkva,Yaroslav Mudryi St,4, 09003,17
1588,Romania,Cluj,Turda,Strada Gării,46, 41077,345
1589,Hungary,Transdanubia,Pécs,Király utca,25, 76006,420
1590,Poland,Mazowieckie,Płock,Tumska St,3,09002,137
1591,Hungary,Central Hungary,Szentendre,Fő tér,8, 20003,385
1592,Germany,North Rhine-Westphalia,Cologne,Venloer Straße,40, 50047,259
1593,Ukraine,Odesa region,Chornomorsk,Myru Ave,49, 69018,101
1594,Romania,Bucharest-Ilfov,Bucharest,Strada Lipscani,33, 01056,309
1595,Hungary,Central Hungary,Budapest,Nagykörút,40, 10077,381
1596,Romania,Cluj,Cluj-Napoca,Strada Avram Iancu,24, 40065,333
1597,Hungary,Central Hungary,Budapest,Üllői út,9, 10084,382
1598,Poland,Mazowieckie,Warsaw,Hoża St,5, 010113,124
1599,Germany,Bavaria,Nuremberg,Lorenzer Straße,3, 90052,237
1600,Ukraine,Kyiv region,Irpin,Pushkinska St,12, 08064,34
1601,Hungary,Central Hungary,Szentendre,Fő tér,12, 20004,385
1602,Romania,Timiș,Timișoara,Bulevardul Liviu Rebreanu,24, 30095,359
1603,Germany,Bavaria,Augsburg,Karlstraße,47, 86067,249
1604,Germany,North Rhine-Westphalia,Bonn,Friedensplatz,48, 53017,278
1605,Germany,North Rhine-Westphalia,Düsseldorf,Bolkerstraße,44, 40037,269
1606,Romania,Cluj,Cluj-Napoca,Strada Horea,37, 40057,332
1607,Hungary,Northern Great Plain,Debrecen,Béke utca,23, 40075,404
1608,Ukraine,Kyiv region,Bila Tserkva,Volodymyrska St,39, 09077,24
1609,Hungary,Transdanubia,Győr,Teleki László utca,30, 90086,439
1610,Hungary,Central Hungary,Szentendre,Rákóczi Ferenc utca,16, 20065,391
1611,Germany,North Rhine-Westphalia,Düsseldorf,Königsallee,2, 40002,266
1612,Romania,Cluj,Cluj-Napoca,Strada Dorobanților,12, 40094,336
1613,Romania,Cluj,Turda,Strada Trandafirilor,10, 41084,346
1614,Germany,Bavaria,Munich,Sonnenstraße,23, 80095,228
1615,Hungary,Central Hungary,Szentendre,Petőfi Sándor utca,43, 20077,392
1616,Germany,Berlin,Berlin,Friedrichstraße,25, 10016,290
1617,Hungary,Northern Great Plain,Nyíregyháza,Hősök tere,20, 44035,411
1618,Ukraine,Odesa region,Chornomorsk,Sportyvna St,39, 69097,109
1619,Ukraine,Kyiv region,Bila Tserkva,Soborna Sq,14, 09014,18
1620,Poland,Mazowieckie,Radom,Żeromskiego St,15, 26004,126
1621,Romania,Timiș,Timișoara,Piața Victoriei,33, 30006,350
1622,Germany,North Rhine-Westphalia,Cologne,Severinstraße,35, 50056,260
1623,Poland,Małopolskie,Kraków,Długa St,10, 30074,156
1624,Hungary,Transdanubia,Győr,Szent István út,23, 90025,433
1625,Poland,Mazowieckie,Warsaw,Krakowskie Przedmieście,29, 01036,116
1626,Poland,Mazowieckie,Warsaw,Tamka St,47, 01057,118
1627,Ukraine,Odesa region,Chornomorsk,Sportyvna St,19, 69095,109
1628,Romania,Bucharest-Ilfov,Bucharest,Calea Moșilor,6, 01023,306
1629,Germany,Bavaria,Nuremberg,Karolinenstraße,36, 90017,233
1630,Hungary,Transdanubia,Pécs,Tímár utca,12, 76094,429
1631,Ukraine,Kyiv region,Irpin,Nezalezhnosti St,33, 08036,31
1632,Ukraine,Lviv region,Lviv,Svobody Ave,14, 79004,40
1633,Romania,Bucharest-Ilfov,Otopeni,Strada Ștefan cel Mare,38, 07087,323
1634,Hungary,Northern Great Plain,Nyíregyháza,Hősök tere,49, 44038,411
1635,Hungary,Northern Great Plain,Nyíregyháza,Széchenyi utca,17, 44045,412
1636,Ukraine,Lviv region,Lviv,Lychakivska St,45, 79067,46
1637,Poland,Małopolskie,Tarnów,Bitwy pod Studziankami St,37, 33097,170
1638,Germany,North Rhine-Westphalia,Bonn,Oxfordstraße,7, 53023,279
1639,Hungary,Transdanubia,Pécs,Munkácsy utca,43, 76057,425
1640,Poland,Dolnośląskie,Jelenia Góra,Piłsudskiego St,21, 58015,207
1641,Ukraine,Lviv region,Stryi,Maksyma Kryvonosa St,12, 83074,71
1642,Romania,Timiș,Lugoj,Strada Bocșei,3, 31022,363
1643,Romania,Bucharest-Ilfov,Bucharest,Șoseaua Kiseleff,41, 01037,307
1644,Hungary,Northern Great Plain,Nyíregyháza,Kossuth tér,5, 44003,408
1645,Ukraine,Odesa region,Izmail,Horodotska St,36, 68087,97
1646,Ukraine,Lviv region,Drohobych,Shevchenka St,41, 82007,53
1647,Poland,Mazowieckie,Warsaw,Marszałkowska St,47, 01017,114
1648,Germany,Bavaria,Munich,Theresienstraße,29, 80056,224
1649,Poland,Mazowieckie,Radom,Słowackiego St,36, 26047,130
1650,Romania,Cluj,Turda,Strada Libertății,40, 41017,339
1651,Romania,Timiș,Lugoj,Strada Bocșei,32, 31026,363
1652,Ukraine,Lviv region,Stryi,Stepana Bandery St,47, 83047,68
1653,Poland,Mazowieckie,Warsaw,Żurawia St,42, 01087,121
1654,Germany,North Rhine-Westphalia,Düsseldorf,Ackerstraße,28, 40076,273
1655,Romania,Cluj,Turda,Strada Constructorilor,17, 41055,343
1656,Romania,Timiș,Timișoara,Strada Iancu de Hunedoara,27, 30086,358
1657,Germany,Bavaria,Augsburg,Jakobstraße,21, 86085,251
1658,Ukraine,Odesa region,Odesa,Kanatna St,37, 65027,78
1659,Poland,Dolnośląskie,Jelenia Góra,Bankowa St,20, 58025,208
1660,Romania,Bucharest-Ilfov,Bucharest,Bulevardul Magheru,24, 01065,310
1661,Poland,Małopolskie,Kraków,Grodzka St,18, 30015,150
1662,Germany,North Rhine-Westphalia,Cologne,Hohe Straße,29, 50006,255
1663,Ukraine,Kyiv region,Kyiv,Naberezhne Hwy,25, 01056,9
1664,Poland,Mazowieckie,Płock,Armii Krajowej St,16,09025,139
1665,Hungary,Central Hungary,Budapest,Üllői út,44, 10087,382
1666,Hungary,Transdanubia,Győr,Teleki László utca,27, 90086,439
1667,Ukraine,Lviv region,Stryi,Bohdana Khmelnytskoho St,5, 83093,73
1668,Poland,Małopolskie,Kraków,Karmelicka St,19, 30025,151
1669,Poland,Małopolskie,Tarnów,Wałowa St,17, 33005,161
1670,Ukraine,Kyiv region,Kyiv,Saksahanskoho St,33, 01026,6
1671,Romania,Cluj,Cluj-Napoca,Strada Dorobanților,30, 40096,336
1672,Poland,Mazowieckie,Radom,Warszawska St,19, 26065,132
1673,Hungary,Central Hungary,Budapest,Margit körút,12, 10064,380
1674,Romania,Cluj,Turda,Strada Trandafirilor,46, 41087,346
1675,Ukraine,Odesa region,Chornomorsk,Kyivska St,33, 69086,108
1676,Ukraine,Kyiv region,Bila Tserkva,Volodymyrska St,34, 09076,24
1677,Germany,Bavaria,Nuremberg,Bahnhofstraße,2, 90042,236
1678,Romania,Cluj,Turda,Strada Avram Iancu,43, 41037,341
1679,Germany,Bavaria,Augsburg,Bahnhofstraße,20, 86015,244
1680,Ukraine,Odesa region,Izmail,Kotovskoho St,23, 68005,89
1681,Romania,Bucharest-Ilfov,Otopeni,Strada Mihai Viteazul,17, 07075,322
1682,Ukraine,Kyiv region,Kyiv,Ivana Franka St,7, 010103,14
1683,Poland,Dolnośląskie,Legnica,Najświętszej Marii Panny St,8, 59003,195
1684,Ukraine,Odesa region,Izmail,Myru St,13, 68054,94
1685,Ukraine,Lviv region,Drohobych,Truskavetska St,25, 82046,57
1686,Poland,Małopolskie,Nowy Sącz,Królowa Jadwigi St,43, 34077,179
1687,Romania,Cluj,Cluj-Napoca,Strada Horea,38, 40057,332
1688,Poland,Dolnośląskie,Wrocław,Nowowiejska St,6, 50093,193
1689,Ukraine,Odesa region,Odesa,Kanatna St,2, 65022,78
1690,Ukraine,Odesa region,Odesa,Italiiska St,25, 650106,86
1691,Germany,Bavaria,Nuremberg,Karolinenstraße,19, 90015,233
1692,Ukraine,Kyiv region,Irpin,Pushkinska St,43, 08067,34
1693,Ukraine,Odesa region,Odesa,Fontanska Rd,13, 65074,83
1694,Germany,North Rhine-Westphalia,Bonn,Sternstraße,39, 53007,277
1695,Germany,North Rhine-Westphalia,Bonn,Friedensplatz,32, 53016,278
1696,Romania,Timiș,Timișoara,Strada Iancu de Hunedoara,20, 30085,358
1697,Romania,Cluj,Cluj-Napoca,Calea Turzii,38, 40037,330
1698,Hungary,Central Hungary,Szentendre,Árpád utca,30, 20056,390
1699,Germany,North Rhine-Westphalia,Cologne,Zülpicher Straße,3, 50062,261
1700,Poland,Małopolskie,Nowy Sącz,Lwowska St,22, 34025,174
1701,Hungary,Transdanubia,Pécs,Petőfi utca,11, 76084,428
1702,Poland,Mazowieckie,Radom,Żółkiewskiego St,49, 26078,133
1703,Poland,Mazowieckie,Radom,Warszawska St,43, 26067,132
1704,Ukraine,Odesa region,Izmail,Lermontova St,34, 68076,96
1705,Poland,Małopolskie,Kraków,Kazimierza Wielkiego St,38, 30047,153
1706,Hungary,Northern Great Plain,Nyíregyháza,Bethlen Gábor utca,5, 44063,414
1707,Hungary,Northern Great Plain,Nyíregyháza,Széchenyi utca,38, 44047,412
1708,Germany,Bavaria,Augsburg,Jakoberstraße,11, 86044,247
1709,Hungary,Northern Great Plain,Debrecen,Wesselényi utca,20, 40085,405
1710,Ukraine,Lviv region,Drohobych,Grushevskoho St,42, 82097,62
1711,Germany,Berlin,Berlin,Potsdamer Straße,38, 10047,293
1712,Hungary,Central Hungary,Budapest,Üllői út,25, 10086,382
1713,Germany,North Rhine-Westphalia,Düsseldorf,Ackerstraße,10, 40074,273
1714,Germany,North Rhine-Westphalia,Düsseldorf,Friedrichstraße,8, 40053,271
1715,Romania,Cluj,Cluj-Napoca,Strada Horea,30, 40056,332
1716,Romania,Cluj,Cluj-Napoca,Strada Moților,14, 40044,331
1717,Romania,Timiș,Lugoj,Strada Ștrandului,20, 31055,366
1718,Poland,Małopolskie,Kraków,Szewska St,31, 30036,152
1719,Poland,Małopolskie,Kraków,Grodzka St,28, 30016,150
1720,Ukraine,Kyiv region,Irpin,Kurdyumova St,9, 08094,37
1721,Poland,Mazowieckie,Płock,Mazowiecka St,6,09083,145
1722,Germany,North Rhine-Westphalia,Cologne,Zülpicher Straße,33, 50066,261
1723,Poland,Mazowieckie,Płock,Bielska St,20,09035,140
1724,Germany,Bavaria,Munich,Dachauer Straße,18, 80085,227
1725,Romania,Timiș,Timișoara,Piața Victoriei,40, 30007,350
1726,Poland,Mazowieckie,Radom,Konstytucji 3 Maja St,18, 26085,134
1727,Poland,Mazowieckie,Radom,Okulickiego St,1, 26052,131
1728,Romania,Bucharest-Ilfov,Bucharest,Șoseaua Kiseleff,30, 01036,307
1729,Germany,Bavaria,Nuremberg,Karolinenstraße,10, 90014,233
1730,Romania,Bucharest-Ilfov,Otopeni,Strada Viitorului,21, 07025,317
1731,Hungary,Northern Great Plain,Nyíregyháza,Rákóczi utca,47, 44027,410
1732,Germany,Bavaria,Augsburg,Karlstraße,16, 86065,249
1733,Poland,Małopolskie,Kraków,Lubicz St,37, 30097,158
1734,Germany,Berlin,Berlin,Schönhauser Allee,39, 100107,299
1735,Germany,Berlin,Berlin,Leipziger Straße,18, 10055,294
1736,Hungary,Transdanubia,Pécs,Tímár utca,7, 76093,429
1737,Poland,Małopolskie,Tarnów,Słowackiego St,21, 33035,164
1738,Germany,Bavaria,Nuremberg,Breite Gasse,5, 90023,234
1739,Hungary,Northern Great Plain,Nyíregyháza,Korányi Frigyes utca,39, 44057,413
1740,Ukraine,Kyiv region,Kyiv,Shota Rustaveli St,38, 01087,12
1741,Romania,Bucharest-Ilfov,Bucharest,Bulevardul Magheru,37, 01067,310
1742,Poland,Dolnośląskie,Wrocław,Ruska St,36, 50037,187
1743,Poland,Dolnośląskie,Legnica,Piłsudskiego St,17, 59035,198
1744,Romania,Timiș,Lugoj,Strada Timișoarei,34, 31016,362
1745,Hungary,Transdanubia,Győr,Révai Miklós utca,32, 90076,438
1746,Germany,Bavaria,Nuremberg,Karolinenstraße,26, 90016,233
1747,Germany,Berlin,Berlin,Leipziger Straße,45, 10057,294
1748,Germany,North Rhine-Westphalia,Düsseldorf,Flinger Straße,21, 40025,268
1749,Ukraine,Lviv region,Stryi,Horodotska St,30, 83056,69
1750,Hungary,Central Hungary,Szentendre,Barcsay utca,48, 20087,393
1751,Poland,Małopolskie,Tarnów,Bitwy pod Studziankami St,45, 33097,170
1752,Germany,Berlin,Berlin,Unter den Linden,29, 10006,289
1753,Poland,Małopolskie,Kraków,Grodzka St,40, 30017,150
1754,Ukraine,Kyiv region,Bila Tserkva,Pushkinska St,36, 09097,26
1755,Romania,Bucharest-Ilfov,Bucharest,Șoseaua Pantelimon,7, 01083,312
1756,Hungary,Transdanubia,Győr,Munkás utca,37, 90057,436
1757,Ukraine,Kyiv region,Bila Tserkva,Soborna Sq,18, 09015,18
1758,Romania,Bucharest-Ilfov,Otopeni,Strada 23 August,48, 07017,316
1759,Ukraine,Kyiv region,Kyiv,Kharkivske Hwy,5, 01063,10
1760,Ukraine,Kyiv region,Kyiv,Ivana Franka St,20, 010105,14
1761,Ukraine,Kyiv region,Bila Tserkva,Pushkinska St,2, 09092,26
1762,Romania,Cluj,Turda,Strada Tineretului,7, 41063,344
1763,Romania,Bucharest-Ilfov,Bucharest,Bulevardul Unirii,42, 01017,305
1764,Romania,Bucharest-Ilfov,Otopeni,Strada Ștefan cel Mare,43, 07087,323
1765,Hungary,Northern Great Plain,Debrecen,Piac utca,39, 40007,397
1766,Poland,Mazowieckie,Warsaw,Nowy Świat,11, 01024,115
1767,Ukraine,Odesa region,Odesa,Panteleimonivska St,38, 65037,79
1768,Hungary,Northern Great Plain,Nyíregyháza,Rákóczi utca,23, 44025,410
1769,Hungary,Transdanubia,Győr,Kálvária út,48, 90037,434
1770,Romania,Bucharest-Ilfov,Otopeni,Strada Mihai Viteazul,36, 07077,322
1771,Romania,Bucharest-Ilfov,Bucharest,Calea Moșilor,38, 01027,306
1772,Ukraine,Kyiv region,Irpin,Nezalezhnosti St,28, 08036,31
1773,Hungary,Transdanubia,Pécs,Jókai tér,16, 76035,423
1774,Ukraine,Lviv region,Drohobych,Tobilevycha St,42, 82077,60
1775,Germany,Bavaria,Nuremberg,Plobenhofstraße,25, 90086,240
1776,Romania,Timiș,Lugoj,Strada Buziașului,1, 31042,365
1777,Ukraine,Kyiv region,Bila Tserkva,Volodymyrska St,20, 09075,24
1778,Hungary,Northern Great Plain,Debrecen,Nyíl utca,42, 40097,406
1779,Ukraine,Kyiv region,Kyiv,Peremohy Ave,31, 01036,7
1780,Germany,North Rhine-Westphalia,Bonn,Colmantstraße,26, 53066,283
1781,Poland,Dolnośląskie,Legnica,Pocztowa St,36, 59077,202
1782,Poland,Dolnośląskie,Wrocław,Grabiszyńska St,20, 50075,191
1783,Ukraine,Odesa region,Chornomorsk,Heroiv Stalingrada St,16, 69025,102
1784,Poland,Małopolskie,Nowy Sącz,Śniadeckich St,31, 34096,181
1785,Hungary,Central Hungary,Szentendre,Kossuth Lajos utca,7, 20043,389
1786,Ukraine,Lviv region,Stryi,Olesia Honchara St,21, 83025,66
1787,Romania,Timiș,Timișoara,Strada Alba Iulia,30, 30026,352
1788,Hungary,Northern Great Plain,Debrecen,Béke utca,27, 40076,404
1789,Poland,Mazowieckie,Warsaw,Nowy Świat,7, 01023,115
1790,Poland,Małopolskie,Nowy Sącz,Śniadeckich St,43, 34097,181
1791,Ukraine,Odesa region,Odesa,Bunina St,27, 650116,87
1792,Romania,Cluj,Cluj-Napoca,Strada Horea,43, 40057,332
1793,Ukraine,Lviv region,Lviv,Kopernyka St,17, 79045,44
1794,Ukraine,Lviv region,Drohobych,Shevchenka St,35, 82006,53
1795,Ukraine,Lviv region,Lviv,Svobody Ave,4, 79003,40
1796,Poland,Małopolskie,Kraków,Karmelicka St,20, 30025,151
1797,Hungary,Central Hungary,Budapest,Október huszonharmadika utca,34, 10056,379
1798,Hungary,Northern Great Plain,Debrecen,Béke utca,9, 40074,404
1799,Poland,Małopolskie,Tarnów,Szujskiego St,47, 33057,166
1800,Germany,North Rhine-Westphalia,Bonn,Friedensplatz,40, 53017,278
1801,Ukraine,Odesa region,Izmail,Bohdana Khmelnytskoho St,17, 68095,98
1802,Ukraine,Lviv region,Drohobych,Grushevskoho St,37, 82097,62
1803,Poland,Małopolskie,Tarnów,Krakowska St,31, 33016,162
1804,Germany,Berlin,Berlin,Torstraße,17, 10085,297
1805,Romania,Timiș,Timișoara,Bulevardul Republicii,28, 30036,353
1806,Ukraine,Kyiv region,Kyiv,Shota Rustaveli St,6, 01083,12
1807,Ukraine,Lviv region,Drohobych,Stepana Bandery St,49, 82018,54
1808,Romania,Timiș,Lugoj,Strada Avram Iancu,28, 31066,367
1809,Ukraine,Kyiv region,Irpin,Nezalezhnosti St,35, 08036,31
1810,Germany,Bavaria,Munich,Kaufingerstraße,33, 80036,222
1811,Ukraine,Lviv region,Drohobych,Stryiska St,33, 82026,55
1812,Ukraine,Kyiv region,Irpin,Universytetska St,17, 08015,29
1813,Ukraine,Kyiv region,Bila Tserkva,Volodymyrska St,4, 09073,24
1814,Poland,Dolnośląskie,Legnica,Jaworzyńska St,11, 59044,199
1815,Ukraine,Odesa region,Izmail,Myru St,3, 68052,94
1816,Hungary,Central Hungary,Budapest,Bajcsy-Zsilinszky út,32, 10096,383
1817,Hungary,Transdanubia,Győr,Munkás utca,27, 90056,436
1818,Romania,Timiș,Lugoj,Strada Eftimie Murgu,10, 31084,369
1819,Romania,Bucharest-Ilfov,Otopeni,Strada Griviței,2, 07062,321
1820,Poland,Małopolskie,Nowy Sącz,Śniadeckich St,22, 34095,181
1821,Hungary,Northern Great Plain,Nyíregyháza,Rákóczi utca,7, 44023,410
1822,Romania,Cluj,Cluj-Napoca,Strada Universității,19, 40075,334
1823,Romania,Cluj,Turda,Strada Constructorilor,13, 41054,343
1824,Ukraine,Lviv region,Drohobych,Mazepy St,13, 82034,56
1825,Ukraine,Odesa region,Chornomorsk,Sportyvna St,4, 69093,109
1826,Germany,Bavaria,Augsburg,Hermanstraße,27, 86026,245
1827,Germany,Berlin,Berlin,Greifswalder Straße,13, 10094,298
1828,Ukraine,Kyiv region,Irpin,Centralna St,45, 08007,28
1829,Romania,Bucharest-Ilfov,Bucharest,Calea Victoriei,20, 01005,304
1830,Germany,North Rhine-Westphalia,Düsseldorf,Schadowstraße,26, 40016,267
1831,Poland,Małopolskie,Kraków,Kazimierza Wielkiego St,8, 30043,153
1832,Hungary,Northern Great Plain,Debrecen,Darabos utca,20, 40055,402
1833,Poland,Mazowieckie,Płock,Tumska St,18,09005,137
1834,Poland,Małopolskie,Nowy Sącz,Królowa Jadwigi St,12, 34074,179
1835,Germany,Bavaria,Augsburg,Frauentorstraße,16, 86075,250
1836,Hungary,Transdanubia,Győr,Árpád út,19, 90015,432
1837,Poland,Mazowieckie,Radom,Żółkiewskiego St,29, 26076,133
1838,Poland,Dolnośląskie,Legnica,Najświętszej Marii Panny St,34, 59006,195
1839,Ukraine,Kyiv region,Kyiv,Shota Rustaveli St,31, 01086,12
1840,Germany,North Rhine-Westphalia,Cologne,Eigelstein,19, 50095,264
1841,Germany,North Rhine-Westphalia,Düsseldorf,Ackerstraße,49, 40078,273
1842,Poland,Małopolskie,Tarnów,Lwowska St,30, 33026,163
1843,Ukraine,Odesa region,Odesa,Deribasivska St,33, 65006,76
1844,Ukraine,Odesa region,Izmail,Myru St,17, 68055,94
1845,Ukraine,Odesa region,Odesa,Italiiska St,18, 650105,86
1846,Ukraine,Kyiv region,Irpin,Sadova St,26, 08076,35
1847,Germany,Bavaria,Augsburg,Jakobstraße,32, 86086,251
1848,Poland,Dolnośląskie,Legnica,Jaworzyńska St,33, 59046,199
1849,Germany,Bavaria,Nuremberg,Bahnhofstraße,49, 90048,236
1850,Poland,Mazowieckie,Warsaw,Krakowskie Przedmieście,9, 01034,116
1851,Germany,North Rhine-Westphalia,Düsseldorf,Ratinger Straße,23, 40095,275
1852,Ukraine,Lviv region,Lviv,Zelena St,36, 79097,49
1853,Germany,North Rhine-Westphalia,Bonn,Breite Straße,19, 53095,286
1854,Hungary,Northern Great Plain,Debrecen,Wesselényi utca,33, 40086,405
1855,Romania,Timiș,Timișoara,Piața Victoriei,5, 30003,350
1856,Poland,Mazowieckie,Płock,Kobylińskiego St,8,09013,138
1857,Ukraine,Lviv region,Drohobych,Stryiska St,4, 82023,55
1858,Poland,Mazowieckie,Płock,Dobrzyńska St,34,09056,142
1859,Ukraine,Odesa region,Odesa,Bunina St,49, 650118,87
1860,Poland,Dolnośląskie,Legnica,Piłsudskiego St,44, 59037,198
1861,Hungary,Central Hungary,Budapest,Nagykörút,4, 10073,381
1862,Germany,North Rhine-Westphalia,Cologne,Zülpicher Straße,28, 50066,261
1863,Poland,Dolnośląskie,Legnica,Mickiewicza St,9, 59064,201
1864,Ukraine,Odesa region,Odesa,Italiiska St,6, 650103,86
1865,Ukraine,Kyiv region,Irpin,Tsentralnyi Park Ave,6, 08023,30
1866,Poland,Mazowieckie,Płock,Mazowiecka St,47,09087,145
1867,Ukraine,Odesa region,Odesa,Pushkinska St,20, 65085,84
1868,Hungary,Transdanubia,Pécs,Ferencesek utcája,12, 76014,421
1869,Poland,Małopolskie,Nowy Sącz,Sobieskiego St,11, 34034,175
1870,Poland,Dolnośląskie,Wrocław,Legnicka St,5, 50043,188
1871,Romania,Timiș,Lugoj,Strada Caransebeșului,3, 31002,361
1872,Hungary,Transdanubia,Győr,Virág utca,9, 90064,437
1873,Poland,Małopolskie,Nowy Sącz,Sobieskiego St,44, 34037,175
1874,Ukraine,Odesa region,Chornomorsk,Sadova St,38, 69047,104
1875,Romania,Timiș,Lugoj,Strada Ion Creangă,6, 31093,370
1876,Hungary,Transdanubia,Győr,Puskás Tivadar utca,47, 90097,440
1877,Poland,Dolnośląskie,Legnica,Jaworzyńska St,42, 59047,199
1878,Poland,Dolnośląskie,Wrocław,Oławska St,12, 50024,186
1879,Romania,Cluj,Turda,Strada Constructorilor,8, 41053,343
1880,Poland,Mazowieckie,Płock,Mostowa St,26,09076,144
1881,Poland,Małopolskie,Kraków,Starowiślna St,1, 30052,154
1882,Germany,North Rhine-Westphalia,Bonn,Oxfordstraße,45, 53027,279
1883,Germany,Bavaria,Augsburg,Ulmer Straße,24, 86035,246
1884,Germany,Bavaria,Augsburg,Ulmer Straße,36, 86037,246
1885,Poland,Małopolskie,Kraków,Świętego Tomasza St,4, 300103,159
1886,Poland,Mazowieckie,Warsaw,Koszykowa St,38, 010107,123
1887,Poland,Dolnośląskie,Wrocław,Robotnicza St,32, 50066,190
1888,Romania,Cluj,Turda,Strada Mihai Viteazul,14, 41044,342
1889,Hungary,Transdanubia,Győr,Puskás Tivadar utca,24, 90095,440
1890,Hungary,Central Hungary,Budapest,Bartók Béla út,41, 10047,378
1891,Hungary,Northern Great Plain,Nyíregyháza,Bercsényi utca,49, 44078,415
1892,Ukraine,Odesa region,Izmail,Myru St,23, 68055,94
1893,Hungary,Central Hungary,Szentendre,Ady Endre utca,31, 20096,394
1894,Romania,Bucharest-Ilfov,Bucharest,Calea Victoriei,26, 01006,304
1895,Poland,Dolnośląskie,Legnica,Mickiewicza St,44, 59067,201
1896,Poland,Mazowieckie,Płock,Bielska St,45,09037,140
1897,Ukraine,Kyiv region,Bila Tserkva,Volodymyrska St,7, 09073,24
1898,Romania,Bucharest-Ilfov,Otopeni,Strada Griviței,17, 07065,321
1899,Hungary,Central Hungary,Szentendre,Rákóczi Ferenc utca,31, 20066,391
1900,Germany,North Rhine-Westphalia,Bonn,Berliner Freiheit,25, 53056,282
1901,Romania,Bucharest-Ilfov,Otopeni,Strada Libertății,6, 07033,318
1902,Poland,Małopolskie,Tarnów,Bitwy pod Studziankami St,38, 33097,170
1903,Germany,North Rhine-Westphalia,Cologne,Hohe Straße,24, 50005,255
1904,Romania,Bucharest-Ilfov,Bucharest,Bulevardul Unirii,49, 01018,305
1905,Germany,North Rhine-Westphalia,Düsseldorf,Schadowstraße,28, 40016,267
1906,Hungary,Central Hungary,Budapest,Bartók Béla út,29, 10046,378
1907,Poland,Małopolskie,Tarnów,Klikowska St,38, 33067,167
1908,Germany,North Rhine-Westphalia,Cologne,Severinstraße,28, 50056,260
1909,Poland,Dolnośląskie,Jelenia Góra,Bankowa St,47, 58027,208
1910,Hungary,Transdanubia,Pécs,Ferencesek utcája,47, 76017,421
1911,Poland,Małopolskie,Kraków,Basztowa St,45, 30087,157
1912,Romania,Timiș,Timișoara,Bulevardul Revoluției,37, 30017,351
1913,Germany,North Rhine-Westphalia,Cologne,Neumarkt,3, 50082,263
1914,Hungary,Northern Great Plain,Nyíregyháza,Rákóczi utca,18, 44025,410
1915,Romania,Bucharest-Ilfov,Bucharest,Bulevardul Timișoara,41, 01097,313
1916,Poland,Małopolskie,Kraków,Starowiślna St,35, 30056,154
1917,Poland,Małopolskie,Nowy Sącz,Śniadeckich St,6, 34093,181
1918,Poland,Dolnośląskie,Legnica,Złotoryjska St,43, 59027,197
1919,Germany,Bavaria,Munich,Schwanthalerstraße,7, 80073,226
1920,Germany,North Rhine-Westphalia,Düsseldorf,Ratinger Straße,12, 40094,275
1921,Hungary,Transdanubia,Pécs,Király utca,23, 76005,420
1922,Germany,Berlin,Berlin,Invalidenstraße,38, 10077,296
1923,Romania,Timiș,Timișoara,Piața Victoriei,20, 30005,350
1924,Poland,Mazowieckie,Warsaw,Hoża St,48, 010117,124
1925,Ukraine,Odesa region,Izmail,Suvorova St,14, 68014,90
1926,Germany,North Rhine-Westphalia,Cologne,Schildergasse,4, 50013,256
1927,Ukraine,Kyiv region,Irpin,Kurdyumova St,5, 08093,37
1928,Poland,Dolnośląskie,Legnica,Piłsudskiego St,7, 59033,198
1929,Romania,Bucharest-Ilfov,Bucharest,Strada Lipscani,44, 01057,309
1930,Hungary,Central Hungary,Budapest,Bartók Béla út,40, 10047,378
1931,Poland,Mazowieckie,Radom,Konstytucji 3 Maja St,38, 26087,134
1932,Poland,Małopolskie,Kraków,Szewska St,13, 30034,152
1933,Hungary,Northern Great Plain,Debrecen,Csapó utca,30, 40046,401
1934,Germany,Berlin,Berlin,Friedrichstraße,43, 10017,290
1935,Ukraine,Odesa region,Chornomorsk,Heroiv Stalingrada St,39, 69027,102
1936,Poland,Mazowieckie,Płock,Mostowa St,19,09075,144
1937,Romania,Cluj,Cluj-Napoca,Strada George Barițiu,25, 40086,335
1938,Poland,Mazowieckie,Płock,Bielska St,6,09033,140
1939,Poland,Małopolskie,Kraków,Długa St,26, 30076,156
1940,Ukraine,Lviv region,Stryi,Olesia Honchara St,3, 83022,66
1941,Poland,Dolnośląskie,Legnica,Nowa St,22, 59085,203
1942,Ukraine,Lviv region,Stryi,Chornovola St,22, 83065,70
1943,Poland,Mazowieckie,Warsaw,Nowy Świat,14, 01024,115
1944,Ukraine,Kyiv region,Kyiv,Naberezhne Hwy,22, 01055,9
1945,Poland,Dolnośląskie,Wrocław,Wita Stwosza St,49, 50088,192
1946,Romania,Timiș,Timișoara,Strada Arieș,44, 30077,357
1947,Romania,Cluj,Turda,Strada Avram Iancu,42, 41037,341
1948,Ukraine,Kyiv region,Kyiv,Saksahanskoho St,5, 01023,6
1949,Germany,Berlin,Berlin,Oranienburger Straße,38, 10067,295
1950,Romania,Timiș,Timișoara,Bulevardul Dacia,3, 30062,356
1951,Poland,Małopolskie,Kraków,Długa St,38, 30077,156
1952,Ukraine,Lviv region,Stryi,Tarasa Shevchenka Blvd,31, 83086,72
1953,Ukraine,Lviv region,Stryi,Shevchenka St,27, 83006,64
1954,Ukraine,Odesa region,Izmail,Nezalezhnosti Ave,45, 68027,91
1955,Hungary,Transdanubia,Győr,Kazinczy utca,30, 90046,435
1956,Ukraine,Kyiv region,Kyiv,Obolonskyi Ave,7, 01043,8
1957,Romania,Timiș,Timișoara,Bulevardul Revoluției,8, 30013,351
1958,Germany,North Rhine-Westphalia,Cologne,Breite Straße,29, 50026,257
1959,Ukraine,Odesa region,Odesa,Deribasivska St,23, 65005,76
1960,Poland,Dolnośląskie,Jelenia Góra,Ogińskiego St,28, 58056,211
1961,Germany,North Rhine-Westphalia,Cologne,Breite Straße,12, 50024,257
1962,Germany,Bavaria,Augsburg,Jakoberstraße,9, 86044,247
1963,Poland,Małopolskie,Kraków,Grodzka St,23, 30015,150
1964,Poland,Małopolskie,Nowy Sącz,Królowa Jadwigi St,13, 34074,179
1965,Germany,Berlin,Berlin,Schönhauser Allee,36, 100107,299
1966,Hungary,Central Hungary,Szentendre,Petőfi Sándor utca,7, 20073,392
1967,Germany,North Rhine-Westphalia,Düsseldorf,Neustraße,1, 40082,274
1968,Poland,Małopolskie,Kraków,Długa St,25, 30076,156
1969,Romania,Timiș,Lugoj,Strada Eftimie Murgu,33, 31086,369
1970,Ukraine,Odesa region,Chornomorsk,Odeska St,10, 69074,107
1971,Germany,North Rhine-Westphalia,Bonn,Oxfordstraße,6, 53023,279
1972,Germany,Bavaria,Augsburg,Hermanstraße,5, 86023,245
1973,Hungary,Transdanubia,Pécs,Hunyadi János utca,20, 76065,426
1974,Ukraine,Odesa region,Odesa,Bunina St,11, 650114,87
1975,Poland,Małopolskie,Nowy Sącz,Grottgera St,21, 34055,177
1976,Poland,Mazowieckie,Płock,Mazowiecka St,17,09085,145
1977,Poland,Małopolskie,Nowy Sącz,Długosza St,7, 34013,173
1978,Ukraine,Kyiv region,Bila Tserkva,Yaroslav Mudryi St,2, 09002,17
1979,Poland,Mazowieckie,Radom,Traugutta St,46, 26027,128
1980,Germany,Bavaria,Munich,Rosenheimer Straße,15, 800114,230
1981,Hungary,Northern Great Plain,Nyíregyháza,Hősök tere,38, 44037,411
1982,Poland,Dolnośląskie,Legnica,Dziennikarska St,25, 59096,204
1983,Poland,Dolnośląskie,Jelenia Góra,Ogińskiego St,15, 58054,211
1984,Romania,Bucharest-Ilfov,Otopeni,Strada Griviței,40, 07067,321
1985,Germany,Berlin,Berlin,Torstraße,29, 10086,297
1986,Hungary,Transdanubia,Győr,Munkás utca,47, 90057,436
1987,Ukraine,Kyiv region,Irpin,Tsentralnyi Park Ave,29, 08026,30
1988,Ukraine,Lviv region,Lviv,Bandery St,25, 79036,43
1989,Hungary,Central Hungary,Szentendre,Bogdányi út,14, 20034,388
1990,Germany,Bavaria,Munich,Kaufingerstraße,16, 80035,222
1991,Germany,Bavaria,Nuremberg,Königstraße,6, 90003,232
1992,Germany,Bavaria,Munich,Kaufingerstraße,25, 80036,222
1993,Poland,Małopolskie,Nowy Sącz,Piłsudskiego St,46, 34067,178
1994,Germany,Bavaria,Nuremberg,Vestnertorgraben,25, 90076,239
1995,Romania,Bucharest-Ilfov,Otopeni,Strada Libertății,2, 07032,318
1996,Hungary,Transdanubia,Pécs,Hunyadi János utca,16, 76065,426
1997,Ukraine,Odesa region,Odesa,Ryshelievska St,41, 65057,81
1998,Ukraine,Odesa region,Odesa,Kanatna St,31, 65026,78
1999,Poland,Mazowieckie,Warsaw,Chmielna St,24, 01075,120
2000,Poland,Małopolskie,Nowy Sącz,Broniewskiego St,13, 34084,180
2001,Ukraine,Kyiv region,Kyiv,Dmytrivska St,46, 01077,11
2002,Ukraine,Lviv region,Lviv,Franko St,10, 79024,42
2003,Ukraine,Kyiv region,Irpin,Kurdyumova St,2, 08092,37
2004,Romania,Bucharest-Ilfov,Bucharest,Bulevardul Timișoara,21, 01095,313
2005,Ukraine,Odesa region,Izmail,Pushkina St,44, 68047,93
2006,Romania,Cluj,Cluj-Napoca,Piața Unirii,3, 40012,328
2007,Ukraine,Lviv region,Lviv,Stryiska St,36, 790107,50
2008,Poland,Dolnośląskie,Jelenia Góra,Pijarska St,18, 58095,215
2009,Hungary,Northern Great Plain,Nyíregyháza,Korányi Frigyes utca,8, 44053,413
2010,Romania,Bucharest-Ilfov,Otopeni,Strada Griviței,3, 07062,321
2011,Hungary,Transdanubia,Győr,Árpád út,28, 90016,432
2012,Romania,Bucharest-Ilfov,Bucharest,Calea Victoriei,15, 01004,304
2013,Hungary,Transdanubia,Pécs,Rákóczi út,26, 76026,422
2014,Ukraine,Odesa region,Odesa,Italiiska St,28, 650106,86
2015,Germany,Bavaria,Augsburg,Karlstraße,42, 86067,249
2016,Romania,Timiș,Lugoj,Strada Eftimie Murgu,3, 31082,369
2017,Hungary,Northern Great Plain,Nyíregyháza,Hősök tere,43, 44037,411
2018,Romania,Timiș,Timișoara,Bulevardul Republicii,5, 30033,353
2019,Ukraine,Kyiv region,Bila Tserkva,Yaroslav Mudryi St,40, 09007,17
2020,Germany,Bavaria,Nuremberg,Breite Gasse,36, 90027,234
2021,Poland,Małopolskie,Nowy Sącz,Broniewskiego St,38, 34087,180
2022,Germany,Bavaria,Munich,Dachauer Straße,35, 80086,227
2023,Romania,Bucharest-Ilfov,Otopeni,Strada Ștefan cel Mare,14, 07084,323
2024,Germany,North Rhine-Westphalia,Bonn,Berliner Freiheit,43, 53057,282
2025,Ukraine,Kyiv region,Bila Tserkva,Heroiv Krut St,40, 09057,22
2026,Poland,Małopolskie,Tarnów,Krakowska St,12, 33014,162
2027,Poland,Mazowieckie,Warsaw,Żurawia St,4, 01083,121
2028,Germany,North Rhine-Westphalia,Düsseldorf,Friedrichstraße,23, 40055,271
2029,Poland,Mazowieckie,Radom,Słowackiego St,42, 26047,130
2030,Ukraine,Odesa region,Izmail,Horodotska St,10, 68084,97
2031,Ukraine,Odesa region,Izmail,Bohdana Khmelnytskoho St,44, 68097,98
2032,Romania,Timiș,Timișoara,Strada Gheorghe Lazăr,24, 30045,354
2033,Romania,Timiș,Lugoj,Strada Caransebeșului,18, 31005,361
2034,Poland,Mazowieckie,Płock,Mostowa St,21,09075,144
2035,Poland,Dolnośląskie,Jelenia Góra,Sobieskiego St,40, 58067,212
2036,Hungary,Northern Great Plain,Nyíregyháza,Rákóczi utca,33, 44026,410
2037,Poland,Mazowieckie,Radom,Okulickiego St,33, 26056,131
2038,Ukraine,Kyiv region,Irpin,Pushkinska St,39, 08067,34
2039,Poland,Mazowieckie,Warsaw,Nowy Świat,39, 01027,115
2040,Ukraine,Odesa region,Izmail,Lermontova St,5, 68073,96
2041,Germany,Bavaria,Nuremberg,Plobenhofstraße,30, 90086,240
2042,Poland,Dolnośląskie,Wrocław,Legnicka St,41, 50047,188
2043,Hungary,Central Hungary,Szentendre,Árpád utca,4, 20053,390
2044,Ukraine,Odesa region,Chornomorsk,Stepova St,4, 69053,105
2045,Germany,Bavaria,Nuremberg,Allersberger Straße,13, 90094,241
2046,Ukraine,Kyiv region,Irpin,Kurdyumova St,46, 08097,37
2047,Poland,Małopolskie,Tarnów,Wałowa St,30, 33006,161
2048,Germany,Bavaria,Nuremberg,Königstraße,46, 90007,232
2049,Poland,Mazowieckie,Warsaw,Tamka St,30, 01056,118
2050,Romania,Bucharest-Ilfov,Otopeni,Strada Griviței,27, 07066,321
2051,Poland,Małopolskie,Tarnów,Broniewskiego St,42, 33087,169
2052,Hungary,Transdanubia,Győr,Szent István út,42, 90027,433
2053,Hungary,Central Hungary,Szentendre,Fő tér,14, 20004,385
2054,Germany,Bavaria,Augsburg,Maximilianstraße,30, 86006,243
2055,Ukraine,Lviv region,Lviv,Svobody Ave,27, 79006,40
2056,Poland,Małopolskie,Nowy Sącz,Jagiellońska St,17, 34005,172
2057,Poland,Małopolskie,Nowy Sącz,Grottgera St,23, 34055,177
2058,Germany,Bavaria,Augsburg,Maximilianstraße,2, 86002,243
2059,Hungary,Northern Great Plain,Debrecen,Béke utca,6, 40073,404
2060,Germany,North Rhine-Westphalia,Düsseldorf,Flinger Straße,23, 40025,268
2061,Romania,Bucharest-Ilfov,Otopeni,Strada Tudor Vladimirescu,1, 07092,324
2062,Germany,Bavaria,Augsburg,Ulmer Straße,5, 86033,246
2063,Germany,North Rhine-Westphalia,Bonn,Colmantstraße,12, 53064,283
2064,Germany,Bavaria,Munich,Dachauer Straße,9, 80084,227
2065,Germany,Berlin,Berlin,Unter den Linden,10, 10004,289
2066,Poland,Małopolskie,Tarnów,Broniewskiego St,46, 33087,169
2067,Poland,Dolnośląskie,Jelenia Góra,Matejki St,42, 58087,214
2068,Ukraine,Lviv region,Lviv,Svobody Ave,37, 79007,40
2069,Germany,North Rhine-Westphalia,Cologne,Zülpicher Straße,42, 50067,261
2070,Poland,Mazowieckie,Radom,Warszawska St,17, 26065,132
2071,Poland,Mazowieckie,Płock,Łukasiewicza St,43,09067,143
2072,Ukraine,Lviv region,Drohobych,Shevchenka St,42, 82007,53
2073,Ukraine,Kyiv region,Kyiv,Lesi Ukrainky Blvd,5, 010113,15
2074,Germany,Bavaria,Nuremberg,Färberstraße,32, 90036,235
2075,Ukraine,Odesa region,Izmail,Sadova St,30, 68036,92
2076,Romania,Timiș,Lugoj,Strada Timișoarei,3, 31012,362
2077,Hungary,Transdanubia,Pécs,Ferencesek utcája,19, 76015,421
2078,Hungary,Northern Great Plain,Nyíregyháza,Hősök tere,36, 44037,411
2079,Poland,Mazowieckie,Warsaw,Nowy Świat,10, 01024,115
2080,Poland,Mazowieckie,Radom,Konstytucji 3 Maja St,2, 26082,134
2081,Germany,Bavaria,Munich,Ludwigstraße,45, 80017,220
2082,Ukraine,Kyiv region,Bila Tserkva,Tekhnichna St,36, 09047,21
2083,Germany,Bavaria,Augsburg,Jakobstraße,15, 86084,251
2084,Romania,Bucharest-Ilfov,Otopeni,Strada Libertății,13, 07034,318
2085,Ukraine,Lviv region,Stryi,Oleska St,33, 83016,65
2086,Germany,Bavaria,Augsburg,Ulmer Straße,19, 86035,246
2087,Ukraine,Lviv region,Lviv,Franko St,34, 79026,42
2088,Germany,North Rhine-Westphalia,Cologne,Schildergasse,47, 50017,256
2089,Poland,Dolnośląskie,Legnica,Pocztowa St,43, 59077,202
2090,Hungary,Central Hungary,Budapest,Nagykörút,22, 10075,381
2091,Ukraine,Odesa region,Odesa,Pushkinska St,5, 65083,84
2092,Romania,Timiș,Timișoara,Bulevardul Revoluției,23, 30015,351
2093,Ukraine,Lviv region,Stryi,Stepana Bandery St,40, 83047,68
2094,Ukraine,Lviv region,Drohobych,Shevchenka St,33, 82006,53
2095,Hungary,Transdanubia,Pécs,Jókai tér,45, 76037,423
2096,Ukraine,Odesa region,Izmail,Nezalezhnosti Ave,36, 68027,91
2097,Germany,North Rhine-Westphalia,Bonn,Adenauerallee,32, 53046,281
2098,Ukraine,Lviv region,Lviv,Kopernyka St,28, 79046,44
2099,Ukraine,Odesa region,Odesa,Deribasivska St,40, 65007,76
2100,Germany,North Rhine-Westphalia,Cologne,Eigelstein,46, 50097,264
2101,Germany,North Rhine-Westphalia,Bonn,Berliner Freiheit,28, 53056,282
2102,Germany,North Rhine-Westphalia,Cologne,Venloer Straße,37, 50047,259
2103,Germany,North Rhine-Westphalia,Cologne,Eigelstein,16, 50095,264
2104,Romania,Cluj,Cluj-Napoca,Piața Unirii,14, 40014,328
2105,Hungary,Central Hungary,Budapest,Nagykörút,9, 10074,381
2106,Poland,Mazowieckie,Radom,Żeromskiego St,23, 26005,126
2107,Hungary,Central Hungary,Szentendre,Árpád utca,10, 20054,390
2108,Germany,Berlin,Berlin,Torstraße,26, 10086,297
2109,Germany,Berlin,Berlin,Torstraße,27, 10086,297
2110,Poland,Małopolskie,Nowy Sącz,Grottgera St,15, 34054,177
2111,Ukraine,Lviv region,Lviv,Bandery St,20, 79035,43
2112,Hungary,Northern Great Plain,Nyíregyháza,Korányi Frigyes utca,27, 44056,413
2113,Hungary,Central Hungary,Szentendre,Ady Endre utca,43, 20097,394
2114,Germany,Berlin,Berlin,Friedrichstraße,4, 10013,290
2115,Hungary,Transdanubia,Pécs,Király utca,46, 76007,420
2116,Ukraine,Lviv region,Lviv,Shevchenka St,11, 79014,41
2117,Poland,Małopolskie,Kraków,Szewska St,6, 30033,152
2118,Hungary,Central Hungary,Budapest,Bajcsy-Zsilinszky út,3, 10092,383
2119,Poland,Małopolskie,Kraków,Floriańska St,31, 30006,149
2120,Ukraine,Kyiv region,Kyiv,Obolonskyi Ave,22, 01045,8
2121,Ukraine,Odesa region,Izmail,Pushkina St,28, 68046,93
2122,Hungary,Central Hungary,Budapest,Rákóczi út,8, 10033,377
2123,Poland,Mazowieckie,Płock,Łukasiewicza St,18,09065,143
2124,Poland,Małopolskie,Tarnów,Broniewskiego St,31, 33086,169
2125,Hungary,Transdanubia,Pécs,Király utca,47, 76007,420
2126,Romania,Cluj,Cluj-Napoca,Calea Turzii,48, 40037,330
2127,Ukraine,Kyiv region,Kyiv,Velyka Vasylkivska St,4, 01013,5
2128,Germany,North Rhine-Westphalia,Cologne,Aachener Straße,5, 50033,258
2129,Ukraine,Lviv region,Stryi,Maksyma Kryvonosa St,37, 83077,71
2130,Hungary,Northern Great Plain,Nyíregyháza,Bercsényi utca,18, 44075,415
2131,Poland,Małopolskie,Kraków,Szewska St,29, 30036,152
2132,Germany,North Rhine-Westphalia,Bonn,Friedensplatz,29, 53016,278
2133,Hungary,Transdanubia,Pécs,Hunyadi János utca,38, 76067,426
2134,Romania,Cluj,Cluj-Napoca,Calea Turzii,45, 40037,330
2135,Germany,North Rhine-Westphalia,Düsseldorf,Breite Straße,48, 40047,270
2136,Germany,Bavaria,Munich,Sendlinger Straße,46, 80047,223
2137,Ukraine,Odesa region,Izmail,Nezalezhnosti Ave,33, 68026,91
2138,Romania,Bucharest-Ilfov,Otopeni,Strada Mihai Eminescu,4, 07053,320
2139,Hungary,Transdanubia,Győr,Árpád út,17, 90015,432
2140,Hungary,Transdanubia,Győr,Teleki László utca,26, 90086,439
2141,Ukraine,Lviv region,Lviv,Svobody Ave,20, 79005,40
2142,Romania,Bucharest-Ilfov,Bucharest,Calea Victoriei,41, 01007,304
2143,Poland,Małopolskie,Tarnów,Wałowa St,48, 33007,161
2144,Poland,Małopolskie,Kraków,Lubicz St,32, 30096,158
2145,Germany,Bavaria,Augsburg,Frauentorstraße,29, 86076,250
2146,Romania,Bucharest-Ilfov,Otopeni,Strada Crinului,8, 07043,319
2147,Poland,Małopolskie,Nowy Sącz,Królowa Jadwigi St,26, 34076,179
2148,Ukraine,Odesa region,Odesa,Bunina St,35, 650116,87
2149,Ukraine,Lviv region,Drohobych,Tobilevycha St,47, 82077,60
2150,Romania,Cluj,Cluj-Napoca,Bulevardul Eroilor,6, 40003,327
2151,Ukraine,Lviv region,Lviv,Halytska St,44, 79087,48
2152,Poland,Dolnośląskie,Wrocław,Robotnicza St,12, 50064,190
2153,Ukraine,Kyiv region,Kyiv,Kharkivske Hwy,36, 01067,10
2154,Romania,Cluj,Cluj-Napoca,Strada Avram Iancu,45, 40067,333
2155,Ukraine,Kyiv region,Kyiv,Obolonskyi Ave,37, 01047,8
2156,Ukraine,Odesa region,Odesa,Panteleimonivska St,13, 65034,79
2157,Romania,Timiș,Timișoara,Bulevardul Republicii,34, 30036,353
2158,Romania,Bucharest-Ilfov,Bucharest,Calea Moșilor,19, 01025,306
2159,Poland,Małopolskie,Nowy Sącz,Sobieskiego St,24, 34035,175
2160,Germany,Bavaria,Munich,Brienner Straße,42, 80067,225
2161,Ukraine,Kyiv region,Kyiv,Velyka Vasylkivska St,5, 01013,5
2162,Romania,Cluj,Cluj-Napoca,Strada Horea,20, 40055,332
2163,Ukraine,Odesa region,Izmail,Kotovskoho St,34, 68006,89
2164,Hungary,Transdanubia,Győr,Szent István út,12, 90024,433
2165,Germany,Bavaria,Augsburg,Jakobstraße,40, 86087,251
2166,Germany,Bavaria,Augsburg,Jakobstraße,30, 86086,251
2167,Ukraine,Odesa region,Odesa,Panteleimonivska St,6, 65033,79
2168,Ukraine,Odesa region,Izmail,Lermontova St,20, 68075,96
2169,Poland,Mazowieckie,Warsaw,Aleje Jerozolimskie,32, 01006,113
2170,Ukraine,Lviv region,Drohobych,Shevchenka St,29, 82006,53
2171,Ukraine,Odesa region,Odesa,Uspenska St,23, 65045,80
2172,Germany,Bavaria,Nuremberg,Breite Gasse,38, 90027,234
2173,Germany,North Rhine-Westphalia,Cologne,Schildergasse,41, 50017,256
2174,Hungary,Transdanubia,Győr,Kálvária út,28, 90036,434
2175,Poland,Mazowieckie,Radom,Traugutta St,30, 26026,128
2176,Germany,Bavaria,Nuremberg,Königstraße,19, 90005,232
2177,Romania,Cluj,Cluj-Napoca,Strada Dorobanților,35, 40096,336
2178,Ukraine,Lviv region,Stryi,Tarasa Shevchenka Blvd,42, 83087,72
2179,Ukraine,Lviv region,Lviv,Zelena St,10, 79094,49
2180,Hungary,Northern Great Plain,Debrecen,Nagyerdei körút,29, 40026,399
2181,Germany,Berlin,Berlin,Invalidenstraße,30, 10076,296
2182,Germany,North Rhine-Westphalia,Düsseldorf,Neustraße,3, 40082,274
2183,Ukraine,Odesa region,Izmail,Sadova St,13, 68034,92
2184,Germany,Bavaria,Augsburg,Bürgermeister-Fischer-Straße,38, 86057,248
2185,Poland,Dolnośląskie,Wrocław,Świdnicka St,41, 50007,184
2186,Ukraine,Lviv region,Stryi,Kopernyka St,21, 83035,67
2187,Ukraine,Odesa region,Chornomorsk,Parusna St,11, 69004,100
2188,Poland,Dolnośląskie,Wrocław,Wita Stwosza St,48, 50087,192
2189,Germany,Bavaria,Munich,Brienner Straße,30, 80066,225
2190,Hungary,Central Hungary,Szentendre,Rákóczi Ferenc utca,1, 20062,391
2191,Ukraine,Lviv region,Drohobych,Lesi Ukrainky St,40, 82067,59
2192,Poland,Małopolskie,Nowy Sącz,Długosza St,19, 34015,173
2193,Germany,North Rhine-Westphalia,Cologne,Neumarkt,42, 50087,263
2194,Hungary,Transdanubia,Győr,Kazinczy utca,40, 90047,435
2195,Poland,Mazowieckie,Warsaw,Chmielna St,40, 01077,120
2196,Germany,Bavaria,Augsburg,Karlstraße,25, 86066,249
2197,Romania,Bucharest-Ilfov,Otopeni,Strada Tudor Vladimirescu,9, 07094,324
2198,Ukraine,Lviv region,Lviv,Zelena St,3, 79092,49
2199,Ukraine,Odesa region,Chornomorsk,Heroiv Stalingrada St,36, 69027,102
2200,Ukraine,Lviv region,Lviv,Halytska St,26, 79086,48
2201,Romania,Timiș,Lugoj,Strada Astalaș,45, 31037,364
2202,Poland,Mazowieckie,Płock,Tumska St,37,09007,137
2203,Hungary,Transdanubia,Győr,Kazinczy utca,49, 90048,435
2204,Romania,Bucharest-Ilfov,Bucharest,Șoseaua Pantelimon,3, 01082,312
2205,Hungary,Central Hungary,Szentendre,Petőfi Sándor utca,35, 20076,392
2206,Poland,Małopolskie,Kraków,Szewska St,22, 30035,152
2207,Poland,Mazowieckie,Płock,Żyzna St,30,09096,146
2208,Hungary,Northern Great Plain,Nyíregyháza,Bethlen Gábor utca,24, 44065,414
2209,Poland,Małopolskie,Tarnów,Wałowa St,10, 33004,161
2210,Hungary,Transdanubia,Győr,Árpád út,35, 90016,432
2211,Poland,Mazowieckie,Płock,Żyzna St,21,09095,146
2212,Ukraine,Odesa region,Izmail,Lermontova St,46, 68077,96
2213,Germany,North Rhine-Westphalia,Düsseldorf,Bolkerstraße,32, 40036,269
2214,Poland,Mazowieckie,Radom,Słowackiego St,26, 26046,130
2215,Poland,Małopolskie,Tarnów,Bitwy pod Studziankami St,16, 33095,170
2216,Hungary,Transdanubia,Győr,Kazinczy utca,8, 90043,435
2217,Romania,Cluj,Turda,Strada Zambilelor,46, 41097,347
2218,Romania,Cluj,Turda,Strada Gheorghe Doja,5, 41023,340
2219,Ukraine,Kyiv region,Kyiv,Ivana Franka St,41, 010107,14
2220,Germany,Berlin,Berlin,Leipziger Straße,27, 10056,294
2221,Germany,Berlin,Berlin,Greifswalder Straße,44, 10097,298
2222,Ukraine,Kyiv region,Kyiv,Kharkivske Hwy,20, 01065,10
2223,Ukraine,Lviv region,Drohobych,Stryiska St,12, 82024,55
2224,Germany,Berlin,Berlin,Prenzlauer Allee,19, 100115,300
2225,Poland,Małopolskie,Kraków,Szewska St,18, 30035,152
2226,Poland,Dolnośląskie,Legnica,Nowa St,48, 59087,203
2227,Poland,Dolnośląskie,Jelenia Góra,1 Maja St,2, 58002,206
2228,Hungary,Central Hungary,Budapest,Üllői út,6, 10083,382
2229,Poland,Mazowieckie,Płock,Tumska St,21,09005,137
2230,Poland,Dolnośląskie,Legnica,Chojnowska St,6, 59053,200
2231,Ukraine,Odesa region,Odesa,Fontanska Rd,20, 65075,83
2232,Germany,North Rhine-Westphalia,Bonn,Friedensplatz,24, 53015,278
2233,Poland,Mazowieckie,Radom,Konstytucji 3 Maja St,24, 26085,134
2234,Hungary,Northern Great Plain,Debrecen,Nagyerdei körút,18, 40025,399
2235,Poland,Dolnośląskie,Wrocław,Ruska St,46, 50037,187
2236,Germany,North Rhine-Westphalia,Cologne,Eigelstein,2, 50092,264
2237,Poland,Małopolskie,Kraków,Grodzka St,34, 30016,150
2238,Romania,Cluj,Turda,Strada Constructorilor,48, 41057,343
2239,Poland,Mazowieckie,Radom,Warszawska St,29, 26066,132
2240,Poland,Małopolskie,Kraków,Karmelicka St,11, 30024,151
2241,Ukraine,Lviv region,Stryi,Oleska St,16, 83015,65
2242,Poland,Małopolskie,Nowy Sącz,Sobieskiego St,37, 34037,175
2243,Poland,Małopolskie,Kraków,Floriańska St,3, 30002,149
2244,Hungary,Central Hungary,Szentendre,Árpád utca,1, 20052,390
2245,Hungary,Central Hungary,Szentendre,Duna korzó,6, 20023,387
2246,Poland,Dolnośląskie,Wrocław,Nowowiejska St,34, 50096,193
2247,Germany,North Rhine-Westphalia,Bonn,Kölnstraße,24, 53075,284
2248,Romania,Timiș,Lugoj,Strada Caransebeșului,19, 31005,361
2249,Germany,North Rhine-Westphalia,Cologne,Zülpicher Straße,27, 50066,261
2250,Hungary,Central Hungary,Budapest,Üllői út,15, 10084,382
2251,Germany,Berlin,Berlin,Friedrichstraße,19, 10015,290
2252,Romania,Cluj,Cluj-Napoca,Strada Memorandumului,5, 40023,329
2253,Poland,Mazowieckie,Płock,Graniczna St,6,09043,141
2254,Ukraine,Lviv region,Lviv,Levandivska St,35, 790116,51
2255,Poland,Małopolskie,Nowy Sącz,Królowa Jadwigi St,34, 34076,179
2256,Hungary,Northern Great Plain,Nyíregyháza,Széchenyi utca,27, 44046,412
2257,Romania,Timiș,Timișoara,Strada Arieș,10, 30074,357
2258,Germany,Bavaria,Munich,Kaufingerstraße,28, 80036,222
2259,Germany,North Rhine-Westphalia,Bonn,Wilhelmstraße,45, 53087,285
2260,Romania,Cluj,Cluj-Napoca,Strada Memorandumului,33, 40026,329
2261,Poland,Dolnośląskie,Legnica,Mickiewicza St,1, 59062,201
2262,Germany,Bavaria,Augsburg,Bürgermeister-Fischer-Straße,47, 86057,248
2263,Ukraine,Odesa region,Izmail,Kotovskoho St,9, 68004,89
2264,Poland,Małopolskie,Kraków,Dietla St,35, 30066,155
2265,Germany,North Rhine-Westphalia,Bonn,Kaiserstraße,5, 53033,280
2266,Ukraine,Odesa region,Odesa,Primorsky Blvd,47, 65017,77
2267,Ukraine,Kyiv region,Bila Tserkva,Honchara St,39, 09087,25
2268,Ukraine,Kyiv region,Irpin,Poltavska St,1, 08052,33
2269,Poland,Mazowieckie,Warsaw,Koszykowa St,39, 010107,123
2270,Romania,Cluj,Turda,Strada Libertății,21, 41015,339
2271,Romania,Timiș,Timișoara,Bulevardul Liviu Rebreanu,17, 30095,359
2272,Ukraine,Odesa region,Izmail,Horodotska St,13, 68084,97
2273,Ukraine,Lviv region,Stryi,Olesia Honchara St,36, 83027,66
2274,Poland,Małopolskie,Kraków,Długa St,24, 30075,156
2275,Romania,Cluj,Turda,Strada Zambilelor,27, 41096,347
2276,Germany,Berlin,Berlin,Potsdamer Straße,39, 10047,293
2277,Ukraine,Lviv region,Stryi,Bohdana Khmelnytskoho St,16, 83095,73
2278,Poland,Mazowieckie,Warsaw,Marszałkowska St,23, 01015,114
2279,Germany,North Rhine-Westphalia,Cologne,Ehrenstraße,32, 50076,262
2280,Ukraine,Kyiv region,Kyiv,Peremohy Ave,27, 01036,7
2281,Hungary,Transdanubia,Pécs,Tímár utca,13, 76094,429
2282,Germany,North Rhine-Westphalia,Bonn,Kölnstraße,27, 53076,284
2283,Ukraine,Odesa region,Chornomorsk,Sadova St,10, 69044,104
2284,Germany,North Rhine-Westphalia,Cologne,Aachener Straße,10, 50034,258
2285,Germany,Bavaria,Munich,Schwanthalerstraße,15, 80074,226
2286,Poland,Małopolskie,Nowy Sącz,Jagiellońska St,16, 34005,172
2287,Germany,Bavaria,Munich,Kaufingerstraße,4, 80033,222
2288,Ukraine,Lviv region,Stryi,Chornovola St,17, 83065,70
2289,Ukraine,Odesa region,Odesa,Panteleimonivska St,36, 65037,79
2290,Romania,Bucharest-Ilfov,Bucharest,Șoseaua Pantelimon,23, 01085,312
2291,Ukraine,Lviv region,Lviv,Horodotska St,43, 79057,45
2292,Poland,Mazowieckie,Warsaw,Tamka St,40, 01057,118
2293,Ukraine,Lviv region,Drohobych,Mazepy St,22, 82035,56
2294,Poland,Dolnośląskie,Wrocław,Kazimierza Wielkiego St,28, 50016,185
2295,Romania,Cluj,Cluj-Napoca,Strada Horea,47, 40057,332
2296,Hungary,Transdanubia,Pécs,Petőfi utca,28, 76086,428
2297,Ukraine,Odesa region,Chornomorsk,Sportyvna St,48, 69097,109
2298,Poland,Małopolskie,Nowy Sącz,Broniewskiego St,34, 34086,180
2299,Germany,Bavaria,Augsburg,Frauentorstraße,42, 86077,250
2300,Poland,Małopolskie,Nowy Sącz,Śniadeckich St,28, 34096,181
2301,Hungary,Transdanubia,Pécs,Petőfi utca,8, 76083,428
2302,Ukraine,Kyiv region,Kyiv,Shota Rustaveli St,29, 01086,12
2303,Ukraine,Lviv region,Lviv,Lychakivska St,34, 79066,46
2304,Ukraine,Odesa region,Chornomorsk,Sportyvna St,12, 69094,109
2305,Hungary,Central Hungary,Szentendre,Dumtsa Jenő utca,36, 20017,386
2306,Romania,Bucharest-Ilfov,Otopeni,Strada Crinului,11, 07044,319
2307,Germany,North Rhine-Westphalia,Düsseldorf,Neustraße,41, 40087,274
2308,Germany,Berlin,Berlin,Karl-Marx-Allee,32, 10036,292
2309,Germany,North Rhine-Westphalia,Düsseldorf,Schadowstraße,40, 40017,267
2310,Germany,Berlin,Berlin,Karl-Marx-Allee,39, 10037,292
2311,Poland,Dolnośląskie,Legnica,Złotoryjska St,41, 59027,197
2312,Poland,Dolnośląskie,Jelenia Góra,Pijarska St,39, 58097,215
2313,Ukraine,Kyiv region,Kyiv,Shota Rustaveli St,30, 01086,12
2314,Ukraine,Kyiv region,Irpin,Kurdyumova St,39, 08097,37
2315,Ukraine,Lviv region,Lviv,Horodotska St,8, 79053,45
2316,Romania,Timiș,Lugoj,Strada Bocșei,41, 31027,363
2317,Germany,Bavaria,Munich,Kaufingerstraße,14, 80034,222
2318,Hungary,Northern Great Plain,Nyíregyháza,Rákóczi utca,26, 44026,410
2319,Ukraine,Odesa region,Chornomorsk,Parusna St,19, 69005,100
2320,Poland,Mazowieckie,Płock,Mostowa St,28,09076,144
2321,Poland,Małopolskie,Nowy Sącz,Barska St,38, 34047,176
2322,Germany,Bavaria,Augsburg,Jakoberstraße,35, 86046,247
2323,Germany,Bavaria,Munich,Schwanthalerstraße,9, 80074,226
2324,Germany,North Rhine-Westphalia,Bonn,Kölnstraße,42, 53077,284
2325,Ukraine,Kyiv region,Kyiv,Velyka Vasylkivska St,48, 01017,5
2326,Romania,Timiș,Lugoj,Strada Bocșei,49, 31028,363
2327,Ukraine,Kyiv region,Irpin,Kyivska St,15, 08084,36
2328,Hungary,Central Hungary,Szentendre,Kossuth Lajos utca,6, 20043,389
2329,Ukraine,Kyiv region,Kyiv,Dmytrivska St,23, 01075,11
2330,Ukraine,Kyiv region,Bila Tserkva,Honchara St,34, 09086,25
2331,Ukraine,Lviv region,Drohobych,Boryslavska St,23, 82085,61
2332,Hungary,Northern Great Plain,Debrecen,Darabos utca,48, 40057,402
2333,Ukraine,Lviv region,Stryi,Tarasa Shevchenka Blvd,48, 83087,72
2334,Poland,Mazowieckie,Płock,Kobylińskiego St,3,09012,138
2335,Hungary,Central Hungary,Szentendre,Rákóczi Ferenc utca,30, 20066,391
2336,Ukraine,Lviv region,Drohobych,Tobilevycha St,21, 82075,60
2337,Romania,Bucharest-Ilfov,Otopeni,Strada 23 August,24, 07015,316
2338,Romania,Cluj,Cluj-Napoca,Piața Unirii,12, 40014,328
2339,Hungary,Transdanubia,Győr,Puskás Tivadar utca,31, 90096,440
2340,Romania,Cluj,Turda,Strada Republicii,42, 41007,338
2341,Germany,Bavaria,Augsburg,Karlstraße,45, 86067,249
2342,Hungary,Central Hungary,Szentendre,Dumtsa Jenő utca,30, 20016,386
2343,Poland,Mazowieckie,Warsaw,Żurawia St,23, 01085,121
2344,Romania,Timiș,Timișoara,Strada Gheorghe Lazăr,30, 30046,354
2345,Hungary,Transdanubia,Pécs,Citrom utca,37, 76047,424
2346,Ukraine,Odesa region,Odesa,Leontovycha St,9, 65094,85
2347,Poland,Mazowieckie,Warsaw,Tamka St,46, 01057,118
2348,Germany,Berlin,Berlin,Potsdamer Straße,45, 10047,293
2349,Romania,Timiș,Timișoara,Strada Alba Iulia,34, 30026,352
2350,Germany,Bavaria,Nuremberg,Breite Gasse,25, 90026,234
2351,Germany,North Rhine-Westphalia,Düsseldorf,Flinger Straße,29, 40026,268
2352,Ukraine,Odesa region,Chornomorsk,Sadova St,9, 69044,104
2353,Poland,Mazowieckie,Płock,Graniczna St,17,09045,141
2354,Hungary,Central Hungary,Budapest,Margit körút,22, 10065,380
2355,Romania,Bucharest-Ilfov,Otopeni,Strada Mihai Eminescu,13, 07054,320
2356,Hungary,Northern Great Plain,Debrecen,Kossuth utca,11, 40014,398
2357,Poland,Dolnośląskie,Jelenia Góra,Sobieskiego St,6, 58063,212
2358,Ukraine,Kyiv region,Kyiv,Saksahanskoho St,18, 01025,6
2359,Germany,Bavaria,Munich,Dachauer Straße,16, 80085,227
2360,Germany,Berlin,Berlin,Schönhauser Allee,2, 100102,299
2361,Germany,Bavaria,Augsburg,Bürgermeister-Fischer-Straße,32, 86056,248
2362,Poland,Małopolskie,Kraków,Karmelicka St,25, 30026,151
2363,Poland,Małopolskie,Tarnów,Mościckiego Ave,48, 33077,168
2364,Ukraine,Kyiv region,Kyiv,Henerala Almazova St,42, 01097,13
2365,Poland,Mazowieckie,Radom,Żeromskiego St,40, 26007,126
2366,Romania,Cluj,Turda,Strada Gării,10, 41074,345
2367,Hungary,Central Hungary,Budapest,Bartók Béla út,12, 10044,378
2368,Germany,Berlin,Berlin,Leipziger Straße,38, 10057,294
2369,Romania,Cluj,Cluj-Napoca,Strada George Barițiu,32, 40086,335
2370,Germany,Berlin,Berlin,Invalidenstraße,3, 10072,296
2371,Ukraine,Kyiv region,Irpin,Poltavska St,25, 08056,33
2372,Hungary,Central Hungary,Budapest,Rákóczi út,16, 10035,377
2373,Ukraine,Odesa region,Izmail,Nezalezhnosti Ave,32, 68026,91
2374,Romania,Bucharest-Ilfov,Otopeni,Strada Libertății,1, 07032,318
2375,Poland,Mazowieckie,Warsaw,Marszałkowska St,12, 01014,114
2376,Hungary,Northern Great Plain,Debrecen,Arany János utca,15, 40064,403
2377,Ukraine,Lviv region,Drohobych,Grushevskoho St,38, 82097,62
2378,Germany,Bavaria,Augsburg,Bahnhofstraße,7, 86013,244
2379,Poland,Małopolskie,Kraków,Świętego Tomasza St,25, 300106,159
2380,Ukraine,Lviv region,Stryi,Stepana Bandery St,32, 83046,68
2381,Germany,Berlin,Berlin,Unter den Linden,32, 10006,289
2382,Romania,Bucharest-Ilfov,Bucharest,Bulevardul Magheru,34, 01066,310
2383,Hungary,Transdanubia,Pécs,Petőfi utca,7, 76083,428
2384,Germany,Bavaria,Nuremberg,Bahnhofstraße,43, 90047,236
2385,Germany,Bavaria,Augsburg,Jakobstraße,14, 86084,251
2386,Hungary,Transdanubia,Pécs,Hunyadi János utca,29, 76066,426
2387,Ukraine,Lviv region,Drohobych,Lesi Ukrainky St,37, 82067,59
2388,Ukraine,Kyiv region,Irpin,Kyivska St,36, 08087,36
2389,Hungary,Northern Great Plain,Nyíregyháza,Tavasz utca,3, 44092,417
2390,Ukraine,Lviv region,Drohobych,Stryiska St,30, 82026,55
2391,Poland,Dolnośląskie,Jelenia Góra,Sudecka St,13, 58034,209
2392,Ukraine,Lviv region,Drohobych,Boryslavska St,8, 82083,61
2393,Germany,North Rhine-Westphalia,Cologne,Schildergasse,11, 50014,256
2394,Poland,Mazowieckie,Warsaw,Aleje Jerozolimskie,30, 01006,113
2395,Ukraine,Lviv region,Drohobych,Stepana Bandery St,36, 82017,54
2396,Poland,Mazowieckie,Radom,Żeromskiego St,43, 26007,126
2397,Hungary,Central Hungary,Szentendre,Bogdányi út,34, 20036,388
2398,Ukraine,Odesa region,Chornomorsk,Myru Ave,28, 69016,101
2399,Poland,Dolnośląskie,Wrocław,Grabiszyńska St,27, 50076,191
2400,Ukraine,Lviv region,Drohobych,Mazepy St,37, 82037,56
2401,Poland,Mazowieckie,Warsaw,Krucza St,38, 01097,122
2402,Ukraine,Lviv region,Stryi,Bohdana Khmelnytskoho St,39, 83097,73
2403,Hungary,Transdanubia,Győr,Munkás utca,49, 90058,436
2404,Germany,Berlin,Berlin,Schönhauser Allee,38, 100107,299
2405,Hungary,Transdanubia,Győr,Teleki László utca,37, 90087,439
2406,Germany,North Rhine-Westphalia,Cologne,Venloer Straße,33, 50046,259
2407,Hungary,Northern Great Plain,Nyíregyháza,Tavasz utca,7, 44093,417
2408,Germany,North Rhine-Westphalia,Bonn,Berliner Freiheit,6, 53053,282
2409,Hungary,Northern Great Plain,Nyíregyháza,Hősök tere,8, 44033,411
2410,Romania,Bucharest-Ilfov,Bucharest,Bulevardul Unirii,43, 01017,305
2411,Hungary,Central Hungary,Szentendre,Duna korzó,33, 20026,387
2412,Hungary,Transdanubia,Győr,Virág utca,45, 90067,437
2413,Ukraine,Lviv region,Drohobych,Stepana Bandery St,26, 82016,54
2414,Hungary,Northern Great Plain,Debrecen,Nyíl utca,36, 40097,406
2415,Romania,Timiș,Timișoara,Strada Arieș,34, 30076,357
2416,Germany,Bavaria,Munich,Fürstenrieder Straße,3, 800102,229
2417,Germany,Berlin,Berlin,Unter den Linden,44, 10007,289
2418,Romania,Timiș,Timișoara,Strada Take Ionescu,5, 30053,355
2419,Germany,Berlin,Berlin,Potsdamer Straße,36, 10047,293
2420,Germany,Bavaria,Nuremberg,Breite Gasse,7, 90023,234
2421,Germany,North Rhine-Westphalia,Cologne,Ehrenstraße,22, 50075,262
2422,Ukraine,Lviv region,Drohobych,Grushevskoho St,26, 82096,62
2423,Germany,Bavaria,Augsburg,Frauentorstraße,2, 86072,250
2424,Ukraine,Lviv region,Stryi,Olesia Honchara St,49, 83028,66
2425,Ukraine,Kyiv region,Bila Tserkva,Soborna Sq,37, 09017,18
2426,Poland,Mazowieckie,Warsaw,Puławska St,7, 01043,117
2427,Hungary,Central Hungary,Szentendre,Árpád utca,8, 20053,390
2428,Poland,Dolnośląskie,Wrocław,Nowowiejska St,11, 50094,193
2429,Ukraine,Odesa region,Chornomorsk,Odeska St,40, 69077,107
2430,Romania,Bucharest-Ilfov,Bucharest,Bulevardul Unirii,33, 01016,305
2431,Poland,Małopolskie,Kraków,Dietla St,11, 30064,155
2432,Poland,Małopolskie,Kraków,Floriańska St,33, 30006,149
2433,Poland,Mazowieckie,Płock,Armii Krajowej St,35,09026,139
2434,Germany,Berlin,Berlin,Potsdamer Straße,37, 10047,293
2435,Poland,Mazowieckie,Płock,Bielska St,35,09036,140
2436,Ukraine,Odesa region,Odesa,Deribasivska St,11, 65004,76
2437,Poland,Dolnośląskie,Jelenia Góra,Matejki St,27, 58086,214
2438,Ukraine,Lviv region,Lviv,Franko St,14, 79024,42
2439,Hungary,Northern Great Plain,Debrecen,Arany János utca,8, 40063,403
2440,Germany,Bavaria,Munich,Sonnenstraße,31, 80096,228
2441,Poland,Małopolskie,Kraków,Grodzka St,49, 30018,150
2442,Germany,North Rhine-Westphalia,Düsseldorf,Schadowstraße,31, 40016,267
2443,Poland,Dolnośląskie,Legnica,Nowa St,1, 59082,203
2444,Romania,Timiș,Timișoara,Strada Arieș,38, 30077,357
2445,Ukraine,Kyiv region,Irpin,Universytetska St,33, 08016,29
2446,Romania,Timiș,Lugoj,Strada Ion Creangă,31, 31096,370
2447,Germany,North Rhine-Westphalia,Bonn,Sternstraße,40, 53007,277
2448,Romania,Timiș,Timișoara,Bulevardul Dacia,44, 30067,356
2449,Ukraine,Kyiv region,Irpin,Kurdyumova St,49, 08098,37
2450,Ukraine,Kyiv region,Irpin,Nezalezhnosti St,17, 08035,31
2451,Ukraine,Kyiv region,Kyiv,Peremohy Ave,10, 01034,7
2452,Ukraine,Kyiv region,Kyiv,Lesi Ukrainky Blvd,49, 010118,15
2453,Romania,Cluj,Turda,Strada Gheorghe Doja,24, 41025,340
2454,Ukraine,Kyiv region,Bila Tserkva,Heroiv Krut St,37, 09057,22
2455,Poland,Małopolskie,Nowy Sącz,Długosza St,12, 34014,173
2456,Poland,Dolnośląskie,Legnica,Wrocławska St,8, 59013,196
2457,Hungary,Northern Great Plain,Nyíregyháza,Tavasz utca,47, 44097,417
2458,Ukraine,Odesa region,Odesa,Prymorska St,20, 65065,82
2459,Romania,Bucharest-Ilfov,Bucharest,Bulevardul Unirii,16, 01015,305
2460,Ukraine,Kyiv region,Bila Tserkva,Soborna Sq,9, 09014,18
2461,Romania,Timiș,Lugoj,Strada Astalaș,28, 31036,364
2462,Poland,Dolnośląskie,Legnica,Najświętszej Marii Panny St,48, 59007,195
2463,Germany,Bavaria,Nuremberg,Jakobsplatz,16, 90065,238
2464,Germany,Berlin,Berlin,Kurfürstendamm,44, 10027,291
2465,Poland,Dolnośląskie,Jelenia Góra,Matejki St,8, 58083,214
2466,Romania,Timiș,Timișoara,Strada Iancu de Hunedoara,43, 30087,358
2467,Romania,Cluj,Cluj-Napoca,Bulevardul Eroilor,49, 40008,327
2468,Germany,North Rhine-Westphalia,Cologne,Schildergasse,27, 50016,256
2469,Romania,Timiș,Lugoj,Strada Buziașului,12, 31044,365
2470,Ukraine,Odesa region,Odesa,Ryshelievska St,13, 65054,81
2471,Poland,Mazowieckie,Radom,Żeromskiego St,13, 26004,126
2472,Hungary,Northern Great Plain,Nyíregyháza,Hősök tere,27, 44036,411
2473,Poland,Mazowieckie,Radom,Konstytucji 3 Maja St,43, 26087,134
2474,Hungary,Transdanubia,Pécs,Tímár utca,11, 76094,429
2475,Poland,Mazowieckie,Warsaw,Świętokrzyska St,20, 01065,119
2476,Poland,Małopolskie,Kraków,Grodzka St,37, 30017,150
2477,Romania,Cluj,Cluj-Napoca,Strada Dorobanților,7, 40093,336
2478,Poland,Małopolskie,Nowy Sącz,Śniadeckich St,42, 34097,181
2479,Ukraine,Kyiv region,Kyiv,Peremohy Ave,46, 01037,7
2480,Hungary,Northern Great Plain,Debrecen,Böszörményi út,26, 40036,400
2481,Ukraine,Kyiv region,Kyiv,Ivana Franka St,4, 010103,14
2482,Hungary,Northern Great Plain,Nyíregyháza,Tavasz utca,30, 44096,417
2483,Romania,Bucharest-Ilfov,Otopeni,Strada Tudor Vladimirescu,19, 07095,324
2484,Poland,Małopolskie,Kraków,Szewska St,14, 30034,152
2485,Poland,Dolnośląskie,Wrocław,Oławska St,42, 50027,186
2486,Hungary,Transdanubia,Pécs,Király utca,16, 76005,420
2487,Ukraine,Lviv region,Lviv,Shevchenka St,42, 79017,41
2488,Germany,Bavaria,Augsburg,Bürgermeister-Fischer-Straße,15, 86054,248
2489,Hungary,Central Hungary,Szentendre,Barcsay utca,7, 20083,393
2490,Hungary,Northern Great Plain,Debrecen,Wesselényi utca,40, 40087,405
2491,Hungary,Central Hungary,Budapest,Nagykörút,17, 10075,381
2492,Ukraine,Odesa region,Chornomorsk,Industrialna St,35, 69066,106
2493,Romania,Bucharest-Ilfov,Otopeni,Strada Mihai Eminescu,32, 07056,320
2494,Ukraine,Odesa region,Izmail,Lermontova St,27, 68076,96
2495,Ukraine,Lviv region,Lviv,Pekarska St,3, 79072,47
2496,Germany,North Rhine-Westphalia,Cologne,Neumarkt,12, 50084,263
2497,Romania,Cluj,Cluj-Napoca,Bulevardul Eroilor,43, 40007,327
2498,Ukraine,Kyiv region,Kyiv,Lesi Ukrainky Blvd,12, 010114,15
2499,Ukraine,Odesa region,Odesa,Leontovycha St,23, 65095,85
2500,Poland,Dolnośląskie,Jelenia Góra,1 Maja St,33, 58006,206
2501,Germany,North Rhine-Westphalia,Bonn,Wilhelmstraße,30, 53086,285
2502,Poland,Małopolskie,Kraków,Grodzka St,39, 30017,150
2503,Ukraine,Odesa region,Izmail,Suvorova St,18, 68015,90
2504,Poland,Mazowieckie,Płock,Bielska St,42,09037,140
2505,Ukraine,Lviv region,Drohobych,Shevchenka St,26, 82006,53
2506,Germany,Bavaria,Nuremberg,Allersberger Straße,43, 90097,241
2507,Germany,Bavaria,Nuremberg,Königstraße,4, 90003,232
2508,Germany,North Rhine-Westphalia,Düsseldorf,Friedrichstraße,45, 40057,271
2509,Hungary,Central Hungary,Budapest,Üllői út,28, 10086,382
2510,Germany,North Rhine-Westphalia,Düsseldorf,Ackerstraße,8, 40073,273
2511,Ukraine,Lviv region,Stryi,Chornovola St,35, 83066,70
2512,Germany,Bavaria,Munich,Sonnenstraße,39, 80097,228
2513,Germany,North Rhine-Westphalia,Bonn,Friedensplatz,12, 53014,278
2514,Romania,Timiș,Lugoj,Strada Eftimie Murgu,30, 31086,369
2515,Ukraine,Lviv region,Lviv,Kopernyka St,19, 79045,44
2516,Ukraine,Kyiv region,Bila Tserkva,Heroiv Krut St,49, 09058,22
2517,Ukraine,Odesa region,Odesa,Fontanska Rd,11, 65074,83
2518,Poland,Dolnośląskie,Legnica,Jaworzyńska St,34, 59046,199
2519,Ukraine,Lviv region,Stryi,Maksyma Kryvonosa St,43, 83077,71
2520,Hungary,Transdanubia,Pécs,Hunyadi János utca,36, 76067,426
2521,Hungary,Central Hungary,Szentendre,Kossuth Lajos utca,27, 20046,389
2522,Ukraine,Kyiv region,Bila Tserkva,Pushkinska St,41, 09097,26
2523,Germany,Berlin,Berlin,Friedrichstraße,38, 10017,290
2524,Poland,Mazowieckie,Płock,Żyzna St,7,09093,146
2525,Germany,North Rhine-Westphalia,Bonn,Adenauerallee,30, 53046,281
2526,Germany,North Rhine-Westphalia,Cologne,Breite Straße,37, 50027,257
2527,Romania,Bucharest-Ilfov,Bucharest,Bulevardul Magheru,16, 01065,310
2528,Romania,Timiș,Timișoara,Bulevardul Republicii,38, 30037,353
2529,Hungary,Transdanubia,Pécs,Király utca,19, 76005,420
2530,Poland,Małopolskie,Tarnów,Wałowa St,23, 33005,161
2531,Ukraine,Lviv region,Lviv,Lychakivska St,6, 79063,46
2532,Ukraine,Lviv region,Stryi,Tarasa Shevchenka Blvd,20, 83085,72
2533,Poland,Dolnośląskie,Wrocław,Legnicka St,38, 50047,188
2534,Hungary,Central Hungary,Szentendre,Kossuth Lajos utca,38, 20047,389
2535,Poland,Dolnośląskie,Legnica,Najświętszej Marii Panny St,17, 59005,195
2536,Hungary,Transdanubia,Győr,Baross Gábor út,33, 90006,431
2537,Ukraine,Odesa region,Odesa,Leontovycha St,46, 65097,85
2538,Poland,Małopolskie,Kraków,Kazimierza Wielkiego St,31, 30046,153
2539,Hungary,Northern Great Plain,Debrecen,Piac utca,49, 40008,397
2540,Germany,Berlin,Berlin,Leipziger Straße,2, 10052,294
2541,Germany,Berlin,Berlin,Schönhauser Allee,24, 100105,299
2542,Ukraine,Odesa region,Odesa,Ryshelievska St,1, 65052,81
2543,Germany,Bavaria,Munich,Theresienstraße,20, 80055,224
2544,Germany,North Rhine-Westphalia,Düsseldorf,Friedrichstraße,1, 40052,271
2545,Romania,Timiș,Timișoara,Piața Victoriei,27, 30006,350
2546,Hungary,Northern Great Plain,Nyíregyháza,Kertvárosi utca,24, 44085,416
2547,Romania,Bucharest-Ilfov,Otopeni,Strada Crinului,23, 07045,319
2548,Germany,North Rhine-Westphalia,Cologne,Zülpicher Straße,47, 50067,261
2549,Poland,Małopolskie,Tarnów,Krakowska St,15, 33014,162
2550,Poland,Małopolskie,Kraków,Floriańska St,28, 30006,149
2551,Ukraine,Kyiv region,Irpin,Sadova St,42, 08077,35
2552,Poland,Małopolskie,Tarnów,Bitwy pod Studziankami St,47, 33097,170
2553,Hungary,Transdanubia,Pécs,Ferencesek utcája,8, 76013,421
2554,Ukraine,Lviv region,Drohobych,Stepana Bandery St,5, 82013,54
2555,Germany,Bavaria,Nuremberg,Plobenhofstraße,20, 90085,240
2556,Germany,Bavaria,Munich,Fürstenrieder Straße,27, 800106,229
2557,Germany,Bavaria,Munich,Ludwigstraße,27, 80016,220
2558,Romania,Cluj,Turda,Strada Avram Iancu,31, 41036,341
2559,Poland,Małopolskie,Tarnów,Krakowska St,38, 33017,162
2560,Ukraine,Kyiv region,Irpin,Kurdyumova St,1, 08092,37
2561,Ukraine,Kyiv region,Irpin,Tsentralnyi Park Ave,5, 08023,30
2562,Ukraine,Kyiv region,Bila Tserkva,Pushkinska St,47, 09097,26
2563,Ukraine,Odesa region,Chornomorsk,Industrialna St,31, 69066,106
2564,Ukraine,Kyiv region,Kyiv,Shota Rustaveli St,32, 01086,12
2565,Ukraine,Lviv region,Stryi,Olesia Honchara St,8, 83023,66
2566,Ukraine,Lviv region,Stryi,Tarasa Shevchenka Blvd,28, 83086,72
2567,Poland,Małopolskie,Tarnów,Wałowa St,5, 33003,161
2568,Romania,Bucharest-Ilfov,Bucharest,Bulevardul Magheru,18, 01065,310
2569,Poland,Dolnośląskie,Legnica,Mickiewicza St,17, 59065,201
2570,Germany,Bavaria,Nuremberg,Karolinenstraße,14, 90014,233
2571,Hungary,Northern Great Plain,Debrecen,Darabos utca,28, 40056,402
2572,Poland,Małopolskie,Tarnów,Szujskiego St,36, 33057,166
2573,Hungary,Northern Great Plain,Nyíregyháza,Rákóczi utca,8, 44023,410
2574,Germany,Bavaria,Nuremberg,Breite Gasse,4, 90023,234
2575,Ukraine,Lviv region,Lviv,Levandivska St,47, 790117,51
2576,Poland,Małopolskie,Kraków,Grodzka St,29, 30016,150
2577,Poland,Mazowieckie,Warsaw,Krucza St,9, 01094,122
2578,Germany,North Rhine-Westphalia,Düsseldorf,Immermannstraße,35, 40066,272
2579,Poland,Dolnośląskie,Legnica,Piłsudskiego St,11, 59034,198
2580,Romania,Bucharest-Ilfov,Bucharest,Strada Academiei,48, 01077,311
2581,Ukraine,Lviv region,Drohobych,Boryslavska St,30, 82086,61
2582,Germany,North Rhine-Westphalia,Cologne,Schildergasse,33, 50016,256
2583,Romania,Timiș,Lugoj,Strada Eftimie Murgu,11, 31084,369
2584,Poland,Mazowieckie,Warsaw,Nowy Świat,47, 01027,115
2585,Poland,Małopolskie,Nowy Sącz,Grottgera St,12, 34054,177
2586,Poland,Dolnośląskie,Jelenia Góra,Piłsudskiego St,43, 58017,207
2587,Ukraine,Kyiv region,Kyiv,Peremohy Ave,12, 01034,7
2588,Hungary,Northern Great Plain,Debrecen,Piac utca,40, 40007,397
2589,Poland,Mazowieckie,Płock,Żyzna St,43,09097,146
2590,Poland,Dolnośląskie,Legnica,Nowa St,16, 59085,203
2591,Germany,Bavaria,Munich,Brienner Straße,41, 80067,225
2592,Ukraine,Lviv region,Drohobych,Truskavetska St,28, 82046,57
2593,Ukraine,Odesa region,Odesa,Prymorska St,3, 65062,82
2594,Germany,Bavaria,Nuremberg,Karolinenstraße,48, 90017,233
2595,Ukraine,Kyiv region,Kyiv,Shota Rustaveli St,1, 01082,12
2596,Poland,Małopolskie,Tarnów,Nowy Świat,39, 33047,165
2597,Poland,Małopolskie,Kraków,Dietla St,39, 30067,155
2598,Ukraine,Kyiv region,Kyiv,Obolonskyi Ave,30, 01046,8
2599,Poland,Mazowieckie,Warsaw,Puławska St,44, 01047,117
2600,Ukraine,Kyiv region,Irpin,Nezalezhnosti St,25, 08036,31
2601,Hungary,Transdanubia,Győr,Kazinczy utca,2, 90042,435
2602,Germany,Bavaria,Augsburg,Konrad-Adenauer-Allee,41, 86097,252
2603,Poland,Dolnośląskie,Legnica,Piłsudskiego St,15, 59034,198
2604,Germany,Bavaria,Nuremberg,Jakobsplatz,27, 90066,238
2605,Ukraine,Lviv region,Drohobych,Truskavetska St,17, 82045,57
2606,Ukraine,Kyiv region,Irpin,Miroshnychenka St,36, 08047,32
2607,Germany,Bavaria,Augsburg,Frauentorstraße,7, 86073,250
2608,Ukraine,Odesa region,Odesa,Deribasivska St,22, 65005,76
2609,Hungary,Central Hungary,Szentendre,Duna korzó,47, 20027,387
2610,Poland,Dolnośląskie,Wrocław,Kazimierza Wielkiego St,4, 50013,185
2611,Hungary,Transdanubia,Győr,Árpád út,37, 90017,432
2612,Poland,Mazowieckie,Warsaw,Chmielna St,22, 01075,120
2613,Ukraine,Odesa region,Odesa,Deribasivska St,21, 65005,76
2614,Poland,Mazowieckie,Warsaw,Krucza St,21, 01095,122
2615,Poland,Mazowieckie,Warsaw,Aleje Jerozolimskie,27, 01006,113
2616,Poland,Mazowieckie,Płock,Mazowiecka St,3,09082,145
2617,Germany,Berlin,Berlin,Schönhauser Allee,49, 100108,299
2618,Germany,Bavaria,Munich,Brienner Straße,36, 80067,225
2619,Ukraine,Lviv region,Lviv,Levandivska St,49, 790118,51
2620,Poland,Dolnośląskie,Jelenia Góra,Ogińskiego St,13, 58054,211
2621,Romania,Cluj,Cluj-Napoca,Strada Dorobanților,13, 40094,336
2622,Germany,Bavaria,Augsburg,Jakobstraße,39, 86087,251
2623,Ukraine,Odesa region,Chornomorsk,Kyivska St,20, 69085,108
2624,Ukraine,Lviv region,Lviv,Bandery St,38, 79037,43
2625,Poland,Dolnośląskie,Legnica,Chojnowska St,16, 59055,200
2626,Germany,North Rhine-Westphalia,Cologne,Eigelstein,3, 50092,264
2627,Hungary,Northern Great Plain,Nyíregyháza,Széchenyi utca,12, 44044,412
2628,Poland,Dolnośląskie,Legnica,Chojnowska St,9, 59054,200
2629,Ukraine,Odesa region,Odesa,Fontanska Rd,10, 65074,83
2630,Germany,North Rhine-Westphalia,Düsseldorf,Bolkerstraße,8, 40033,269
2631,Romania,Timiș,Timișoara,Bulevardul Dacia,17, 30065,356
2632,Romania,Bucharest-Ilfov,Otopeni,Strada Griviței,26, 07066,321
2633,Poland,Małopolskie,Tarnów,Mościckiego Ave,16, 33075,168
2634,Poland,Mazowieckie,Warsaw,Hoża St,21, 010115,124
2635,Ukraine,Kyiv region,Bila Tserkva,Yaroslav Mudryi St,8, 09003,17
2636,Hungary,Northern Great Plain,Nyíregyháza,Tavasz utca,12, 44094,417
2637,Hungary,Northern Great Plain,Debrecen,Csapó utca,16, 40045,401
2638,Poland,Małopolskie,Kraków,Szewska St,47, 30037,152
2639,Ukraine,Odesa region,Chornomorsk,Industrialna St,45, 69067,106
2640,Romania,Bucharest-Ilfov,Otopeni,Calea Bucureștilor,20, 07005,315
2641,Poland,Mazowieckie,Płock,Żyzna St,17,09095,146
2642,Hungary,Northern Great Plain,Nyíregyháza,Hősök tere,26, 44036,411
2643,Poland,Mazowieckie,Radom,25 Czerwca St,40, 26017,127
2644,Romania,Timiș,Timișoara,Bulevardul Liviu Rebreanu,42, 30097,359
2645,Poland,Dolnośląskie,Wrocław,Nowowiejska St,10, 50094,193
2646,Ukraine,Odesa region,Izmail,Sportyvna St,13, 68064,95
2647,Hungary,Northern Great Plain,Nyíregyháza,Tavasz utca,19, 44095,417
2648,Germany,Bavaria,Augsburg,Jakoberstraße,2, 86042,247
2649,Germany,Berlin,Berlin,Greifswalder Straße,19, 10095,298
2650,Germany,Bavaria,Augsburg,Bürgermeister-Fischer-Straße,16, 86055,248
2651,Ukraine,Odesa region,Izmail,Nezalezhnosti Ave,12, 68024,91
2652,Romania,Cluj,Cluj-Napoca,Strada Dorobanților,22, 40095,336
2653,Ukraine,Kyiv region,Irpin,Miroshnychenka St,17, 08045,32
2654,Germany,Bavaria,Munich,Brienner Straße,1, 80062,225
2655,Ukraine,Kyiv region,Irpin,Sadova St,40, 08077,35
2656,Romania,Cluj,Cluj-Napoca,Calea Turzii,20, 40035,330
2657,Romania,Bucharest-Ilfov,Bucharest,Bulevardul Timișoara,37, 01097,313
2658,Germany,Bavaria,Munich,Theresienstraße,43, 80057,224
2659,Hungary,Northern Great Plain,Debrecen,Darabos utca,49, 40058,402
2660,Germany,Bavaria,Munich,Sonnenstraße,10, 80094,228
2661,Ukraine,Kyiv region,Irpin,Kyivska St,47, 08087,36
2662,Germany,Bavaria,Munich,Sendlinger Straße,35, 80046,223
2663,Germany,Bavaria,Nuremberg,Karolinenstraße,1, 90012,233
2664,Ukraine,Lviv region,Drohobych,Grushevskoho St,47, 82097,62
2665,Germany,Bavaria,Nuremberg,Karolinenstraße,16, 90015,233
2666,Germany,Berlin,Berlin,Kurfürstendamm,5, 10023,291
2667,Hungary,Central Hungary,Szentendre,Duna korzó,36, 20027,387
2668,Hungary,Central Hungary,Budapest,Kossuth Lajos utca,21, 10025,376
2669,Germany,Berlin,Berlin,Torstraße,45, 10087,297
2670,Hungary,Central Hungary,Szentendre,Ady Endre utca,17, 20095,394
2671,Germany,Berlin,Berlin,Potsdamer Straße,7, 10043,293
2672,Poland,Mazowieckie,Warsaw,Żurawia St,40, 01087,121
2673,Ukraine,Lviv region,Drohobych,Stepana Bandery St,28, 82016,54
2674,Ukraine,Kyiv region,Bila Tserkva,Tekhnichna St,41, 09047,21
2675,Poland,Małopolskie,Kraków,Floriańska St,35, 30006,149
2676,Romania,Cluj,Turda,Strada Republicii,39, 41007,338
2677,Ukraine,Kyiv region,Kyiv,Saksahanskoho St,14, 01024,6
2678,Hungary,Northern Great Plain,Nyíregyháza,Kertvárosi utca,41, 44087,416
2679,Poland,Dolnośląskie,Legnica,Pocztowa St,37, 59077,202
2680,Ukraine,Kyiv region,Kyiv,Velyka Vasylkivska St,21, 01015,5
2681,Hungary,Central Hungary,Szentendre,Rákóczi Ferenc utca,46, 20067,391
2682,Germany,North Rhine-Westphalia,Düsseldorf,Neustraße,2, 40082,274
2683,Germany,North Rhine-Westphalia,Düsseldorf,Friedrichstraße,22, 40055,271
2684,Ukraine,Kyiv region,Kyiv,Ivana Franka St,45, 010107,14
2685,Romania,Timiș,Timișoara,Strada Iancu de Hunedoara,30, 30086,358
2686,Germany,Bavaria,Munich,Sonnenstraße,30, 80096,228
2687,Romania,Bucharest-Ilfov,Otopeni,Strada Tudor Vladimirescu,36, 07097,324
2688,Hungary,Transdanubia,Győr,Kálvária út,11, 90034,434
2689,Ukraine,Kyiv region,Irpin,Nezalezhnosti St,37, 08037,31
2690,Poland,Dolnośląskie,Wrocław,Kazimierza Wielkiego St,38, 50017,185
2691,Poland,Mazowieckie,Płock,Graniczna St,11,09044,141
2692,Germany,Bavaria,Munich,Theresienstraße,27, 80056,224
2693,Germany,North Rhine-Westphalia,Düsseldorf,Königsallee,34, 40006,266
2694,Ukraine,Lviv region,Lviv,Lychakivska St,36, 79067,46
2695,Romania,Bucharest-Ilfov,Bucharest,Strada Lipscani,34, 01056,309
2696,Poland,Mazowieckie,Warsaw,Tamka St,13, 01054,118
2697,Poland,Mazowieckie,Płock,Armii Krajowej St,21,09025,139
2698,Romania,Bucharest-Ilfov,Otopeni,Calea Bucureștilor,37, 07007,315
2699,Ukraine,Odesa region,Chornomorsk,Stepova St,45, 69057,105
2700,Romania,Timiș,Timișoara,Bulevardul Dacia,29, 30066,356
2701,Ukraine,Kyiv region,Irpin,Universytetska St,14, 08014,29
2702,Germany,North Rhine-Westphalia,Cologne,Aachener Straße,15, 50034,258
2703,Germany,Berlin,Berlin,Karl-Marx-Allee,8, 10033,292
2704,Germany,North Rhine-Westphalia,Bonn,Breite Straße,6, 53093,286
2705,Poland,Małopolskie,Nowy Sącz,Lwowska St,41, 34027,174
2706,Hungary,Northern Great Plain,Debrecen,Béke utca,45, 40077,404
2707,Romania,Bucharest-Ilfov,Otopeni,Strada Mihai Viteazul,34, 07076,322
2708,Germany,Bavaria,Munich,Ludwigstraße,15, 80014,220
2709,Romania,Bucharest-Ilfov,Otopeni,Strada Mihai Viteazul,15, 07074,322
2710,Germany,North Rhine-Westphalia,Bonn,Kölnstraße,21, 53075,284
2711,Hungary,Transdanubia,Pécs,Megyeri út,8, 76073,427
2712,Hungary,Central Hungary,Szentendre,Fő tér,38, 20007,385
2713,Ukraine,Odesa region,Chornomorsk,Odeska St,14, 69074,107
2714,Hungary,Central Hungary,Budapest,Kossuth Lajos utca,9, 10024,376
2715,Romania,Bucharest-Ilfov,Otopeni,Strada Viitorului,22, 07025,317
2716,Germany,Bavaria,Augsburg,Jakoberstraße,19, 86045,247
2717,Romania,Bucharest-Ilfov,Otopeni,Calea Bucureștilor,44, 07007,315
2718,Poland,Małopolskie,Tarnów,Słowackiego St,1, 33032,164
2719,Germany,Bavaria,Munich,Theresienstraße,42, 80057,224
2720,Poland,Mazowieckie,Warsaw,Żurawia St,33, 01086,121
2721,Ukraine,Odesa region,Odesa,Italiiska St,2, 650102,86
2722,Germany,North Rhine-Westphalia,Düsseldorf,Schadowstraße,1, 40012,267
2723,Germany,Bavaria,Munich,Kaufingerstraße,3, 80032,222
2724,Hungary,Northern Great Plain,Debrecen,Piac utca,5, 40003,397
2725,Hungary,Transdanubia,Győr,Virág utca,32, 90066,437
2726,Poland,Mazowieckie,Warsaw,Żurawia St,20, 01085,121
2727,Ukraine,Lviv region,Lviv,Stryiska St,34, 790106,50
2728,Germany,North Rhine-Westphalia,Bonn,Friedensplatz,14, 53014,278
2729,Hungary,Northern Great Plain,Debrecen,Béke utca,10, 40074,404
2730,Germany,Bavaria,Augsburg,Karlstraße,31, 86066,249
2731,Ukraine,Lviv region,Drohobych,Grushevskoho St,23, 82095,62
2732,Hungary,Transdanubia,Pécs,Rákóczi út,15, 76024,422
2733,Hungary,Northern Great Plain,Nyíregyháza,Bethlen Gábor utca,17, 44065,414
2734,Ukraine,Odesa region,Chornomorsk,Stepova St,17, 69055,105
2735,Poland,Małopolskie,Tarnów,Klikowska St,30, 33066,167
2736,Ukraine,Lviv region,Lviv,Bandery St,8, 79033,43
2737,Romania,Bucharest-Ilfov,Otopeni,Strada Mihai Eminescu,21, 07055,320
2738,Romania,Cluj,Cluj-Napoca,Strada Avram Iancu,15, 40064,333
2739,Germany,Bavaria,Augsburg,Bürgermeister-Fischer-Straße,8, 86053,248
2740,Hungary,Transdanubia,Győr,Teleki László utca,18, 90085,439
2741,Poland,Małopolskie,Kraków,Basztowa St,2, 30082,157
2742,Hungary,Northern Great Plain,Debrecen,Piac utca,34, 40006,397
2743,Poland,Małopolskie,Nowy Sącz,Piłsudskiego St,17, 34065,178
2744,Ukraine,Kyiv region,Kyiv,Kharkivske Hwy,25, 01066,10
2745,Ukraine,Kyiv region,Bila Tserkva,Levantovych St,14, 09024,19
2746,Germany,Berlin,Berlin,Friedrichstraße,31, 10016,290
2747,Poland,Małopolskie,Tarnów,Słowackiego St,9, 33034,164
2748,Ukraine,Odesa region,Odesa,Deribasivska St,42, 65007,76
2749,Romania,Bucharest-Ilfov,Otopeni,Strada Griviței,33, 07066,321
2750,Hungary,Transdanubia,Győr,Puskás Tivadar utca,49, 90098,440
2751,Ukraine,Lviv region,Lviv,Pekarska St,24, 79075,47
2752,Poland,Małopolskie,Tarnów,Szujskiego St,18, 33055,166
2753,Germany,Bavaria,Augsburg,Hermanstraße,37, 86027,245
2754,Ukraine,Kyiv region,Irpin,Kyivska St,7, 08083,36
2755,Hungary,Transdanubia,Győr,Virág utca,15, 90064,437
2756,Romania,Timiș,Lugoj,Strada Ștrandului,2, 31052,366
2757,Romania,Timiș,Timișoara,Strada Alba Iulia,13, 30024,352
2758,Germany,Bavaria,Munich,Rosenheimer Straße,21, 800115,230
2759,Germany,Bavaria,Augsburg,Bürgermeister-Fischer-Straße,18, 86055,248
2760,Hungary,Northern Great Plain,Debrecen,Wesselényi utca,13, 40084,405
2761,Romania,Cluj,Turda,Strada Zambilelor,23, 41095,347
2762,Ukraine,Kyiv region,Kyiv,Ivana Franka St,34, 010106,14
2763,Germany,Berlin,Berlin,Kurfürstendamm,49, 10028,291
2764,Ukraine,Kyiv region,Kyiv,Peremohy Ave,17, 01035,7
2765,Hungary,Central Hungary,Budapest,Andrássy út,32, 10006,374
2766,Romania,Timiș,Timișoara,Bulevardul Dacia,1, 30062,356
2767,Romania,Cluj,Turda,Strada Constructorilor,47, 41057,343
2768,Ukraine,Odesa region,Odesa,Italiiska St,44, 650107,86
2769,Poland,Małopolskie,Kraków,Lubicz St,4, 30093,158
2770,Poland,Dolnośląskie,Wrocław,Robotnicza St,43, 50067,190
2771,Germany,Bavaria,Nuremberg,Vestnertorgraben,44, 90077,239
2772,Poland,Małopolskie,Tarnów,Mościckiego Ave,43, 33077,168
2773,Ukraine,Lviv region,Drohobych,Shevchenka St,49, 82008,53
2774,Ukraine,Lviv region,Lviv,Levandivska St,8, 790113,51
2775,Poland,Dolnośląskie,Wrocław,Wita Stwosza St,42, 50087,192
2776,Poland,Dolnośląskie,Legnica,Najświętszej Marii Panny St,11, 59004,195
2777,Ukraine,Lviv region,Drohobych,Lesi Ukrainky St,31, 82066,59
2778,Poland,Małopolskie,Nowy Sącz,Broniewskiego St,12, 34084,180
2779,Poland,Dolnośląskie,Jelenia Góra,Sobieskiego St,2, 58062,212
2780,Ukraine,Kyiv region,Irpin,Universytetska St,48, 08017,29
2781,Poland,Małopolskie,Nowy Sącz,Barska St,8, 34043,176
2782,Ukraine,Kyiv region,Kyiv,Peremohy Ave,36, 01037,7
2783,Poland,Małopolskie,Tarnów,Lwowska St,26, 33026,163
2784,Romania,Cluj,Turda,Strada Gării,36, 41077,345
2785,Hungary,Central Hungary,Budapest,Váci utca,11, 10014,375
2786,Poland,Małopolskie,Nowy Sącz,Długosza St,40, 34017,173
2787,Poland,Małopolskie,Kraków,Floriańska St,23, 30005,149
2788,Ukraine,Kyiv region,Irpin,Centralna St,36, 08007,28
2789,Ukraine,Kyiv region,Kyiv,Ivana Franka St,22, 010105,14
2790,Germany,Bavaria,Munich,Fürstenrieder Straße,33, 800106,229
2791,Hungary,Central Hungary,Szentendre,Árpád utca,40, 20057,390
2792,Germany,North Rhine-Westphalia,Cologne,Severinstraße,49, 50058,260
2793,Hungary,Northern Great Plain,Debrecen,Wesselényi utca,2, 40082,405
2794,Ukraine,Lviv region,Lviv,Shevchenka St,9, 79014,41
2795,Poland,Małopolskie,Tarnów,Nowy Świat,48, 33047,165
2796,Ukraine,Odesa region,Odesa,Panteleimonivska St,35, 65036,79
2797,Ukraine,Kyiv region,Kyiv,Shota Rustaveli St,37, 01087,12
2798,Romania,Timiș,Timișoara,Bulevardul Republicii,18, 30035,353
2799,Germany,Bavaria,Munich,Theresienstraße,30, 80056,224
2800,Ukraine,Kyiv region,Kyiv,Velyka Vasylkivska St,28, 01016,5
2801,Ukraine,Kyiv region,Irpin,Centralna St,6, 08003,28
2802,Poland,Mazowieckie,Płock,Mazowiecka St,49,09088,145
2803,Ukraine,Kyiv region,Kyiv,Shota Rustaveli St,39, 01087,12
2804,Ukraine,Lviv region,Lviv,Stryiska St,5, 790103,50
2805,Poland,Mazowieckie,Płock,Bielska St,13,09034,140
2806,Poland,Mazowieckie,Radom,Żeromskiego St,30, 26006,126
2807,Hungary,Central Hungary,Budapest,Bartók Béla út,32, 10046,378
2808,Germany,Bavaria,Munich,Kaufingerstraße,49, 80038,222
2809,Poland,Małopolskie,Nowy Sącz,Jagiellońska St,47, 34007,172
2810,Poland,Małopolskie,Kraków,Karmelicka St,46, 30027,151
2811,Germany,Bavaria,Augsburg,Ulmer Straße,35, 86036,246
2812,Poland,Dolnośląskie,Wrocław,Grabiszyńska St,6, 50073,191
2813,Romania,Timiș,Timișoara,Strada Iancu de Hunedoara,42, 30087,358
2814,Poland,Mazowieckie,Warsaw,Hoża St,24, 010115,124
2815,Romania,Cluj,Cluj-Napoca,Strada Avram Iancu,38, 40067,333
2816,Ukraine,Kyiv region,Irpin,Universytetska St,16, 08015,29
2817,Ukraine,Lviv region,Lviv,Levandivska St,41, 790117,51
2818,Ukraine,Lviv region,Stryi,Shevchenka St,22, 83005,64
2819,Hungary,Transdanubia,Pécs,Citrom utca,6, 76043,424
2820,Ukraine,Kyiv region,Bila Tserkva,Pushkinska St,34, 09096,26
2821,Poland,Mazowieckie,Płock,Łukasiewicza St,30,09066,143
2822,Hungary,Northern Great Plain,Debrecen,Nagyerdei körút,45, 40027,399
2823,Ukraine,Lviv region,Lviv,Levandivska St,4, 790113,51
2824,Ukraine,Lviv region,Stryi,Maksyma Kryvonosa St,26, 83076,71
2825,Romania,Timiș,Timișoara,Strada Arieș,26, 30076,357
2826,Poland,Dolnośląskie,Wrocław,Robotnicza St,46, 50067,190
2827,Romania,Bucharest-Ilfov,Bucharest,Strada Lipscani,12, 01054,309
2828,Poland,Dolnośląskie,Wrocław,Kazimierza Wielkiego St,16, 50015,185
2829,Germany,North Rhine-Westphalia,Bonn,Friedensplatz,16, 53015,278
2830,Poland,Dolnośląskie,Wrocław,Robotnicza St,39, 50067,190
2831,Poland,Dolnośląskie,Jelenia Góra,Sudecka St,16, 58035,209
2832,Romania,Bucharest-Ilfov,Bucharest,Calea Victoriei,35, 01006,304
2833,Ukraine,Odesa region,Chornomorsk,Nezalezhnosti St,6, 69033,103
2834,Hungary,Transdanubia,Pécs,Király utca,40, 76007,420
2835,Poland,Dolnośląskie,Legnica,Wrocławska St,29, 59016,196
2836,Germany,Bavaria,Nuremberg,Allersberger Straße,6, 90093,241
2837,Germany,North Rhine-Westphalia,Cologne,Severinstraße,26, 50056,260
2838,Romania,Timiș,Timișoara,Bulevardul Revoluției,10, 30014,351
2839,Hungary,Northern Great Plain,Nyíregyháza,Kertvárosi utca,11, 44084,416
2840,Romania,Cluj,Turda,Strada Libertății,45, 41017,339
2841,Poland,Dolnośląskie,Legnica,Złotoryjska St,24, 59025,197
2842,Poland,Małopolskie,Kraków,Starowiślna St,48, 30057,154
2843,Poland,Małopolskie,Nowy Sącz,Broniewskiego St,36, 34087,180
2844,Poland,Mazowieckie,Radom,Żółkiewskiego St,43, 26077,133
2845,Hungary,Central Hungary,Szentendre,Fő tér,46, 20007,385
2846,Ukraine,Odesa region,Odesa,Ryshelievska St,23, 65055,81
2847,Hungary,Transdanubia,Pécs,Munkácsy utca,35, 76056,425
2848,Ukraine,Odesa region,Odesa,Uspenska St,43, 65047,80
2849,Poland,Mazowieckie,Radom,Konstytucji 3 Maja St,9, 26084,134
2850,Poland,Małopolskie,Kraków,Basztowa St,29, 30086,157
2851,Germany,North Rhine-Westphalia,Cologne,Zülpicher Straße,24, 50065,261
2852,Poland,Małopolskie,Kraków,Basztowa St,28, 30086,157
2853,Hungary,Northern Great Plain,Nyíregyháza,Bethlen Gábor utca,12, 44064,414
2854,Hungary,Transdanubia,Pécs,Citrom utca,46, 76047,424
2855,Ukraine,Lviv region,Stryi,Shevchenka St,2, 83002,64
2856,Ukraine,Lviv region,Stryi,Horodotska St,39, 83057,69
2857,Germany,Berlin,Berlin,Prenzlauer Allee,43, 100117,300
2858,Germany,North Rhine-Westphalia,Düsseldorf,Königsallee,31, 40006,266
2859,Ukraine,Lviv region,Lviv,Franko St,35, 79026,42
2860,Romania,Bucharest-Ilfov,Otopeni,Strada Crinului,14, 07044,319
2861,Ukraine,Kyiv region,Irpin,Universytetska St,26, 08016,29
2862,Poland,Mazowieckie,Radom,25 Czerwca St,9, 26014,127
2863,Ukraine,Odesa region,Izmail,Horodotska St,18, 68085,97
2864,Germany,North Rhine-Westphalia,Cologne,Hohe Straße,34, 50006,255
2865,Romania,Bucharest-Ilfov,Otopeni,Strada Mihai Eminescu,6, 07053,320
2866,Germany,Berlin,Berlin,Kurfürstendamm,21, 10025,291
2867,Poland,Mazowieckie,Warsaw,Nowy Świat,9, 01024,115
2868,Ukraine,Odesa region,Izmail,Sportyvna St,35, 68066,95
2869,Ukraine,Lviv region,Lviv,Horodotska St,13, 79054,45
2870,Germany,North Rhine-Westphalia,Bonn,Colmantstraße,40, 53067,283
2871,Romania,Cluj,Turda,Strada Libertății,43, 41017,339
2872,Germany,North Rhine-Westphalia,Düsseldorf,Breite Straße,35, 40046,270
2873,Poland,Małopolskie,Nowy Sącz,Piłsudskiego St,21, 34065,178
2874,Romania,Bucharest-Ilfov,Otopeni,Strada 23 August,27, 07016,316
2875,Germany,Bavaria,Nuremberg,Vestnertorgraben,48, 90077,239
2876,Poland,Dolnośląskie,Jelenia Góra,Ogińskiego St,40, 58057,211
2877,Poland,Mazowieckie,Radom,Słowackiego St,25, 26046,130
2878,Germany,Bavaria,Augsburg,Bürgermeister-Fischer-Straße,46, 86057,248
2879,Ukraine,Odesa region,Chornomorsk,Sportyvna St,14, 69094,109
2880,Germany,Bavaria,Nuremberg,Bahnhofstraße,1, 90042,236
2881,Germany,Bavaria,Nuremberg,Bahnhofstraße,5, 90043,236
2882,Poland,Dolnośląskie,Legnica,Nowa St,29, 59086,203
2883,Romania,Cluj,Cluj-Napoca,Strada Moților,27, 40046,331
2884,Ukraine,Lviv region,Lviv,Pekarska St,4, 79073,47
2885,Ukraine,Kyiv region,Bila Tserkva,Pushkinska St,7, 09093,26
2886,Poland,Małopolskie,Kraków,Świętego Tomasza St,3, 300102,159
2887,Hungary,Northern Great Plain,Nyíregyháza,Hősök tere,14, 44034,411
2888,Romania,Timiș,Timișoara,Strada Gheorghe Lazăr,10, 30044,354
2889,Hungary,Central Hungary,Budapest,Andrássy út,36, 10007,374
2890,Germany,North Rhine-Westphalia,Cologne,Breite Straße,16, 50025,257
2891,Poland,Dolnośląskie,Jelenia Góra,Bankowa St,1, 58022,208
2892,Ukraine,Odesa region,Odesa,Italiiska St,16, 650105,86
2893,Poland,Małopolskie,Kraków,Świętego Tomasza St,6, 300103,159
2894,Ukraine,Odesa region,Odesa,Leontovycha St,49, 65098,85
2895,Poland,Mazowieckie,Warsaw,Chmielna St,48, 01077,120
2896,Romania,Cluj,Turda,Strada Mihai Viteazul,1, 41042,342
2897,Poland,Małopolskie,Nowy Sącz,Królowa Jadwigi St,47, 34077,179
2898,Ukraine,Kyiv region,Kyiv,Saksahanskoho St,6, 01023,6
2899,Poland,Mazowieckie,Płock,Żyzna St,8,09093,146
2900,Hungary,Northern Great Plain,Nyíregyháza,Korányi Frigyes utca,33, 44056,413
2901,Romania,Timiș,Timișoara,Bulevardul Revoluției,49, 30018,351
2902,Ukraine,Kyiv region,Bila Tserkva,Volodymyrska St,21, 09075,24
2903,Germany,Bavaria,Munich,Leopoldstraße,5, 80003,219
2904,Germany,Bavaria,Munich,Sonnenstraße,46, 80097,228
2905,Hungary,Central Hungary,Budapest,Andrássy út,4, 10003,374
2906,Germany,Bavaria,Munich,Sendlinger Straße,1, 80042,223
2907,Romania,Timiș,Timișoara,Piața Victoriei,30, 30006,350
2908,Ukraine,Odesa region,Odesa,Pushkinska St,14, 65084,84
2909,Ukraine,Kyiv region,Kyiv,Khreshchatyk St,23, 01005,4
2910,Hungary,Northern Great Plain,Nyíregyháza,Széchenyi utca,33, 44046,412
2911,Ukraine,Odesa region,Chornomorsk,Kyivska St,34, 69086,108
2912,Romania,Bucharest-Ilfov,Otopeni,Strada Mihai Eminescu,39, 07057,320
2913,Hungary,Transdanubia,Győr,Árpád út,9, 90014,432
2914,Germany,Bavaria,Munich,Schwanthalerstraße,2, 80072,226
2915,Ukraine,Kyiv region,Irpin,Poltavska St,37, 08057,33
2916,Romania,Bucharest-Ilfov,Otopeni,Calea Bucureștilor,17, 07005,315
2917,Poland,Dolnośląskie,Wrocław,Robotnicza St,23, 50065,190
2918,Germany,Bavaria,Munich,Leopoldstraße,38, 80007,219
2919,Germany,North Rhine-Westphalia,Bonn,Friedensplatz,1, 53012,278
2920,Germany,Berlin,Berlin,Torstraße,49, 10088,297
2921,Hungary,Central Hungary,Szentendre,Duna korzó,42, 20027,387
2922,Poland,Małopolskie,Kraków,Dietla St,5, 30063,155
2923,Poland,Małopolskie,Kraków,Dietla St,32, 30066,155
2924,Germany,Berlin,Berlin,Potsdamer Straße,2, 10042,293
2925,Hungary,Central Hungary,Szentendre,Dumtsa Jenő utca,35, 20016,386
2926,Romania,Timiș,Lugoj,Strada Cloșca,32, 31076,368
2927,Poland,Mazowieckie,Radom,25 Czerwca St,47, 26017,127
2928,Romania,Bucharest-Ilfov,Otopeni,Calea Bucureștilor,16, 07005,315
2929,Ukraine,Odesa region,Chornomorsk,Sadova St,2, 69042,104
2930,Romania,Bucharest-Ilfov,Bucharest,Bulevardul Timișoara,30, 01096,313
2931,Hungary,Transdanubia,Pécs,Petőfi utca,13, 76084,428
2932,Ukraine,Kyiv region,Irpin,Sadova St,41, 08077,35
2933,Ukraine,Kyiv region,Kyiv,Dmytrivska St,49, 01078,11
2934,Romania,Timiș,Lugoj,Strada Caransebeșului,30, 31006,361
2935,Romania,Cluj,Turda,Strada Gării,25, 41076,345
2936,Germany,Berlin,Berlin,Karl-Marx-Allee,44, 10037,292
2937,Ukraine,Kyiv region,Irpin,Kyivska St,12, 08084,36
2938,Poland,Dolnośląskie,Wrocław,Oławska St,43, 50027,186
2939,Ukraine,Odesa region,Izmail,Pushkina St,25, 68046,93
2940,Ukraine,Odesa region,Odesa,Fontanska Rd,34, 65076,83
2941,Romania,Cluj,Cluj-Napoca,Strada Memorandumului,46, 40027,329
2942,Poland,Mazowieckie,Płock,Tumska St,45,09007,137
2943,Germany,Bavaria,Nuremberg,Färberstraße,3, 90032,235
2944,Romania,Timiș,Lugoj,Strada Timișoarei,41, 31017,362
2945,Germany,North Rhine-Westphalia,Düsseldorf,Flinger Straße,26, 40026,268
2946,Romania,Cluj,Turda,Strada Avram Iancu,7, 41033,341
2947,Ukraine,Odesa region,Izmail,Bohdana Khmelnytskoho St,9, 68094,98
2948,Poland,Mazowieckie,Warsaw,Krucza St,39, 01097,122
2949,Romania,Bucharest-Ilfov,Bucharest,Calea Moșilor,20, 01025,306
2950,Germany,Bavaria,Munich,Leopoldstraße,41, 80007,219
2951,Ukraine,Lviv region,Stryi,Stepana Bandery St,38, 83047,68
2952,Ukraine,Odesa region,Odesa,Pushkinska St,3, 65082,84
2953,Hungary,Transdanubia,Győr,Révai Miklós utca,1, 90072,438
2954,Ukraine,Odesa region,Odesa,Deribasivska St,48, 65007,76
2955,Hungary,Northern Great Plain,Nyíregyháza,Bercsényi utca,35, 44076,415
2956,Germany,Berlin,Berlin,Karl-Marx-Allee,45, 10037,292
2957,Poland,Dolnośląskie,Wrocław,Krupnicza St,2, 50052,189
2958,Hungary,Northern Great Plain,Nyíregyháza,Tavasz utca,42, 44097,417
2959,Germany,Berlin,Berlin,Prenzlauer Allee,10, 100114,300
2960,Poland,Dolnośląskie,Legnica,Najświętszej Marii Panny St,2, 59002,195
2961,Romania,Cluj,Cluj-Napoca,Strada Universității,37, 40077,334
2962,Ukraine,Lviv region,Drohobych,Lesi Ukrainky St,17, 82065,59
2963,Ukraine,Lviv region,Stryi,Olesia Honchara St,9, 83024,66
2964,Romania,Timiș,Lugoj,Strada Buziașului,36, 31047,365
2965,Romania,Cluj,Turda,Strada Tineretului,24, 41065,344
2966,Ukraine,Kyiv region,Bila Tserkva,Volodymyrska St,2, 09072,24
2967,Poland,Małopolskie,Nowy Sącz,Śniadeckich St,27, 34096,181
2968,Germany,North Rhine-Westphalia,Düsseldorf,Ratinger Straße,5, 40093,275
2969,Germany,North Rhine-Westphalia,Cologne,Aachener Straße,8, 50033,258
2970,Poland,Małopolskie,Tarnów,Słowackiego St,24, 33035,164
2971,Romania,Cluj,Turda,Strada Gării,12, 41074,345
2972,Romania,Timiș,Lugoj,Strada Timișoarei,18, 31015,362
2973,Ukraine,Odesa region,Odesa,Leontovycha St,22, 65095,85
2974,Ukraine,Lviv region,Lviv,Shevchenka St,19, 79015,41
2975,Germany,North Rhine-Westphalia,Düsseldorf,Ackerstraße,36, 40077,273
2976,Germany,Berlin,Berlin,Karl-Marx-Allee,47, 10037,292
2977,Romania,Timiș,Lugoj,Strada Ștrandului,17, 31055,366
2978,Ukraine,Lviv region,Stryi,Bohdana Khmelnytskoho St,15, 83094,73
2979,Germany,North Rhine-Westphalia,Cologne,Hohe Straße,13, 50004,255
2980,Poland,Małopolskie,Kraków,Szewska St,10, 30034,152
2981,Romania,Cluj,Turda,Strada Avram Iancu,8, 41033,341
2982,Ukraine,Odesa region,Chornomorsk,Stepova St,11, 69054,105
2983,Germany,North Rhine-Westphalia,Bonn,Wilhelmstraße,35, 53086,285
2984,Hungary,Central Hungary,Budapest,Bajcsy-Zsilinszky út,23, 10095,383
2985,Ukraine,Odesa region,Odesa,Prymorska St,37, 65067,82
2986,Ukraine,Odesa region,Odesa,Fontanska Rd,31, 65076,83
2987,Poland,Mazowieckie,Warsaw,Hoża St,26, 010116,124
2988,Ukraine,Kyiv region,Irpin,Sadova St,34, 08076,35
2989,Romania,Bucharest-Ilfov,Otopeni,Strada Mihai Eminescu,22, 07055,320
2990,Poland,Dolnośląskie,Jelenia Góra,Sudecka St,25, 58036,209
2991,Poland,Małopolskie,Tarnów,Szujskiego St,5, 33053,166
2992,Poland,Dolnośląskie,Wrocław,Świdnicka St,37, 50007,184
2993,Ukraine,Odesa region,Chornomorsk,Industrialna St,33, 69066,106
2994,Germany,Berlin,Berlin,Kurfürstendamm,32, 10026,291
2995,Hungary,Transdanubia,Pécs,Király utca,6, 76003,420
2996,Ukraine,Odesa region,Odesa,Prymorska St,42, 65067,82
2997,Ukraine,Odesa region,Odesa,Leontovycha St,40, 65097,85
2998,Ukraine,Odesa region,Izmail,Bohdana Khmelnytskoho St,30, 68096,98
2999,Germany,Berlin,Berlin,Oranienburger Straße,19, 10065,295
3000,Germany,Bavaria,Nuremberg,Plobenhofstraße,44, 90087,240
3001,Poland,Dolnośląskie,Wrocław,Ruska St,31, 50036,187
3002,Poland,Mazowieckie,Płock,Dobrzyńska St,9,09054,142
3003,Ukraine,Kyiv region,Kyiv,Kharkivske Hwy,17, 01065,10
3004,Germany,Bavaria,Nuremberg,Lorenzer Straße,48, 90057,237
3005,Germany,Berlin,Berlin,Greifswalder Straße,45, 10097,298
3006,Ukraine,Odesa region,Chornomorsk,Industrialna St,29, 69066,106
3007,Ukraine,Odesa region,Izmail,Sadova St,18, 68035,92
3008,Poland,Dolnośląskie,Wrocław,Ruska St,21, 50035,187
3009,Romania,Bucharest-Ilfov,Otopeni,Strada Viitorului,5, 07023,317
3010,Germany,Berlin,Berlin,Leipziger Straße,7, 10053,294
3011,Poland,Mazowieckie,Płock,Tumska St,30,09006,137
3012,Romania,Timiș,Timișoara,Bulevardul Dacia,7, 30063,356
3013,Romania,Cluj,Cluj-Napoca,Strada Avram Iancu,30, 40066,333
3014,Germany,Berlin,Berlin,Torstraße,7, 10083,297
3015,Hungary,Transdanubia,Győr,Révai Miklós utca,33, 90076,438
3016,Hungary,Transdanubia,Győr,Árpád út,12, 90014,432
3017,Romania,Bucharest-Ilfov,Otopeni,Strada Griviței,22, 07065,321
3018,Hungary,Northern Great Plain,Debrecen,Piac utca,26, 40006,397
3019,Romania,Cluj,Turda,Strada Republicii,4, 41003,338
3020,Romania,Timiș,Lugoj,Strada Bocșei,23, 31025,363
3021,Hungary,Central Hungary,Budapest,Október huszonharmadika utca,26, 10056,379
3022,Hungary,Central Hungary,Budapest,Váci utca,41, 10017,375
3023,Poland,Małopolskie,Kraków,Lubicz St,34, 30096,158
3024,Ukraine,Kyiv region,Bila Tserkva,Heroiv Krut St,43, 09057,22
3025,Ukraine,Kyiv region,Bila Tserkva,Oleksandriiska St,27, 09036,20
3026,Romania,Bucharest-Ilfov,Bucharest,Strada Lipscani,29, 01056,309
3027,Ukraine,Odesa region,Chornomorsk,Myru Ave,47, 69017,101
3028,Hungary,Central Hungary,Szentendre,Kossuth Lajos utca,36, 20047,389
3029,Ukraine,Odesa region,Chornomorsk,Nezalezhnosti St,10, 69034,103
3030,Poland,Mazowieckie,Płock,Żyzna St,27,09096,146
3031,Poland,Dolnośląskie,Jelenia Góra,Sobieskiego St,5, 58063,212
3032,Ukraine,Lviv region,Drohobych,Heroiv Maidanu St,32, 82056,58
3033,Hungary,Transdanubia,Győr,Munkás utca,26, 90056,436
3034,Poland,Dolnośląskie,Jelenia Góra,Sobieskiego St,27, 58066,212
3035,Germany,Berlin,Berlin,Greifswalder Straße,1, 10092,298
3036,Germany,North Rhine-Westphalia,Cologne,Hohe Straße,31, 50006,255
3037,Poland,Mazowieckie,Warsaw,Świętokrzyska St,8, 01063,119
3038,Germany,Bavaria,Augsburg,Jakobstraße,22, 86085,251
3039,Ukraine,Kyiv region,Irpin,Miroshnychenka St,22, 08045,32
3040,Hungary,Northern Great Plain,Debrecen,Nagyerdei körút,36, 40027,399
3041,Romania,Timiș,Timișoara,Piața Victoriei,9, 30004,350
3042,Germany,Bavaria,Munich,Theresienstraße,8, 80053,224
3043,Poland,Małopolskie,Tarnów,Bitwy pod Studziankami St,35, 33096,170
3044,Hungary,Central Hungary,Budapest,Margit körút,41, 10067,380
3045,Germany,Berlin,Berlin,Friedrichstraße,47, 10017,290
3046,Ukraine,Lviv region,Stryi,Olesia Honchara St,18, 83025,66
3047,Hungary,Transdanubia,Győr,Szent István út,41, 90027,433
3048,Germany,Bavaria,Munich,Rosenheimer Straße,17, 800115,230
3049,Ukraine,Lviv region,Stryi,Bohdana Khmelnytskoho St,2, 83092,73
3050,Hungary,Central Hungary,Budapest,Váci utca,43, 10017,375
3051,Romania,Timiș,Lugoj,Strada Timișoarei,2, 31012,362
3052,Poland,Mazowieckie,Płock,Armii Krajowej St,2,09022,139
3053,Germany,Bavaria,Munich,Brienner Straße,18, 80065,225
3054,Poland,Mazowieckie,Warsaw,Nowy Świat,48, 01027,115
3055,Ukraine,Kyiv region,Kyiv,Peremohy Ave,25, 01036,7
3056,Poland,Dolnośląskie,Jelenia Góra,1 Maja St,21, 58005,206
3057,Romania,Timiș,Timișoara,Bulevardul Revoluției,3, 30012,351
3058,Hungary,Northern Great Plain,Nyíregyháza,Hősök tere,34, 44036,411
3059,Germany,North Rhine-Westphalia,Bonn,Sternstraße,37, 53007,277
3060,Poland,Mazowieckie,Płock,Żyzna St,46,09097,146
3061,Romania,Timiș,Lugoj,Strada Avram Iancu,44, 31067,367
3062,Germany,Bavaria,Augsburg,Bürgermeister-Fischer-Straße,6, 86053,248
3063,Germany,Berlin,Berlin,Karl-Marx-Allee,13, 10034,292
3064,Germany,Berlin,Berlin,Invalidenstraße,48, 10077,296
3065,Germany,North Rhine-Westphalia,Düsseldorf,Immermannstraße,34, 40066,272
3066,Romania,Cluj,Turda,Strada Tineretului,32, 41066,344
3067,Germany,North Rhine-Westphalia,Cologne,Zülpicher Straße,2, 50062,261
3068,Poland,Mazowieckie,Płock,Armii Krajowej St,26,09026,139
3069,Ukraine,Odesa region,Chornomorsk,Myru Ave,3, 69012,101
3070,Romania,Cluj,Cluj-Napoca,Piața Unirii,6, 40013,328
3071,Germany,North Rhine-Westphalia,Bonn,Wilhelmstraße,34, 53086,285
3072,Ukraine,Kyiv region,Bila Tserkva,Soborna Sq,44, 09017,18
3073,Romania,Cluj,Cluj-Napoca,Calea Turzii,6, 40033,330
3074,Romania,Bucharest-Ilfov,Otopeni,Strada Libertății,49, 07038,318
3075,Hungary,Northern Great Plain,Debrecen,Wesselényi utca,15, 40084,405
3076,Hungary,Transdanubia,Győr,Baross Gábor út,23, 90005,431
3077,Poland,Dolnośląskie,Jelenia Góra,Wolności St,6, 58043,210
3078,Hungary,Transdanubia,Győr,Puskás Tivadar utca,10, 90094,440
3079,Poland,Małopolskie,Tarnów,Nowy Świat,16, 33045,165
3080,Ukraine,Odesa region,Chornomorsk,Stepova St,13, 69054,105
3081,Germany,North Rhine-Westphalia,Cologne,Venloer Straße,9, 50044,259
3082,Poland,Małopolskie,Tarnów,Słowackiego St,39, 33037,164
3083,Hungary,Northern Great Plain,Debrecen,Wesselényi utca,47, 40087,405
3084,Ukraine,Lviv region,Drohobych,Grushevskoho St,40, 82097,62
3085,Romania,Bucharest-Ilfov,Bucharest,Strada Academiei,45, 01077,311
3086,Poland,Mazowieckie,Płock,Armii Krajowej St,49,09028,139
3087,Poland,Mazowieckie,Warsaw,Tamka St,31, 01056,118
3088,Ukraine,Lviv region,Lviv,Stryiska St,47, 790107,50
3089,Poland,Małopolskie,Nowy Sącz,Lwowska St,9, 34024,174
3090,Germany,Berlin,Berlin,Leipziger Straße,10, 10054,294
3091,Germany,North Rhine-Westphalia,Düsseldorf,Königsallee,27, 40006,266
3092,Romania,Cluj,Cluj-Napoca,Strada George Barițiu,30, 40086,335
3093,Ukraine,Odesa region,Chornomorsk,Heroiv Stalingrada St,46, 69027,102
3094,Ukraine,Odesa region,Odesa,Bunina St,18, 650115,87
3095,Germany,Bavaria,Munich,Kaufingerstraße,24, 80035,222
3096,Romania,Timiș,Lugoj,Strada Astalaș,35, 31036,364
3097,Romania,Cluj,Turda,Strada Trandafirilor,43, 41087,346
3098,Poland,Mazowieckie,Radom,Moniuszki St,41, 26097,135
3099,Germany,Bavaria,Nuremberg,Königstraße,34, 90006,232
3100,Hungary,Northern Great Plain,Nyíregyháza,Kertvárosi utca,42, 44087,416
3101,Hungary,Central Hungary,Budapest,Kossuth Lajos utca,29, 10026,376
3102,Poland,Małopolskie,Kraków,Grodzka St,21, 30015,150
3103,Romania,Cluj,Cluj-Napoca,Bulevardul Eroilor,31, 40006,327
3104,Hungary,Central Hungary,Szentendre,Dumtsa Jenő utca,39, 20017,386
3105,Ukraine,Odesa region,Izmail,Lermontova St,42, 68077,96
3106,Germany,Bavaria,Augsburg,Frauentorstraße,4, 86073,250
3107,Ukraine,Odesa region,Chornomorsk,Myru Ave,45, 69017,101
3108,Poland,Małopolskie,Kraków,Długa St,9, 30074,156
3109,Hungary,Transdanubia,Pécs,Rákóczi út,22, 76025,422
3110,Romania,Bucharest-Ilfov,Bucharest,Calea Moșilor,39, 01027,306
3111,Poland,Małopolskie,Nowy Sącz,Śniadeckich St,44, 34097,181
3112,Hungary,Northern Great Plain,Nyíregyháza,Kertvárosi utca,12, 44084,416
3113,Germany,Bavaria,Munich,Kaufingerstraße,8, 80033,222
3114,Hungary,Transdanubia,Győr,Puskás Tivadar utca,6, 90093,440
3115,Romania,Timiș,Lugoj,Strada Avram Iancu,36, 31067,367
3116,Ukraine,Lviv region,Lviv,Franko St,11, 79024,42
3117,Hungary,Central Hungary,Budapest,Andrássy út,12, 10004,374
3118,Hungary,Northern Great Plain,Nyíregyháza,Hősök tere,37, 44037,411
3119,Germany,North Rhine-Westphalia,Cologne,Neumarkt,40, 50087,263
3120,Germany,Bavaria,Munich,Dachauer Straße,36, 80087,227
3121,Hungary,Northern Great Plain,Nyíregyháza,Rákóczi utca,3, 44022,410
3122,Hungary,Central Hungary,Szentendre,Barcsay utca,35, 20086,393
3123,Romania,Cluj,Cluj-Napoca,Strada Avram Iancu,10, 40064,333
3124,Poland,Małopolskie,Kraków,Grodzka St,38, 30017,150
3125,Poland,Mazowieckie,Radom,Okulickiego St,26, 26056,131
3126,Romania,Bucharest-Ilfov,Bucharest,Strada Lipscani,6, 01053,309
3127,Ukraine,Odesa region,Odesa,Primorsky Blvd,9, 65014,77
3128,Romania,Timiș,Timișoara,Bulevardul Liviu Rebreanu,12, 30094,359
3129,Romania,Bucharest-Ilfov,Otopeni,Strada Griviței,48, 07067,321
3130,Poland,Mazowieckie,Płock,Łukasiewicza St,22,09065,143
3131,Hungary,Northern Great Plain,Nyíregyháza,Kossuth tér,24, 44005,408
3132,Ukraine,Lviv region,Stryi,Horodotska St,41, 83057,69
3133,Poland,Małopolskie,Tarnów,Klikowska St,39, 33067,167
3134,Poland,Dolnośląskie,Legnica,Dziennikarska St,14, 59094,204
3135,Romania,Bucharest-Ilfov,Otopeni,Strada Mihai Viteazul,9, 07074,322
3136,Poland,Mazowieckie,Warsaw,Krucza St,2, 01092,122
3137,Ukraine,Lviv region,Drohobych,Heroiv Maidanu St,5, 82053,58
3138,Ukraine,Kyiv region,Kyiv,Henerala Almazova St,31, 01096,13
3139,Romania,Cluj,Turda,Strada Constructorilor,39, 41057,343
3140,Romania,Cluj,Cluj-Napoca,Piața Unirii,36, 40017,328
3141,Romania,Cluj,Cluj-Napoca,Strada Universității,29, 40076,334
3142,Romania,Cluj,Cluj-Napoca,Strada Universității,2, 40072,334
3143,Ukraine,Odesa region,Izmail,Suvorova St,32, 68016,90
3144,Poland,Małopolskie,Nowy Sącz,Królowa Jadwigi St,7, 34073,179
3145,Poland,Dolnośląskie,Jelenia Góra,Sobieskiego St,22, 58065,212
3146,Poland,Mazowieckie,Warsaw,Hoża St,17, 010115,124
3147,Ukraine,Lviv region,Lviv,Shevchenka St,44, 79017,41
3148,Hungary,Northern Great Plain,Nyíregyháza,Széchenyi utca,29, 44046,412
3149,Ukraine,Kyiv region,Bila Tserkva,Levantovych St,13, 09024,19
3150,Germany,Bavaria,Nuremberg,Allersberger Straße,14, 90094,241
3151,Hungary,Central Hungary,Szentendre,Barcsay utca,6, 20083,393
3152,Romania,Timiș,Timișoara,Piața Victoriei,36, 30007,350
3153,Hungary,Central Hungary,Szentendre,Bogdányi út,29, 20036,388
3154,Poland,Małopolskie,Tarnów,Klikowska St,1, 33062,167
3155,Poland,Mazowieckie,Warsaw,Świętokrzyska St,21, 01065,119
3156,Germany,North Rhine-Westphalia,Cologne,Neumarkt,15, 50084,263
3157,Poland,Mazowieckie,Warsaw,Marszałkowska St,35, 01016,114
3158,Romania,Cluj,Cluj-Napoca,Strada Avram Iancu,18, 40065,333
3159,Poland,Dolnośląskie,Legnica,Jaworzyńska St,10, 59044,199
3160,Germany,Bavaria,Munich,Ludwigstraße,7, 80013,220
3161,Germany,North Rhine-Westphalia,Bonn,Sternstraße,6, 53003,277
3162,Ukraine,Kyiv region,Irpin,Miroshnychenka St,41, 08047,32
3163,Romania,Bucharest-Ilfov,Otopeni,Strada Libertății,48, 07037,318
3164,Romania,Bucharest-Ilfov,Otopeni,Strada 23 August,38, 07017,316
3165,Ukraine,Lviv region,Stryi,Olesia Honchara St,37, 83027,66
3166,Poland,Małopolskie,Nowy Sącz,Długosza St,26, 34016,173
3167,Poland,Małopolskie,Kraków,Świętego Tomasza St,10, 300104,159
3168,Hungary,Transdanubia,Pécs,Citrom utca,40, 76047,424
3169,Ukraine,Odesa region,Chornomorsk,Sadova St,12, 69044,104
3170,Poland,Mazowieckie,Płock,Mazowiecka St,35,09086,145
3171,Germany,North Rhine-Westphalia,Bonn,Friedensplatz,37, 53017,278
3172,Romania,Cluj,Turda,Strada Libertății,16, 41015,339
3173,Hungary,Central Hungary,Szentendre,Petőfi Sándor utca,19, 20075,392
3174,Ukraine,Odesa region,Odesa,Prymorska St,2, 65062,82
3175,Ukraine,Kyiv region,Irpin,Pushkinska St,18, 08065,34
3176,Germany,Berlin,Berlin,Karl-Marx-Allee,37, 10037,292
3177,Romania,Bucharest-Ilfov,Bucharest,Șoseaua Pantelimon,27, 01086,312
3178,Hungary,Central Hungary,Budapest,Üllői út,14, 10084,382
3179,Poland,Małopolskie,Tarnów,Broniewskiego St,26, 33086,169
3180,Poland,Małopolskie,Kraków,Świętego Tomasza St,16, 300105,159
3181,Poland,Dolnośląskie,Jelenia Góra,Sobieskiego St,20, 58065,212
3182,Germany,Bavaria,Augsburg,Bahnhofstraße,38, 86017,244
3183,Romania,Cluj,Turda,Strada Trandafirilor,16, 41085,346
3184,Poland,Mazowieckie,Warsaw,Koszykowa St,21, 010105,123
3185,Poland,Mazowieckie,Radom,Moniuszki St,27, 26096,135
3186,Poland,Mazowieckie,Radom,Konstytucji 3 Maja St,8, 26083,134
3187,Hungary,Central Hungary,Budapest,Andrássy út,49, 10008,374
3188,Poland,Dolnośląskie,Legnica,Wrocławska St,6, 59013,196
3189,Germany,North Rhine-Westphalia,Düsseldorf,Immermannstraße,49, 40068,272
3190,Ukraine,Kyiv region,Kyiv,Peremohy Ave,15, 01034,7
3191,Romania,Cluj,Turda,Strada Gării,2, 41072,345
3192,Romania,Bucharest-Ilfov,Otopeni,Strada Ștefan cel Mare,9, 07084,323
3193,Ukraine,Kyiv region,Irpin,Universytetska St,4, 08013,29
3194,Ukraine,Odesa region,Chornomorsk,Sportyvna St,3, 69092,109
3195,Ukraine,Kyiv region,Kyiv,Dmytrivska St,45, 01077,11
3196,Germany,Bavaria,Munich,Rosenheimer Straße,45, 800117,230
3197,Hungary,Northern Great Plain,Debrecen,Nyíl utca,28, 40096,406
3198,Poland,Dolnośląskie,Jelenia Góra,1 Maja St,20, 58005,206
3199,Germany,Berlin,Berlin,Potsdamer Straße,44, 10047,293
3200,Hungary,Northern Great Plain,Debrecen,Piac utca,20, 40005,397
3201,Germany,North Rhine-Westphalia,Bonn,Friedensplatz,25, 53016,278
3202,Hungary,Central Hungary,Budapest,Nagykörút,8, 10073,381
3203,Ukraine,Kyiv region,Irpin,Centralna St,25, 08006,28
3204,Ukraine,Odesa region,Odesa,Deribasivska St,17, 65005,76
3205,Hungary,Central Hungary,Szentendre,Rákóczi Ferenc utca,11, 20064,391
3206,Hungary,Northern Great Plain,Nyíregyháza,Korányi Frigyes utca,35, 44056,413
3207,Ukraine,Odesa region,Odesa,Leontovycha St,32, 65096,85
3208,Germany,Bavaria,Augsburg,Konrad-Adenauer-Allee,28, 86096,252
3209,Romania,Timiș,Timișoara,Bulevardul Revoluției,2, 30012,351
3210,Poland,Mazowieckie,Radom,Warszawska St,23, 26065,132
3211,Poland,Małopolskie,Kraków,Szewska St,43, 30037,152
3212,Ukraine,Odesa region,Chornomorsk,Myru Ave,10, 69014,101
3213,Ukraine,Kyiv region,Kyiv,Kharkivske Hwy,3, 01062,10
3214,Germany,Bavaria,Munich,Maximilianstraße,28, 80026,221
3215,Ukraine,Lviv region,Drohobych,Tobilevycha St,34, 82076,60
3216,Ukraine,Odesa region,Chornomorsk,Sportyvna St,5, 69093,109
3217,Ukraine,Kyiv region,Bila Tserkva,Levantovych St,8, 09023,19
3218,Ukraine,Lviv region,Lviv,Franko St,30, 79026,42
3219,Ukraine,Kyiv region,Kyiv,Velyka Vasylkivska St,46, 01017,5
3220,Poland,Mazowieckie,Radom,Moniuszki St,11, 26094,135
3221,Poland,Mazowieckie,Radom,Warszawska St,22, 26065,132
3222,Poland,Dolnośląskie,Legnica,Dziennikarska St,20, 59095,204
3223,Hungary,Central Hungary,Szentendre,Duna korzó,46, 20027,387
3224,Germany,North Rhine-Westphalia,Cologne,Zülpicher Straße,36, 50067,261
3225,Ukraine,Kyiv region,Irpin,Sadova St,44, 08077,35
3226,Germany,Bavaria,Augsburg,Konrad-Adenauer-Allee,12, 86094,252
3227,Poland,Dolnośląskie,Legnica,Pocztowa St,40, 59077,202
3228,Germany,North Rhine-Westphalia,Cologne,Aachener Straße,20, 50035,258
3229,Germany,North Rhine-Westphalia,Cologne,Venloer Straße,34, 50046,259
3230,Hungary,Central Hungary,Budapest,Üllői út,21, 10085,382
3231,Poland,Dolnośląskie,Jelenia Góra,1 Maja St,25, 58006,206
3232,Ukraine,Kyiv region,Bila Tserkva,Honchara St,33, 09086,25
3233,Hungary,Central Hungary,Budapest,Andrássy út,37, 10007,374
3234,Germany,Berlin,Berlin,Schönhauser Allee,30, 100106,299
3235,Germany,North Rhine-Westphalia,Bonn,Breite Straße,38, 53097,286
3236,Germany,Berlin,Berlin,Torstraße,37, 10087,297
3237,Ukraine,Odesa region,Odesa,Fontanska Rd,23, 65075,83
3238,Hungary,Transdanubia,Pécs,Munkácsy utca,20, 76055,425
3239,Hungary,Central Hungary,Szentendre,Kossuth Lajos utca,33, 20046,389
3240,Germany,North Rhine-Westphalia,Cologne,Ehrenstraße,12, 50074,262
3241,Poland,Dolnośląskie,Legnica,Pocztowa St,46, 59077,202
3242,Hungary,Central Hungary,Szentendre,Árpád utca,49, 20058,390
3243,Germany,Bavaria,Nuremberg,Vestnertorgraben,27, 90076,239
3244,Poland,Małopolskie,Nowy Sącz,Barska St,16, 34045,176
3245,Hungary,Northern Great Plain,Nyíregyháza,Bercsényi utca,13, 44074,415
3246,Poland,Mazowieckie,Warsaw,Krakowskie Przedmieście,43, 01037,116
3247,Romania,Bucharest-Ilfov,Otopeni,Strada Mihai Eminescu,40, 07057,320
3248,Germany,Berlin,Berlin,Unter den Linden,39, 10007,289
3249,Poland,Dolnośląskie,Jelenia Góra,Bankowa St,21, 58025,208
3250,Hungary,Transdanubia,Győr,Munkás utca,16, 90055,436
3251,Ukraine,Lviv region,Stryi,Chornovola St,41, 83067,70
3252,Ukraine,Kyiv region,Irpin,Tsentralnyi Park Ave,11, 08024,30
3253,Germany,North Rhine-Westphalia,Bonn,Berliner Freiheit,35, 53056,282
3254,Ukraine,Lviv region,Drohobych,Stepana Bandery St,24, 82015,54
3255,Ukraine,Kyiv region,Kyiv,Khreshchatyk St,3, 01002,4
3256,Ukraine,Kyiv region,Irpin,Centralna St,37, 08007,28
3257,Poland,Dolnośląskie,Wrocław,Nowowiejska St,46, 50097,193
3258,Romania,Cluj,Turda,Strada Trandafirilor,4, 41083,346
3259,Hungary,Northern Great Plain,Debrecen,Nagyerdei körút,16, 40025,399
3260,Germany,North Rhine-Westphalia,Bonn,Adenauerallee,4, 53043,281
3261,Poland,Dolnośląskie,Wrocław,Nowowiejska St,43, 50097,193
3262,Germany,North Rhine-Westphalia,Düsseldorf,Friedrichstraße,24, 40055,271
3263,Hungary,Central Hungary,Budapest,Üllői út,45, 10087,382
3264,Poland,Małopolskie,Nowy Sącz,Jagiellońska St,33, 34006,172
3265,Romania,Timiș,Lugoj,Strada Ion Creangă,4, 31093,370
3266,Germany,North Rhine-Westphalia,Cologne,Breite Straße,39, 50027,257
3267,Poland,Mazowieckie,Radom,25 Czerwca St,46, 26017,127
3268,Hungary,Transdanubia,Pécs,Ferencesek utcája,22, 76015,421
3269,Ukraine,Lviv region,Lviv,Levandivska St,27, 790116,51
3270,Germany,Bavaria,Nuremberg,Plobenhofstraße,46, 90087,240
3271,Germany,Berlin,Berlin,Potsdamer Straße,16, 10045,293
3272,Ukraine,Kyiv region,Bila Tserkva,Oleksandriiska St,29, 09036,20
3273,Romania,Cluj,Cluj-Napoca,Strada Dorobanților,2, 40092,336
3274,Hungary,Central Hungary,Szentendre,Kossuth Lajos utca,32, 20046,389
3275,Ukraine,Kyiv region,Bila Tserkva,Heroiv Krut St,6, 09053,22
3276,Poland,Mazowieckie,Płock,Mazowiecka St,25,09086,145
3277,Germany,North Rhine-Westphalia,Cologne,Breite Straße,34, 50026,257
3278,Ukraine,Kyiv region,Kyiv,Obolonskyi Ave,43, 01047,8
3279,Germany,Bavaria,Augsburg,Ulmer Straße,29, 86036,246
3280,Poland,Dolnośląskie,Wrocław,Kazimierza Wielkiego St,1, 50012,185
3281,Poland,Mazowieckie,Warsaw,Aleje Jerozolimskie,7, 01003,113
3282,Poland,Mazowieckie,Radom,Warszawska St,32, 26066,132
3283,Poland,Mazowieckie,Warsaw,Chmielna St,49, 01078,120
3284,Romania,Bucharest-Ilfov,Bucharest,Șoseaua Kiseleff,10, 01034,307
3285,Romania,Cluj,Turda,Strada Constructorilor,40, 41057,343
3286,Romania,Bucharest-Ilfov,Otopeni,Strada Mihai Eminescu,37, 07057,320
3287,Poland,Dolnośląskie,Wrocław,Krupnicza St,27, 50056,189
3288,Ukraine,Lviv region,Drohobych,Grushevskoho St,31, 82096,62
3289,Poland,Mazowieckie,Warsaw,Świętokrzyska St,1, 01062,119
3290,Romania,Bucharest-Ilfov,Otopeni,Strada Ștefan cel Mare,16, 07085,323
3291,Poland,Mazowieckie,Płock,Armii Krajowej St,18,09025,139
3292,Poland,Małopolskie,Nowy Sącz,Broniewskiego St,44, 34087,180
3293,Poland,Mazowieckie,Warsaw,Nowy Świat,6, 01023,115
3294,Ukraine,Odesa region,Chornomorsk,Nezalezhnosti St,32, 69036,103
3295,Romania,Timiș,Timișoara,Bulevardul Dacia,14, 30064,356
3296,Germany,North Rhine-Westphalia,Bonn,Colmantstraße,38, 53067,283
3297,Romania,Timiș,Timișoara,Bulevardul Liviu Rebreanu,32, 30096,359
3298,Ukraine,Lviv region,Lviv,Lychakivska St,5, 79063,46
3299,Romania,Timiș,Lugoj,Strada Cloșca,38, 31077,368
3300,Ukraine,Lviv region,Drohobych,Tobilevycha St,28, 82076,60
3301,Ukraine,Lviv region,Drohobych,Stepana Bandery St,8, 82013,54
3302,Germany,North Rhine-Westphalia,Düsseldorf,Flinger Straße,7, 40023,268
3303,Ukraine,Odesa region,Odesa,Italiiska St,9, 650104,86
3304,Germany,Bavaria,Munich,Rosenheimer Straße,18, 800115,230
3305,Romania,Cluj,Turda,Strada Republicii,40, 41007,338
3306,Germany,North Rhine-Westphalia,Düsseldorf,Flinger Straße,46, 40027,268
3307,Poland,Dolnośląskie,Wrocław,Oławska St,39, 50027,186
3308,Ukraine,Lviv region,Drohobych,Mazepy St,4, 82033,56
3309,Ukraine,Odesa region,Chornomorsk,Myru Ave,9, 69014,101
3310,Ukraine,Lviv region,Drohobych,Lesi Ukrainky St,10, 82064,59
3311,Poland,Dolnośląskie,Jelenia Góra,1 Maja St,1, 58002,206
3312,Poland,Dolnośląskie,Jelenia Góra,Matejki St,19, 58085,214
3313,Ukraine,Lviv region,Drohobych,Grushevskoho St,48, 82097,62
3314,Ukraine,Kyiv region,Kyiv,Shota Rustaveli St,42, 01087,12
3315,Poland,Dolnośląskie,Wrocław,Kazimierza Wielkiego St,14, 50014,185
3316,Germany,North Rhine-Westphalia,Düsseldorf,Immermannstraße,21, 40065,272
3317,Hungary,Transdanubia,Győr,Puskás Tivadar utca,9, 90094,440
3318,Ukraine,Odesa region,Izmail,Kotovskoho St,31, 68006,89
3319,Ukraine,Kyiv region,Irpin,Kyivska St,31, 08086,36
3320,Poland,Małopolskie,Tarnów,Nowy Świat,32, 33046,165
3321,Ukraine,Odesa region,Chornomorsk,Sportyvna St,43, 69097,109
3322,Romania,Timiș,Lugoj,Strada Ion Creangă,23, 31095,370
3323,Germany,North Rhine-Westphalia,Cologne,Neumarkt,24, 50085,263
3324,Germany,Bavaria,Augsburg,Konrad-Adenauer-Allee,21, 86095,252
3325,Ukraine,Lviv region,Stryi,Kopernyka St,27, 83036,67
3326,Germany,North Rhine-Westphalia,Düsseldorf,Friedrichstraße,36, 40057,271
3327,Hungary,Northern Great Plain,Nyíregyháza,Bercsényi utca,1, 44072,415
3328,Germany,North Rhine-Westphalia,Düsseldorf,Königsallee,18, 40005,266
3329,Romania,Bucharest-Ilfov,Bucharest,Strada Lipscani,30, 01056,309
3330,Romania,Bucharest-Ilfov,Bucharest,Calea Moșilor,34, 01026,306
3331,Germany,North Rhine-Westphalia,Bonn,Adenauerallee,40, 53047,281
3332,Hungary,Transdanubia,Pécs,Citrom utca,45, 76047,424
3333,Romania,Cluj,Cluj-Napoca,Strada Memorandumului,44, 40027,329
3334,Hungary,Transdanubia,Győr,Kálvária út,49, 90038,434
3335,Ukraine,Kyiv region,Kyiv,Lesi Ukrainky Blvd,18, 010115,15
3336,Romania,Bucharest-Ilfov,Otopeni,Strada Tudor Vladimirescu,8, 07093,324
3337,Ukraine,Odesa region,Odesa,Primorsky Blvd,24, 65015,77
3338,Ukraine,Kyiv region,Kyiv,Saksahanskoho St,10, 01024,6
3339,Poland,Dolnośląskie,Legnica,Nowa St,42, 59087,203
3340,Hungary,Transdanubia,Pécs,Megyeri út,37, 76077,427
3341,Ukraine,Kyiv region,Kyiv,Ivana Franka St,13, 010104,14
3342,Poland,Małopolskie,Tarnów,Krakowska St,5, 33013,162
3343,Poland,Dolnośląskie,Jelenia Góra,Sobieskiego St,26, 58066,212
3344,Hungary,Central Hungary,Budapest,Üllői út,8, 10083,382
3345,Hungary,Transdanubia,Győr,Puskás Tivadar utca,23, 90095,440
3346,Poland,Dolnośląskie,Wrocław,Nowowiejska St,14, 50094,193
3347,Germany,Bavaria,Munich,Leopoldstraße,21, 80005,219
3348,Hungary,Central Hungary,Budapest,Bartók Béla út,44, 10047,378
3349,Hungary,Central Hungary,Budapest,Kossuth Lajos utca,34, 10026,376
3350,Germany,Bavaria,Munich,Theresienstraße,37, 80057,224
3351,Romania,Cluj,Cluj-Napoca,Strada Moților,31, 40046,331
3352,Ukraine,Lviv region,Stryi,Olesia Honchara St,16, 83025,66
3353,Hungary,Transdanubia,Pécs,Petőfi utca,23, 76085,428
3354,Romania,Cluj,Turda,Strada Tineretului,43, 41067,344
3355,Romania,Timiș,Lugoj,Strada Eftimie Murgu,47, 31087,369
3356,Germany,Berlin,Berlin,Oranienburger Straße,49, 10068,295
3357,Poland,Dolnośląskie,Wrocław,Nowowiejska St,25, 50096,193
3358,Poland,Dolnośląskie,Jelenia Góra,Konstytucji 3 Maja St,7, 58073,213
3359,Poland,Mazowieckie,Warsaw,Żurawia St,15, 01084,121
3360,Hungary,Central Hungary,Budapest,Váci utca,31, 10016,375
3361,Ukraine,Kyiv region,Irpin,Miroshnychenka St,16, 08045,32
3362,Romania,Bucharest-Ilfov,Bucharest,Strada Academiei,47, 01077,311
3363,Poland,Mazowieckie,Radom,Słowackiego St,34, 26046,130
3364,Poland,Mazowieckie,Warsaw,Aleje Jerozolimskie,16, 01005,113
3365,Ukraine,Odesa region,Odesa,Ryshelievska St,49, 65058,81
3366,Romania,Timiș,Timișoara,Bulevardul Revoluției,14, 30014,351
3367,Germany,North Rhine-Westphalia,Cologne,Severinstraße,7, 50053,260
3368,Poland,Dolnośląskie,Wrocław,Świdnicka St,35, 50006,184
3369,Poland,Mazowieckie,Warsaw,Marszałkowska St,7, 01013,114
3370,Romania,Timiș,Lugoj,Strada Eftimie Murgu,28, 31086,369
3371,Poland,Małopolskie,Tarnów,Wałowa St,26, 33006,161
3372,Ukraine,Kyiv region,Bila Tserkva,Yaroslav Mudryi St,5, 09003,17
3373,Ukraine,Odesa region,Odesa,Kanatna St,18, 65025,78
3374,Ukraine,Odesa region,Chornomorsk,Kyivska St,25, 69086,108
3375,Poland,Mazowieckie,Radom,Moniuszki St,37, 26097,135
3376,Poland,Mazowieckie,Warsaw,Aleje Jerozolimskie,15, 01004,113
3377,Romania,Cluj,Turda,Strada Avram Iancu,34, 41036,341
3378,Germany,Bavaria,Augsburg,Jakobstraße,4, 86083,251
3379,Poland,Mazowieckie,Płock,Mostowa St,45,09077,144
3380,Poland,Małopolskie,Kraków,Dietla St,44, 30067,155
3381,Hungary,Central Hungary,Budapest,Margit körút,18, 10065,380
3382,Hungary,Central Hungary,Budapest,Kossuth Lajos utca,25, 10026,376
3383,Hungary,Northern Great Plain,Debrecen,Arany János utca,4, 40063,403
3384,Ukraine,Kyiv region,Irpin,Kurdyumova St,35, 08096,37
3385,Ukraine,Odesa region,Odesa,Primorsky Blvd,43, 65017,77
3386,Germany,North Rhine-Westphalia,Cologne,Schildergasse,48, 50017,256
3387,Ukraine,Odesa region,Izmail,Pushkina St,3, 68042,93
3388,Germany,Bavaria,Augsburg,Bahnhofstraße,18, 86015,244
3389,Germany,Berlin,Berlin,Torstraße,13, 10084,297
3390,Romania,Bucharest-Ilfov,Bucharest,Strada Lipscani,42, 01057,309
3391,Ukraine,Odesa region,Chornomorsk,Parusna St,4, 69003,100
3392,Germany,North Rhine-Westphalia,Düsseldorf,Ackerstraße,35, 40076,273
3393,Germany,Bavaria,Nuremberg,Vestnertorgraben,9, 90074,239
3394,Ukraine,Odesa region,Izmail,Lermontova St,44, 68077,96
3395,Hungary,Transdanubia,Pécs,Jókai tér,33, 76036,423
3396,Romania,Bucharest-Ilfov,Otopeni,Calea Bucureștilor,22, 07005,315
3397,Poland,Małopolskie,Kraków,Starowiślna St,7, 30053,154
3398,Germany,Berlin,Berlin,Oranienburger Straße,30, 10066,295
3399,Poland,Dolnośląskie,Jelenia Góra,Pijarska St,46, 58097,215
3400,Romania,Cluj,Turda,Strada Avram Iancu,16, 41035,341
3401,Poland,Małopolskie,Kraków,Basztowa St,32, 30086,157
3402,Poland,Małopolskie,Tarnów,Wałowa St,25, 33006,161
3403,Hungary,Transdanubia,Pécs,Petőfi utca,42, 76087,428
3404,Ukraine,Kyiv region,Kyiv,Dmytrivska St,13, 01074,11
3405,Germany,North Rhine-Westphalia,Bonn,Berliner Freiheit,45, 53057,282
3406,Romania,Timiș,Timișoara,Bulevardul Revoluției,13, 30014,351
3407,Ukraine,Odesa region,Odesa,Kanatna St,46, 65027,78
3408,Hungary,Central Hungary,Szentendre,Árpád utca,32, 20056,390
3409,Ukraine,Kyiv region,Kyiv,Obolonskyi Ave,39, 01047,8
3410,Romania,Bucharest-Ilfov,Otopeni,Strada Crinului,1, 07042,319
3411,Poland,Dolnośląskie,Wrocław,Kazimierza Wielkiego St,6, 50013,185
3412,Germany,Berlin,Berlin,Schönhauser Allee,33, 100106,299
3413,Poland,Dolnośląskie,Wrocław,Wita Stwosza St,13, 50084,192
3414,Poland,Dolnośląskie,Wrocław,Świdnicka St,7, 50003,184
3415,Hungary,Central Hungary,Budapest,Október huszonharmadika utca,43, 10057,379
3416,Ukraine,Kyiv region,Irpin,Centralna St,16, 08005,28
3417,Ukraine,Lviv region,Lviv,Franko St,16, 79025,42
3418,Ukraine,Lviv region,Stryi,Olesia Honchara St,6, 83023,66
3419,Romania,Bucharest-Ilfov,Bucharest,Șoseaua Pantelimon,40, 01087,312
3420,Poland,Małopolskie,Nowy Sącz,Broniewskiego St,5, 34083,180
3421,Ukraine,Lviv region,Lviv,Bandery St,10, 79034,43
3422,Romania,Bucharest-Ilfov,Otopeni,Strada Tudor Vladimirescu,31, 07096,324
3423,Hungary,Northern Great Plain,Nyíregyháza,Széchenyi utca,24, 44045,412
3424,Romania,Timiș,Timișoara,Strada Arieș,41, 30077,357
3425,Romania,Bucharest-Ilfov,Bucharest,Calea Dorobanți,3, 01042,308
3426,Ukraine,Lviv region,Stryi,Stepana Bandery St,8, 83043,68
3427,Hungary,Northern Great Plain,Debrecen,Darabos utca,36, 40057,402
3428,Poland,Małopolskie,Kraków,Basztowa St,23, 30085,157
3429,Ukraine,Kyiv region,Bila Tserkva,Soborna Sq,46, 09017,18
3430,Romania,Cluj,Turda,Strada Mihai Viteazul,49, 41048,342
3431,Hungary,Central Hungary,Budapest,Rákóczi út,2, 10032,377
3432,Germany,Berlin,Berlin,Oranienburger Straße,10, 10064,295
3433,Ukraine,Odesa region,Odesa,Fontanska Rd,40, 65077,83
3434,Germany,North Rhine-Westphalia,Düsseldorf,Immermannstraße,27, 40066,272
3435,Ukraine,Lviv region,Drohobych,Tobilevycha St,46, 82077,60
3436,Hungary,Central Hungary,Budapest,Kossuth Lajos utca,23, 10025,376
3437,Ukraine,Lviv region,Drohobych,Tobilevycha St,18, 82075,60
3438,Hungary,Transdanubia,Győr,Puskás Tivadar utca,42, 90097,440
3439,Hungary,Central Hungary,Budapest,Kossuth Lajos utca,17, 10025,376
3440,Romania,Cluj,Turda,Strada Mihai Viteazul,24, 41045,342
3441,Ukraine,Lviv region,Stryi,Oleska St,45, 83017,65
3442,Hungary,Central Hungary,Budapest,Rákóczi út,15, 10034,377
3443,Germany,North Rhine-Westphalia,Cologne,Zülpicher Straße,16, 50065,261
3444,Germany,Bavaria,Augsburg,Karlstraße,32, 86066,249
3445,Germany,Berlin,Berlin,Karl-Marx-Allee,9, 10034,292
3446,Poland,Mazowieckie,Radom,Słowackiego St,1, 26042,130
3447,Ukraine,Lviv region,Stryi,Bohdana Khmelnytskoho St,35, 83096,73
3448,Romania,Bucharest-Ilfov,Bucharest,Bulevardul Timișoara,4, 01093,313
3449,Hungary,Northern Great Plain,Nyíregyháza,Kossuth tér,48, 44007,408
3450,Romania,Bucharest-Ilfov,Otopeni,Strada Griviței,44, 07067,321
3451,Ukraine,Odesa region,Izmail,Horodotska St,48, 68087,97
3452,Poland,Mazowieckie,Warsaw,Żurawia St,28, 01086,121
3453,Germany,Berlin,Berlin,Potsdamer Straße,25, 10046,293
3454,Hungary,Central Hungary,Budapest,Nagykörút,46, 10077,381
3455,Germany,Bavaria,Augsburg,Jakoberstraße,47, 86047,247
3456,Hungary,Transdanubia,Győr,Révai Miklós utca,4, 90073,438
3457,Poland,Dolnośląskie,Jelenia Góra,Konstytucji 3 Maja St,26, 58076,213
3458,Germany,Bavaria,Munich,Maximilianstraße,24, 80025,221
3459,Ukraine,Odesa region,Izmail,Myru St,16, 68055,94
3460,Hungary,Northern Great Plain,Debrecen,Böszörményi út,20, 40035,400
3461,Ukraine,Lviv region,Drohobych,Stepana Bandery St,10, 82014,54
3462,Ukraine,Kyiv region,Irpin,Centralna St,39, 08007,28
3463,Ukraine,Lviv region,Drohobych,Stryiska St,31, 82026,55
3464,Ukraine,Kyiv region,Kyiv,Lesi Ukrainky Blvd,13, 010114,15
3465,Hungary,Northern Great Plain,Nyíregyháza,Rákóczi utca,6, 44023,410
3466,Poland,Dolnośląskie,Legnica,Chojnowska St,1, 59052,200
3467,Ukraine,Lviv region,Lviv,Bandery St,45, 79037,43
3468,Germany,North Rhine-Westphalia,Bonn,Kölnstraße,20, 53075,284
3469,Ukraine,Odesa region,Odesa,Leontovycha St,19, 65095,85
3470,Ukraine,Odesa region,Izmail,Nezalezhnosti Ave,21, 68025,91
3471,Poland,Małopolskie,Kraków,Świętego Tomasza St,22, 300105,159
3472,Germany,Bavaria,Munich,Ludwigstraße,25, 80016,220
3473,Germany,Berlin,Berlin,Greifswalder Straße,27, 10096,298
3474,Germany,North Rhine-Westphalia,Bonn,Colmantstraße,18, 53065,283
3475,Poland,Małopolskie,Kraków,Kazimierza Wielkiego St,28, 30046,153
3476,Ukraine,Kyiv region,Kyiv,Peremohy Ave,44, 01037,7
3477,Hungary,Central Hungary,Budapest,Bajcsy-Zsilinszky út,49, 10098,383
3478,Poland,Małopolskie,Nowy Sącz,Broniewskiego St,37, 34087,180
3479,Poland,Dolnośląskie,Legnica,Złotoryjska St,45, 59027,197
3480,Poland,Małopolskie,Tarnów,Mościckiego Ave,32, 33076,168
3481,Hungary,Northern Great Plain,Debrecen,Wesselényi utca,28, 40086,405
3482,Ukraine,Kyiv region,Irpin,Poltavska St,47, 08057,33
3483,Romania,Cluj,Cluj-Napoca,Strada Universității,15, 40074,334
3484,Germany,North Rhine-Westphalia,Cologne,Hohe Straße,11, 50004,255
3485,Hungary,Transdanubia,Győr,Virág utca,43, 90067,437
3486,Poland,Dolnośląskie,Wrocław,Wita Stwosza St,41, 50087,192
3487,Ukraine,Odesa region,Chornomorsk,Odeska St,33, 69076,107
3488,Poland,Małopolskie,Nowy Sącz,Jagiellońska St,7, 34003,172
3489,Germany,North Rhine-Westphalia,Bonn,Kaiserstraße,8, 53033,280
3490,Hungary,Central Hungary,Szentendre,Duna korzó,37, 20027,387
3491,Hungary,Northern Great Plain,Debrecen,Böszörményi út,10, 40034,400
3492,Poland,Mazowieckie,Warsaw,Aleje Jerozolimskie,4, 01003,113
3493,Germany,Berlin,Berlin,Greifswalder Straße,8, 10093,298
3494,Germany,Bavaria,Augsburg,Jakoberstraße,44, 86047,247
3495,Germany,Bavaria,Munich,Maximilianstraße,3, 80022,221
3496,Romania,Timiș,Lugoj,Strada Ion Creangă,11, 31094,370
3497,Ukraine,Odesa region,Izmail,Sadova St,12, 68034,92
3498,Hungary,Northern Great Plain,Nyíregyháza,Kertvárosi utca,49, 44088,416
3499,Poland,Małopolskie,Tarnów,Bitwy pod Studziankami St,4, 33093,170
3500,Romania,Cluj,Turda,Strada Libertății,46, 41017,339
3501,Poland,Mazowieckie,Radom,Konstytucji 3 Maja St,3, 26082,134
3502,Poland,Dolnośląskie,Wrocław,Robotnicza St,34, 50066,190
3503,Ukraine,Lviv region,Lviv,Horodotska St,2, 79052,45
3504,Romania,Bucharest-Ilfov,Otopeni,Strada Crinului,39, 07047,319
3505,Poland,Mazowieckie,Warsaw,Hoża St,38, 010117,124
3506,Romania,Cluj,Turda,Strada Republicii,15, 41004,338
3507,Romania,Bucharest-Ilfov,Bucharest,Bulevardul Unirii,41, 01017,305
3508,Poland,Mazowieckie,Płock,Bielska St,3,09032,140
3509,Ukraine,Odesa region,Izmail,Sadova St,25, 68036,92
3510,Germany,North Rhine-Westphalia,Düsseldorf,Ackerstraße,44, 40077,273
3511,Poland,Małopolskie,Kraków,Starowiślna St,25, 30056,154
3512,Germany,North Rhine-Westphalia,Düsseldorf,Immermannstraße,24, 40065,272
3513,Germany,North Rhine-Westphalia,Bonn,Kölnstraße,28, 53076,284
3514,Poland,Małopolskie,Tarnów,Lwowska St,38, 33027,163
3515,Hungary,Transdanubia,Győr,Puskás Tivadar utca,33, 90096,440
3516,Poland,Dolnośląskie,Legnica,Wrocławska St,17, 59015,196
3517,Poland,Mazowieckie,Warsaw,Świętokrzyska St,22, 01065,119
3518,Romania,Cluj,Turda,Strada Mihai Viteazul,46, 41047,342
3519,Ukraine,Lviv region,Drohobych,Stryiska St,19, 82025,55
3520,Hungary,Transdanubia,Pécs,Király utca,29, 76006,420
3521,Ukraine,Odesa region,Izmail,Myru St,41, 68057,94
3522,Ukraine,Odesa region,Chornomorsk,Industrialna St,18, 69065,106
3523,Romania,Timiș,Timișoara,Strada Take Ionescu,22, 30055,355
3524,Romania,Cluj,Cluj-Napoca,Bulevardul Eroilor,25, 40006,327
3525,Ukraine,Kyiv region,Kyiv,Ivana Franka St,11, 010104,14
3526,Poland,Dolnośląskie,Wrocław,Legnicka St,19, 50045,188
3527,Germany,North Rhine-Westphalia,Cologne,Eigelstein,5, 50093,264
3528,Germany,North Rhine-Westphalia,Düsseldorf,Ackerstraße,15, 40074,273
3529,Germany,North Rhine-Westphalia,Düsseldorf,Breite Straße,8, 40043,270
3530,Ukraine,Lviv region,Lviv,Bandery St,34, 79036,43
3531,Ukraine,Lviv region,Stryi,Maksyma Kryvonosa St,24, 83075,71
3532,Poland,Dolnośląskie,Legnica,Nowa St,6, 59083,203
3533,Germany,Bavaria,Munich,Sendlinger Straße,2, 80042,223
3534,Ukraine,Odesa region,Odesa,Kanatna St,4, 65023,78
3535,Poland,Dolnośląskie,Wrocław,Wita Stwosza St,7, 50083,192
3536,Romania,Timiș,Timișoara,Bulevardul Liviu Rebreanu,8, 30093,359
3537,Romania,Bucharest-Ilfov,Bucharest,Strada Academiei,42, 01077,311
3538,Hungary,Transdanubia,Pécs,Jókai tér,10, 76034,423
3539,Poland,Mazowieckie,Płock,Bielska St,27,09036,140
3540,Ukraine,Odesa region,Odesa,Deribasivska St,31, 65006,76
3541,Romania,Bucharest-Ilfov,Bucharest,Bulevardul Unirii,21, 01015,305
3542,Romania,Cluj,Cluj-Napoca,Strada Dorobanților,8, 40093,336
3543,Romania,Bucharest-Ilfov,Otopeni,Strada Mihai Eminescu,47, 07057,320
3544,Romania,Bucharest-Ilfov,Otopeni,Strada Griviței,46, 07067,321
3545,Romania,Timiș,Lugoj,Strada Eftimie Murgu,41, 31087,369
3546,Hungary,Northern Great Plain,Debrecen,Csapó utca,25, 40046,401
3547,Poland,Mazowieckie,Płock,Łukasiewicza St,38,09067,143
3548,Ukraine,Kyiv region,Kyiv,Saksahanskoho St,30, 01026,6
3549,Germany,Bavaria,Augsburg,Hermanstraße,25, 86026,245
3550,Germany,Berlin,Berlin,Invalidenstraße,39, 10077,296
3551,Romania,Timiș,Timișoara,Bulevardul Dacia,39, 30067,356
3552,Ukraine,Lviv region,Stryi,Stepana Bandery St,42, 83047,68
3553,Poland,Dolnośląskie,Wrocław,Grabiszyńska St,8, 50073,191
3554,Poland,Mazowieckie,Radom,Moniuszki St,35, 26096,135
3555,Romania,Bucharest-Ilfov,Bucharest,Bulevardul Unirii,8, 01013,305
3556,Germany,Berlin,Berlin,Greifswalder Straße,17, 10095,298
3557,Hungary,Northern Great Plain,Debrecen,Arany János utca,33, 40066,403
3558,Romania,Timiș,Timișoara,Bulevardul Republicii,40, 30037,353
3559,Poland,Dolnośląskie,Wrocław,Legnicka St,45, 50047,188
3560,Hungary,Central Hungary,Szentendre,Petőfi Sándor utca,30, 20076,392
3561,Poland,Mazowieckie,Płock,Graniczna St,2,09042,141
3562,Germany,North Rhine-Westphalia,Düsseldorf,Bolkerstraße,4, 40033,269
3563,Poland,Dolnośląskie,Legnica,Chojnowska St,38, 59057,200
3564,Ukraine,Lviv region,Stryi,Horodotska St,31, 83056,69
3565,Ukraine,Odesa region,Odesa,Uspenska St,48, 65047,80
3566,Hungary,Central Hungary,Szentendre,Barcsay utca,10, 20084,393
3567,Poland,Małopolskie,Nowy Sącz,Barska St,18, 34045,176
3568,Hungary,Northern Great Plain,Debrecen,Böszörményi út,18, 40035,400
3569,Germany,Bavaria,Nuremberg,Allersberger Straße,11, 90094,241
3570,Germany,North Rhine-Westphalia,Düsseldorf,Ackerstraße,1, 40072,273
3571,Ukraine,Odesa region,Odesa,Panteleimonivska St,49, 65038,79
3572,Germany,Berlin,Berlin,Oranienburger Straße,45, 10067,295
3573,Ukraine,Kyiv region,Irpin,Sadova St,24, 08075,35
3574,Ukraine,Odesa region,Chornomorsk,Kyivska St,26, 69086,108
3575,Poland,Małopolskie,Tarnów,Słowackiego St,7, 33033,164
3576,Ukraine,Kyiv region,Bila Tserkva,Levantovych St,11, 09024,19
3577,Poland,Dolnośląskie,Jelenia Góra,Bankowa St,46, 58027,208
3578,Germany,Bavaria,Munich,Kaufingerstraße,48, 80037,222
3579,Romania,Bucharest-Ilfov,Otopeni,Strada 23 August,29, 07016,316
3580,Poland,Dolnośląskie,Jelenia Góra,Pijarska St,7, 58093,215
3581,Germany,Bavaria,Nuremberg,Jakobsplatz,24, 90065,238
3582,Hungary,Northern Great Plain,Debrecen,Wesselényi utca,4, 40083,405
3583,Germany,North Rhine-Westphalia,Cologne,Eigelstein,7, 50093,264
3584,Hungary,Transdanubia,Pécs,Munkácsy utca,6, 76053,425
3585,Germany,Berlin,Berlin,Friedrichstraße,36, 10017,290
3586,Germany,North Rhine-Westphalia,Düsseldorf,Immermannstraße,9, 40064,272
3587,Germany,Bavaria,Munich,Kaufingerstraße,2, 80032,222
3588,Romania,Timiș,Timișoara,Strada Take Ionescu,41, 30057,355
3589,Romania,Bucharest-Ilfov,Otopeni,Strada Griviței,32, 07066,321
3590,Romania,Timiș,Lugoj,Strada Bocșei,46, 31027,363
3591,Germany,Bavaria,Nuremberg,Karolinenstraße,15, 90014,233
3592,Poland,Mazowieckie,Płock,Łukasiewicza St,32,09066,143
3593,Romania,Timiș,Timișoara,Strada Take Ionescu,4, 30053,355
3594,Germany,North Rhine-Westphalia,Düsseldorf,Schadowstraße,38, 40017,267
3595,Poland,Małopolskie,Kraków,Świętego Tomasza St,43, 300107,159
3596,Ukraine,Kyiv region,Kyiv,Saksahanskoho St,37, 01027,6
3597,Poland,Dolnośląskie,Jelenia Góra,Bankowa St,9, 58024,208
3598,Germany,Berlin,Berlin,Schönhauser Allee,41, 100107,299
3599,Ukraine,Lviv region,Lviv,Levandivska St,46, 790117,51
3600,Germany,Bavaria,Nuremberg,Allersberger Straße,7, 90093,241
3601,Romania,Timiș,Timișoara,Strada Alba Iulia,33, 30026,352
3602,Hungary,Northern Great Plain,Nyíregyháza,Hősök tere,41, 44037,411
3603,Ukraine,Odesa region,Odesa,Deribasivska St,36, 65007,76
3604,Poland,Małopolskie,Tarnów,Szujskiego St,1, 33052,166
3605,Hungary,Northern Great Plain,Nyíregyháza,Bethlen Gábor utca,41, 44067,414
3606,Romania,Timiș,Lugoj,Strada Caransebeșului,5, 31003,361
3607,Ukraine,Odesa region,Chornomorsk,Sportyvna St,20, 69095,109
3608,Poland,Małopolskie,Kraków,Lubicz St,8, 30093,158
3609,Poland,Mazowieckie,Radom,Moniuszki St,42, 26097,135
3610,Germany,North Rhine-Westphalia,Bonn,Colmantstraße,2, 53062,283
3611,Romania,Timiș,Lugoj,Strada Ion Creangă,37, 31097,370
3612,Poland,Dolnośląskie,Legnica,Nowa St,40, 59087,203
3613,Ukraine,Lviv region,Drohobych,Heroiv Maidanu St,18, 82055,58
3614,Germany,North Rhine-Westphalia,Cologne,Severinstraße,23, 50055,260
3615,Ukraine,Lviv region,Drohobych,Stryiska St,32, 82026,55
3616,Germany,North Rhine-Westphalia,Cologne,Severinstraße,22, 50055,260
3617,Ukraine,Odesa region,Izmail,Kotovskoho St,39, 68007,89
3618,Poland,Małopolskie,Kraków,Dietla St,14, 30064,155
3619,Ukraine,Odesa region,Odesa,Leontovycha St,18, 65095,85
3620,Germany,Berlin,Berlin,Karl-Marx-Allee,28, 10036,292
3621,Hungary,Transdanubia,Győr,Baross Gábor út,39, 90007,431
3622,Romania,Cluj,Turda,Strada Avram Iancu,25, 41036,341
3623,Ukraine,Odesa region,Chornomorsk,Heroiv Stalingrada St,14, 69024,102
3624,Poland,Małopolskie,Nowy Sącz,Jagiellońska St,41, 34007,172
3625,Ukraine,Odesa region,Odesa,Panteleimonivska St,29, 65036,79
3626,Hungary,Transdanubia,Győr,Teleki László utca,11, 90084,439
3627,Poland,Dolnośląskie,Wrocław,Legnicka St,27, 50046,188
3628,Poland,Małopolskie,Nowy Sącz,Piłsudskiego St,24, 34065,178
3629,Hungary,Central Hungary,Szentendre,Dumtsa Jenő utca,49, 20018,386
3630,Germany,North Rhine-Westphalia,Düsseldorf,Königsallee,16, 40005,266
3631,Romania,Bucharest-Ilfov,Otopeni,Strada Griviței,35, 07066,321
3632,Romania,Timiș,Lugoj,Strada Avram Iancu,16, 31065,367
3633,Ukraine,Odesa region,Chornomorsk,Odeska St,2, 69072,107
3634,Poland,Dolnośląskie,Legnica,Mickiewicza St,12, 59064,201
3635,Romania,Timiș,Lugoj,Strada Bocșei,25, 31026,363
3636,Romania,Timiș,Lugoj,Strada Ștrandului,14, 31054,366
3637,Germany,North Rhine-Westphalia,Bonn,Kölnstraße,4, 53073,284
3638,Hungary,Central Hungary,Szentendre,Duna korzó,34, 20026,387
3639,Hungary,Northern Great Plain,Nyíregyháza,Tavasz utca,29, 44096,417
3640,Germany,Berlin,Berlin,Invalidenstraße,12, 10074,296
3641,Germany,Bavaria,Augsburg,Hermanstraße,20, 86025,245
3642,Hungary,Transdanubia,Győr,Teleki László utca,17, 90085,439
3643,Poland,Mazowieckie,Radom,Żółkiewskiego St,15, 26074,133
3644,Poland,Mazowieckie,Radom,Moniuszki St,22, 26095,135
3645,Hungary,Northern Great Plain,Debrecen,Wesselényi utca,21, 40085,405
3646,Germany,Berlin,Berlin,Leipziger Straße,5, 10053,294
3647,Ukraine,Kyiv region,Bila Tserkva,Oleksandriiska St,18, 09035,20
3648,Germany,Berlin,Berlin,Potsdamer Straße,21, 10045,293
3649,Germany,Berlin,Berlin,Unter den Linden,47, 10007,289
3650,Germany,Bavaria,Munich,Theresienstraße,19, 80055,224
3651,Ukraine,Lviv region,Lviv,Bandery St,3, 79032,43
3652,Ukraine,Kyiv region,Irpin,Nezalezhnosti St,11, 08034,31
3653,Hungary,Transdanubia,Pécs,Munkácsy utca,7, 76053,425
3654,Hungary,Central Hungary,Budapest,Andrássy út,48, 10007,374
3655,Hungary,Northern Great Plain,Nyíregyháza,Bercsényi utca,28, 44076,415
3656,Romania,Cluj,Turda,Strada Constructorilor,21, 41055,343
3657,Ukraine,Odesa region,Izmail,Kotovskoho St,24, 68005,89
3658,Germany,Bavaria,Augsburg,Konrad-Adenauer-Allee,26, 86096,252
3659,Poland,Mazowieckie,Warsaw,Żurawia St,27, 01086,121
3660,Ukraine,Odesa region,Chornomorsk,Odeska St,5, 69073,107
3661,Romania,Cluj,Turda,Strada Avram Iancu,36, 41037,341
3662,Germany,North Rhine-Westphalia,Bonn,Berliner Freiheit,17, 53055,282
3663,Hungary,Transdanubia,Pécs,Megyeri út,47, 76077,427
3664,Romania,Cluj,Cluj-Napoca,Calea Turzii,9, 40034,330
3665,Romania,Cluj,Turda,Strada Gării,23, 41075,345
3666,Romania,Timiș,Timișoara,Strada Take Ionescu,47, 30057,355
3667,Ukraine,Lviv region,Stryi,Oleska St,6, 83013,65
3668,Ukraine,Kyiv region,Bila Tserkva,Pushkinska St,10, 09094,26
3669,Poland,Dolnośląskie,Legnica,Dziennikarska St,24, 59095,204
3670,Hungary,Central Hungary,Budapest,Bartók Béla út,23, 10045,378
3671,Ukraine,Lviv region,Drohobych,Heroiv Maidanu St,1, 82052,58
3672,Hungary,Transdanubia,Pécs,Citrom utca,34, 76046,424
3673,Ukraine,Lviv region,Drohobych,Stryiska St,6, 82023,55
3674,Poland,Dolnośląskie,Jelenia Góra,Konstytucji 3 Maja St,34, 58076,213
3675,Hungary,Central Hungary,Szentendre,Ady Endre utca,14, 20094,394
3676,Ukraine,Kyiv region,Bila Tserkva,Soborna Sq,29, 09016,18
3677,Romania,Bucharest-Ilfov,Otopeni,Strada 23 August,39, 07017,316
3678,Ukraine,Lviv region,Stryi,Maksyma Kryvonosa St,13, 83074,71
3679,Ukraine,Odesa region,Chornomorsk,Stepova St,38, 69057,105
3680,Poland,Mazowieckie,Warsaw,Nowy Świat,46, 01027,115
3681,Ukraine,Kyiv region,Kyiv,Dmytrivska St,6, 01073,11
3682,Ukraine,Odesa region,Izmail,Suvorova St,11, 68014,90
3683,Romania,Cluj,Turda,Strada Libertății,4, 41013,339
3684,Hungary,Transdanubia,Pécs,Tímár utca,22, 76095,429
3685,Ukraine,Kyiv region,Irpin,Universytetska St,29, 08016,29
3686,Hungary,Central Hungary,Budapest,Üllői út,35, 10086,382
3687,Poland,Mazowieckie,Warsaw,Krakowskie Przedmieście,22, 01035,116
3688,Hungary,Northern Great Plain,Debrecen,Arany János utca,31, 40066,403
3689,Ukraine,Kyiv region,Irpin,Sadova St,36, 08077,35
3690,Poland,Mazowieckie,Radom,25 Czerwca St,30, 26016,127
3691,Poland,Mazowieckie,Płock,Kobylińskiego St,23,09015,138
3692,Romania,Bucharest-Ilfov,Bucharest,Șoseaua Kiseleff,45, 01037,307
3693,Ukraine,Kyiv region,Bila Tserkva,Oleksandriiska St,35, 09036,20
3694,Ukraine,Odesa region,Odesa,Uspenska St,4, 65043,80
3695,Romania,Bucharest-Ilfov,Otopeni,Strada Viitorului,26, 07026,317
3696,Ukraine,Kyiv region,Bila Tserkva,Pushkinska St,11, 09094,26
3697,Hungary,Central Hungary,Budapest,Margit körút,25, 10066,380
3698,Ukraine,Kyiv region,Irpin,Pushkinska St,6, 08063,34
3699,Poland,Małopolskie,Kraków,Świętego Tomasza St,27, 300106,159
3700,Poland,Małopolskie,Kraków,Floriańska St,14, 30004,149
3701,Poland,Małopolskie,Kraków,Starowiślna St,36, 30057,154
3702,Poland,Mazowieckie,Radom,Traugutta St,11, 26024,128
3703,Germany,Bavaria,Nuremberg,Karolinenstraße,4, 90013,233
3704,Germany,Berlin,Berlin,Oranienburger Straße,11, 10064,295
3705,Ukraine,Kyiv region,Bila Tserkva,Yaroslav Mudryi St,39, 09007,17
3706,Germany,North Rhine-Westphalia,Cologne,Hohe Straße,27, 50006,255
3707,Romania,Cluj,Cluj-Napoca,Bulevardul Eroilor,4, 40003,327
3708,Ukraine,Lviv region,Stryi,Horodotska St,4, 83053,69
3709,Poland,Dolnośląskie,Jelenia Góra,Wolności St,16, 58045,210
3710,Poland,Dolnośląskie,Jelenia Góra,Piłsudskiego St,9, 58014,207
3711,Poland,Małopolskie,Kraków,Lubicz St,33, 30096,158
3712,Ukraine,Odesa region,Izmail,Suvorova St,4, 68013,90
3713,Poland,Dolnośląskie,Wrocław,Legnicka St,4, 50043,188
3714,Ukraine,Odesa region,Izmail,Sportyvna St,45, 68067,95
3715,Ukraine,Kyiv region,Bila Tserkva,Honchara St,38, 09087,25
3716,Ukraine,Kyiv region,Irpin,Pushkinska St,19, 08065,34
3717,Poland,Dolnośląskie,Wrocław,Grabiszyńska St,34, 50076,191
3718,Romania,Timiș,Timișoara,Bulevardul Revoluției,34, 30016,351
3719,Poland,Małopolskie,Kraków,Długa St,48, 30077,156
3720,Ukraine,Kyiv region,Kyiv,Saksahanskoho St,23, 01025,6
3721,Poland,Małopolskie,Nowy Sącz,Jagiellońska St,3, 34002,172
3722,Ukraine,Kyiv region,Bila Tserkva,Levantovych St,17, 09025,19
3723,Poland,Dolnośląskie,Legnica,Najświętszej Marii Panny St,39, 59007,195
3724,Germany,Berlin,Berlin,Potsdamer Straße,13, 10044,293
3725,Germany,Bavaria,Munich,Dachauer Straße,14, 80084,227
3726,Hungary,Northern Great Plain,Debrecen,Darabos utca,10, 40054,402
3727,Germany,Berlin,Berlin,Kurfürstendamm,20, 10025,291
3728,Romania,Cluj,Turda,Strada Trandafirilor,49, 41088,346
3729,Poland,Małopolskie,Tarnów,Klikowska St,18, 33065,167
3730,Poland,Dolnośląskie,Wrocław,Legnicka St,26, 50046,188
3731,Ukraine,Kyiv region,Irpin,Pushkinska St,5, 08063,34
3732,Romania,Cluj,Cluj-Napoca,Bulevardul Eroilor,39, 40007,327
3733,Ukraine,Lviv region,Lviv,Kopernyka St,34, 79046,44
3734,Hungary,Central Hungary,Budapest,Váci utca,9, 10014,375
3735,Germany,Berlin,Berlin,Kurfürstendamm,13, 10024,291
3736,Hungary,Northern Great Plain,Nyíregyháza,Bercsényi utca,45, 44077,415
3737,Ukraine,Kyiv region,Irpin,Kurdyumova St,48, 08097,37
3738,Ukraine,Odesa region,Chornomorsk,Parusna St,1, 69002,100
3739,Poland,Dolnośląskie,Jelenia Góra,Wolności St,45, 58047,210
3740,Hungary,Transdanubia,Pécs,Tímár utca,2, 76092,429
3741,Romania,Cluj,Cluj-Napoca,Strada Memorandumului,11, 40024,329
3742,Poland,Mazowieckie,Płock,Tumska St,17,09005,137
3743,Ukraine,Odesa region,Izmail,Bohdana Khmelnytskoho St,43, 68097,98
3744,Poland,Mazowieckie,Warsaw,Koszykowa St,45, 010107,123
3745,Germany,North Rhine-Westphalia,Düsseldorf,Flinger Straße,45, 40027,268
3746,Hungary,Transdanubia,Pécs,Tímár utca,14, 76094,429
3747,Ukraine,Odesa region,Chornomorsk,Sportyvna St,23, 69095,109
3748,Germany,North Rhine-Westphalia,Bonn,Breite Straße,10, 53094,286
3749,Ukraine,Kyiv region,Irpin,Sadova St,11, 08074,35
3750,Ukraine,Kyiv region,Kyiv,Obolonskyi Ave,38, 01047,8
3751,Poland,Mazowieckie,Warsaw,Koszykowa St,16, 010105,123
3752,Poland,Mazowieckie,Płock,Bielska St,19,09035,140
3753,Ukraine,Kyiv region,Kyiv,Peremohy Ave,21, 01035,7
3754,Hungary,Northern Great Plain,Debrecen,Béke utca,5, 40073,404
3755,Ukraine,Kyiv region,Bila Tserkva,Yaroslav Mudryi St,48, 09007,17
3756,Romania,Timiș,Timișoara,Strada Arieș,23, 30075,357
3757,Ukraine,Lviv region,Drohobych,Boryslavska St,28, 82086,61
3758,Hungary,Transdanubia,Győr,Kazinczy utca,6, 90043,435
3759,Germany,North Rhine-Westphalia,Bonn,Wilhelmstraße,32, 53086,285
3760,Romania,Bucharest-Ilfov,Bucharest,Strada Lipscani,26, 01056,309
3761,Germany,Bavaria,Munich,Maximilianstraße,9, 80024,221
3762,Poland,Dolnośląskie,Wrocław,Grabiszyńska St,18, 50075,191
3763,Romania,Cluj,Turda,Strada Republicii,1, 41002,338
3764,Hungary,Central Hungary,Szentendre,Barcsay utca,8, 20083,393
3765,Germany,North Rhine-Westphalia,Düsseldorf,Schadowstraße,7, 40013,267
3766,Germany,Berlin,Berlin,Prenzlauer Allee,47, 100117,300
3767,Poland,Mazowieckie,Radom,Konstytucji 3 Maja St,35, 26086,134
3768,Romania,Bucharest-Ilfov,Otopeni,Strada Griviței,4, 07063,321
3769,Hungary,Transdanubia,Pécs,Megyeri út,4, 76073,427
3770,Ukraine,Kyiv region,Bila Tserkva,Oleksandriiska St,44, 09037,20
3771,Germany,North Rhine-Westphalia,Cologne,Zülpicher Straße,48, 50067,261
3772,Poland,Małopolskie,Kraków,Starowiślna St,47, 30057,154
3773,Romania,Cluj,Turda,Strada Republicii,43, 41007,338
3774,Hungary,Central Hungary,Szentendre,Barcsay utca,12, 20084,393
3775,Germany,North Rhine-Westphalia,Cologne,Schildergasse,34, 50016,256
3776,Romania,Cluj,Turda,Strada Gheorghe Doja,21, 41025,340
3777,Ukraine,Odesa region,Odesa,Panteleimonivska St,17, 65035,79
3778,Hungary,Northern Great Plain,Debrecen,Wesselényi utca,9, 40084,405
3779,Poland,Dolnośląskie,Jelenia Góra,Sobieskiego St,12, 58064,212
3780,Romania,Cluj,Cluj-Napoca,Strada Universității,23, 40075,334
3781,Germany,Bavaria,Nuremberg,Lorenzer Straße,15, 90054,237
3782,Romania,Bucharest-Ilfov,Bucharest,Calea Victoriei,46, 01007,304
3783,Ukraine,Lviv region,Drohobych,Shevchenka St,3, 82002,53
3784,Hungary,Transdanubia,Győr,Kazinczy utca,38, 90047,435
3785,Ukraine,Odesa region,Chornomorsk,Stepova St,37, 69057,105
3786,Ukraine,Odesa region,Odesa,Bunina St,32, 650116,87
3787,Poland,Dolnośląskie,Legnica,Pocztowa St,13, 59074,202
3788,Germany,Bavaria,Munich,Dachauer Straße,19, 80085,227
3789,Germany,Bavaria,Nuremberg,Königstraße,40, 90007,232
3790,Germany,North Rhine-Westphalia,Düsseldorf,Schadowstraße,8, 40013,267
3791,Ukraine,Lviv region,Drohobych,Mazepy St,43, 82037,56
3792,Ukraine,Kyiv region,Irpin,Sadova St,2, 08072,35
3793,Germany,Bavaria,Nuremberg,Vestnertorgraben,8, 90073,239
3794,Poland,Mazowieckie,Radom,Focha St,31, 26036,129
3795,Ukraine,Odesa region,Izmail,Sportyvna St,44, 68067,95
3796,Hungary,Transdanubia,Győr,Puskás Tivadar utca,14, 90094,440
3797,Poland,Mazowieckie,Warsaw,Krakowskie Przedmieście,28, 01036,116
3798,Ukraine,Kyiv region,Bila Tserkva,Yaroslav Mudryi St,7, 09003,17
3799,Ukraine,Odesa region,Odesa,Leontovycha St,27, 65096,85
3800,Poland,Małopolskie,Kraków,Długa St,7, 30073,156
3801,Poland,Dolnośląskie,Legnica,Pocztowa St,6, 59073,202
3802,Romania,Bucharest-Ilfov,Bucharest,Bulevardul Timișoara,48, 01097,313
3803,Romania,Timiș,Timișoara,Bulevardul Dacia,35, 30066,356
3804,Poland,Małopolskie,Tarnów,Krakowska St,34, 33016,162
3805,Germany,Bavaria,Munich,Ludwigstraße,24, 80015,220
3806,Hungary,Central Hungary,Budapest,Nagykörút,1, 10072,381
3807,Ukraine,Kyiv region,Bila Tserkva,Volodymyrska St,29, 09076,24
3808,Hungary,Northern Great Plain,Debrecen,Piac utca,31, 40006,397
3809,Romania,Cluj,Turda,Strada Tineretului,15, 41064,344
3810,Hungary,Transdanubia,Győr,Kazinczy utca,34, 90046,435
3811,Germany,North Rhine-Westphalia,Bonn,Kaiserstraße,11, 53034,280
3812,Ukraine,Odesa region,Chornomorsk,Kyivska St,29, 69086,108
3813,Romania,Cluj,Turda,Strada Gheorghe Doja,40, 41027,340
3814,Hungary,Central Hungary,Budapest,Margit körút,45, 10067,380
3815,Hungary,Transdanubia,Pécs,Megyeri út,32, 76076,427
3816,Poland,Mazowieckie,Radom,Słowackiego St,37, 26047,130
3817,Ukraine,Lviv region,Drohobych,Heroiv Maidanu St,26, 82056,58
3818,Hungary,Transdanubia,Győr,Árpád út,23, 90015,432
3819,Hungary,Central Hungary,Budapest,Rákóczi út,7, 10033,377
3820,Poland,Mazowieckie,Warsaw,Nowy Świat,25, 01026,115
3821,Poland,Mazowieckie,Płock,Graniczna St,21,09045,141
3822,Poland,Dolnośląskie,Wrocław,Grabiszyńska St,30, 50076,191
3823,Poland,Dolnośląskie,Jelenia Góra,Konstytucji 3 Maja St,31, 58076,213
3824,Romania,Cluj,Cluj-Napoca,Bulevardul Eroilor,8, 40003,327
3825,Germany,Berlin,Berlin,Invalidenstraße,18, 10075,296
3826,Hungary,Central Hungary,Budapest,Kossuth Lajos utca,35, 10026,376
3827,Ukraine,Kyiv region,Bila Tserkva,Tekhnichna St,20, 09045,21
3828,Ukraine,Odesa region,Izmail,Horodotska St,26, 68086,97
3829,Romania,Cluj,Cluj-Napoca,Strada Avram Iancu,28, 40066,333
3830,Poland,Dolnośląskie,Jelenia Góra,Bankowa St,3, 58022,208
3831,Ukraine,Odesa region,Odesa,Italiiska St,48, 650107,86
3832,Romania,Timiș,Timișoara,Strada Gheorghe Lazăr,31, 30046,354
3833,Romania,Cluj,Cluj-Napoca,Strada Dorobanților,18, 40095,336
3834,Romania,Timiș,Lugoj,Strada Buziașului,31, 31046,365
3835,Ukraine,Lviv region,Lviv,Stryiska St,39, 790107,50
3836,Romania,Timiș,Timișoara,Strada Gheorghe Lazăr,6, 30043,354
3837,Germany,Berlin,Berlin,Torstraße,24, 10085,297
3838,Poland,Dolnośląskie,Jelenia Góra,Wolności St,5, 58043,210
3839,Ukraine,Lviv region,Drohobych,Shevchenka St,4, 82003,53
3840,Romania,Bucharest-Ilfov,Bucharest,Șoseaua Pantelimon,38, 01087,312
3841,Poland,Dolnośląskie,Jelenia Góra,Piłsudskiego St,19, 58015,207
3842,Ukraine,Lviv region,Stryi,Stepana Bandery St,21, 83045,68
3843,Germany,Bavaria,Nuremberg,Karolinenstraße,45, 90017,233
3844,Hungary,Central Hungary,Szentendre,Barcsay utca,49, 20088,393
3845,Poland,Mazowieckie,Radom,Traugutta St,37, 26027,128
3846,Poland,Dolnośląskie,Jelenia Góra,1 Maja St,35, 58006,206
3847,Hungary,Northern Great Plain,Nyíregyháza,Széchenyi utca,28, 44046,412
3848,Hungary,Northern Great Plain,Nyíregyháza,Bercsényi utca,39, 44077,415
3849,Germany,North Rhine-Westphalia,Düsseldorf,Immermannstraße,30, 40066,272
3850,Germany,Bavaria,Augsburg,Ulmer Straße,26, 86036,246
3851,Ukraine,Kyiv region,Kyiv,Lesi Ukrainky Blvd,15, 010114,15
3852,Poland,Dolnośląskie,Jelenia Góra,Sudecka St,5, 58033,209
3853,Romania,Bucharest-Ilfov,Otopeni,Strada Tudor Vladimirescu,11, 07094,324
3854,Romania,Cluj,Cluj-Napoca,Strada Universității,40, 40077,334
3855,Hungary,Northern Great Plain,Debrecen,Wesselényi utca,7, 40083,405
3856,Hungary,Central Hungary,Budapest,Nagykörút,36, 10077,381
3857,Hungary,Transdanubia,Pécs,Citrom utca,47, 76047,424
3858,Hungary,Central Hungary,Szentendre,Árpád utca,37, 20057,390
3859,Poland,Mazowieckie,Radom,25 Czerwca St,37, 26017,127
3860,Germany,Bavaria,Munich,Fürstenrieder Straße,29, 800106,229
3861,Ukraine,Lviv region,Lviv,Kopernyka St,22, 79045,44
3862,Romania,Timiș,Timișoara,Bulevardul Dacia,2, 30062,356
3863,Ukraine,Kyiv region,Bila Tserkva,Volodymyrska St,43, 09077,24
3864,Poland,Małopolskie,Tarnów,Szujskiego St,28, 33056,166
3865,Poland,Dolnośląskie,Wrocław,Świdnicka St,16, 50005,184
3866,Poland,Mazowieckie,Płock,Żyzna St,19,09095,146
3867,Poland,Mazowieckie,Warsaw,Krucza St,35, 01096,122
3868,Hungary,Northern Great Plain,Nyíregyháza,Bercsényi utca,9, 44074,415
3869,Poland,Dolnośląskie,Wrocław,Legnicka St,34, 50046,188
3870,Poland,Dolnośląskie,Jelenia Góra,Sudecka St,47, 58037,209
3871,Poland,Mazowieckie,Radom,Konstytucji 3 Maja St,13, 26084,134
3872,Germany,Bavaria,Augsburg,Bahnhofstraße,32, 86016,244
3873,Ukraine,Lviv region,Drohobych,Stepana Bandery St,1, 82012,54
3874,Romania,Timiș,Lugoj,Strada Timișoarei,19, 31015,362
3875,Romania,Bucharest-Ilfov,Otopeni,Strada Viitorului,40, 07027,317
3876,Poland,Mazowieckie,Warsaw,Marszałkowska St,38, 01017,114
3877,Poland,Mazowieckie,Radom,25 Czerwca St,36, 26017,127
3878,Germany,Bavaria,Augsburg,Hermanstraße,48, 86027,245
3879,Ukraine,Odesa region,Odesa,Leontovycha St,5, 65093,85
3880,Hungary,Transdanubia,Pécs,Hunyadi János utca,9, 76064,426
3881,Germany,North Rhine-Westphalia,Cologne,Aachener Straße,33, 50036,258
3882,Poland,Małopolskie,Kraków,Lubicz St,14, 30094,158
3883,Germany,North Rhine-Westphalia,Bonn,Sternstraße,26, 53006,277
3884,Germany,Bavaria,Augsburg,Frauentorstraße,3, 86072,250
3885,Ukraine,Odesa region,Izmail,Bohdana Khmelnytskoho St,28, 68096,98
3886,Poland,Mazowieckie,Warsaw,Puławska St,17, 01045,117
3887,Poland,Małopolskie,Kraków,Świętego Tomasza St,11, 300104,159
3888,Ukraine,Kyiv region,Kyiv,Khreshchatyk St,43, 01007,4
3889,Romania,Timiș,Lugoj,Strada Cloșca,49, 31078,368
3890,Germany,Bavaria,Nuremberg,Färberstraße,39, 90037,235
3891,Germany,Bavaria,Munich,Dachauer Straße,22, 80085,227
3892,Ukraine,Kyiv region,Bila Tserkva,Yaroslav Mudryi St,44, 09007,17
3893,Poland,Małopolskie,Kraków,Świętego Tomasza St,36, 300107,159
3894,Romania,Cluj,Cluj-Napoca,Strada Dorobanților,36, 40097,336
3895,Germany,North Rhine-Westphalia,Düsseldorf,Ackerstraße,43, 40077,273
3896,Poland,Mazowieckie,Warsaw,Nowy Świat,37, 01027,115
3897,Romania,Cluj,Turda,Strada Tineretului,14, 41064,344
3898,Germany,North Rhine-Westphalia,Bonn,Oxfordstraße,26, 53026,279
3899,Poland,Małopolskie,Tarnów,Słowackiego St,35, 33036,164
3900,Ukraine,Kyiv region,Bila Tserkva,Honchara St,10, 09084,25
3901,Poland,Dolnośląskie,Jelenia Góra,Pijarska St,8, 58093,215
3902,Poland,Dolnośląskie,Jelenia Góra,Piłsudskiego St,17, 58015,207
3903,Germany,Bavaria,Munich,Kaufingerstraße,19, 80035,222
3904,Ukraine,Odesa region,Chornomorsk,Stepova St,32, 69056,105
3905,Ukraine,Odesa region,Odesa,Bunina St,7, 650113,87
3906,Ukraine,Odesa region,Izmail,Sadova St,17, 68035,92
3907,Poland,Mazowieckie,Warsaw,Żurawia St,22, 01085,121
3908,Romania,Timiș,Timișoara,Bulevardul Republicii,7, 30033,353
3909,Hungary,Central Hungary,Budapest,Váci utca,10, 10014,375
3910,Ukraine,Odesa region,Izmail,Myru St,43, 68057,94
3911,Romania,Cluj,Cluj-Napoca,Strada Dorobanților,1, 40092,336
3912,Poland,Mazowieckie,Radom,Focha St,2, 26032,129
3913,Ukraine,Lviv region,Stryi,Kopernyka St,42, 83037,67
3914,Ukraine,Odesa region,Odesa,Pushkinska St,6, 65083,84
3915,Germany,North Rhine-Westphalia,Bonn,Berliner Freiheit,9, 53054,282
3916,Hungary,Transdanubia,Győr,Teleki László utca,34, 90086,439
3917,Germany,North Rhine-Westphalia,Bonn,Berliner Freiheit,49, 53058,282
3918,Romania,Timiș,Lugoj,Strada Buziașului,41, 31047,365
3919,Ukraine,Odesa region,Odesa,Pushkinska St,46, 65087,84
3920,Poland,Małopolskie,Tarnów,Lwowska St,36, 33027,163
3921,Poland,Mazowieckie,Warsaw,Nowy Świat,49, 01028,115
3922,Germany,North Rhine-Westphalia,Bonn,Kaiserstraße,27, 53036,280
3923,Poland,Dolnośląskie,Wrocław,Krupnicza St,36, 50057,189
3924,Hungary,Central Hungary,Budapest,Andrássy út,33, 10006,374
3925,Germany,Berlin,Berlin,Invalidenstraße,29, 10076,296
3926,Hungary,Northern Great Plain,Debrecen,Béke utca,32, 40076,404
3927,Ukraine,Lviv region,Stryi,Bohdana Khmelnytskoho St,24, 83095,73
3928,Ukraine,Kyiv region,Irpin,Kyivska St,29, 08086,36
3929,Ukraine,Lviv region,Stryi,Shevchenka St,25, 83006,64
3930,Hungary,Transdanubia,Pécs,Jókai tér,32, 76036,423
3931,Poland,Dolnośląskie,Jelenia Góra,Matejki St,46, 58087,214
3932,Germany,North Rhine-Westphalia,Bonn,Oxfordstraße,14, 53024,279
3933,Germany,North Rhine-Westphalia,Düsseldorf,Ratinger Straße,37, 40097,275
3934,Poland,Mazowieckie,Radom,Słowackiego St,16, 26045,130
3935,Romania,Timiș,Lugoj,Strada Buziașului,5, 31043,365
3936,Germany,Bavaria,Munich,Leopoldstraße,25, 80006,219
3937,Ukraine,Odesa region,Odesa,Primorsky Blvd,17, 65015,77
3938,Poland,Dolnośląskie,Wrocław,Wita Stwosza St,27, 50086,192
3939,Poland,Dolnośląskie,Legnica,Piłsudskiego St,38, 59037,198
3940,Germany,North Rhine-Westphalia,Düsseldorf,Breite Straße,22, 40045,270
3941,Germany,North Rhine-Westphalia,Cologne,Aachener Straße,35, 50036,258
3942,Ukraine,Lviv region,Stryi,Maksyma Kryvonosa St,6, 83073,71
3943,Hungary,Transdanubia,Pécs,Petőfi utca,19, 76085,428
3944,Hungary,Northern Great Plain,Debrecen,Arany János utca,43, 40067,403
3945,Germany,North Rhine-Westphalia,Bonn,Kölnstraße,33, 53076,284
3946,Germany,Bavaria,Munich,Schwanthalerstraße,6, 80073,226
3947,Ukraine,Lviv region,Drohobych,Boryslavska St,42, 82087,61
3948,Germany,Bavaria,Munich,Maximilianstraße,1, 80022,221
3949,Poland,Dolnośląskie,Wrocław,Ruska St,10, 50034,187
3950,Germany,Bavaria,Munich,Theresienstraße,44, 80057,224
3951,Germany,Bavaria,Nuremberg,Färberstraße,14, 90034,235
3952,Romania,Cluj,Turda,Strada Republicii,12, 41004,338
3953,Hungary,Transdanubia,Győr,Révai Miklós utca,34, 90076,438
3954,Hungary,Transdanubia,Pécs,Petőfi utca,26, 76086,428
3955,Hungary,Central Hungary,Szentendre,Ady Endre utca,39, 20097,394
3956,Germany,North Rhine-Westphalia,Düsseldorf,Neustraße,32, 40086,274
3957,Ukraine,Odesa region,Izmail,Kotovskoho St,17, 68005,89
3958,Romania,Cluj,Cluj-Napoca,Strada Memorandumului,38, 40027,329
3959,Germany,North Rhine-Westphalia,Bonn,Breite Straße,13, 53094,286
3960,Germany,Bavaria,Munich,Ludwigstraße,34, 80016,220
3961,Poland,Dolnośląskie,Wrocław,Ruska St,8, 50033,187
3962,Romania,Cluj,Cluj-Napoca,Strada Universității,31, 40076,334
3963,Romania,Bucharest-Ilfov,Bucharest,Strada Lipscani,4, 01053,309
3964,Germany,North Rhine-Westphalia,Bonn,Wilhelmstraße,40, 53087,285
3965,Germany,Bavaria,Munich,Brienner Straße,11, 80064,225
3966,Poland,Dolnośląskie,Wrocław,Krupnicza St,40, 50057,189
3967,Ukraine,Lviv region,Lviv,Levandivska St,11, 790114,51
3968,Poland,Małopolskie,Nowy Sącz,Śniadeckich St,39, 34097,181
3969,Romania,Cluj,Cluj-Napoca,Calea Turzii,18, 40035,330
3970,Romania,Timiș,Timișoara,Strada Alba Iulia,19, 30025,352
3971,Poland,Dolnośląskie,Legnica,Jaworzyńska St,15, 59044,199
3972,Romania,Timiș,Timișoara,Strada Iancu de Hunedoara,1, 30082,358
3973,Germany,North Rhine-Westphalia,Cologne,Aachener Straße,40, 50037,258
3974,Poland,Dolnośląskie,Jelenia Góra,Pijarska St,28, 58096,215
3975,Germany,North Rhine-Westphalia,Düsseldorf,Immermannstraße,38, 40067,272
3976,Ukraine,Odesa region,Odesa,Primorsky Blvd,49, 65018,77
3977,Romania,Timiș,Lugoj,Strada Buziașului,27, 31046,365
3978,Poland,Mazowieckie,Płock,Bielska St,34,09036,140
3979,Germany,Bavaria,Augsburg,Hermanstraße,4, 86023,245
3980,Hungary,Central Hungary,Szentendre,Bogdányi út,9, 20034,388
3981,Hungary,Northern Great Plain,Nyíregyháza,Széchenyi utca,35, 44046,412
3982,Germany,Berlin,Berlin,Schönhauser Allee,40, 100107,299
3983,Ukraine,Odesa region,Odesa,Prymorska St,49, 65068,82
3984,Romania,Timiș,Lugoj,Strada Cloșca,33, 31076,368
3985,Ukraine,Lviv region,Lviv,Pekarska St,45, 79077,47
3986,Germany,Bavaria,Nuremberg,Plobenhofstraße,11, 90084,240
3987,Hungary,Transdanubia,Győr,Kálvária út,20, 90035,434
3988,Poland,Dolnośląskie,Legnica,Najświętszej Marii Panny St,44, 59007,195
3989,Ukraine,Odesa region,Izmail,Sadova St,49, 68038,92
3990,Romania,Cluj,Cluj-Napoca,Calea Turzii,40, 40037,330
3991,Hungary,Central Hungary,Budapest,Margit körút,14, 10064,380
3992,Poland,Małopolskie,Nowy Sącz,Grottgera St,35, 34056,177
3993,Poland,Dolnośląskie,Wrocław,Kazimierza Wielkiego St,35, 50016,185
3994,Poland,Mazowieckie,Płock,Łukasiewicza St,47,09067,143
3995,Germany,Berlin,Berlin,Oranienburger Straße,17, 10065,295
3996,Hungary,Northern Great Plain,Debrecen,Kossuth utca,14, 40014,398
3997,Ukraine,Odesa region,Odesa,Deribasivska St,19, 65005,76
3998,Poland,Małopolskie,Nowy Sącz,Królowa Jadwigi St,41, 34077,179
3999,Hungary,Northern Great Plain,Debrecen,Arany János utca,7, 40063,403
4000,Poland,Mazowieckie,Radom,Focha St,24, 26035,129
4001,Poland,Małopolskie,Tarnów,Słowackiego St,28, 33036,164
4002,Poland,Dolnośląskie,Jelenia Góra,Matejki St,6, 58083,214
4003,Poland,Dolnośląskie,Legnica,Najświętszej Marii Panny St,25, 59006,195
4004,Ukraine,Kyiv region,Bila Tserkva,Honchara St,14, 09084,25
4005,Germany,Bavaria,Nuremberg,Färberstraße,4, 90033,235
4006,Ukraine,Lviv region,Lviv,Zelena St,46, 79097,49
4007,Romania,Cluj,Cluj-Napoca,Strada George Barițiu,38, 40087,335
4008,Ukraine,Kyiv region,Bila Tserkva,Oleksandriiska St,26, 09036,20
4009,Ukraine,Odesa region,Izmail,Pushkina St,47, 68047,93
4010,Germany,Berlin,Berlin,Leipziger Straße,20, 10055,294
4011,Hungary,Northern Great Plain,Debrecen,Böszörményi út,28, 40036,400
4012,Hungary,Transdanubia,Pécs,Munkácsy utca,8, 76053,425
4013,Poland,Małopolskie,Kraków,Długa St,11, 30074,156
4014,Ukraine,Odesa region,Odesa,Uspenska St,7, 65043,80
4015,Romania,Cluj,Turda,Strada Republicii,20, 41005,338
4016,Romania,Cluj,Turda,Strada Tineretului,12, 41064,344
4017,Ukraine,Odesa region,Odesa,Pushkinska St,32, 65086,84
4018,Poland,Małopolskie,Kraków,Długa St,3, 30072,156
4019,Ukraine,Lviv region,Lviv,Horodotska St,48, 79057,45
4020,Hungary,Central Hungary,Budapest,Váci utca,6, 10013,375
4021,Ukraine,Lviv region,Drohobych,Heroiv Maidanu St,7, 82053,58
4022,Ukraine,Odesa region,Odesa,Kanatna St,49, 65028,78
4023,Hungary,Northern Great Plain,Nyíregyháza,Széchenyi utca,3, 44042,412
4024,Poland,Małopolskie,Nowy Sącz,Piłsudskiego St,18, 34065,178
4025,Ukraine,Lviv region,Lviv,Stryiska St,8, 790103,50
4026,Romania,Bucharest-Ilfov,Bucharest,Bulevardul Magheru,6, 01063,310
4027,Germany,North Rhine-Westphalia,Cologne,Hohe Straße,12, 50004,255
4028,Poland,Małopolskie,Tarnów,Słowackiego St,25, 33036,164
4029,Ukraine,Odesa region,Chornomorsk,Myru Ave,26, 69016,101
4030,Germany,Bavaria,Nuremberg,Plobenhofstraße,15, 90084,240
4031,Germany,Bavaria,Munich,Leopoldstraße,3, 80002,219
4032,Ukraine,Kyiv region,Irpin,Kurdyumova St,23, 08095,37
4033,Ukraine,Odesa region,Odesa,Ryshelievska St,18, 65055,81
4034,Germany,Bavaria,Augsburg,Ulmer Straße,3, 86032,246
4035,Romania,Bucharest-Ilfov,Bucharest,Șoseaua Kiseleff,49, 01038,307
4036,Romania,Cluj,Cluj-Napoca,Bulevardul Eroilor,34, 40006,327
4037,Poland,Mazowieckie,Płock,Kobylińskiego St,42,09017,138
4038,Germany,Bavaria,Augsburg,Bürgermeister-Fischer-Straße,39, 86057,248
4039,Hungary,Northern Great Plain,Nyíregyháza,Kossuth tér,45, 44007,408
4040,Poland,Dolnośląskie,Legnica,Piłsudskiego St,28, 59036,198
4041,Ukraine,Lviv region,Drohobych,Grushevskoho St,15, 82094,62
4042,Hungary,Transdanubia,Győr,Szent István út,26, 90026,433
4043,Germany,North Rhine-Westphalia,Bonn,Adenauerallee,34, 53046,281
4044,Poland,Małopolskie,Nowy Sącz,Sobieskiego St,4, 34033,175
4045,Hungary,Northern Great Plain,Debrecen,Wesselényi utca,46, 40087,405
4046,Poland,Mazowieckie,Warsaw,Krucza St,18, 01095,122
4047,Romania,Cluj,Cluj-Napoca,Strada Universității,38, 40077,334
4048,Poland,Dolnośląskie,Wrocław,Nowowiejska St,12, 50094,193
4049,Poland,Mazowieckie,Radom,Focha St,19, 26035,129
4050,Hungary,Central Hungary,Szentendre,Kossuth Lajos utca,8, 20043,389
4051,Ukraine,Lviv region,Lviv,Svobody Ave,25, 79006,40
4052,Ukraine,Lviv region,Drohobych,Heroiv Maidanu St,21, 82055,58
4053,Hungary,Northern Great Plain,Debrecen,Nagyerdei körút,22, 40025,399
4054,Germany,Berlin,Berlin,Kurfürstendamm,18, 10025,291
4055,Poland,Małopolskie,Kraków,Starowiślna St,14, 30054,154
4056,Ukraine,Odesa region,Odesa,Italiiska St,22, 650105,86
4057,Poland,Dolnośląskie,Jelenia Góra,Konstytucji 3 Maja St,46, 58077,213
4058,Ukraine,Odesa region,Chornomorsk,Kyivska St,37, 69087,108
4059,Germany,North Rhine-Westphalia,Cologne,Neumarkt,41, 50087,263
4060,Poland,Mazowieckie,Warsaw,Żurawia St,49, 01088,121
4061,Poland,Mazowieckie,Płock,Mostowa St,36,09077,144
4062,Romania,Timiș,Lugoj,Strada Caransebeșului,11, 31004,361
4063,Ukraine,Lviv region,Drohobych,Truskavetska St,11, 82044,57
4064,Germany,North Rhine-Westphalia,Cologne,Ehrenstraße,35, 50076,262
4065,Poland,Małopolskie,Tarnów,Klikowska St,12, 33064,167
4066,Hungary,Northern Great Plain,Debrecen,Nagyerdei körút,4, 40023,399
4067,Germany,North Rhine-Westphalia,Cologne,Breite Straße,25, 50026,257
4068,Ukraine,Lviv region,Lviv,Pekarska St,35, 79076,47
4069,Ukraine,Odesa region,Chornomorsk,Myru Ave,20, 69015,101
4070,Romania,Cluj,Cluj-Napoca,Strada Universității,8, 40073,334
4071,Ukraine,Odesa region,Odesa,Primorsky Blvd,42, 65017,77
4072,Poland,Mazowieckie,Warsaw,Marszałkowska St,43, 01017,114
4073,Poland,Dolnośląskie,Wrocław,Oławska St,34, 50026,186
4074,Ukraine,Odesa region,Chornomorsk,Industrialna St,40, 69067,106
4075,Germany,North Rhine-Westphalia,Bonn,Wilhelmstraße,25, 53086,285
4076,Poland,Małopolskie,Nowy Sącz,Śniadeckich St,4, 34093,181
4077,Poland,Małopolskie,Tarnów,Wałowa St,2, 33002,161
4078,Romania,Bucharest-Ilfov,Bucharest,Bulevardul Unirii,5, 01013,305
4079,Romania,Cluj,Turda,Strada Constructorilor,15, 41054,343
4080,Romania,Cluj,Turda,Strada Gheorghe Doja,43, 41027,340
4081,Hungary,Central Hungary,Szentendre,Dumtsa Jenő utca,37, 20017,386
4082,Germany,Bavaria,Munich,Brienner Straße,45, 80067,225
4083,Romania,Cluj,Cluj-Napoca,Strada Dorobanților,21, 40095,336
4084,Ukraine,Kyiv region,Bila Tserkva,Tekhnichna St,46, 09047,21
4085,Romania,Timiș,Timișoara,Bulevardul Republicii,11, 30034,353
4086,Ukraine,Kyiv region,Irpin,Tsentralnyi Park Ave,44, 08027,30
4087,Germany,Bavaria,Augsburg,Jakobstraße,13, 86084,251
4088,Poland,Małopolskie,Tarnów,Wałowa St,46, 33007,161
4089,Romania,Cluj,Turda,Strada Tineretului,31, 41066,344
4090,Poland,Dolnośląskie,Jelenia Góra,Bankowa St,15, 58024,208
4091,Romania,Bucharest-Ilfov,Bucharest,Șoseaua Pantelimon,8, 01083,312
4092,Hungary,Transdanubia,Győr,Szent István út,3, 90022,433
4093,Poland,Dolnośląskie,Legnica,Nowa St,26, 59086,203
4094,Germany,Bavaria,Nuremberg,Lorenzer Straße,44, 90057,237
4095,Hungary,Central Hungary,Szentendre,Rákóczi Ferenc utca,5, 20063,391
4096,Germany,Bavaria,Nuremberg,Karolinenstraße,24, 90015,233
4097,Hungary,Transdanubia,Pécs,Munkácsy utca,18, 76055,425
4098,Germany,North Rhine-Westphalia,Düsseldorf,Neustraße,27, 40086,274
4099,Hungary,Northern Great Plain,Nyíregyháza,Rákóczi utca,19, 44025,410
4100,Ukraine,Kyiv region,Bila Tserkva,Volodymyrska St,36, 09077,24
4101,Hungary,Northern Great Plain,Nyíregyháza,Rákóczi utca,13, 44024,410
4102,Germany,Bavaria,Augsburg,Jakoberstraße,16, 86045,247
4103,Poland,Mazowieckie,Płock,Graniczna St,13,09044,141
4104,Hungary,Transdanubia,Pécs,Hunyadi János utca,14, 76064,426
4105,Germany,North Rhine-Westphalia,Düsseldorf,Neustraße,25, 40086,274
4106,Hungary,Transdanubia,Pécs,Király utca,27, 76006,420
4107,Ukraine,Kyiv region,Irpin,Miroshnychenka St,18, 08045,32
4108,Poland,Małopolskie,Nowy Sącz,Barska St,1, 34042,176
4109,Ukraine,Lviv region,Drohobych,Boryslavska St,36, 82087,61
4110,Poland,Dolnośląskie,Legnica,Nowa St,23, 59085,203
4111,Ukraine,Odesa region,Odesa,Bunina St,45, 650117,87
4112,Ukraine,Lviv region,Lviv,Lychakivska St,15, 79064,46
4113,Poland,Dolnośląskie,Wrocław,Krupnicza St,44, 50057,189
4114,Poland,Małopolskie,Kraków,Basztowa St,18, 30085,157
4115,Ukraine,Lviv region,Stryi,Horodotska St,44, 83057,69
4116,Romania,Bucharest-Ilfov,Otopeni,Calea Bucureștilor,40, 07007,315
4117,Germany,Bavaria,Munich,Dachauer Straße,34, 80086,227
4118,Ukraine,Lviv region,Stryi,Maksyma Kryvonosa St,48, 83077,71
4119,Germany,North Rhine-Westphalia,Cologne,Venloer Straße,35, 50046,259
4120,Poland,Dolnośląskie,Legnica,Złotoryjska St,47, 59027,197
4121,Poland,Małopolskie,Tarnów,Klikowska St,43, 33067,167
4122,Romania,Timiș,Lugoj,Strada Eftimie Murgu,29, 31086,369
4123,Germany,North Rhine-Westphalia,Cologne,Ehrenstraße,46, 50077,262
4124,Ukraine,Odesa region,Izmail,Lermontova St,31, 68076,96
4125,Ukraine,Odesa region,Chornomorsk,Parusna St,9, 69004,100
4126,Ukraine,Lviv region,Stryi,Tarasa Shevchenka Blvd,8, 83083,72
4127,Romania,Bucharest-Ilfov,Otopeni,Strada Libertății,47, 07037,318
4128,Poland,Małopolskie,Kraków,Szewska St,38, 30037,152
4129,Germany,North Rhine-Westphalia,Cologne,Hohe Straße,32, 50006,255
4130,Ukraine,Lviv region,Lviv,Kopernyka St,47, 79047,44
4131,Germany,Bavaria,Nuremberg,Vestnertorgraben,5, 90073,239
4132,Poland,Dolnośląskie,Wrocław,Robotnicza St,16, 50065,190
4133,Ukraine,Kyiv region,Kyiv,Shota Rustaveli St,27, 01086,12
4134,Romania,Cluj,Cluj-Napoca,Bulevardul Eroilor,40, 40007,327
4135,Ukraine,Kyiv region,Irpin,Nezalezhnosti St,18, 08035,31
4136,Romania,Timiș,Timișoara,Bulevardul Republicii,12, 30034,353
4137,Ukraine,Odesa region,Odesa,Deribasivska St,14, 65004,76
4138,Romania,Timiș,Lugoj,Strada Ion Creangă,21, 31095,370
4139,Ukraine,Lviv region,Stryi,Shevchenka St,44, 83007,64
4140,Germany,North Rhine-Westphalia,Düsseldorf,Breite Straße,2, 40042,270
4141,Poland,Dolnośląskie,Wrocław,Wita Stwosza St,15, 50084,192
4142,Germany,Bavaria,Munich,Fürstenrieder Straße,10, 800104,229
4143,Poland,Dolnośląskie,Wrocław,Grabiszyńska St,35, 50076,191
4144,Ukraine,Lviv region,Drohobych,Mazepy St,32, 82036,56
4145,Germany,North Rhine-Westphalia,Bonn,Kölnstraße,26, 53076,284
4146,Romania,Cluj,Turda,Strada Zambilelor,5, 41093,347
4147,Poland,Mazowieckie,Płock,Żyzna St,49,09098,146
4148,Poland,Małopolskie,Nowy Sącz,Długosza St,10, 34014,173
4149,Romania,Bucharest-Ilfov,Otopeni,Strada Griviței,1, 07062,321
4150,Ukraine,Odesa region,Odesa,Deribasivska St,34, 65006,76
4151,Romania,Cluj,Turda,Strada Libertății,28, 41016,339
4152,Ukraine,Odesa region,Chornomorsk,Industrialna St,26, 69066,106
4153,Romania,Timiș,Lugoj,Strada Ștrandului,46, 31057,366
4154,Germany,Bavaria,Nuremberg,Bahnhofstraße,25, 90046,236
4155,Ukraine,Odesa region,Izmail,Bohdana Khmelnytskoho St,45, 68097,98
4156,Ukraine,Odesa region,Chornomorsk,Parusna St,13, 69004,100
4157,Ukraine,Lviv region,Drohobych,Tobilevycha St,4, 82073,60
4158,Hungary,Central Hungary,Szentendre,Fő tér,44, 20007,385
4159,Germany,Berlin,Berlin,Karl-Marx-Allee,41, 10037,292
4160,Ukraine,Lviv region,Stryi,Horodotska St,47, 83057,69
4161,Germany,Berlin,Berlin,Oranienburger Straße,41, 10067,295
4162,Romania,Bucharest-Ilfov,Otopeni,Strada Viitorului,45, 07027,317
4163,Ukraine,Kyiv region,Kyiv,Shota Rustaveli St,4, 01083,12
4164,Hungary,Northern Great Plain,Debrecen,Csapó utca,13, 40044,401
4165,Ukraine,Lviv region,Stryi,Maksyma Kryvonosa St,8, 83073,71
4166,Germany,Bavaria,Augsburg,Jakobstraße,43, 86087,251
4167,Hungary,Northern Great Plain,Debrecen,Csapó utca,43, 40047,401
4168,Hungary,Central Hungary,Budapest,Bajcsy-Zsilinszky út,41, 10097,383
4169,Romania,Bucharest-Ilfov,Bucharest,Strada Lipscani,46, 01057,309
4170,Ukraine,Kyiv region,Irpin,Tsentralnyi Park Ave,21, 08025,30
4171,Ukraine,Odesa region,Izmail,Myru St,26, 68056,94
4172,Ukraine,Kyiv region,Irpin,Tsentralnyi Park Ave,19, 08025,30
4173,Germany,Bavaria,Munich,Sendlinger Straße,18, 80045,223
4174,Ukraine,Odesa region,Izmail,Myru St,11, 68054,94
4175,Germany,North Rhine-Westphalia,Düsseldorf,Schadowstraße,32, 40016,267
4176,Ukraine,Kyiv region,Irpin,Centralna St,35, 08006,28
4177,Romania,Bucharest-Ilfov,Otopeni,Strada Ștefan cel Mare,49, 07088,323
4178,Germany,Bavaria,Munich,Sonnenstraße,2, 80092,228
4179,Romania,Timiș,Lugoj,Strada Ion Creangă,48, 31097,370
4180,Hungary,Northern Great Plain,Nyíregyháza,Kossuth tér,23, 44005,408
4181,Germany,Bavaria,Nuremberg,Lorenzer Straße,34, 90056,237
4182,Romania,Cluj,Cluj-Napoca,Piața Unirii,8, 40013,328
4183,Ukraine,Lviv region,Drohobych,Mazepy St,11, 82034,56
4184,Germany,Berlin,Berlin,Schönhauser Allee,34, 100106,299
4185,Germany,North Rhine-Westphalia,Cologne,Aachener Straße,16, 50035,258
4186,Romania,Bucharest-Ilfov,Otopeni,Strada Libertății,25, 07036,318
4187,Hungary,Northern Great Plain,Debrecen,Arany János utca,30, 40066,403
4188,Hungary,Northern Great Plain,Nyíregyháza,Hősök tere,47, 44037,411
4189,Ukraine,Lviv region,Drohobych,Shevchenka St,28, 82006,53
4190,Germany,Berlin,Berlin,Greifswalder Straße,42, 10097,298
4191,Hungary,Northern Great Plain,Debrecen,Kossuth utca,3, 40012,398
4192,Ukraine,Lviv region,Stryi,Shevchenka St,48, 83007,64
4193,Hungary,Central Hungary,Budapest,Andrássy út,14, 10004,374
4194,Ukraine,Odesa region,Odesa,Pushkinska St,42, 65087,84
4195,Romania,Cluj,Cluj-Napoca,Strada George Barițiu,16, 40085,335
4196,Romania,Cluj,Turda,Strada Tineretului,44, 41067,344
4197,Poland,Mazowieckie,Płock,Graniczna St,34,09046,141
4198,Ukraine,Kyiv region,Irpin,Kurdyumova St,19, 08095,37
4199,Poland,Małopolskie,Tarnów,Krakowska St,17, 33015,162
4200,Poland,Małopolskie,Tarnów,Słowackiego St,27, 33036,164
4201,Hungary,Central Hungary,Szentendre,Ady Endre utca,48, 20097,394
4202,Hungary,Northern Great Plain,Debrecen,Csapó utca,34, 40046,401
4203,Poland,Mazowieckie,Radom,Słowackiego St,45, 26047,130
4204,Ukraine,Odesa region,Odesa,Deribasivska St,29, 65006,76
4205,Poland,Dolnośląskie,Legnica,Chojnowska St,10, 59054,200
4206,Ukraine,Lviv region,Drohobych,Heroiv Maidanu St,12, 82054,58
4207,Romania,Timiș,Timișoara,Piața Victoriei,44, 30007,350
4208,Hungary,Northern Great Plain,Nyíregyháza,Dózsa György utca,11, 44014,409
4209,Hungary,Transdanubia,Győr,Kazinczy utca,7, 90043,435
4210,Poland,Mazowieckie,Radom,Warszawska St,49, 26068,132
4211,Ukraine,Kyiv region,Irpin,Sadova St,47, 08077,35
4212,Poland,Mazowieckie,Radom,Żeromskiego St,20, 26005,126
4213,Poland,Małopolskie,Kraków,Lubicz St,10, 30094,158
4214,Hungary,Northern Great Plain,Debrecen,Wesselényi utca,10, 40084,405
4215,Ukraine,Odesa region,Odesa,Leontovycha St,7, 65093,85
4216,Romania,Bucharest-Ilfov,Bucharest,Calea Moșilor,35, 01026,306
4217,Poland,Dolnośląskie,Legnica,Mickiewicza St,2, 59062,201
4218,Germany,Bavaria,Nuremberg,Färberstraße,22, 90035,235
4219,Ukraine,Lviv region,Stryi,Bohdana Khmelnytskoho St,38, 83097,73
4220,Ukraine,Lviv region,Drohobych,Heroiv Maidanu St,48, 82057,58
4221,Ukraine,Odesa region,Izmail,Sportyvna St,37, 68067,95
4222,Ukraine,Odesa region,Chornomorsk,Myru Ave,25, 69016,101
4223,Romania,Cluj,Cluj-Napoca,Strada George Barițiu,24, 40085,335
4224,Ukraine,Odesa region,Odesa,Ryshelievska St,8, 65053,81
4225,Poland,Mazowieckie,Płock,Mostowa St,18,09075,144
4226,Hungary,Transdanubia,Pécs,Hunyadi János utca,26, 76066,426
4227,Germany,Bavaria,Nuremberg,Plobenhofstraße,22, 90085,240
4228,Ukraine,Lviv region,Lviv,Lychakivska St,12, 79064,46
4229,Romania,Timiș,Timișoara,Strada Alba Iulia,46, 30027,352
4230,Ukraine,Lviv region,Drohobych,Boryslavska St,3, 82082,61
4231,Romania,Bucharest-Ilfov,Bucharest,Calea Dorobanți,32, 01046,308
4232,Ukraine,Kyiv region,Irpin,Sadova St,5, 08073,35
4233,Romania,Timiș,Timișoara,Strada Arieș,4, 30073,357
4234,Poland,Małopolskie,Kraków,Szewska St,2, 30032,152
4235,Romania,Timiș,Timișoara,Strada Take Ionescu,33, 30056,355
4236,Germany,North Rhine-Westphalia,Bonn,Kaiserstraße,39, 53037,280
4237,Romania,Cluj,Turda,Strada Libertății,11, 41014,339
4238,Romania,Bucharest-Ilfov,Otopeni,Strada Crinului,5, 07043,319
4239,Ukraine,Kyiv region,Kyiv,Naberezhne Hwy,9, 01054,9
4240,Hungary,Transdanubia,Pécs,Jókai tér,20, 76035,423
4241,Poland,Dolnośląskie,Legnica,Nowa St,19, 59085,203
4242,Ukraine,Lviv region,Stryi,Maksyma Kryvonosa St,5, 83073,71
4243,Hungary,Northern Great Plain,Debrecen,Nyíl utca,6, 40093,406
4244,Ukraine,Lviv region,Drohobych,Shevchenka St,27, 82006,53
4245,Ukraine,Odesa region,Chornomorsk,Odeska St,30, 69076,107
4246,Romania,Cluj,Cluj-Napoca,Strada Horea,40, 40057,332
4247,Germany,North Rhine-Westphalia,Bonn,Colmantstraße,48, 53067,283
4248,Poland,Małopolskie,Kraków,Kazimierza Wielkiego St,35, 30046,153
4249,Germany,Bavaria,Nuremberg,Färberstraße,29, 90036,235
4250,Ukraine,Lviv region,Drohobych,Grushevskoho St,9, 82094,62
4251,Romania,Cluj,Turda,Strada Constructorilor,26, 41056,343
4252,Poland,Mazowieckie,Warsaw,Tamka St,42, 01057,118
4253,Romania,Timiș,Lugoj,Strada Avram Iancu,39, 31067,367
4254,Germany,North Rhine-Westphalia,Düsseldorf,Ackerstraße,19, 40075,273
4255,Poland,Małopolskie,Tarnów,Szujskiego St,43, 33057,166
4256,Ukraine,Lviv region,Lviv,Pekarska St,27, 79076,47
4257,Ukraine,Lviv region,Lviv,Kopernyka St,9, 79044,44
4258,Germany,Berlin,Berlin,Prenzlauer Allee,42, 100117,300
4259,Ukraine,Lviv region,Drohobych,Stepana Bandery St,25, 82016,54
4260,Poland,Dolnośląskie,Wrocław,Robotnicza St,7, 50063,190
4261,Romania,Timiș,Lugoj,Strada Ștrandului,34, 31056,366
4262,Ukraine,Kyiv region,Kyiv,Shota Rustaveli St,15, 01084,12
4263,Poland,Mazowieckie,Radom,Słowackiego St,17, 26045,130
4264,Hungary,Central Hungary,Szentendre,Bogdányi út,40, 20037,388
4265,Poland,Dolnośląskie,Jelenia Góra,Matejki St,18, 58085,214
4266,Ukraine,Odesa region,Odesa,Uspenska St,11, 65044,80
4267,Poland,Małopolskie,Nowy Sącz,Grottgera St,14, 34054,177
4268,Ukraine,Lviv region,Drohobych,Truskavetska St,8, 82043,57
4269,Poland,Dolnośląskie,Legnica,Najświętszej Marii Panny St,9, 59004,195
4270,Ukraine,Kyiv region,Kyiv,Dmytrivska St,43, 01077,11
4271,Ukraine,Lviv region,Lviv,Levandivska St,23, 790115,51
4272,Ukraine,Kyiv region,Kyiv,Naberezhne Hwy,39, 01057,9
4273,Ukraine,Lviv region,Drohobych,Truskavetska St,1, 82042,57
4274,Romania,Cluj,Turda,Strada Libertății,48, 41017,339
4275,Hungary,Central Hungary,Budapest,Bajcsy-Zsilinszky út,19, 10095,383
4276,Poland,Dolnośląskie,Jelenia Góra,Matejki St,22, 58085,214
4277,Ukraine,Kyiv region,Bila Tserkva,Yuvileina St,40, 09067,23
4278,Hungary,Northern Great Plain,Nyíregyháza,Kossuth tér,10, 44004,408
4279,Germany,Berlin,Berlin,Invalidenstraße,27, 10076,296
4280,Romania,Cluj,Turda,Strada Mihai Viteazul,7, 41043,342
4281,Poland,Małopolskie,Kraków,Świętego Tomasza St,21, 300105,159
4282,Ukraine,Lviv region,Drohobych,Truskavetska St,39, 82047,57
4283,Poland,Mazowieckie,Warsaw,Nowy Świat,2, 01022,115
4284,Ukraine,Odesa region,Izmail,Kotovskoho St,25, 68006,89
4285,Hungary,Central Hungary,Szentendre,Barcsay utca,36, 20087,393
4286,Poland,Dolnośląskie,Legnica,Dziennikarska St,27, 59096,204
4287,Ukraine,Lviv region,Lviv,Halytska St,33, 79086,48
4288,Romania,Bucharest-Ilfov,Otopeni,Strada Mihai Eminescu,49, 07058,320
4289,Ukraine,Kyiv region,Bila Tserkva,Yaroslav Mudryi St,15, 09004,17
4290,Ukraine,Odesa region,Izmail,Bohdana Khmelnytskoho St,3, 68092,98
4291,Germany,Berlin,Berlin,Unter den Linden,45, 10007,289
4292,Germany,North Rhine-Westphalia,Bonn,Oxfordstraße,9, 53024,279
4293,Ukraine,Odesa region,Odesa,Italiiska St,24, 650105,86
4294,Germany,North Rhine-Westphalia,Düsseldorf,Schadowstraße,17, 40015,267
4295,Poland,Małopolskie,Nowy Sącz,Jagiellońska St,45, 34007,172
4296,Hungary,Northern Great Plain,Nyíregyháza,Bercsényi utca,5, 44073,415
4297,Germany,Berlin,Berlin,Potsdamer Straße,11, 10044,293
4298,Germany,Berlin,Berlin,Karl-Marx-Allee,4, 10033,292
4299,Hungary,Northern Great Plain,Nyíregyháza,Kossuth tér,1, 44002,408
4300,Poland,Dolnośląskie,Legnica,Piłsudskiego St,21, 59035,198
4301,Germany,Bavaria,Munich,Sonnenstraße,11, 80094,228
4302,Romania,Timiș,Lugoj,Strada Eftimie Murgu,35, 31086,369
4303,Ukraine,Odesa region,Odesa,Deribasivska St,37, 65007,76
4304,Germany,Bavaria,Nuremberg,Karolinenstraße,47, 90017,233
4305,Ukraine,Odesa region,Chornomorsk,Heroiv Stalingrada St,26, 69026,102
4306,Germany,Bavaria,Munich,Brienner Straße,40, 80067,225
4307,Ukraine,Odesa region,Chornomorsk,Sportyvna St,46, 69097,109
4308,Romania,Timiș,Lugoj,Strada Ștrandului,8, 31053,366
4309,Germany,Berlin,Berlin,Oranienburger Straße,29, 10066,295
4310,Germany,Berlin,Berlin,Greifswalder Straße,43, 10097,298
4311,Ukraine,Kyiv region,Irpin,Tsentralnyi Park Ave,46, 08027,30
4312,Germany,North Rhine-Westphalia,Bonn,Colmantstraße,13, 53064,283
4313,Germany,Bavaria,Augsburg,Hermanstraße,41, 86027,245
4314,Poland,Dolnośląskie,Legnica,Jaworzyńska St,31, 59046,199
4315,Poland,Mazowieckie,Warsaw,Nowy Świat,16, 01025,115
4316,Poland,Dolnośląskie,Jelenia Góra,1 Maja St,24, 58005,206
4317,Germany,Bavaria,Munich,Fürstenrieder Straße,25, 800106,229
4318,Ukraine,Odesa region,Odesa,Pushkinska St,22, 65085,84
4319,Romania,Cluj,Turda,Strada Avram Iancu,1, 41032,341
4320,Poland,Mazowieckie,Radom,25 Czerwca St,32, 26016,127
4321,Poland,Dolnośląskie,Legnica,Złotoryjska St,32, 59026,197
4322,Hungary,Central Hungary,Szentendre,Ady Endre utca,2, 20092,394
4323,Germany,North Rhine-Westphalia,Cologne,Ehrenstraße,47, 50077,262
4324,Hungary,Northern Great Plain,Nyíregyháza,Széchenyi utca,14, 44044,412
4325,Poland,Dolnośląskie,Wrocław,Legnicka St,36, 50047,188
4326,Germany,Bavaria,Nuremberg,Plobenhofstraße,1, 90082,240
4327,Romania,Bucharest-Ilfov,Otopeni,Strada Viitorului,33, 07026,317
4328,Romania,Bucharest-Ilfov,Bucharest,Calea Victoriei,16, 01005,304
4329,Germany,North Rhine-Westphalia,Cologne,Aachener Straße,13, 50034,258
4330,Poland,Dolnośląskie,Wrocław,Kazimierza Wielkiego St,42, 50017,185
4331,Ukraine,Odesa region,Odesa,Panteleimonivska St,7, 65033,79
4332,Romania,Timiș,Lugoj,Strada Avram Iancu,32, 31066,367
4333,Poland,Mazowieckie,Płock,Tumska St,47,09007,137
4334,Germany,Bavaria,Nuremberg,Allersberger Straße,22, 90095,241
4335,Poland,Małopolskie,Nowy Sącz,Piłsudskiego St,15, 34064,178
4336,Hungary,Central Hungary,Budapest,Október huszonharmadika utca,32, 10056,379
4337,Hungary,Central Hungary,Szentendre,Fő tér,9, 20004,385
4338,Ukraine,Lviv region,Drohobych,Truskavetska St,21, 82045,57
4339,Ukraine,Odesa region,Odesa,Bunina St,25, 650116,87
4340,Germany,North Rhine-Westphalia,Düsseldorf,Flinger Straße,27, 40026,268
4341,Hungary,Northern Great Plain,Debrecen,Kossuth utca,32, 40016,398
4342,Hungary,Northern Great Plain,Nyíregyháza,Bercsényi utca,29, 44076,415
4343,Poland,Dolnośląskie,Legnica,Złotoryjska St,42, 59027,197
4344,Ukraine,Lviv region,Stryi,Chornovola St,5, 83063,70
4345,Germany,Bavaria,Nuremberg,Vestnertorgraben,33, 90076,239
4346,Germany,Bavaria,Munich,Maximilianstraße,32, 80026,221
4347,Germany,Bavaria,Munich,Sonnenstraße,9, 80094,228
4348,Poland,Mazowieckie,Płock,Kobylińskiego St,43,09017,138
4349,Ukraine,Odesa region,Izmail,Bohdana Khmelnytskoho St,47, 68097,98
4350,Poland,Mazowieckie,Płock,Mazowiecka St,34,09086,145
4351,Ukraine,Odesa region,Chornomorsk,Sportyvna St,24, 69095,109
4352,Romania,Bucharest-Ilfov,Otopeni,Strada Ștefan cel Mare,1, 07082,323
4353,Hungary,Northern Great Plain,Debrecen,Darabos utca,14, 40054,402
4354,Ukraine,Odesa region,Izmail,Sportyvna St,46, 68067,95
4355,Germany,North Rhine-Westphalia,Düsseldorf,Friedrichstraße,14, 40054,271
4356,Ukraine,Odesa region,Chornomorsk,Parusna St,34, 69006,100
4357,Germany,Berlin,Berlin,Karl-Marx-Allee,34, 10036,292
4358,Hungary,Transdanubia,Pécs,Ferencesek utcája,4, 76013,421
4359,Hungary,Transdanubia,Győr,Révai Miklós utca,35, 90076,438
4360,Hungary,Northern Great Plain,Nyíregyháza,Rákóczi utca,17, 44025,410
4361,Poland,Małopolskie,Kraków,Dietla St,36, 30067,155
4362,Romania,Timiș,Timișoara,Strada Gheorghe Lazăr,22, 30045,354
4363,Poland,Mazowieckie,Radom,Focha St,48, 26037,129
4364,Ukraine,Lviv region,Lviv,Kopernyka St,36, 79047,44
4365,Hungary,Central Hungary,Budapest,Rákóczi út,46, 10037,377
4366,Germany,Bavaria,Nuremberg,Allersberger Straße,33, 90096,241
4367,Germany,Bavaria,Augsburg,Jakobstraße,49, 86088,251
4368,Romania,Cluj,Cluj-Napoca,Strada Memorandumului,35, 40026,329
4369,Hungary,Northern Great Plain,Debrecen,Wesselényi utca,6, 40083,405
4370,Romania,Bucharest-Ilfov,Otopeni,Calea Bucureștilor,27, 07006,315
4371,Poland,Małopolskie,Kraków,Grodzka St,27, 30016,150
4372,Hungary,Northern Great Plain,Nyíregyháza,Korányi Frigyes utca,45, 44057,413
4373,Ukraine,Odesa region,Izmail,Nezalezhnosti Ave,37, 68027,91
4374,Germany,Bavaria,Nuremberg,Lorenzer Straße,39, 90057,237
4375,Ukraine,Lviv region,Stryi,Chornovola St,26, 83066,70
4376,Romania,Bucharest-Ilfov,Bucharest,Calea Victoriei,29, 01006,304
4377,Romania,Bucharest-Ilfov,Otopeni,Strada Mihai Viteazul,33, 07076,322
4378,Poland,Dolnośląskie,Legnica,Nowa St,49, 59088,203
4379,Ukraine,Kyiv region,Kyiv,Lesi Ukrainky Blvd,3, 010112,15
4380,Germany,Bavaria,Augsburg,Bürgermeister-Fischer-Straße,45, 86057,248
4381,Ukraine,Lviv region,Lviv,Zelena St,44, 79097,49
4382,Hungary,Transdanubia,Győr,Virág utca,10, 90064,437
4383,Hungary,Northern Great Plain,Nyíregyháza,Kertvárosi utca,8, 44083,416
4384,Poland,Mazowieckie,Radom,Żółkiewskiego St,12, 26074,133
4385,Ukraine,Lviv region,Lviv,Levandivska St,44, 790117,51
4386,Poland,Dolnośląskie,Jelenia Góra,Bankowa St,45, 58027,208
4387,Ukraine,Lviv region,Drohobych,Stepana Bandery St,34, 82016,54
4388,Poland,Mazowieckie,Płock,Dobrzyńska St,30,09056,142
4389,Germany,North Rhine-Westphalia,Cologne,Zülpicher Straße,40, 50067,261
4390,Romania,Bucharest-Ilfov,Bucharest,Strada Academiei,7, 01073,311
4391,Romania,Timiș,Timișoara,Strada Gheorghe Lazăr,17, 30045,354
4392,Poland,Mazowieckie,Warsaw,Krakowskie Przedmieście,2, 01032,116
4393,Ukraine,Odesa region,Chornomorsk,Sadova St,47, 69047,104
4394,Poland,Dolnośląskie,Wrocław,Oławska St,37, 50027,186
4395,Poland,Mazowieckie,Płock,Graniczna St,3,09042,141
4396,Romania,Cluj,Cluj-Napoca,Strada George Barițiu,26, 40086,335
4397,Romania,Timiș,Timișoara,Bulevardul Liviu Rebreanu,34, 30096,359
4398,Poland,Mazowieckie,Warsaw,Świętokrzyska St,33, 01066,119
4399,Romania,Bucharest-Ilfov,Bucharest,Bulevardul Magheru,38, 01067,310
4400,Poland,Mazowieckie,Płock,Tumska St,38,09007,137
4401,Romania,Bucharest-Ilfov,Otopeni,Strada Mihai Viteazul,41, 07077,322
4402,Romania,Timiș,Timișoara,Bulevardul Dacia,43, 30067,356
4403,Poland,Dolnośląskie,Jelenia Góra,Bankowa St,43, 58027,208
4404,Germany,Bavaria,Munich,Schwanthalerstraße,8, 80073,226
4405,Germany,Bavaria,Munich,Ludwigstraße,6, 80013,220
4406,Ukraine,Kyiv region,Kyiv,Saksahanskoho St,39, 01027,6
4407,Ukraine,Lviv region,Lviv,Shevchenka St,17, 79015,41
4408,Poland,Mazowieckie,Radom,Warszawska St,44, 26067,132
4409,Poland,Mazowieckie,Radom,Słowackiego St,30, 26046,130
4410,Ukraine,Lviv region,Lviv,Shevchenka St,32, 79016,41
4411,Hungary,Central Hungary,Szentendre,Árpád utca,14, 20054,390
4412,Hungary,Transdanubia,Győr,Szent István út,19, 90025,433
4413,Poland,Małopolskie,Tarnów,Klikowska St,6, 33063,167
4414,Hungary,Transdanubia,Győr,Kálvária út,22, 90035,434
4415,Poland,Dolnośląskie,Wrocław,Legnicka St,13, 50044,188
4416,Romania,Cluj,Turda,Strada Republicii,38, 41007,338
4417,Ukraine,Odesa region,Chornomorsk,Heroiv Stalingrada St,44, 69027,102
4418,Poland,Mazowieckie,Płock,Kobylińskiego St,18,09015,138
4419,Ukraine,Kyiv region,Kyiv,Henerala Almazova St,34, 01096,13
4420,Poland,Dolnośląskie,Wrocław,Legnicka St,7, 50043,188
4421,Poland,Dolnośląskie,Jelenia Góra,Sobieskiego St,32, 58066,212
4422,Ukraine,Lviv region,Lviv,Bandery St,22, 79035,43
4423,Poland,Małopolskie,Nowy Sącz,Barska St,6, 34043,176
4424,Germany,Bavaria,Nuremberg,Bahnhofstraße,19, 90045,236
4425,Germany,Bavaria,Augsburg,Konrad-Adenauer-Allee,27, 86096,252
4426,Germany,Berlin,Berlin,Leipziger Straße,32, 10056,294
4427,Ukraine,Odesa region,Izmail,Sportyvna St,12, 68064,95
4428,Poland,Małopolskie,Nowy Sącz,Królowa Jadwigi St,38, 34077,179
4429,Germany,North Rhine-Westphalia,Bonn,Kaiserstraße,34, 53036,280
4430,Ukraine,Lviv region,Stryi,Chornovola St,3, 83062,70
4431,Hungary,Transdanubia,Pécs,Tímár utca,36, 76097,429
4432,Ukraine,Odesa region,Odesa,Pushkinska St,11, 65084,84
4433,Ukraine,Lviv region,Drohobych,Stepana Bandery St,16, 82015,54
4434,Ukraine,Odesa region,Izmail,Kotovskoho St,3, 68002,89
4435,Ukraine,Lviv region,Lviv,Shevchenka St,5, 79013,41
4436,Germany,Bavaria,Munich,Sendlinger Straße,11, 80044,223
4437,Poland,Małopolskie,Kraków,Dietla St,3, 30062,155
4438,Poland,Dolnośląskie,Wrocław,Kazimierza Wielkiego St,22, 50015,185
4439,Romania,Bucharest-Ilfov,Otopeni,Strada Tudor Vladimirescu,2, 07092,324
4440,Poland,Małopolskie,Tarnów,Szujskiego St,44, 33057,166
4441,Hungary,Northern Great Plain,Nyíregyháza,Kertvárosi utca,26, 44086,416
4442,Ukraine,Odesa region,Chornomorsk,Sadova St,3, 69042,104
4443,Poland,Małopolskie,Kraków,Basztowa St,1, 30082,157
4444,Ukraine,Lviv region,Stryi,Chornovola St,12, 83064,70
4445,Germany,North Rhine-Westphalia,Bonn,Berliner Freiheit,34, 53056,282
4446,Ukraine,Kyiv region,Bila Tserkva,Volodymyrska St,44, 09077,24
4447,Germany,North Rhine-Westphalia,Bonn,Friedensplatz,13, 53014,278
4448,Ukraine,Odesa region,Izmail,Sportyvna St,28, 68066,95
4449,Germany,North Rhine-Westphalia,Cologne,Neumarkt,37, 50087,263
4450,Ukraine,Odesa region,Chornomorsk,Heroiv Stalingrada St,15, 69024,102
4451,Poland,Dolnośląskie,Jelenia Góra,Matejki St,41, 58087,214
4452,Ukraine,Lviv region,Drohobych,Boryslavska St,48, 82087,61
4453,Germany,North Rhine-Westphalia,Bonn,Berliner Freiheit,2, 53052,282
4454,Poland,Dolnośląskie,Wrocław,Ruska St,17, 50035,187
4455,Ukraine,Kyiv region,Kyiv,Kharkivske Hwy,23, 01065,10
4456,Ukraine,Kyiv region,Kyiv,Velyka Vasylkivska St,22, 01015,5
4457,Romania,Timiș,Lugoj,Strada Avram Iancu,2, 31062,367
4458,Poland,Małopolskie,Kraków,Długa St,37, 30077,156
4459,Romania,Cluj,Turda,Strada Gării,8, 41073,345
4460,Ukraine,Lviv region,Drohobych,Tobilevycha St,39, 82077,60
4461,Hungary,Transdanubia,Pécs,Jókai tér,19, 76035,423
4462,Romania,Bucharest-Ilfov,Otopeni,Strada Ștefan cel Mare,17, 07085,323
4463,Germany,Bavaria,Munich,Sendlinger Straße,3, 80042,223
4464,Poland,Mazowieckie,Płock,Żyzna St,10,09094,146
4465,Germany,North Rhine-Westphalia,Cologne,Ehrenstraße,18, 50075,262
4466,Romania,Bucharest-Ilfov,Otopeni,Strada Ștefan cel Mare,8, 07083,323
4467,Germany,Bavaria,Nuremberg,Färberstraße,11, 90034,235
4468,Poland,Małopolskie,Tarnów,Szujskiego St,39, 33057,166
4469,Germany,North Rhine-Westphalia,Bonn,Kölnstraße,3, 53072,284
4470,Ukraine,Odesa region,Izmail,Horodotska St,4, 68083,97
4471,Germany,North Rhine-Westphalia,Cologne,Ehrenstraße,42, 50077,262
4472,Ukraine,Kyiv region,Bila Tserkva,Tekhnichna St,44, 09047,21
4473,Poland,Dolnośląskie,Legnica,Piłsudskiego St,49, 59038,198
4474,Poland,Mazowieckie,Warsaw,Żurawia St,48, 01087,121
4475,Romania,Cluj,Cluj-Napoca,Strada Horea,12, 40054,332
4476,Ukraine,Odesa region,Odesa,Bunina St,19, 650115,87
4477,Poland,Dolnośląskie,Wrocław,Grabiszyńska St,49, 50078,191
4478,Ukraine,Odesa region,Izmail,Myru St,47, 68057,94
4479,Poland,Małopolskie,Kraków,Starowiślna St,19, 30055,154
4480,Hungary,Northern Great Plain,Nyíregyháza,Kossuth tér,16, 44005,408
4481,Hungary,Transdanubia,Pécs,Jókai tér,17, 76035,423
4482,Romania,Bucharest-Ilfov,Otopeni,Strada Tudor Vladimirescu,29, 07096,324
4483,Poland,Małopolskie,Kraków,Karmelicka St,34, 30026,151
4484,Ukraine,Lviv region,Drohobych,Boryslavska St,22, 82085,61
4485,Germany,North Rhine-Westphalia,Bonn,Oxfordstraße,23, 53025,279
4486,Poland,Dolnośląskie,Jelenia Góra,Sudecka St,40, 58037,209
4487,Hungary,Northern Great Plain,Nyíregyháza,Kossuth tér,2, 44002,408
4488,Poland,Dolnośląskie,Wrocław,Nowowiejska St,35, 50096,193
4489,Hungary,Central Hungary,Szentendre,Petőfi Sándor utca,18, 20075,392
4490,Germany,North Rhine-Westphalia,Düsseldorf,Ackerstraße,14, 40074,273
4491,Romania,Cluj,Turda,Strada Mihai Viteazul,9, 41044,342
4492,Hungary,Transdanubia,Győr,Puskás Tivadar utca,36, 90097,440
4493,Germany,Berlin,Berlin,Invalidenstraße,16, 10075,296
4494,Ukraine,Odesa region,Izmail,Horodotska St,42, 68087,97
4495,Poland,Małopolskie,Tarnów,Szujskiego St,12, 33054,166
4496,Ukraine,Lviv region,Drohobych,Shevchenka St,23, 82005,53
4497,Hungary,Transdanubia,Pécs,Citrom utca,10, 76044,424
4498,Hungary,Transdanubia,Győr,Baross Gábor út,40, 90007,431
4499,Germany,North Rhine-Westphalia,Bonn,Colmantstraße,46, 53067,283
4500,Ukraine,Odesa region,Chornomorsk,Parusna St,40, 69007,100
4501,Hungary,Northern Great Plain,Debrecen,Csapó utca,41, 40047,401
4502,Romania,Bucharest-Ilfov,Otopeni,Strada Libertății,14, 07034,318
4503,Romania,Timiș,Timișoara,Strada Alba Iulia,3, 30022,352
4504,Ukraine,Lviv region,Stryi,Stepana Bandery St,41, 83047,68
4505,Hungary,Central Hungary,Budapest,Bajcsy-Zsilinszky út,31, 10096,383
4506,Romania,Bucharest-Ilfov,Bucharest,Strada Academiei,1, 01072,311
4507,Ukraine,Odesa region,Chornomorsk,Sadova St,14, 69044,104
4508,Romania,Cluj,Turda,Strada Libertății,8, 41013,339
4509,Hungary,Northern Great Plain,Nyíregyháza,Kertvárosi utca,35, 44086,416
4510,Hungary,Transdanubia,Pécs,Munkácsy utca,19, 76055,425
4511,Ukraine,Odesa region,Odesa,Primorsky Blvd,10, 65014,77
4512,Ukraine,Lviv region,Stryi,Olesia Honchara St,20, 83025,66
4513,Poland,Małopolskie,Tarnów,Mościckiego Ave,20, 33075,168
4514,Hungary,Northern Great Plain,Debrecen,Kossuth utca,28, 40016,398
4515,Poland,Dolnośląskie,Wrocław,Grabiszyńska St,17, 50075,191
4516,Hungary,Northern Great Plain,Debrecen,Nagyerdei körút,13, 40024,399
4517,Germany,Berlin,Berlin,Leipziger Straße,42, 10057,294
4518,Ukraine,Lviv region,Drohobych,Tobilevycha St,33, 82076,60
4519,Poland,Mazowieckie,Płock,Żyzna St,20,09095,146
4520,Hungary,Central Hungary,Szentendre,Ady Endre utca,24, 20095,394
4521,Germany,Bavaria,Munich,Theresienstraße,6, 80053,224
4522,Poland,Mazowieckie,Radom,Żółkiewskiego St,25, 26076,133
4523,Poland,Dolnośląskie,Legnica,Dziennikarska St,40, 59097,204
4524,Romania,Timiș,Timișoara,Bulevardul Revoluției,48, 30017,351
4525,Poland,Małopolskie,Nowy Sącz,Sobieskiego St,22, 34035,175
4526,Poland,Małopolskie,Nowy Sącz,Lwowska St,48, 34027,174
4527,Germany,Bavaria,Munich,Sendlinger Straße,15, 80044,223
4528,Germany,Berlin,Berlin,Kurfürstendamm,4, 10023,291
4529,Romania,Cluj,Cluj-Napoca,Strada Horea,27, 40056,332
4530,Romania,Cluj,Cluj-Napoca,Piața Unirii,10, 40014,328
4531,Romania,Timiș,Lugoj,Strada Timișoarei,22, 31015,362
4532,Romania,Bucharest-Ilfov,Otopeni,Strada Crinului,35, 07046,319
4533,Ukraine,Kyiv region,Kyiv,Lesi Ukrainky Blvd,33, 010116,15
4534,Germany,North Rhine-Westphalia,Düsseldorf,Schadowstraße,14, 40014,267
4535,Hungary,Central Hungary,Szentendre,Ady Endre utca,21, 20095,394
4536,Poland,Mazowieckie,Warsaw,Świętokrzyska St,34, 01066,119
4537,Germany,Bavaria,Nuremberg,Vestnertorgraben,36, 90077,239
4538,Romania,Bucharest-Ilfov,Bucharest,Strada Lipscani,20, 01055,309
4539,Ukraine,Kyiv region,Irpin,Centralna St,42, 08007,28
4540,Poland,Małopolskie,Nowy Sącz,Sobieskiego St,15, 34034,175
4541,Germany,Bavaria,Munich,Fürstenrieder Straße,24, 800105,229
4542,Ukraine,Lviv region,Stryi,Maksyma Kryvonosa St,16, 83075,71
4543,Romania,Bucharest-Ilfov,Bucharest,Șoseaua Kiseleff,12, 01034,307
4544,Ukraine,Kyiv region,Kyiv,Khreshchatyk St,36, 01007,4
4545,Poland,Dolnośląskie,Legnica,Złotoryjska St,29, 59026,197
4546,Ukraine,Kyiv region,Kyiv,Ivana Franka St,3, 010102,14
4547,Ukraine,Lviv region,Stryi,Oleska St,7, 83013,65
4548,Poland,Mazowieckie,Płock,Żyzna St,2,09092,146
4549,Hungary,Northern Great Plain,Debrecen,Darabos utca,41, 40057,402
4550,Germany,North Rhine-Westphalia,Düsseldorf,Flinger Straße,19, 40025,268
4551,Hungary,Central Hungary,Budapest,Váci utca,45, 10017,375
4552,Romania,Cluj,Cluj-Napoca,Piața Unirii,35, 40016,328
4553,Ukraine,Lviv region,Lviv,Pekarska St,33, 79076,47
4554,Poland,Mazowieckie,Radom,25 Czerwca St,20, 26015,127
4555,Germany,North Rhine-Westphalia,Düsseldorf,Ratinger Straße,41, 40097,275
4556,Poland,Mazowieckie,Warsaw,Puławska St,26, 01046,117
4557,Ukraine,Lviv region,Drohobych,Truskavetska St,44, 82047,57
4558,Ukraine,Lviv region,Stryi,Chornovola St,37, 83067,70
4559,Ukraine,Lviv region,Drohobych,Shevchenka St,9, 82004,53
4560,Ukraine,Kyiv region,Kyiv,Shota Rustaveli St,34, 01086,12
4561,Poland,Mazowieckie,Płock,Łukasiewicza St,14,09064,143
4562,Romania,Timiș,Timișoara,Strada Gheorghe Lazăr,18, 30045,354
4563,Ukraine,Kyiv region,Bila Tserkva,Levantovych St,21, 09025,19
4564,Ukraine,Kyiv region,Bila Tserkva,Tekhnichna St,42, 09047,21
4565,Ukraine,Lviv region,Stryi,Maksyma Kryvonosa St,45, 83077,71
4566,Ukraine,Kyiv region,Bila Tserkva,Levantovych St,19, 09025,19
4567,Ukraine,Lviv region,Stryi,Horodotska St,8, 83053,69
4568,Ukraine,Kyiv region,Irpin,Centralna St,49, 08008,28
4569,Poland,Małopolskie,Tarnów,Bitwy pod Studziankami St,24, 33095,170
4570,Germany,Bavaria,Nuremberg,Karolinenstraße,44, 90017,233
4571,Ukraine,Odesa region,Odesa,Leontovycha St,13, 65094,85
4572,Poland,Mazowieckie,Płock,Graniczna St,35,09046,141
4573,Romania,Bucharest-Ilfov,Otopeni,Strada Viitorului,43, 07027,317
4574,Ukraine,Lviv region,Stryi,Tarasa Shevchenka Blvd,43, 83087,72
4575,Germany,North Rhine-Westphalia,Düsseldorf,Friedrichstraße,43, 40057,271
4576,Poland,Małopolskie,Kraków,Szewska St,8, 30033,152
4577,Poland,Małopolskie,Tarnów,Szujskiego St,7, 33053,166
4578,Hungary,Central Hungary,Szentendre,Rákóczi Ferenc utca,10, 20064,391
4579,Poland,Małopolskie,Kraków,Długa St,15, 30074,156
4580,Germany,North Rhine-Westphalia,Cologne,Eigelstein,21, 50095,264
4581,Poland,Mazowieckie,Radom,Okulickiego St,19, 26055,131
4582,Romania,Timiș,Timișoara,Strada Take Ionescu,21, 30055,355
4583,Germany,Bavaria,Nuremberg,Lorenzer Straße,33, 90056,237
4584,Germany,North Rhine-Westphalia,Düsseldorf,Bolkerstraße,11, 40034,269
4585,Hungary,Central Hungary,Szentendre,Fő tér,17, 20005,385
4586,Hungary,Transdanubia,Győr,Teleki László utca,16, 90085,439
4587,Germany,North Rhine-Westphalia,Bonn,Sternstraße,30, 53006,277
4588,Poland,Dolnośląskie,Wrocław,Grabiszyńska St,47, 50077,191
4589,Hungary,Central Hungary,Szentendre,Árpád utca,3, 20052,390
4590,Germany,Bavaria,Nuremberg,Lorenzer Straße,38, 90057,237
4591,Poland,Małopolskie,Tarnów,Broniewskiego St,35, 33086,169
4592,Ukraine,Lviv region,Stryi,Tarasa Shevchenka Blvd,18, 83085,72
4593,Ukraine,Kyiv region,Bila Tserkva,Heroiv Krut St,7, 09053,22
4594,Poland,Małopolskie,Tarnów,Klikowska St,4, 33063,167
4595,Poland,Dolnośląskie,Jelenia Góra,Piłsudskiego St,1, 58012,207
4596,Hungary,Transdanubia,Pécs,Citrom utca,39, 76047,424
4597,Romania,Timiș,Timișoara,Bulevardul Revoluției,4, 30013,351
4598,Romania,Cluj,Cluj-Napoca,Strada Moților,29, 40046,331
4599,Hungary,Northern Great Plain,Nyíregyháza,Dózsa György utca,13, 44014,409
4600,Ukraine,Lviv region,Drohobych,Stryiska St,45, 82027,55
4601,Ukraine,Kyiv region,Irpin,Miroshnychenka St,28, 08046,32
4602,Germany,Bavaria,Munich,Schwanthalerstraße,18, 80075,226
4603,Poland,Małopolskie,Kraków,Floriańska St,13, 30004,149
4604,Poland,Małopolskie,Nowy Sącz,Długosza St,29, 34016,173
4605,Germany,Bavaria,Augsburg,Konrad-Adenauer-Allee,47, 86097,252
4606,Hungary,Northern Great Plain,Debrecen,Piac utca,6, 40003,397
4607,Ukraine,Lviv region,Stryi,Maksyma Kryvonosa St,31, 83076,71
4608,Ukraine,Lviv region,Lviv,Kopernyka St,43, 79047,44
4609,Poland,Małopolskie,Nowy Sącz,Długosza St,22, 34015,173
4610,Poland,Małopolskie,Kraków,Szewska St,41, 30037,152
4611,Poland,Mazowieckie,Płock,Graniczna St,46,09047,141
4612,Poland,Mazowieckie,Warsaw,Marszałkowska St,9, 01014,114
4613,Romania,Bucharest-Ilfov,Bucharest,Bulevardul Unirii,10, 01014,305
4614,Hungary,Northern Great Plain,Nyíregyháza,Hősök tere,1, 44032,411
4615,Romania,Cluj,Turda,Strada Gării,14, 41074,345
4616,Ukraine,Odesa region,Izmail,Kotovskoho St,28, 68006,89
4617,Romania,Bucharest-Ilfov,Otopeni,Strada Mihai Eminescu,33, 07056,320
4618,Poland,Małopolskie,Tarnów,Nowy Świat,27, 33046,165
4619,Poland,Dolnośląskie,Legnica,Dziennikarska St,28, 59096,204
4620,Ukraine,Kyiv region,Bila Tserkva,Yaroslav Mudryi St,33, 09006,17
4621,Poland,Mazowieckie,Warsaw,Aleje Jerozolimskie,5, 01003,113
4622,Poland,Mazowieckie,Warsaw,Krakowskie Przedmieście,15, 01034,116
4623,Romania,Cluj,Turda,Strada Tineretului,36, 41067,344
4624,Romania,Timiș,Lugoj,Strada Eftimie Murgu,43, 31087,369
4625,Hungary,Transdanubia,Győr,Baross Gábor út,48, 90007,431
4626,Ukraine,Lviv region,Stryi,Horodotska St,17, 83055,69
4627,Ukraine,Odesa region,Chornomorsk,Sportyvna St,33, 69096,109
4628,Ukraine,Odesa region,Chornomorsk,Industrialna St,44, 69067,106
4629,Germany,North Rhine-Westphalia,Cologne,Ehrenstraße,15, 50074,262
4630,Hungary,Central Hungary,Budapest,Margit körút,5, 10063,380
4631,Germany,North Rhine-Westphalia,Bonn,Adenauerallee,23, 53045,281
4632,Poland,Dolnośląskie,Jelenia Góra,1 Maja St,36, 58007,206
4633,Poland,Dolnośląskie,Jelenia Góra,Konstytucji 3 Maja St,43, 58077,213
4634,Germany,Bavaria,Munich,Fürstenrieder Straße,2, 800102,229
4635,Poland,Mazowieckie,Warsaw,Chmielna St,31, 01076,120
4636,Hungary,Northern Great Plain,Debrecen,Nyíl utca,38, 40097,406
4637,Romania,Cluj,Turda,Strada Mihai Viteazul,23, 41045,342
4638,Ukraine,Kyiv region,Kyiv,Ivana Franka St,17, 010105,14
4639,Poland,Małopolskie,Tarnów,Mościckiego Ave,44, 33077,168
4640,Poland,Małopolskie,Kraków,Dietla St,1, 30062,155
4641,Poland,Małopolskie,Tarnów,Wałowa St,42, 33007,161
4642,Poland,Mazowieckie,Radom,Traugutta St,14, 26024,128
4643,Hungary,Northern Great Plain,Nyíregyháza,Hősök tere,42, 44037,411
4644,Germany,Bavaria,Nuremberg,Färberstraße,42, 90037,235
4645,Ukraine,Lviv region,Lviv,Kopernyka St,4, 79043,44
4646,Romania,Timiș,Timișoara,Strada Arieș,18, 30075,357
4647,Poland,Dolnośląskie,Jelenia Góra,Sudecka St,31, 58036,209
4648,Poland,Mazowieckie,Warsaw,Hoża St,36, 010117,124
4649,Romania,Cluj,Turda,Strada Trandafirilor,8, 41083,346
4650,Poland,Małopolskie,Nowy Sącz,Grottgera St,43, 34057,177
4651,Germany,North Rhine-Westphalia,Bonn,Friedensplatz,47, 53017,278
4652,Hungary,Transdanubia,Pécs,Citrom utca,1, 76042,424
4653,Germany,Bavaria,Munich,Brienner Straße,46, 80067,225
4654,Romania,Bucharest-Ilfov,Otopeni,Strada Griviței,43, 07067,321
4655,Hungary,Northern Great Plain,Nyíregyháza,Kossuth tér,25, 44006,408
4656,Germany,North Rhine-Westphalia,Düsseldorf,Ackerstraße,27, 40076,273
4657,Poland,Małopolskie,Nowy Sącz,Jagiellońska St,15, 34004,172
4658,Hungary,Transdanubia,Győr,Teleki László utca,5, 90083,439
4659,Hungary,Central Hungary,Szentendre,Barcsay utca,40, 20087,393
4660,Ukraine,Lviv region,Lviv,Franko St,47, 79027,42
4661,Germany,North Rhine-Westphalia,Cologne,Eigelstein,31, 50096,264
4662,Germany,Berlin,Berlin,Prenzlauer Allee,9, 100114,300
4663,Ukraine,Kyiv region,Irpin,Kyivska St,49, 08088,36
4664,Poland,Dolnośląskie,Jelenia Góra,Sudecka St,20, 58035,209
4665,Ukraine,Odesa region,Odesa,Italiiska St,8, 650103,86
4666,Poland,Mazowieckie,Radom,Traugutta St,27, 26026,128
4667,Romania,Timiș,Timișoara,Strada Take Ionescu,35, 30056,355
4668,Ukraine,Kyiv region,Kyiv,Khreshchatyk St,14, 01004,4
4669,Germany,Bavaria,Augsburg,Maximilianstraße,40, 86007,243
4670,Romania,Cluj,Turda,Strada Gheorghe Doja,22, 41025,340
4671,Ukraine,Kyiv region,Irpin,Pushkinska St,42, 08067,34
4672,Germany,North Rhine-Westphalia,Bonn,Colmantstraße,42, 53067,283
4673,Poland,Małopolskie,Tarnów,Krakowska St,39, 33017,162
4674,Hungary,Transdanubia,Győr,Baross Gábor út,22, 90005,431
4675,Romania,Cluj,Cluj-Napoca,Strada Moților,3, 40042,331
4676,Ukraine,Odesa region,Odesa,Fontanska Rd,27, 65076,83
4677,Germany,Bavaria,Nuremberg,Bahnhofstraße,11, 90044,236
4678,Hungary,Central Hungary,Szentendre,Ady Endre utca,1, 20092,394
4679,Poland,Małopolskie,Nowy Sącz,Piłsudskiego St,37, 34067,178
4680,Poland,Małopolskie,Kraków,Grodzka St,13, 30014,150
4681,Romania,Timiș,Lugoj,Strada Bocșei,48, 31027,363
4682,Romania,Bucharest-Ilfov,Otopeni,Calea Bucureștilor,11, 07004,315
4683,Poland,Dolnośląskie,Wrocław,Robotnicza St,21, 50065,190
4684,Poland,Dolnośląskie,Legnica,Chojnowska St,20, 59055,200
4685,Poland,Małopolskie,Nowy Sącz,Sobieskiego St,16, 34035,175
4686,Hungary,Transdanubia,Győr,Révai Miklós utca,26, 90076,438
4687,Poland,Dolnośląskie,Jelenia Góra,Sobieskiego St,36, 58067,212
4688,Germany,Bavaria,Augsburg,Ulmer Straße,37, 86037,246
4689,Ukraine,Odesa region,Odesa,Ryshelievska St,47, 65057,81
4690,Poland,Małopolskie,Tarnów,Mościckiego Ave,1, 33072,168
4691,Poland,Mazowieckie,Radom,Warszawska St,8, 26063,132
4692,Romania,Timiș,Lugoj,Strada Buziașului,48, 31047,365
4693,Ukraine,Lviv region,Drohobych,Boryslavska St,14, 82084,61
4694,Ukraine,Odesa region,Odesa,Italiiska St,42, 650107,86
4695,Germany,Bavaria,Augsburg,Bahnhofstraße,11, 86014,244
4696,Germany,North Rhine-Westphalia,Bonn,Sternstraße,25, 53006,277
4697,Germany,North Rhine-Westphalia,Cologne,Eigelstein,12, 50094,264
4698,Hungary,Central Hungary,Budapest,Andrássy út,38, 10007,374
4699,Poland,Dolnośląskie,Legnica,Chojnowska St,14, 59054,200
4700,Germany,Bavaria,Munich,Fürstenrieder Straße,28, 800106,229
4701,Ukraine,Lviv region,Stryi,Tarasa Shevchenka Blvd,6, 83083,72
4702,Hungary,Transdanubia,Pécs,Király utca,18, 76005,420
4703,Germany,North Rhine-Westphalia,Cologne,Zülpicher Straße,39, 50067,261
4704,Germany,Bavaria,Munich,Dachauer Straße,8, 80083,227
4705,Hungary,Northern Great Plain,Debrecen,Csapó utca,26, 40046,401
4706,Poland,Mazowieckie,Warsaw,Marszałkowska St,4, 01013,114
4707,Romania,Cluj,Cluj-Napoca,Piața Unirii,27, 40016,328
4708,Romania,Timiș,Timișoara,Strada Alba Iulia,12, 30024,352
4709,Ukraine,Lviv region,Drohobych,Stryiska St,5, 82023,55
4710,Romania,Cluj,Cluj-Napoca,Strada Dorobanților,11, 40094,336
4711,Germany,Bavaria,Munich,Rosenheimer Straße,28, 800116,230
4712,Ukraine,Odesa region,Odesa,Italiiska St,3, 650102,86
4713,Romania,Cluj,Cluj-Napoca,Strada Avram Iancu,22, 40065,333
4714,Germany,North Rhine-Westphalia,Bonn,Berliner Freiheit,24, 53055,282
4715,Ukraine,Odesa region,Chornomorsk,Stepova St,41, 69057,105
4716,Ukraine,Lviv region,Lviv,Shevchenka St,33, 79016,41
4717,Romania,Cluj,Cluj-Napoca,Strada Horea,24, 40055,332
4718,Hungary,Transdanubia,Pécs,Rákóczi út,23, 76025,422
4719,Poland,Małopolskie,Nowy Sącz,Grottgera St,26, 34056,177
4720,Germany,Bavaria,Munich,Leopoldstraße,24, 80005,219
4721,Poland,Małopolskie,Kraków,Basztowa St,25, 30086,157
4722,Poland,Małopolskie,Tarnów,Mościckiego Ave,45, 33077,168
4723,Ukraine,Lviv region,Drohobych,Tobilevycha St,23, 82075,60
4724,Hungary,Northern Great Plain,Nyíregyháza,Hősök tere,45, 44037,411
4725,Romania,Bucharest-Ilfov,Bucharest,Șoseaua Pantelimon,6, 01083,312
4726,Ukraine,Odesa region,Odesa,Kanatna St,22, 65025,78
4727,Germany,Bavaria,Munich,Kaufingerstraße,37, 80037,222
4728,Ukraine,Lviv region,Drohobych,Stryiska St,3, 82022,55
4729,Hungary,Central Hungary,Szentendre,Dumtsa Jenő utca,31, 20016,386
4730,Romania,Timiș,Lugoj,Strada Astalaș,46, 31037,364
4731,Poland,Małopolskie,Kraków,Kazimierza Wielkiego St,25, 30046,153
4732,Ukraine,Kyiv region,Kyiv,Henerala Almazova St,26, 01096,13
4733,Hungary,Central Hungary,Szentendre,Rákóczi Ferenc utca,43, 20067,391
4734,Ukraine,Odesa region,Chornomorsk,Odeska St,11, 69074,107
4735,Germany,North Rhine-Westphalia,Bonn,Sternstraße,9, 53004,277
4736,Poland,Dolnośląskie,Legnica,Pocztowa St,4, 59073,202
4737,Hungary,Central Hungary,Budapest,Október huszonharmadika utca,7, 10053,379
4738,Romania,Cluj,Turda,Strada Mihai Viteazul,34, 41046,342
4739,Hungary,Transdanubia,Győr,Munkás utca,36, 90057,436
4740,Germany,Bavaria,Munich,Leopoldstraße,11, 80004,219
4741,Ukraine,Kyiv region,Kyiv,Kharkivske Hwy,43, 01067,10
4742,Poland,Małopolskie,Kraków,Dietla St,18, 30065,155
4743,Poland,Mazowieckie,Płock,Bielska St,30,09036,140
4744,Hungary,Central Hungary,Budapest,Kossuth Lajos utca,49, 10028,376
4745,Hungary,Central Hungary,Szentendre,Ady Endre utca,9, 20094,394
4746,Hungary,Transdanubia,Győr,Szent István út,43, 90027,433
4747,Ukraine,Lviv region,Drohobych,Lesi Ukrainky St,4, 82063,59
4748,Romania,Cluj,Cluj-Napoca,Piața Unirii,2, 40012,328
4749,Hungary,Transdanubia,Pécs,Hunyadi János utca,3, 76062,426
4750,Poland,Małopolskie,Kraków,Długa St,20, 30075,156
4751,Poland,Dolnośląskie,Jelenia Góra,Wolności St,1, 58042,210
4752,Hungary,Central Hungary,Budapest,Bartók Béla út,18, 10045,378
4753,Romania,Cluj,Cluj-Napoca,Strada Memorandumului,36, 40027,329
4754,Germany,Berlin,Berlin,Schönhauser Allee,28, 100106,299
4755,Hungary,Transdanubia,Pécs,Hunyadi János utca,25, 76066,426
4756,Hungary,Transdanubia,Győr,Kálvária út,21, 90035,434
4757,Romania,Cluj,Turda,Strada Mihai Viteazul,29, 41046,342
4758,Germany,North Rhine-Westphalia,Düsseldorf,Ratinger Straße,40, 40097,275
4759,Poland,Mazowieckie,Warsaw,Krucza St,1, 01092,122
4760,Poland,Małopolskie,Tarnów,Słowackiego St,40, 33037,164
4761,Hungary,Transdanubia,Győr,Munkás utca,17, 90055,436
4762,Romania,Bucharest-Ilfov,Bucharest,Calea Dorobanți,45, 01047,308
4763,Ukraine,Odesa region,Odesa,Leontovycha St,8, 65093,85
4764,Poland,Małopolskie,Kraków,Świętego Tomasza St,33, 300106,159
4765,Poland,Mazowieckie,Radom,Focha St,11, 26034,129
4766,Germany,North Rhine-Westphalia,Cologne,Hohe Straße,2, 50002,255
4767,Romania,Cluj,Cluj-Napoca,Calea Turzii,25, 40036,330
4768,Ukraine,Kyiv region,Kyiv,Dmytrivska St,8, 01073,11
4769,Poland,Dolnośląskie,Legnica,Piłsudskiego St,32, 59036,198
4770,Germany,Bavaria,Nuremberg,Jakobsplatz,17, 90065,238
4771,Romania,Cluj,Turda,Strada Mihai Viteazul,48, 41047,342
4772,Poland,Dolnośląskie,Jelenia Góra,Bankowa St,33, 58026,208
4773,Poland,Dolnośląskie,Jelenia Góra,Sobieskiego St,33, 58066,212
4774,Germany,North Rhine-Westphalia,Bonn,Breite Straße,11, 53094,286
4775,Hungary,Transdanubia,Győr,Kazinczy utca,29, 90046,435
4776,Ukraine,Kyiv region,Irpin,Centralna St,18, 08005,28
4777,Romania,Bucharest-Ilfov,Bucharest,Calea Moșilor,17, 01025,306
4778,Poland,Dolnośląskie,Jelenia Góra,Sudecka St,14, 58034,209
4779,Poland,Małopolskie,Tarnów,Mościckiego Ave,8, 33073,168
4780,Hungary,Northern Great Plain,Nyíregyháza,Széchenyi utca,31, 44046,412
4781,Hungary,Central Hungary,Szentendre,Ady Endre utca,22, 20095,394
4782,Ukraine,Lviv region,Drohobych,Tobilevycha St,22, 82075,60
4783,Poland,Mazowieckie,Radom,Okulickiego St,38, 26057,131
4784,Germany,North Rhine-Westphalia,Bonn,Breite Straße,41, 53097,286
4785,Ukraine,Kyiv region,Bila Tserkva,Soborna Sq,35, 09016,18
4786,Ukraine,Odesa region,Odesa,Fontanska Rd,41, 65077,83
4787,Poland,Dolnośląskie,Legnica,Dziennikarska St,35, 59096,204
4788,Ukraine,Kyiv region,Kyiv,Henerala Almazova St,24, 01095,13
4789,Hungary,Central Hungary,Budapest,Kossuth Lajos utca,12, 10024,376
4790,Germany,North Rhine-Westphalia,Bonn,Adenauerallee,16, 53045,281
4791,Ukraine,Kyiv region,Kyiv,Peremohy Ave,40, 01037,7
4792,Ukraine,Kyiv region,Irpin,Pushkinska St,30, 08066,34
4793,Germany,Berlin,Berlin,Unter den Linden,30, 10006,289
4794,Poland,Dolnośląskie,Jelenia Góra,Ogińskiego St,16, 58055,211
4795,Romania,Bucharest-Ilfov,Otopeni,Strada Ștefan cel Mare,13, 07084,323
4796,Poland,Mazowieckie,Warsaw,Hoża St,1, 010112,124
4797,Ukraine,Odesa region,Izmail,Pushkina St,34, 68046,93
4798,Hungary,Central Hungary,Budapest,Bajcsy-Zsilinszky út,38, 10097,383
4799,Ukraine,Lviv region,Drohobych,Boryslavska St,32, 82086,61
4800,Romania,Timiș,Lugoj,Strada Avram Iancu,25, 31066,367
4801,Romania,Timiș,Timișoara,Piața Victoriei,2, 30002,350
4802,Romania,Cluj,Cluj-Napoca,Strada Moților,12, 40044,331
4803,Germany,Berlin,Berlin,Schönhauser Allee,6, 100103,299
4804,Poland,Małopolskie,Nowy Sącz,Grottgera St,40, 34057,177
4805,Ukraine,Lviv region,Drohobych,Truskavetska St,12, 82044,57
4806,Poland,Dolnośląskie,Legnica,Najświętszej Marii Panny St,46, 59007,195
4807,Germany,North Rhine-Westphalia,Düsseldorf,Ratinger Straße,28, 40096,275
4808,Germany,North Rhine-Westphalia,Düsseldorf,Königsallee,30, 40006,266
4809,Poland,Mazowieckie,Płock,Dobrzyńska St,15,09054,142
4810,Poland,Mazowieckie,Warsaw,Świętokrzyska St,39, 01067,119
4811,Poland,Małopolskie,Tarnów,Klikowska St,27, 33066,167
4812,Germany,North Rhine-Westphalia,Cologne,Eigelstein,28, 50096,264
4813,Poland,Dolnośląskie,Legnica,Dziennikarska St,4, 59093,204
4814,Romania,Bucharest-Ilfov,Bucharest,Bulevardul Magheru,42, 01067,310
4815,Poland,Małopolskie,Tarnów,Krakowska St,14, 33014,162
4816,Germany,Bavaria,Augsburg,Jakobstraße,5, 86083,251
4817,Germany,Bavaria,Nuremberg,Färberstraße,1, 90032,235
4818,Ukraine,Lviv region,Lviv,Shevchenka St,8, 79013,41
4819,Poland,Mazowieckie,Płock,Dobrzyńska St,1,09052,142
4820,Germany,North Rhine-Westphalia,Cologne,Hohe Straße,4, 50003,255
4821,Ukraine,Odesa region,Izmail,Kotovskoho St,18, 68005,89
4822,Germany,Bavaria,Munich,Rosenheimer Straße,8, 800113,230
4823,Poland,Mazowieckie,Radom,Traugutta St,43, 26027,128
4824,Poland,Mazowieckie,Warsaw,Aleje Jerozolimskie,10, 01004,113
4825,Poland,Dolnośląskie,Wrocław,Oławska St,13, 50024,186
4826,Romania,Timiș,Lugoj,Strada Caransebeșului,15, 31004,361
4827,Hungary,Transdanubia,Győr,Virág utca,6, 90063,437
4828,Ukraine,Kyiv region,Kyiv,Dmytrivska St,1, 01072,11
4829,Ukraine,Odesa region,Odesa,Uspenska St,15, 65044,80
4830,Hungary,Central Hungary,Budapest,Kossuth Lajos utca,4, 10023,376
4831,Romania,Bucharest-Ilfov,Bucharest,Calea Victoriei,21, 01005,304
4832,Ukraine,Kyiv region,Irpin,Centralna St,33, 08006,28
4833,Romania,Cluj,Turda,Strada Constructorilor,27, 41056,343
4834,Romania,Timiș,Lugoj,Strada Ștrandului,40, 31057,366
4835,Romania,Timiș,Timișoara,Bulevardul Liviu Rebreanu,5, 30093,359
4836,Poland,Małopolskie,Nowy Sącz,Barska St,26, 34046,176
4837,Poland,Małopolskie,Nowy Sącz,Długosza St,36, 34017,173
4838,Poland,Mazowieckie,Radom,Żeromskiego St,8, 26003,126
4839,Poland,Małopolskie,Kraków,Floriańska St,37, 30007,149
4840,Germany,Bavaria,Munich,Schwanthalerstraße,17, 80075,226
4841,Poland,Małopolskie,Tarnów,Wałowa St,12, 33004,161
4842,Hungary,Northern Great Plain,Debrecen,Böszörményi út,3, 40032,400
4843,Poland,Dolnośląskie,Jelenia Góra,Konstytucji 3 Maja St,20, 58075,213
4844,Poland,Mazowieckie,Płock,Bielska St,48,09037,140
4845,Romania,Cluj,Turda,Strada Tineretului,3, 41062,344
4846,Germany,Berlin,Berlin,Potsdamer Straße,46, 10047,293
4847,Hungary,Central Hungary,Szentendre,Dumtsa Jenő utca,41, 20017,386
4848,Hungary,Central Hungary,Szentendre,Dumtsa Jenő utca,18, 20015,386
4849,Romania,Timiș,Timișoara,Strada Alba Iulia,45, 30027,352
4850,Ukraine,Kyiv region,Kyiv,Khreshchatyk St,35, 01006,4
4851,Poland,Mazowieckie,Warsaw,Marszałkowska St,33, 01016,114
4852,Poland,Małopolskie,Kraków,Karmelicka St,9, 30024,151
4853,Ukraine,Odesa region,Izmail,Sadova St,31, 68036,92
4854,Germany,North Rhine-Westphalia,Düsseldorf,Königsallee,20, 40005,266
4855,Ukraine,Lviv region,Lviv,Levandivska St,29, 790116,51
4856,Hungary,Central Hungary,Szentendre,Árpád utca,13, 20054,390
4857,Ukraine,Kyiv region,Irpin,Miroshnychenka St,3, 08042,32
4858,Romania,Bucharest-Ilfov,Bucharest,Strada Lipscani,49, 01058,309
4859,Poland,Małopolskie,Kraków,Karmelicka St,16, 30025,151
4860,Romania,Cluj,Cluj-Napoca,Piața Unirii,34, 40016,328
4861,Romania,Cluj,Cluj-Napoca,Strada George Barițiu,36, 40087,335
4862,Germany,North Rhine-Westphalia,Cologne,Severinstraße,40, 50057,260
4863,Germany,Berlin,Berlin,Invalidenstraße,10, 10074,296
4864,Ukraine,Kyiv region,Kyiv,Saksahanskoho St,9, 01024,6
4865,Ukraine,Lviv region,Lviv,Pekarska St,28, 79076,47
4866,Germany,Berlin,Berlin,Kurfürstendamm,42, 10027,291
4867,Ukraine,Lviv region,Drohobych,Boryslavska St,12, 82084,61
4868,Hungary,Transdanubia,Győr,Munkás utca,1, 90052,436
4869,Poland,Mazowieckie,Warsaw,Świętokrzyska St,31, 01066,119
4870,Hungary,Northern Great Plain,Nyíregyháza,Rákóczi utca,42, 44027,410
4871,Poland,Małopolskie,Nowy Sącz,Barska St,30, 34046,176
4872,Hungary,Central Hungary,Szentendre,Árpád utca,17, 20055,390
4873,Ukraine,Odesa region,Odesa,Italiiska St,31, 650106,86
4874,Hungary,Transdanubia,Győr,Baross Gábor út,1, 90002,431
4875,Ukraine,Odesa region,Odesa,Kanatna St,27, 65026,78
4876,Ukraine,Odesa region,Chornomorsk,Industrialna St,37, 69067,106
4877,Poland,Małopolskie,Kraków,Kazimierza Wielkiego St,3, 30042,153
4878,Poland,Mazowieckie,Płock,Graniczna St,10,09044,141
4879,Ukraine,Kyiv region,Kyiv,Henerala Almazova St,49, 01098,13
4880,Poland,Mazowieckie,Płock,Mostowa St,33,09076,144
4881,Hungary,Central Hungary,Szentendre,Árpád utca,27, 20056,390
4882,Poland,Mazowieckie,Płock,Mazowiecka St,29,09086,145
4883,Poland,Dolnośląskie,Wrocław,Robotnicza St,10, 50064,190
4884,Ukraine,Odesa region,Chornomorsk,Heroiv Stalingrada St,17, 69025,102
4885,Poland,Dolnośląskie,Jelenia Góra,Pijarska St,1, 58092,215
4886,Germany,North Rhine-Westphalia,Cologne,Ehrenstraße,21, 50075,262
4887,Hungary,Transdanubia,Pécs,Citrom utca,20, 76045,424
4888,Hungary,Central Hungary,Budapest,Üllői út,30, 10086,382
4889,Poland,Małopolskie,Tarnów,Broniewskiego St,27, 33086,169
4890,Romania,Bucharest-Ilfov,Otopeni,Strada Mihai Viteazul,38, 07077,322
4891,Hungary,Transdanubia,Pécs,Jókai tér,13, 76034,423
4892,Ukraine,Kyiv region,Bila Tserkva,Levantovych St,2, 09022,19
4893,Hungary,Transdanubia,Győr,Munkás utca,13, 90054,436
4894,Hungary,Central Hungary,Budapest,Bartók Béla út,21, 10045,378
4895,Germany,North Rhine-Westphalia,Düsseldorf,Breite Straße,28, 40046,270
4896,Ukraine,Lviv region,Stryi,Shevchenka St,16, 83005,64
4897,Germany,Bavaria,Munich,Sendlinger Straße,32, 80046,223
4898,Germany,Bavaria,Augsburg,Konrad-Adenauer-Allee,25, 86096,252
4899,Poland,Mazowieckie,Radom,Focha St,29, 26036,129
4900,Poland,Dolnośląskie,Legnica,Mickiewicza St,38, 59067,201
4901,Poland,Małopolskie,Tarnów,Słowackiego St,14, 33034,164
4902,Poland,Mazowieckie,Płock,Mostowa St,8,09073,144
4903,Romania,Timiș,Lugoj,Strada Avram Iancu,14, 31064,367
4904,Germany,North Rhine-Westphalia,Düsseldorf,Bolkerstraße,21, 40035,269
4905,Poland,Małopolskie,Kraków,Floriańska St,10, 30004,149
4906,Ukraine,Odesa region,Izmail,Myru St,36, 68057,94
4907,Hungary,Central Hungary,Budapest,Október huszonharmadika utca,38, 10057,379
4908,Ukraine,Odesa region,Chornomorsk,Nezalezhnosti St,43, 69037,103
4909,Romania,Timiș,Timișoara,Piața Victoriei,6, 30003,350
4910,Hungary,Transdanubia,Győr,Szent István út,39, 90027,433
4911,Germany,North Rhine-Westphalia,Düsseldorf,Ackerstraße,5, 40073,273
4912,Romania,Cluj,Turda,Strada Tineretului,34, 41066,344
4913,Ukraine,Lviv region,Lviv,Pekarska St,18, 79075,47
4914,Ukraine,Odesa region,Chornomorsk,Nezalezhnosti St,21, 69035,103
4915,Poland,Dolnośląskie,Jelenia Góra,Sobieskiego St,17, 58065,212
4916,Germany,North Rhine-Westphalia,Cologne,Aachener Straße,21, 50035,258
4917,Ukraine,Lviv region,Drohobych,Tobilevycha St,27, 82076,60
4918,Poland,Mazowieckie,Radom,Okulickiego St,14, 26054,131
4919,Hungary,Northern Great Plain,Nyíregyháza,Hősök tere,24, 44035,411
4920,Romania,Cluj,Turda,Strada Zambilelor,41, 41097,347
4921,Ukraine,Kyiv region,Irpin,Pushkinska St,49, 08068,34
4922,Ukraine,Lviv region,Drohobych,Stepana Bandery St,13, 82014,54
4923,Germany,Bavaria,Munich,Brienner Straße,9, 80064,225
4924,Germany,North Rhine-Westphalia,Düsseldorf,Friedrichstraße,10, 40054,271
4925,Germany,Bavaria,Augsburg,Karlstraße,48, 86067,249
4926,Poland,Małopolskie,Nowy Sącz,Piłsudskiego St,8, 34063,178
4927,Germany,Bavaria,Augsburg,Jakobstraße,3, 86082,251
4928,Poland,Dolnośląskie,Legnica,Piłsudskiego St,27, 59036,198
4929,Ukraine,Kyiv region,Bila Tserkva,Volodymyrska St,9, 09074,24
4930,Poland,Mazowieckie,Płock,Łukasiewicza St,3,09062,143
4931,Hungary,Northern Great Plain,Debrecen,Piac utca,24, 40005,397
4932,Ukraine,Odesa region,Odesa,Uspenska St,42, 65047,80
4933,Germany,North Rhine-Westphalia,Bonn,Berliner Freiheit,13, 53054,282
4934,Hungary,Central Hungary,Szentendre,Fő tér,40, 20007,385
4935,Ukraine,Kyiv region,Irpin,Kyivska St,45, 08087,36
4936,Ukraine,Kyiv region,Bila Tserkva,Soborna Sq,27, 09016,18
4937,Ukraine,Kyiv region,Kyiv,Khreshchatyk St,8, 01003,4
4938,Ukraine,Lviv region,Stryi,Chornovola St,30, 83066,70
4939,Germany,North Rhine-Westphalia,Cologne,Schildergasse,28, 50016,256
4940,Hungary,Transdanubia,Győr,Virág utca,46, 90067,437
4941,Hungary,Central Hungary,Szentendre,Árpád utca,42, 20057,390
4942,Hungary,Central Hungary,Szentendre,Duna korzó,20, 20025,387
4943,Ukraine,Kyiv region,Bila Tserkva,Levantovych St,27, 09026,19
4944,Germany,North Rhine-Westphalia,Cologne,Severinstraße,2, 50052,260
4945,Germany,North Rhine-Westphalia,Bonn,Sternstraße,21, 53005,277
4946,Romania,Cluj,Turda,Strada Gării,7, 41073,345
4947,Germany,Bavaria,Augsburg,Bahnhofstraße,47, 86017,244
4948,Ukraine,Lviv region,Stryi,Chornovola St,46, 83067,70
4949,Hungary,Central Hungary,Szentendre,Petőfi Sándor utca,45, 20077,392
4950,Poland,Małopolskie,Tarnów,Szujskiego St,22, 33055,166
4951,Poland,Mazowieckie,Płock,Bielska St,40,09037,140
4952,Romania,Bucharest-Ilfov,Bucharest,Strada Lipscani,18, 01055,309
4953,Germany,North Rhine-Westphalia,Cologne,Neumarkt,27, 50086,263
4954,Hungary,Central Hungary,Szentendre,Duna korzó,17, 20025,387
4955,Romania,Bucharest-Ilfov,Bucharest,Calea Dorobanți,38, 01047,308
4956,Hungary,Northern Great Plain,Debrecen,Nyíl utca,39, 40097,406
4957,Hungary,Central Hungary,Budapest,Rákóczi út,13, 10034,377
4958,Germany,Bavaria,Augsburg,Jakobstraße,6, 86083,251
4959,Germany,Bavaria,Munich,Ludwigstraße,8, 80013,220
4960,Hungary,Central Hungary,Budapest,Bartók Béla út,28, 10046,378
4961,Germany,North Rhine-Westphalia,Bonn,Oxfordstraße,41, 53027,279
4962,Poland,Małopolskie,Kraków,Długa St,8, 30073,156
4963,Ukraine,Lviv region,Stryi,Olesia Honchara St,10, 83024,66
4964,Hungary,Northern Great Plain,Nyíregyháza,Dózsa György utca,38, 44017,409
4965,Ukraine,Kyiv region,Kyiv,Naberezhne Hwy,20, 01055,9
4966,Romania,Cluj,Turda,Strada Libertății,27, 41016,339
4967,Ukraine,Kyiv region,Kyiv,Peremohy Ave,6, 01033,7
4968,Germany,North Rhine-Westphalia,Bonn,Oxfordstraße,29, 53026,279
4969,Hungary,Northern Great Plain,Debrecen,Piac utca,33, 40006,397
4970,Poland,Dolnośląskie,Jelenia Góra,Konstytucji 3 Maja St,42, 58077,213
4971,Hungary,Northern Great Plain,Debrecen,Kossuth utca,18, 40015,398
4972,Germany,Bavaria,Munich,Rosenheimer Straße,11, 800114,230
4973,Ukraine,Lviv region,Drohobych,Tobilevycha St,44, 82077,60
4974,Germany,North Rhine-Westphalia,Cologne,Zülpicher Straße,32, 50066,261
4975,Romania,Timiș,Timișoara,Strada Take Ionescu,10, 30054,355
4976,Germany,North Rhine-Westphalia,Bonn,Colmantstraße,43, 53067,283
4977,Germany,North Rhine-Westphalia,Cologne,Breite Straße,48, 50027,257
4978,Germany,Bavaria,Augsburg,Ulmer Straße,2, 86032,246
4979,Ukraine,Odesa region,Odesa,Ryshelievska St,25, 65056,81
4980,Hungary,Transdanubia,Pécs,Tímár utca,35, 76096,429
4981,Germany,Bavaria,Munich,Theresienstraße,39, 80057,224
4982,Ukraine,Kyiv region,Bila Tserkva,Oleksandriiska St,38, 09037,20
4983,Germany,North Rhine-Westphalia,Bonn,Breite Straße,49, 53098,286
4984,Hungary,Central Hungary,Szentendre,Petőfi Sándor utca,49, 20078,392
4985,Romania,Timiș,Lugoj,Strada Eftimie Murgu,46, 31087,369
4986,Poland,Dolnośląskie,Jelenia Góra,Pijarska St,17, 58095,215
4987,Ukraine,Kyiv region,Bila Tserkva,Oleksandriiska St,21, 09035,20
4988,Hungary,Transdanubia,Győr,Baross Gábor út,11, 90004,431
4989,Poland,Mazowieckie,Płock,Żyzna St,26,09096,146
4990,Hungary,Central Hungary,Budapest,Október huszonharmadika utca,42, 10057,379
4991,Poland,Dolnośląskie,Legnica,Pocztowa St,28, 59076,202
4992,Poland,Dolnośląskie,Legnica,Dziennikarska St,38, 59097,204
4993,Romania,Cluj,Cluj-Napoca,Strada Avram Iancu,39, 40067,333
4994,Ukraine,Odesa region,Chornomorsk,Parusna St,5, 69003,100
4995,Poland,Mazowieckie,Płock,Mazowiecka St,11,09084,145
4996,Germany,Bavaria,Nuremberg,Breite Gasse,45, 90027,234
4997,Germany,North Rhine-Westphalia,Cologne,Schildergasse,25, 50016,256
4998,Ukraine,Lviv region,Lviv,Halytska St,47, 79087,48
4999,Poland,Małopolskie,Nowy Sącz,Długosza St,24, 34015,173
5000,Germany,Bavaria,Nuremberg,Färberstraße,7, 90033,235
5001,Hungary,Northern Great Plain,Nyíregyháza,Kertvárosi utca,3, 44082,416
5002,Ukraine,Kyiv region,Kyiv,Dmytrivska St,44, 01077,11
5003,Ukraine,Odesa region,Odesa,Primorsky Blvd,39, 65017,77
5004,Ukraine,Lviv region,Lviv,Horodotska St,4, 79053,45
5005,Poland,Dolnośląskie,Wrocław,Świdnicka St,49, 50008,184
5006,Ukraine,Lviv region,Lviv,Svobody Ave,24, 79005,40
5007,Ukraine,Odesa region,Chornomorsk,Stepova St,10, 69054,105
5008,Ukraine,Kyiv region,Irpin,Pushkinska St,38, 08067,34
5009,Ukraine,Kyiv region,Irpin,Centralna St,14, 08004,28
5010,Poland,Małopolskie,Kraków,Grodzka St,10, 30014,150
5011,Ukraine,Kyiv region,Irpin,Centralna St,28, 08006,28
5012,Hungary,Northern Great Plain,Nyíregyháza,Kertvárosi utca,36, 44087,416
5013,Hungary,Transdanubia,Győr,Kazinczy utca,11, 90044,435
5014,Germany,Bavaria,Augsburg,Hermanstraße,30, 86026,245
5015,Romania,Cluj,Cluj-Napoca,Strada George Barițiu,1, 40082,335
5016,Hungary,Northern Great Plain,Debrecen,Piac utca,1, 40002,397
5017,Hungary,Central Hungary,Budapest,Margit körút,49, 10068,380
5018,Poland,Mazowieckie,Warsaw,Tamka St,39, 01057,118
5019,Poland,Małopolskie,Kraków,Świętego Tomasza St,40, 300107,159
5020,Ukraine,Odesa region,Chornomorsk,Parusna St,39, 69007,100
5021,Ukraine,Kyiv region,Irpin,Tsentralnyi Park Ave,18, 08025,30
5022,Germany,Berlin,Berlin,Potsdamer Straße,19, 10045,293
5023,Poland,Mazowieckie,Radom,Warszawska St,7, 26063,132
5024,Ukraine,Odesa region,Odesa,Primorsky Blvd,40, 65017,77
5025,Germany,Berlin,Berlin,Potsdamer Straße,34, 10046,293
5026,Ukraine,Odesa region,Odesa,Uspenska St,26, 65046,80
5027,Germany,Bavaria,Munich,Rosenheimer Straße,33, 800116,230
5028,Hungary,Transdanubia,Pécs,Megyeri út,36, 76077,427
5029,Romania,Bucharest-Ilfov,Bucharest,Bulevardul Magheru,4, 01063,310
5030,Ukraine,Kyiv region,Bila Tserkva,Yuvileina St,32, 09066,23
5031,Ukraine,Kyiv region,Bila Tserkva,Tekhnichna St,40, 09047,21
5032,Germany,North Rhine-Westphalia,Cologne,Neumarkt,32, 50086,263
5033,Poland,Małopolskie,Nowy Sącz,Lwowska St,21, 34025,174
5034,Ukraine,Odesa region,Odesa,Panteleimonivska St,23, 65035,79
5035,Ukraine,Kyiv region,Bila Tserkva,Levantovych St,24, 09025,19
5036,Ukraine,Lviv region,Stryi,Bohdana Khmelnytskoho St,31, 83096,73
5037,Poland,Dolnośląskie,Legnica,Najświętszej Marii Panny St,1, 59002,195
5038,Poland,Dolnośląskie,Wrocław,Grabiszyńska St,11, 50074,191
5039,Hungary,Central Hungary,Szentendre,Fő tér,43, 20007,385
5040,Germany,North Rhine-Westphalia,Düsseldorf,Ratinger Straße,4, 40093,275
5041,Poland,Małopolskie,Tarnów,Bitwy pod Studziankami St,33, 33096,170
5042,Germany,Bavaria,Munich,Rosenheimer Straße,22, 800115,230
5043,Romania,Bucharest-Ilfov,Otopeni,Strada Mihai Viteazul,21, 07075,322
5044,Ukraine,Kyiv region,Kyiv,Naberezhne Hwy,2, 01052,9
5045,Poland,Mazowieckie,Warsaw,Marszałkowska St,29, 01016,114
5046,Romania,Bucharest-Ilfov,Otopeni,Strada Tudor Vladimirescu,34, 07096,324
5047,Poland,Małopolskie,Nowy Sącz,Sobieskiego St,20, 34035,175
5048,Ukraine,Lviv region,Drohobych,Shevchenka St,43, 82007,53
5049,Germany,North Rhine-Westphalia,Bonn,Berliner Freiheit,40, 53057,282
5050,Romania,Cluj,Cluj-Napoca,Bulevardul Eroilor,23, 40005,327
5051,Poland,Mazowieckie,Radom,Żółkiewskiego St,33, 26076,133
5052,Romania,Timiș,Timișoara,Strada Alba Iulia,43, 30027,352
5053,Ukraine,Odesa region,Odesa,Fontanska Rd,12, 65074,83
5054,Ukraine,Lviv region,Lviv,Franko St,19, 79025,42
5055,Poland,Mazowieckie,Płock,Mostowa St,7,09073,144
5056,Poland,Mazowieckie,Warsaw,Koszykowa St,7, 010103,123
5057,Ukraine,Odesa region,Chornomorsk,Nezalezhnosti St,29, 69036,103
5058,Poland,Dolnośląskie,Legnica,Pocztowa St,27, 59076,202
5059,Ukraine,Kyiv region,Bila Tserkva,Heroiv Krut St,44, 09057,22
5060,Romania,Cluj,Cluj-Napoca,Calea Turzii,2, 40032,330
5061,Poland,Małopolskie,Kraków,Dietla St,31, 30066,155
5062,Romania,Timiș,Lugoj,Strada Timișoarei,39, 31017,362
5063,Hungary,Central Hungary,Budapest,Október huszonharmadika utca,19, 10055,379
5064,Romania,Bucharest-Ilfov,Otopeni,Strada 23 August,41, 07017,316
5065,Poland,Mazowieckie,Radom,Żeromskiego St,48, 26007,126
5066,Ukraine,Lviv region,Drohobych,Lesi Ukrainky St,18, 82065,59
5067,Ukraine,Kyiv region,Irpin,Poltavska St,11, 08054,33
5068,Germany,Bavaria,Munich,Sonnenstraße,22, 80095,228
5069,Poland,Dolnośląskie,Legnica,Piłsudskiego St,1, 59032,198
5070,Poland,Małopolskie,Kraków,Karmelicka St,21, 30025,151
5071,Poland,Małopolskie,Nowy Sącz,Śniadeckich St,7, 34093,181
5072,Romania,Timiș,Lugoj,Strada Timișoarei,24, 31015,362
5073,Ukraine,Lviv region,Stryi,Horodotska St,29, 83056,69
5074,Poland,Mazowieckie,Warsaw,Hoża St,34, 010116,124
5075,Poland,Mazowieckie,Płock,Bielska St,12,09034,140
5076,Germany,North Rhine-Westphalia,Cologne,Hohe Straße,40, 50007,255
5077,Germany,Berlin,Berlin,Oranienburger Straße,14, 10064,295
5078,Romania,Timiș,Lugoj,Strada Caransebeșului,23, 31005,361
5079,Germany,North Rhine-Westphalia,Bonn,Friedensplatz,38, 53017,278
5080,Hungary,Northern Great Plain,Debrecen,Nyíl utca,15, 40094,406
5081,Hungary,Northern Great Plain,Debrecen,Piac utca,36, 40007,397
5082,Germany,Bavaria,Augsburg,Konrad-Adenauer-Allee,5, 86093,252
5083,Hungary,Transdanubia,Győr,Kazinczy utca,10, 90044,435
5084,Romania,Cluj,Cluj-Napoca,Bulevardul Eroilor,13, 40004,327
5085,Germany,North Rhine-Westphalia,Cologne,Severinstraße,31, 50056,260
5086,Poland,Mazowieckie,Radom,Focha St,17, 26035,129
5087,Hungary,Northern Great Plain,Debrecen,Csapó utca,5, 40043,401
5088,Poland,Dolnośląskie,Legnica,Złotoryjska St,14, 59024,197
5089,Hungary,Transdanubia,Győr,Kazinczy utca,16, 90045,435
5090,Germany,Bavaria,Munich,Rosenheimer Straße,10, 800114,230
5091,Romania,Timiș,Lugoj,Strada Astalaș,14, 31034,364
5092,Germany,North Rhine-Westphalia,Bonn,Breite Straße,23, 53095,286
5093,Romania,Bucharest-Ilfov,Otopeni,Strada 23 August,47, 07017,316
5094,Romania,Cluj,Turda,Strada Avram Iancu,26, 41036,341
5095,Poland,Mazowieckie,Warsaw,Krakowskie Przedmieście,27, 01036,116
5096,Hungary,Transdanubia,Pécs,Király utca,41, 76007,420
5097,Poland,Małopolskie,Kraków,Dietla St,26, 30066,155
5098,Poland,Dolnośląskie,Jelenia Góra,Sudecka St,26, 58036,209
5099,Ukraine,Odesa region,Chornomorsk,Myru Ave,37, 69017,101
5100,Ukraine,Odesa region,Izmail,Pushkina St,23, 68045,93
5101,Romania,Cluj,Turda,Strada Libertății,26, 41016,339
5102,Romania,Timiș,Timișoara,Strada Arieș,45, 30077,357
5103,Hungary,Transdanubia,Győr,Kazinczy utca,43, 90047,435
5104,Ukraine,Kyiv region,Bila Tserkva,Tekhnichna St,38, 09047,21
5105,Hungary,Central Hungary,Budapest,Nagykörút,16, 10075,381
5106,Germany,Bavaria,Augsburg,Jakobstraße,38, 86087,251
5107,Romania,Timiș,Lugoj,Strada Ștrandului,43, 31057,366
5108,Poland,Małopolskie,Nowy Sącz,Długosza St,45, 34017,173
5109,Germany,North Rhine-Westphalia,Düsseldorf,Immermannstraße,37, 40067,272
5110,Ukraine,Lviv region,Stryi,Oleska St,1, 83012,65
5111,Romania,Cluj,Cluj-Napoca,Piața Unirii,42, 40017,328
5112,Ukraine,Kyiv region,Irpin,Sadova St,13, 08074,35
5113,Hungary,Transdanubia,Pécs,Tímár utca,44, 76097,429
5114,Hungary,Central Hungary,Budapest,Üllői út,11, 10084,382
5115,Poland,Mazowieckie,Warsaw,Marszałkowska St,15, 01014,114
5116,Germany,Berlin,Berlin,Karl-Marx-Allee,46, 10037,292
5117,Poland,Małopolskie,Tarnów,Bitwy pod Studziankami St,18, 33095,170
5118,Germany,Bavaria,Nuremberg,Plobenhofstraße,27, 90086,240
5119,Germany,Bavaria,Augsburg,Bahnhofstraße,41, 86017,244
5120,Poland,Dolnośląskie,Legnica,Dziennikarska St,22, 59095,204
5121,Romania,Timiș,Lugoj,Strada Caransebeșului,13, 31004,361
5122,Ukraine,Lviv region,Stryi,Stepana Bandery St,27, 83046,68
5123,Hungary,Central Hungary,Budapest,Margit körút,40, 10067,380
5124,Hungary,Central Hungary,Budapest,Váci utca,46, 10017,375
5125,Poland,Małopolskie,Kraków,Dietla St,23, 30065,155
5126,Ukraine,Lviv region,Drohobych,Shevchenka St,11, 82004,53
5127,Ukraine,Odesa region,Odesa,Uspenska St,24, 65045,80
5128,Poland,Dolnośląskie,Wrocław,Krupnicza St,22, 50055,189
5129,Hungary,Transdanubia,Pécs,Megyeri út,22, 76075,427
5130,Poland,Małopolskie,Kraków,Długa St,5, 30073,156
5131,Romania,Timiș,Timișoara,Strada Arieș,8, 30073,357
5132,Germany,North Rhine-Westphalia,Cologne,Aachener Straße,48, 50037,258
5133,Germany,North Rhine-Westphalia,Bonn,Oxfordstraße,28, 53026,279
5134,Germany,Bavaria,Nuremberg,Königstraße,27, 90006,232
5135,Germany,Bavaria,Augsburg,Bahnhofstraße,13, 86014,244
5136,Hungary,Central Hungary,Szentendre,Fő tér,28, 20006,385
5137,Poland,Mazowieckie,Płock,Tumska St,49,09008,137
5138,Germany,North Rhine-Westphalia,Cologne,Neumarkt,6, 50083,263
5139,Poland,Mazowieckie,Radom,25 Czerwca St,13, 26014,127
5140,Germany,Berlin,Berlin,Unter den Linden,26, 10006,289
5141,Poland,Dolnośląskie,Legnica,Mickiewicza St,26, 59066,201
5142,Hungary,Northern Great Plain,Debrecen,Csapó utca,18, 40045,401
5143,Hungary,Transdanubia,Pécs,Citrom utca,2, 76042,424
5144,Poland,Małopolskie,Kraków,Starowiślna St,24, 30055,154
5145,Hungary,Northern Great Plain,Debrecen,Böszörményi út,39, 40037,400
5146,Hungary,Transdanubia,Pécs,Rákóczi út,41, 76027,422
5147,Ukraine,Lviv region,Drohobych,Boryslavska St,41, 82087,61
5148,Hungary,Northern Great Plain,Debrecen,Wesselényi utca,49, 40088,405
5149,Germany,North Rhine-Westphalia,Cologne,Zülpicher Straße,5, 50063,261
5150,Ukraine,Kyiv region,Irpin,Nezalezhnosti St,21, 08035,31
5151,Poland,Małopolskie,Tarnów,Bitwy pod Studziankami St,1, 33092,170
5152,Ukraine,Kyiv region,Irpin,Miroshnychenka St,40, 08047,32
5153,Poland,Dolnośląskie,Wrocław,Ruska St,24, 50035,187
5154,Germany,North Rhine-Westphalia,Cologne,Breite Straße,18, 50025,257
5155,Poland,Mazowieckie,Radom,25 Czerwca St,3, 26012,127
5156,Germany,North Rhine-Westphalia,Düsseldorf,Königsallee,36, 40007,266
5157,Hungary,Northern Great Plain,Debrecen,Nyíl utca,40, 40097,406
5158,Ukraine,Kyiv region,Bila Tserkva,Soborna Sq,2, 09012,18
5159,Poland,Małopolskie,Tarnów,Bitwy pod Studziankami St,36, 33097,170
5160,Hungary,Northern Great Plain,Debrecen,Böszörményi út,36, 40037,400
5161,Hungary,Northern Great Plain,Debrecen,Béke utca,38, 40077,404
5162,Romania,Timiș,Lugoj,Strada Avram Iancu,15, 31064,367
5163,Germany,Berlin,Berlin,Leipziger Straße,48, 10057,294
5164,Romania,Timiș,Lugoj,Strada Ștrandului,4, 31053,366
5165,Ukraine,Odesa region,Izmail,Bohdana Khmelnytskoho St,37, 68097,98
5166,Hungary,Northern Great Plain,Debrecen,Csapó utca,3, 40042,401
5167,Ukraine,Odesa region,Chornomorsk,Myru Ave,21, 69015,101
5168,Ukraine,Kyiv region,Bila Tserkva,Yuvileina St,12, 09064,23
5169,Poland,Mazowieckie,Płock,Graniczna St,19,09045,141
5170,Ukraine,Kyiv region,Kyiv,Velyka Vasylkivska St,13, 01014,5
5171,Poland,Dolnośląskie,Wrocław,Grabiszyńska St,25, 50076,191
5172,Germany,Bavaria,Nuremberg,Vestnertorgraben,32, 90076,239
5173,Poland,Małopolskie,Tarnów,Broniewskiego St,23, 33085,169
5174,Ukraine,Lviv region,Lviv,Lychakivska St,38, 79067,46
5175,Romania,Bucharest-Ilfov,Otopeni,Strada Ștefan cel Mare,10, 07084,323
5176,Germany,Bavaria,Nuremberg,Allersberger Straße,45, 90097,241
5177,Hungary,Central Hungary,Szentendre,Barcsay utca,25, 20086,393
5178,Ukraine,Kyiv region,Irpin,Pushkinska St,37, 08067,34
5179,Romania,Cluj,Cluj-Napoca,Strada Memorandumului,19, 40025,329
5180,Poland,Mazowieckie,Radom,Traugutta St,29, 26026,128
5181,Germany,North Rhine-Westphalia,Cologne,Neumarkt,25, 50086,263
5182,Ukraine,Lviv region,Lviv,Lychakivska St,47, 79067,46
5183,Germany,North Rhine-Westphalia,Düsseldorf,Flinger Straße,42, 40027,268
5184,Ukraine,Kyiv region,Bila Tserkva,Yuvileina St,26, 09066,23
5185,Poland,Mazowieckie,Warsaw,Hoża St,37, 010117,124
5186,Romania,Timiș,Lugoj,Strada Ion Creangă,39, 31097,370
5187,Germany,North Rhine-Westphalia,Düsseldorf,Ratinger Straße,9, 40094,275
5188,Hungary,Transdanubia,Győr,Virág utca,47, 90067,437
5189,Ukraine,Odesa region,Izmail,Pushkina St,10, 68044,93
5190,Hungary,Northern Great Plain,Debrecen,Nagyerdei körút,43, 40027,399
5191,Hungary,Transdanubia,Pécs,Király utca,37, 76007,420
5192,Hungary,Transdanubia,Győr,Révai Miklós utca,10, 90074,438
5193,Poland,Małopolskie,Kraków,Kazimierza Wielkiego St,44, 30047,153
5194,Ukraine,Lviv region,Lviv,Franko St,27, 79026,42
5195,Romania,Cluj,Cluj-Napoca,Strada Horea,6, 40053,332
5196,Germany,Berlin,Berlin,Friedrichstraße,48, 10017,290
5197,Hungary,Transdanubia,Pécs,Petőfi utca,34, 76086,428
5198,Poland,Dolnośląskie,Legnica,Nowa St,33, 59086,203
5199,Poland,Dolnośląskie,Wrocław,Krupnicza St,31, 50056,189
5200,Germany,North Rhine-Westphalia,Bonn,Kölnstraße,34, 53076,284
5201,Hungary,Central Hungary,Budapest,Üllői út,7, 10083,382
5202,Poland,Mazowieckie,Warsaw,Nowy Świat,44, 01027,115
5203,Germany,North Rhine-Westphalia,Cologne,Severinstraße,25, 50056,260
5204,Poland,Mazowieckie,Warsaw,Krakowskie Przedmieście,44, 01037,116
5205,Poland,Dolnośląskie,Jelenia Góra,Konstytucji 3 Maja St,28, 58076,213
5206,Poland,Małopolskie,Nowy Sącz,Piłsudskiego St,45, 34067,178
5207,Hungary,Central Hungary,Budapest,Október huszonharmadika utca,3, 10052,379
5208,Romania,Timiș,Timișoara,Bulevardul Revoluției,43, 30017,351
5209,Poland,Małopolskie,Kraków,Świętego Tomasza St,45, 300107,159
5210,Germany,Bavaria,Munich,Leopoldstraße,15, 80004,219
5211,Romania,Cluj,Turda,Strada Libertății,47, 41017,339
5212,Romania,Timiș,Timișoara,Bulevardul Liviu Rebreanu,39, 30097,359
5213,Germany,Bavaria,Munich,Rosenheimer Straße,29, 800116,230
5214,Germany,Bavaria,Augsburg,Frauentorstraße,14, 86074,250
5215,Ukraine,Lviv region,Lviv,Svobody Ave,10, 79004,40
5216,Ukraine,Odesa region,Izmail,Nezalezhnosti Ave,30, 68026,91
5217,Romania,Cluj,Cluj-Napoca,Strada Avram Iancu,27, 40066,333
5218,Hungary,Transdanubia,Pécs,Tímár utca,21, 76095,429
5219,Poland,Małopolskie,Nowy Sącz,Jagiellońska St,30, 34006,172
5220,Ukraine,Odesa region,Izmail,Bohdana Khmelnytskoho St,41, 68097,98
5221,Hungary,Transdanubia,Győr,Kálvária út,27, 90036,434
5222,Hungary,Transdanubia,Pécs,Megyeri út,24, 76075,427
5223,Romania,Cluj,Turda,Strada Avram Iancu,44, 41037,341
5224,Poland,Mazowieckie,Warsaw,Tamka St,5, 01053,118
5225,Poland,Małopolskie,Nowy Sącz,Długosza St,20, 34015,173
5226,Ukraine,Kyiv region,Bila Tserkva,Volodymyrska St,31, 09076,24
5227,Romania,Timiș,Timișoara,Bulevardul Republicii,3, 30032,353
5228,Poland,Dolnośląskie,Jelenia Góra,1 Maja St,3, 58002,206
5229,Romania,Cluj,Turda,Strada Gheorghe Doja,17, 41025,340
5230,Poland,Małopolskie,Tarnów,Mościckiego Ave,6, 33073,168
5231,Poland,Małopolskie,Nowy Sącz,Królowa Jadwigi St,1, 34072,179
5232,Ukraine,Odesa region,Chornomorsk,Parusna St,8, 69003,100
5233,Poland,Mazowieckie,Radom,Żeromskiego St,9, 26004,126
5234,Ukraine,Kyiv region,Kyiv,Kharkivske Hwy,7, 01063,10
5235,Romania,Timiș,Lugoj,Strada Ion Creangă,19, 31095,370
5236,Poland,Dolnośląskie,Jelenia Góra,Matejki St,25, 58086,214
5237,Ukraine,Kyiv region,Irpin,Tsentralnyi Park Ave,10, 08024,30
5238,Ukraine,Odesa region,Chornomorsk,Parusna St,10, 69004,100
5239,Germany,Berlin,Berlin,Schönhauser Allee,25, 100106,299
5240,Ukraine,Lviv region,Stryi,Olesia Honchara St,30, 83026,66
5241,Romania,Bucharest-Ilfov,Otopeni,Strada Ștefan cel Mare,33, 07086,323
5242,Ukraine,Odesa region,Chornomorsk,Nezalezhnosti St,25, 69036,103
5243,Poland,Dolnośląskie,Jelenia Góra,Ogińskiego St,12, 58054,211
5244,Ukraine,Lviv region,Lviv,Shevchenka St,49, 79018,41
5245,Ukraine,Lviv region,Drohobych,Mazepy St,49, 82038,56
5246,Ukraine,Odesa region,Odesa,Primorsky Blvd,37, 65017,77
5247,Germany,Bavaria,Nuremberg,Vestnertorgraben,1, 90072,239
5248,Poland,Małopolskie,Nowy Sącz,Grottgera St,25, 34056,177
5249,Hungary,Central Hungary,Budapest,Október huszonharmadika utca,36, 10057,379
5250,Romania,Cluj,Cluj-Napoca,Piața Unirii,32, 40016,328
5251,Hungary,Transdanubia,Győr,Puskás Tivadar utca,40, 90097,440
5252,Ukraine,Kyiv region,Irpin,Kurdyumova St,11, 08094,37
5253,Romania,Cluj,Cluj-Napoca,Strada Memorandumului,45, 40027,329
5254,Ukraine,Kyiv region,Kyiv,Ivana Franka St,48, 010107,14
5255,Hungary,Transdanubia,Pécs,Ferencesek utcája,45, 76017,421
5256,Ukraine,Odesa region,Izmail,Bohdana Khmelnytskoho St,6, 68093,98
5257,Ukraine,Lviv region,Lviv,Zelena St,45, 79097,49
5258,Hungary,Central Hungary,Budapest,Andrássy út,8, 10003,374
5259,Germany,North Rhine-Westphalia,Bonn,Colmantstraße,9, 53064,283
5260,Ukraine,Kyiv region,Kyiv,Ivana Franka St,47, 010107,14
5261,Hungary,Central Hungary,Budapest,Andrássy út,11, 10004,374
5262,Poland,Mazowieckie,Radom,Słowackiego St,29, 26046,130
5263,Hungary,Central Hungary,Szentendre,Bogdányi út,23, 20035,388
5264,Germany,Bavaria,Nuremberg,Lorenzer Straße,36, 90057,237
5265,Romania,Bucharest-Ilfov,Otopeni,Strada 23 August,14, 07014,316
5266,Ukraine,Odesa region,Izmail,Suvorova St,33, 68016,90
5267,Ukraine,Kyiv region,Kyiv,Naberezhne Hwy,10, 01054,9
5268,Romania,Bucharest-Ilfov,Bucharest,Bulevardul Timișoara,40, 01097,313
5269,Germany,Bavaria,Nuremberg,Königstraße,3, 90002,232
5270,Poland,Małopolskie,Kraków,Kazimierza Wielkiego St,7, 30043,153
5271,Hungary,Transdanubia,Győr,Virág utca,38, 90067,437
5272,Hungary,Transdanubia,Pécs,Petőfi utca,39, 76087,428
5273,Germany,Bavaria,Munich,Sendlinger Straße,41, 80047,223
5274,Germany,Bavaria,Augsburg,Frauentorstraße,41, 86077,250
5275,Hungary,Transdanubia,Győr,Árpád út,5, 90013,432
5276,Romania,Bucharest-Ilfov,Otopeni,Calea Bucureștilor,43, 07007,315
5277,Hungary,Transdanubia,Pécs,Jókai tér,12, 76034,423
5278,Ukraine,Odesa region,Izmail,Sportyvna St,22, 68065,95
5279,Romania,Cluj,Turda,Strada Republicii,5, 41003,338
5280,Romania,Bucharest-Ilfov,Otopeni,Strada Mihai Viteazul,3, 07072,322
5281,Romania,Bucharest-Ilfov,Otopeni,Strada Griviței,10, 07064,321
5282,Germany,North Rhine-Westphalia,Düsseldorf,Königsallee,47, 40007,266
5283,Poland,Mazowieckie,Radom,Konstytucji 3 Maja St,45, 26087,134
5284,Hungary,Central Hungary,Szentendre,Bogdányi út,33, 20036,388
5285,Germany,Berlin,Berlin,Schönhauser Allee,11, 100104,299
5286,Poland,Małopolskie,Kraków,Dietla St,7, 30063,155
5287,Germany,Bavaria,Munich,Sendlinger Straße,9, 80044,223
5288,Ukraine,Lviv region,Drohobych,Boryslavska St,11, 82084,61
5289,Hungary,Northern Great Plain,Debrecen,Darabos utca,34, 40056,402
5290,Poland,Małopolskie,Tarnów,Wałowa St,29, 33006,161
5291,Germany,Bavaria,Nuremberg,Allersberger Straße,25, 90096,241
5292,Poland,Mazowieckie,Płock,Łukasiewicza St,27,09066,143
5293,Hungary,Transdanubia,Győr,Baross Gábor út,14, 90004,431
5294,Hungary,Transdanubia,Győr,Kálvária út,31, 90036,434
5295,Ukraine,Odesa region,Izmail,Horodotska St,35, 68086,97
5296,Ukraine,Lviv region,Drohobych,Truskavetska St,47, 82047,57
5297,Ukraine,Kyiv region,Irpin,Sadova St,30, 08076,35
5298,Hungary,Northern Great Plain,Nyíregyháza,Széchenyi utca,10, 44044,412
5299,Romania,Cluj,Cluj-Napoca,Strada Moților,9, 40044,331
5300,Ukraine,Odesa region,Odesa,Uspenska St,46, 65047,80
5301,Romania,Timiș,Lugoj,Strada Caransebeșului,27, 31006,361
5302,Romania,Timiș,Lugoj,Strada Ion Creangă,46, 31097,370
5303,Hungary,Transdanubia,Győr,Szent István út,33, 90026,433
5304,Hungary,Transdanubia,Pécs,Megyeri út,33, 76076,427
5305,Hungary,Central Hungary,Budapest,Rákóczi út,35, 10036,377
5306,Germany,North Rhine-Westphalia,Cologne,Schildergasse,19, 50015,256
5307,Poland,Dolnośląskie,Wrocław,Wita Stwosza St,6, 50083,192
5308,Ukraine,Odesa region,Odesa,Prymorska St,14, 65064,82
5309,Hungary,Central Hungary,Budapest,Rákóczi út,39, 10037,377
5310,Hungary,Transdanubia,Győr,Árpád út,7, 90013,432
5311,Ukraine,Odesa region,Odesa,Italiiska St,21, 650105,86
5312,Hungary,Transdanubia,Győr,Munkás utca,39, 90057,436
5313,Ukraine,Kyiv region,Kyiv,Peremohy Ave,5, 01033,7
5314,Hungary,Northern Great Plain,Nyíregyháza,Hősök tere,25, 44036,411
5315,Romania,Timiș,Timișoara,Strada Gheorghe Lazăr,7, 30043,354
5316,Ukraine,Lviv region,Lviv,Svobody Ave,15, 79004,40
5317,Germany,North Rhine-Westphalia,Düsseldorf,Neustraße,40, 40087,274
5318,Germany,Bavaria,Nuremberg,Bahnhofstraße,10, 90044,236
5319,Poland,Dolnośląskie,Legnica,Jaworzyńska St,18, 59045,199
5320,Germany,Bavaria,Nuremberg,Lorenzer Straße,16, 90055,237
5321,Poland,Małopolskie,Kraków,Szewska St,44, 30037,152
5322,Poland,Mazowieckie,Płock,Dobrzyńska St,11,09054,142
5323,Poland,Dolnośląskie,Wrocław,Wita Stwosza St,24, 50085,192
5324,Romania,Bucharest-Ilfov,Otopeni,Strada Mihai Viteazul,13, 07074,322
5325,Poland,Dolnośląskie,Legnica,Pocztowa St,47, 59077,202
5326,Ukraine,Lviv region,Drohobych,Truskavetska St,18, 82045,57
5327,Poland,Dolnośląskie,Wrocław,Nowowiejska St,13, 50094,193
5328,Ukraine,Kyiv region,Bila Tserkva,Tekhnichna St,37, 09047,21
5329,Poland,Mazowieckie,Radom,Moniuszki St,43, 26097,135
5330,Ukraine,Lviv region,Drohobych,Lesi Ukrainky St,20, 82065,59
5331,Hungary,Central Hungary,Budapest,Október huszonharmadika utca,4, 10053,379
5332,Germany,Bavaria,Augsburg,Bahnhofstraße,34, 86016,244
5333,Poland,Małopolskie,Tarnów,Lwowska St,8, 33023,163
5334,Hungary,Northern Great Plain,Nyíregyháza,Hősök tere,5, 44033,411
5335,Germany,North Rhine-Westphalia,Düsseldorf,Friedrichstraße,19, 40055,271
5336,Ukraine,Kyiv region,Kyiv,Saksahanskoho St,4, 01023,6
5337,Hungary,Central Hungary,Szentendre,Ady Endre utca,36, 20097,394
5338,Ukraine,Kyiv region,Kyiv,Obolonskyi Ave,46, 01047,8
5339,Poland,Małopolskie,Tarnów,Mościckiego Ave,9, 33074,168
5340,Romania,Bucharest-Ilfov,Bucharest,Calea Victoriei,44, 01007,304
5341,Ukraine,Lviv region,Lviv,Halytska St,30, 79086,48
5342,Ukraine,Kyiv region,Kyiv,Kharkivske Hwy,49, 01068,10
5343,Ukraine,Lviv region,Lviv,Halytska St,17, 79085,48
5344,Romania,Cluj,Turda,Strada Trandafirilor,29, 41086,346
5345,Poland,Mazowieckie,Płock,Kobylińskiego St,22,09015,138
5346,Germany,Bavaria,Augsburg,Maximilianstraße,3, 86002,243
5347,Ukraine,Lviv region,Lviv,Pekarska St,17, 79075,47
5348,Germany,Bavaria,Munich,Dachauer Straße,39, 80087,227
5349,Poland,Mazowieckie,Płock,Dobrzyńska St,23,09055,142
5350,Hungary,Transdanubia,Pécs,Ferencesek utcája,21, 76015,421
5351,Germany,North Rhine-Westphalia,Bonn,Breite Straße,21, 53095,286
5352,Poland,Dolnośląskie,Wrocław,Wita Stwosza St,29, 50086,192
5353,Romania,Cluj,Turda,Strada Avram Iancu,49, 41038,341
5354,Romania,Timiș,Lugoj,Strada Bocșei,33, 31026,363
5355,Poland,Mazowieckie,Warsaw,Koszykowa St,2, 010102,123
5356,Ukraine,Kyiv region,Bila Tserkva,Volodymyrska St,8, 09073,24
5357,Poland,Mazowieckie,Warsaw,Nowy Świat,3, 01022,115
5358,Poland,Małopolskie,Nowy Sącz,Długosza St,31, 34016,173
5359,Hungary,Central Hungary,Szentendre,Ady Endre utca,49, 20098,394
5360,Poland,Małopolskie,Tarnów,Klikowska St,48, 33067,167
5361,Poland,Małopolskie,Kraków,Lubicz St,2, 30092,158
5362,Romania,Timiș,Timișoara,Piața Victoriei,19, 30005,350
5363,Romania,Cluj,Turda,Strada Mihai Viteazul,43, 41047,342
5364,Ukraine,Lviv region,Stryi,Horodotska St,27, 83056,69
5365,Ukraine,Lviv region,Drohobych,Tobilevycha St,10, 82074,60
5366,Germany,Berlin,Berlin,Prenzlauer Allee,31, 100116,300
5367,Ukraine,Lviv region,Lviv,Shevchenka St,22, 79015,41
5368,Ukraine,Kyiv region,Irpin,Pushkinska St,21, 08065,34
5369,Poland,Dolnośląskie,Legnica,Dziennikarska St,43, 59097,204
5370,Germany,North Rhine-Westphalia,Düsseldorf,Neustraße,18, 40085,274
5371,Poland,Małopolskie,Kraków,Dietla St,9, 30064,155
5372,Romania,Cluj,Cluj-Napoca,Calea Turzii,24, 40035,330
5373,Ukraine,Kyiv region,Bila Tserkva,Tekhnichna St,15, 09044,21
5374,Romania,Timiș,Lugoj,Strada Astalaș,19, 31035,364
5375,Germany,Bavaria,Munich,Maximilianstraße,47, 80027,221
5376,Poland,Małopolskie,Tarnów,Broniewskiego St,5, 33083,169
5377,Hungary,Central Hungary,Szentendre,Fő tér,6, 20003,385
5378,Romania,Timiș,Timișoara,Bulevardul Revoluției,25, 30016,351
5379,Ukraine,Odesa region,Chornomorsk,Nezalezhnosti St,16, 69035,103
5380,Ukraine,Kyiv region,Kyiv,Dmytrivska St,29, 01076,11
5381,Germany,North Rhine-Westphalia,Düsseldorf,Neustraße,36, 40087,274
5382,Hungary,Northern Great Plain,Debrecen,Kossuth utca,1, 40012,398
5383,Germany,North Rhine-Westphalia,Düsseldorf,Breite Straße,49, 40048,270
5384,Hungary,Northern Great Plain,Debrecen,Arany János utca,24, 40065,403
5385,Romania,Cluj,Turda,Strada Zambilelor,32, 41096,347
5386,Romania,Timiș,Timișoara,Strada Arieș,17, 30075,357
5387,Germany,Bavaria,Augsburg,Frauentorstraße,12, 86074,250
5388,Ukraine,Lviv region,Lviv,Lychakivska St,40, 79067,46
5389,Hungary,Northern Great Plain,Debrecen,Piac utca,30, 40006,397
5390,Germany,North Rhine-Westphalia,Düsseldorf,Friedrichstraße,31, 40056,271
5391,Ukraine,Lviv region,Stryi,Olesia Honchara St,17, 83025,66
5392,Poland,Mazowieckie,Warsaw,Świętokrzyska St,6, 01063,119
5393,Germany,Bavaria,Augsburg,Bahnhofstraße,8, 86013,244
5394,Hungary,Northern Great Plain,Debrecen,Arany János utca,23, 40065,403
5395,Poland,Dolnośląskie,Jelenia Góra,Pijarska St,40, 58097,215
5396,Germany,North Rhine-Westphalia,Bonn,Adenauerallee,49, 53048,281
5397,Germany,Bavaria,Munich,Schwanthalerstraße,39, 80077,226
5398,Ukraine,Odesa region,Izmail,Bohdana Khmelnytskoho St,10, 68094,98
5399,Germany,North Rhine-Westphalia,Cologne,Aachener Straße,39, 50037,258
5400,Poland,Dolnośląskie,Legnica,Wrocławska St,7, 59013,196
5401,Poland,Mazowieckie,Warsaw,Koszykowa St,42, 010107,123
5402,Germany,North Rhine-Westphalia,Bonn,Wilhelmstraße,10, 53084,285
5403,Romania,Timiș,Lugoj,Strada Cloșca,17, 31075,368
5404,Germany,Bavaria,Nuremberg,Königstraße,5, 90003,232
5405,Hungary,Transdanubia,Győr,Munkás utca,23, 90055,436
5406,Poland,Małopolskie,Tarnów,Lwowska St,37, 33027,163
5407,Romania,Cluj,Turda,Strada Tineretului,28, 41066,344
5408,Germany,Bavaria,Munich,Sendlinger Straße,4, 80043,223
5409,Romania,Cluj,Turda,Strada Republicii,3, 41002,338
5410,Poland,Małopolskie,Tarnów,Broniewskiego St,12, 33084,169
5411,Romania,Timiș,Timișoara,Strada Gheorghe Lazăr,12, 30044,354
5412,Ukraine,Kyiv region,Bila Tserkva,Heroiv Krut St,24, 09055,22
5413,Germany,Bavaria,Munich,Brienner Straße,21, 80065,225
5414,Hungary,Transdanubia,Pécs,Megyeri út,28, 76076,427
5415,Germany,Bavaria,Augsburg,Bürgermeister-Fischer-Straße,10, 86054,248
5416,Romania,Cluj,Turda,Strada Gării,42, 41077,345
5417,Poland,Dolnośląskie,Legnica,Chojnowska St,40, 59057,200
5418,Poland,Małopolskie,Nowy Sącz,Królowa Jadwigi St,48, 34077,179
5419,Poland,Dolnośląskie,Legnica,Mickiewicza St,16, 59065,201
5420,Germany,Berlin,Berlin,Oranienburger Straße,27, 10066,295
5421,Germany,North Rhine-Westphalia,Cologne,Neumarkt,11, 50084,263
5422,Poland,Małopolskie,Kraków,Świętego Tomasza St,34, 300106,159
5423,Poland,Dolnośląskie,Jelenia Góra,Konstytucji 3 Maja St,14, 58074,213
5424,Hungary,Central Hungary,Szentendre,Fő tér,25, 20006,385
5425,Romania,Timiș,Timișoara,Strada Alba Iulia,40, 30027,352
5426,Hungary,Central Hungary,Budapest,Kossuth Lajos utca,5, 10023,376
5427,Ukraine,Lviv region,Lviv,Lychakivska St,30, 79066,46
5428,Germany,Bavaria,Munich,Sendlinger Straße,24, 80045,223
5429,Ukraine,Lviv region,Stryi,Stepana Bandery St,29, 83046,68
5430,Romania,Bucharest-Ilfov,Bucharest,Calea Dorobanți,40, 01047,308
5431,Germany,North Rhine-Westphalia,Bonn,Colmantstraße,27, 53066,283
5432,Ukraine,Kyiv region,Irpin,Pushkinska St,9, 08064,34
5433,Romania,Timiș,Lugoj,Strada Buziașului,11, 31044,365
5434,Ukraine,Odesa region,Izmail,Lermontova St,21, 68075,96
5435,Germany,Bavaria,Augsburg,Karlstraße,39, 86067,249
5436,Hungary,Central Hungary,Szentendre,Bogdányi út,24, 20035,388
5437,Romania,Cluj,Cluj-Napoca,Strada Dorobanților,47, 40097,336
5438,Ukraine,Kyiv region,Bila Tserkva,Pushkinska St,49, 09098,26
5439,Poland,Dolnośląskie,Legnica,Dziennikarska St,10, 59094,204
5440,Germany,Bavaria,Munich,Rosenheimer Straße,37, 800117,230
5441,Poland,Mazowieckie,Radom,Warszawska St,45, 26067,132
5442,Ukraine,Odesa region,Chornomorsk,Parusna St,30, 69006,100
5443,Romania,Cluj,Turda,Strada Avram Iancu,3, 41032,341
5444,Romania,Timiș,Lugoj,Strada Ion Creangă,43, 31097,370
5445,Ukraine,Odesa region,Izmail,Suvorova St,38, 68017,90
5446,Ukraine,Kyiv region,Bila Tserkva,Soborna Sq,22, 09015,18
5447,Poland,Mazowieckie,Płock,Mazowiecka St,36,09087,145
5448,Romania,Bucharest-Ilfov,Otopeni,Strada Ștefan cel Mare,7, 07083,323
5449,Germany,Bavaria,Nuremberg,Plobenhofstraße,13, 90084,240
5450,Romania,Timiș,Timișoara,Strada Gheorghe Lazăr,19, 30045,354
5451,Ukraine,Lviv region,Lviv,Levandivska St,13, 790114,51
5452,Hungary,Central Hungary,Szentendre,Petőfi Sándor utca,16, 20075,392
5453,Romania,Timiș,Lugoj,Strada Astalaș,26, 31036,364
5454,Hungary,Central Hungary,Szentendre,Rákóczi Ferenc utca,33, 20066,391
5455,Germany,North Rhine-Westphalia,Cologne,Aachener Straße,25, 50036,258
5456,Germany,Berlin,Berlin,Oranienburger Straße,22, 10065,295
5457,Germany,Bavaria,Munich,Kaufingerstraße,21, 80035,222
5458,Ukraine,Kyiv region,Kyiv,Dmytrivska St,35, 01076,11
5459,Romania,Bucharest-Ilfov,Bucharest,Calea Moșilor,18, 01025,306
5460,Ukraine,Kyiv region,Irpin,Nezalezhnosti St,30, 08036,31
5461,Ukraine,Kyiv region,Kyiv,Kharkivske Hwy,45, 01067,10
5462,Romania,Bucharest-Ilfov,Otopeni,Calea Bucureștilor,26, 07006,315
5463,Poland,Mazowieckie,Płock,Armii Krajowej St,14,09024,139
5464,Hungary,Central Hungary,Budapest,Bartók Béla út,3, 10042,378
5465,Hungary,Transdanubia,Győr,Szent István út,48, 90027,433
5466,Ukraine,Odesa region,Odesa,Deribasivska St,30, 65006,76
5467,Germany,Berlin,Berlin,Kurfürstendamm,38, 10027,291
5468,Ukraine,Lviv region,Stryi,Maksyma Kryvonosa St,21, 83075,71
5469,Ukraine,Odesa region,Izmail,Pushkina St,20, 68045,93
5470,Ukraine,Odesa region,Chornomorsk,Kyivska St,11, 69084,108
5471,Ukraine,Odesa region,Chornomorsk,Myru Ave,31, 69016,101
5472,Hungary,Northern Great Plain,Nyíregyháza,Hősök tere,10, 44034,411
5473,Ukraine,Lviv region,Lviv,Franko St,12, 79024,42
5474,Poland,Małopolskie,Nowy Sącz,Śniadeckich St,17, 34095,181
5475,Ukraine,Odesa region,Chornomorsk,Odeska St,17, 69075,107
5476,Romania,Cluj,Cluj-Napoca,Strada Horea,33, 40056,332
5477,Ukraine,Lviv region,Lviv,Kopernyka St,7, 79043,44
