product_id,name,category_id,base_price,date_added,date_updated
1,Phones Finley LLC tP-498,2,1759.33,2020-06-03 05:12:38,2025-03-31 23:52:16
2,Phones Stone LLC Td-970,2,631.26,2023-11-29 12:49:40,2025-03-23 12:02:00
3,Phones Stewart-Schmidt tk-856,2,273.43,2022-07-02 14:10:50,2025-01-27 02:23:49
4,Phones Johnston-Zimmerman gr-534,2,415.26,2021-07-21 16:07:36,2025-07-02 16:55:50
5,"Phones Gilbert, Schmidt and Bishop Oc-972",2,1167.86,2019-06-10 07:17:03,2025-06-24 01:15:31
6,"Phones Cook, Jensen and Pierce pw-363",2,338.24,2024-01-21 00:22:02,2025-03-24 16:13:11
7,Phones Smith and Sons Ou-565,2,1681.81,2020-03-16 01:45:00,2025-01-13 09:00:03
8,"Phones Smith, Cuevas and Graham NN-236",2,1618.29,2021-04-09 22:17:11,2025-06-27 01:12:55
9,Computers Garcia LLC ix-508,3,1888.22,2021-04-14 00:14:57,2025-01-21 21:17:09
10,Computers Cobb-Woods Ei-422,3,1042.78,2019-09-09 18:07:45,2025-03-29 15:42:15
11,"Computers Moore, Allen and Nelson iO-007",3,1245.44,2023-03-04 16:24:42,2025-08-04 05:43:16
12,Computers Stewart-Gomez TA-962,3,1216.67,2019-02-17 15:48:06,2025-06-04 01:34:11
13,Computers Martinez-Day qZ-182,3,1274.76,2019-03-06 16:33:50,2025-01-14 15:05:08
14,Computers Hoover and Sons bM-567,3,334.92,2020-04-25 05:33:50,2025-05-28 10:37:35
15,"Computers White, Rios and Garrett wK-182",3,1695.52,2024-10-11 17:47:43,2025-05-03 14:46:19
16,Computers Hatfield PLC sU-698,3,1221.87,2023-03-15 22:52:53,2025-08-08 21:01:04
17,"Computers Graham, Shaw and Warren cw-996",3,1792.58,2019-07-11 12:00:28,2025-07-19 05:30:31
18,"Computers Rodriguez, Webster and Luna Yf-069",3,1549.56,2020-11-21 06:17:50,2025-07-30 02:55:02
19,Computers Mcdowell and Sons Qk-434,3,252.12,2024-03-14 02:10:15,2025-03-21 16:42:34
20,"TV & Audio Ferrell, Valencia and Perez Hs-199",4,813.41,2019-08-11 07:59:26,2025-05-27 15:47:55
21,"TV & Audio Santos, Parker and Ibarra eK-577",4,1861.55,2023-01-23 06:07:01,2025-04-12 17:56:58
22,TV & Audio Grant-Richardson He-266,4,271.68,2021-09-04 17:38:16,2025-08-27 22:29:48
23,TV & Audio Wiley-Thomas Te-955,4,1695.3,2020-01-07 03:06:35,2025-06-26 09:05:43
24,TV & Audio Washington Ltd lI-068,4,397.51,2019-11-19 07:52:53,2025-08-02 00:39:28
25,"TV & Audio Mccoy, Coleman and Arias dz-389",4,1479.29,2024-06-20 05:26:02,2025-07-11 12:34:45
26,"TV & Audio Williamson, Murphy and Hernandez NW-655",4,1825.06,2022-01-03 19:35:19,2025-08-16 23:21:47
27,TV & Audio Wells-Griffith DZ-528,4,478.86,2022-10-11 15:16:36,2025-06-04 22:24:24
28,TV & Audio Lopez LLC lK-018,4,688.8,2019-09-14 01:44:47,2025-04-24 14:39:55
29,TV & Audio White Inc DE-707,4,1196.92,2023-08-02 12:42:30,2025-07-15 07:06:07
30,"TV & Audio Acosta, Walsh and Baker VQ-108",4,1472.34,2022-10-22 18:31:38,2025-05-09 18:14:18
31,TV & Audio Daniels-Cole nE-141,4,1918.78,2023-08-21 14:23:04,2025-06-02 07:20:25
32,TV & Audio Smith Group cI-827,4,102.14,2022-05-09 02:21:06,2025-05-06 06:26:13
33,TV & Audio Larson-Gregory SH-045,4,1842.26,2020-04-04 10:15:44,2025-02-22 13:19:21
34,TV & Audio Reed-Shelton hp-924,4,1804.51,2022-04-19 16:16:16,2025-01-14 08:50:35
35,"TV & Audio Hampton, Barron and Smith Vs-684",4,1558.83,2023-12-07 05:54:42,2025-08-10 10:51:52
36,"Vacuum Tucker, Townsend and Crawford ED-298",6,285.81,2019-06-03 01:48:54,2025-04-26 22:03:53
37,"Vacuum Ross, Mason and Lee iB-339",6,475.65,2020-03-06 22:19:58,2025-03-17 10:02:25
38,Vacuum Brooks-Reid Px-030,6,790.84,2019-07-21 13:52:56,2025-06-30 05:23:25
39,Vacuum Hurley and Sons tl-266,6,748.26,2021-10-29 04:25:17,2025-01-21 12:48:54
40,Vacuum Good-Davis OR-709,6,523.92,2020-05-20 22:38:56,2025-05-07 17:32:59
41,Vacuum Carr-Reed GV-984,6,196.71,2023-09-16 07:06:55,2025-05-29 12:48:29
42,Vacuum Mcintosh-Rogers ar-555,6,88.23,2024-02-13 19:22:58,2025-01-15 01:15:29
43,"Vacuum Warren, Warner and Carpenter aA-520",6,658.71,2024-09-16 17:28:52,2025-02-25 10:56:36
44,Vacuum Thompson-Hunt KZ-457,6,748.61,2023-03-27 06:07:28,2025-03-02 00:57:16
45,Vacuum White-Garcia gn-567,6,605.35,2022-05-26 00:46:48,2025-03-16 23:53:39
46,Vacuum Soto-Williams Zz-799,6,285.05,2021-05-17 05:16:10,2025-02-11 15:10:33
47,Vacuum Cohen LLC je-620,6,252.83,2022-02-23 23:13:44,2025-07-09 19:04:03
48,Vacuum Hudson-Armstrong pt-793,6,260.2,2019-05-21 17:18:01,2025-05-04 04:34:27
49,Vacuum Hanson-Young Qc-649,6,155.11,2022-12-02 06:56:30,2025-03-19 15:54:20
50,"Vacuum Mcdaniel, Christian and Jones ix-035",6,598.06,2023-01-24 06:11:00,2025-03-28 18:22:02
51,"Vacuum Anderson, Strickland and Olson iO-204",6,401.68,2021-05-07 13:14:31,2025-01-08 09:41:56
52,"Vacuum Carter, Rosario and Hoffman AY-531",6,467.51,2021-11-21 00:56:55,2025-08-26 08:23:11
53,Vacuum Cochran-Glover Iy-223,6,726.49,2021-04-14 08:10:08,2025-05-12 12:52:22
54,Kitchen Henderson-Stewart Ma-191,7,592.78,2020-05-16 22:45:06,2025-05-28 10:17:38
55,Kitchen Juarez-Brooks Ns-014,7,576.13,2021-04-11 18:44:19,2025-02-07 19:44:24
56,Kitchen White and Sons Ck-939,7,411.34,2021-06-04 22:57:10,2025-02-07 08:05:14
57,"Kitchen Williams, Solis and Anderson rK-712",7,523.33,2021-06-16 15:46:59,2025-08-22 05:27:41
58,"Kitchen Lewis, Howard and Ortiz Gr-405",7,606.49,2019-07-08 16:09:26,2025-05-27 16:10:40
59,Kitchen Jimenez-Best Lb-531,7,697.7,2023-03-13 12:01:22,2025-01-27 20:57:26
60,Kitchen Parker Inc Aj-828,7,490.01,2023-01-29 03:38:09,2025-04-12 03:59:01
61,Kitchen Schneider-Goodwin Og-041,7,629.32,2020-03-08 16:26:29,2025-05-26 03:55:41
62,"Kitchen Hall, Smith and King mh-432",7,339.27,2023-02-05 13:27:56,2025-08-07 05:31:28
63,Kitchen Schneider-Jackson Jc-140,7,235.43,2024-01-07 23:53:36,2025-01-23 13:42:16
64,"Kitchen Johns, Fuller and Smith js-774",7,441.17,2024-04-06 14:46:46,2025-08-20 01:05:55
65,"Kitchen Hayes, Lane and Vazquez CW-733",7,550.48,2019-03-25 00:44:13,2025-01-28 21:49:57
66,"Kitchen Davis, Lawson and Waters hC-796",7,651.01,2021-12-13 13:01:59,2025-08-09 18:02:59
67,Kitchen Paul-Reyes yc-391,7,356.68,2024-01-11 21:48:58,2025-01-01 23:00:36
68,"Kitchen Marshall, Hughes and Schroeder xf-278",7,798.56,2021-05-10 13:22:26,2025-07-30 06:49:12
69,Kitchen Sweeney PLC Zb-156,7,93.25,2020-08-21 06:40:17,2025-08-21 14:14:10
70,"Kitchen Bowers, Warner and Mcdonald CF-163",7,115.29,2019-03-25 00:51:51,2025-01-27 07:28:39
71,Kitchen Dixon-Schwartz tI-951,7,676.27,2020-07-19 15:40:49,2025-06-30 11:51:01
72,Kitchen Hall and Sons LY-559,7,443.09,2021-02-28 03:17:58,2025-06-06 16:49:13
73,Kitchen Mills LLC Zp-975,7,432.92,2024-12-05 22:02:51,2025-08-04 18:26:33
74,Kitchen Haley-Powell gN-676,7,446.34,2022-12-20 20:46:27,2025-04-06 03:02:20
75,"Kitchen Phillips, Moss and House rl-494",7,179.65,2021-04-19 19:48:44,2025-02-25 19:42:23
76,"Kitchen Pugh, Sutton and Coleman it-752",7,620.08,2022-08-22 05:20:56,2025-06-19 09:34:14
77,Kitchen Holden-Taylor Ly-963,7,464.17,2021-02-09 18:43:30,2025-06-26 10:38:50
78,"Kitchen Powell, Li and Mejia RC-972",7,340.9,2022-12-25 13:04:46,2025-02-16 12:05:00
79,"Kitchen Miles, French and Jones YY-452",7,156.3,2022-04-02 04:07:01,2025-08-30 16:36:18
80,"Kitchen Aguilar, Delgado and Chan WB-417",7,409.88,2024-04-19 08:32:25,2025-06-02 17:26:40
81,Sofa Rogers Group xK-585,9,621.55,2024-01-06 04:04:27,2025-02-03 13:29:42
82,Sofa Patterson and Sons jX-335,9,578.87,2021-09-02 06:54:20,2025-05-14 13:39:48
83,"Sofa Espinoza, Morrison and Flynn Aa-235",9,939.4,2021-03-06 07:35:11,2025-01-21 23:50:09
84,Sofa Garcia PLC Rf-658,9,543.62,2023-08-20 06:39:42,2025-05-04 02:56:53
85,Sofa Collier Inc cQ-480,9,1174.41,2020-03-12 08:32:22,2025-03-22 14:37:02
86,"Sofa Mitchell, Clay and Goodman lM-834",9,286.06,2022-09-13 16:27:42,2025-07-09 08:12:43
87,Sofa Joseph-Price Zj-586,9,827.71,2023-12-01 11:25:35,2025-07-30 09:59:51
88,Sofa Mcmillan and Sons RV-237,9,525.51,2021-11-26 05:12:41,2025-07-13 08:25:06
89,Sofa Adams LLC kK-125,9,848.61,2023-03-27 15:45:56,2025-08-01 13:40:50
90,Sofa Flores-Mullins eq-266,9,610.8,2022-06-04 02:53:01,2025-01-29 09:54:02
91,"Sofa Robinson, Steele and Munoz wz-448",9,281.39,2023-09-06 09:01:09,2025-05-02 17:32:03
92,"Sofa Green, Gonzales and Bruce Ug-526",9,779.53,2024-12-27 20:31:40,2025-07-15 06:24:51
93,"Sofa Marshall, Cook and Perez bn-826",9,413.48,2021-01-02 06:10:43,2025-07-21 10:20:38
94,"Sofa Johnson, Sanchez and Schmidt BS-162",9,808.2,2020-12-09 04:52:03,2025-01-10 01:32:38
95,Sofa Hicks Group VR-075,9,165.7,2022-01-15 14:18:43,2025-05-25 08:27:39
96,Sofa Foley-Hernandez Pt-492,9,444.31,2021-05-17 12:18:56,2025-08-30 18:57:08
97,Sofa Campbell-Moore xq-256,9,369.53,2019-11-25 10:48:59,2025-07-25 21:09:26
98,"Sofa Hanna, Chase and Rivera Be-887",9,808.53,2020-03-15 22:10:23,2025-07-20 23:52:57
99,Sofa Mckinney-Garza iH-331,9,971.78,2024-12-12 05:49:37,2025-08-05 01:55:41
100,"Sofa Howard, Ortega and Conway sA-064",9,364.81,2020-09-06 13:49:51,2025-02-03 17:59:30
101,Sofa Robbins-Harvey LB-279,9,641.88,2024-11-26 08:15:24,2025-05-29 03:21:28
102,Sofa Thomas Group hg-029,9,910.03,2020-01-30 07:10:07,2025-06-07 11:49:23
103,Sofa Garcia Inc oV-674,9,795.49,2021-12-20 18:01:25,2025-06-03 12:39:25
104,Sofa James Inc vg-423,9,160.18,2020-11-07 12:20:24,2025-06-09 03:54:11
105,Sofa Gould Group QU-186,9,153.85,2024-09-02 02:25:39,2025-03-29 14:55:24
106,Sofa Medina Inc Sp-240,9,529.64,2023-12-11 21:05:10,2025-05-09 21:38:08
107,"Sofa Harris, Wagner and Paul EO-760",9,339.34,2021-11-27 18:04:55,2025-01-09 21:10:48
108,Sofa Monroe Group oF-415,9,168.36,2022-08-07 11:42:19,2025-06-15 05:00:35
109,Sofa Edwards-Alvarez vn-722,9,138.91,2021-03-10 09:12:18,2025-06-21 04:32:49
110,"Sofa Thompson, Myers and Johnson SN-214",9,1093.78,2023-03-15 23:59:07,2025-07-19 02:09:01
111,"Sofa Thompson, Hughes and Booth rr-301",9,904.12,2019-02-07 10:06:47,2025-08-27 02:50:01
112,"Sofa Mitchell, Adams and Garcia Mb-739",9,378.86,2022-04-13 10:39:02,2025-07-04 18:11:25
113,"Sofa Smith, Norman and Thomas BZ-138",9,95.92,2022-12-17 10:20:37,2025-04-12 05:18:58
114,Sofa Adams-Medina pU-035,9,242.78,2019-10-10 19:14:10,2025-08-20 04:24:22
115,"Sofa Thomas, Mason and Gibbs bS-100",9,930.37,2020-01-20 11:19:26,2025-03-07 20:55:13
116,Sofa Fisher-Lewis lg-638,9,944.82,2022-07-01 17:12:26,2025-03-20 18:22:01
117,"Sofa Griffith, Howell and Johnson Tr-691",9,692.48,2023-01-14 16:05:01,2025-05-19 22:58:09
118,Sofa Hunt-Richardson Oz-492,9,909.7,2019-09-14 11:44:06,2025-06-23 22:51:44
119,Sofa Nelson-Brown QL-892,9,533.64,2024-07-21 09:48:18,2025-05-22 10:00:25
120,Sofa Palmer Inc lK-439,9,99.55,2022-08-10 15:30:45,2025-05-25 10:29:53
121,Sofa Hughes Ltd IS-945,9,736.95,2024-08-18 06:28:26,2025-03-19 22:24:30
122,"Sofa Mitchell, Harris and Garcia UB-007",9,227.53,2021-05-31 02:39:50,2025-04-04 19:38:35
123,"Table Cuevas, Leblanc and Coleman zK-493",10,474.85,2023-10-15 06:51:16,2025-08-23 02:05:43
124,"Table Gonzales, Campbell and Jackson bC-473",10,663.14,2021-07-15 11:40:23,2025-07-03 08:20:54
125,Table Pearson-Fields Yt-839,10,426.38,2022-11-21 21:02:28,2025-07-21 04:17:46
126,Table Garcia Group oM-332,10,443.8,2019-05-17 19:09:26,2025-08-03 23:11:59
127,Table Walker-Berger AL-248,10,398.57,2023-10-20 15:28:39,2025-04-10 13:06:45
128,Table Figueroa LLC SZ-687,10,194.81,2023-06-14 07:18:03,2025-07-12 07:21:22
129,Table Williams-Carrillo zk-992,10,600.96,2023-03-07 11:55:52,2025-03-14 20:15:23
130,"Table Scott, Jackson and Wilson WO-959",10,160.18,2019-09-02 20:08:07,2025-04-17 14:14:08
131,Table Gallegos Group xS-452,10,421.68,2021-05-01 09:19:23,2025-07-27 21:06:02
132,Table Anderson Group zM-342,10,102.18,2022-04-06 23:34:40,2025-08-09 04:45:02
133,"Table Hernandez, Bryan and Bryant TL-529",10,659.5,2023-02-07 04:50:58,2025-04-24 22:22:13
134,"Table Bell, Wagner and Yu Gf-257",10,295.57,2022-11-22 04:51:10,2025-02-02 03:42:10
135,"Table Morton, Marks and Madden fY-858",10,515.97,2022-12-12 15:45:42,2025-01-03 17:25:40
136,Table Dixon-Herrera kF-873,10,377.99,2022-07-06 11:12:29,2025-03-07 05:56:10
137,"Table Cook, Bean and Ortiz mq-250",10,282.48,2024-11-05 03:00:37,2025-06-27 08:33:43
138,Table Howard-Cole Da-863,10,983.08,2024-04-27 19:46:43,2025-07-04 22:46:14
139,Table Campbell LLC AS-300,10,912.9,2019-04-24 15:12:30,2025-02-12 22:48:08
140,"Table Pena, Owens and Johnson Fn-477",10,310.17,2022-12-30 19:46:23,2025-03-03 18:10:42
141,Table Hampton-Larsen sl-049,10,1051.85,2022-05-10 12:35:24,2025-06-16 17:09:34
142,"Table Henry, Nunez and Lopez Gn-307",10,523.77,2020-04-21 06:52:50,2025-04-15 02:30:06
143,Table Mata-Pierce Dp-326,10,304.1,2021-11-26 01:16:46,2025-04-07 11:01:45
144,Table Thomas and Sons jh-900,10,937.35,2022-11-19 14:09:52,2025-07-04 11:15:48
145,"Table Brown, Hughes and Wallace Un-185",10,421.79,2022-06-26 04:44:26,2025-05-26 19:06:41
146,"Table Richardson, Huerta and Smith Jt-218",10,340.28,2022-10-21 00:07:24,2025-01-24 02:53:36
147,Table Gonzales LLC dm-394,10,1063.77,2024-06-04 04:14:58,2025-07-06 03:41:20
148,Table Glass LLC Xv-676,10,576.11,2022-07-24 18:31:31,2025-08-02 15:26:47
149,Table Guzman-Bailey Qo-684,10,1208.45,2019-11-23 04:45:45,2025-02-01 18:08:37
150,"Table Davis, Allen and Mcdonald Xd-545",10,73.65,2024-02-27 02:35:50,2025-03-06 00:01:14
151,Table Conrad-Nichols dL-872,10,576.66,2020-05-29 07:29:26,2025-05-12 15:42:13
152,"Table Taylor, Vasquez and Mays SX-825",10,1081.01,2024-01-23 21:37:02,2025-01-17 17:27:45
153,Table Sanford-Harmon tN-394,10,74.58,2021-04-13 08:42:39,2025-01-11 06:27:54
154,"Table Aguirre, Gomez and Anthony jg-480",10,265.72,2021-07-15 05:08:31,2025-01-17 01:42:16
155,"Table Johnson, Jackson and Blair KX-972",10,232.78,2020-06-05 13:35:57,2025-02-27 21:39:10
156,Table Rice-Collins DK-410,10,124.48,2024-10-19 10:03:04,2025-03-11 11:42:25
157,"Table Williams, Caldwell and Wallace dY-360",10,429.01,2021-09-24 08:29:26,2025-08-05 09:58:57
158,Table Davidson-Olson At-786,10,1027.19,2019-03-07 15:08:18,2025-06-08 15:57:11
159,Table Roy-Cuevas db-234,10,430.2,2023-10-01 23:16:35,2024-12-31 00:52:03
160,"Table Edwards, Moran and Wood QS-979",10,484.67,2020-10-12 00:16:14,2025-01-25 09:45:06
161,"Table Chavez, Chavez and Henderson fP-142",10,620.77,2019-10-26 01:46:18,2025-05-19 19:06:01
162,"Table Hobbs, Brown and James EY-701",10,567.47,2022-12-06 05:46:08,2025-01-16 07:35:48
163,Table West-Harmon bf-326,10,137.11,2022-02-15 14:28:19,2025-03-14 18:06:56
164,Table Becker-Bowman un-975,10,820.24,2021-08-13 16:32:02,2025-08-23 01:57:49
165,"Table Vang, Jones and Lopez HU-240",10,359.3,2020-03-29 07:07:06,2025-06-21 03:23:44
166,Table Ruiz Inc bS-365,10,56.69,2023-09-04 13:15:51,2025-02-28 07:49:09
167,"Table Ross, Allen and Gibbs kQ-299",10,789.51,2021-12-27 15:07:41,2025-01-09 12:45:29
168,"Table Johnson, Wood and Henry PO-168",10,1268.08,2019-04-08 16:23:37,2025-04-11 09:40:21
169,Table Mendoza PLC Qa-974,10,721.08,2022-08-09 00:27:07,2025-04-18 07:07:43
170,Table Butler-Kelley rD-229,10,879.56,2019-04-08 05:36:01,2025-03-03 09:57:39
171,"Table Bowers, Smith and Lopez pz-188",10,119.06,2022-05-17 02:05:47,2025-07-18 08:49:55
172,Table Wilson LLC WO-151,10,282.49,2019-04-04 15:03:00,2025-01-19 22:39:07
173,Chair Smith Inc gQ-775,11,155.75,2023-05-02 06:47:02,2025-03-10 17:17:16
174,"Chair Davis, Harrington and Woods op-027",11,412.17,2023-04-06 07:51:40,2025-01-16 06:45:56
175,"Chair Ryan, Allison and Hodge QQ-398",11,706.8,2023-06-05 07:08:00,2025-08-27 20:16:57
176,Chair Rogers LLC gr-273,11,1179.44,2024-04-22 09:07:35,2025-03-30 16:03:05
177,"Chair Garcia, Lane and Gonzalez wz-630",11,823.21,2021-12-04 09:33:42,2025-03-21 17:40:36
178,Chair Willis Group qY-669,11,404.01,2019-04-08 09:46:38,2025-04-25 21:42:48
179,Chair Clark Ltd kA-690,11,967.1,2023-12-10 14:28:22,2025-02-04 21:47:18
180,Chair Anderson-King KZ-803,11,97.21,2023-08-13 18:18:12,2025-05-01 19:50:27
181,Chair Jimenez and Sons Yy-388,11,218.43,2023-07-08 15:46:34,2025-07-03 15:21:40
182,Chair Stewart and Sons Qc-981,11,1143.11,2019-04-28 03:12:08,2025-01-03 17:50:05
183,"Chair Herrera, Anderson and Grant eY-233",11,609.82,2022-12-14 22:17:17,2025-02-10 09:21:27
184,"Chair Johnson, Lam and Garcia Vl-997",11,793.2,2024-06-09 20:47:52,2025-04-13 00:28:00
185,"Chair Robinson, Olsen and Allen vU-036",11,1273.78,2023-11-01 04:26:55,2025-08-24 22:11:40
186,Chair Potter-Goodman ov-456,11,910.72,2020-07-12 16:42:39,2025-02-07 00:07:57
187,Chair Sanchez PLC Nz-451,11,121.52,2019-01-29 15:56:24,2025-04-29 14:51:24
188,Chair Hines Inc CA-106,11,613.78,2024-11-05 19:23:11,2025-05-09 19:52:05
189,"Chair Parrish, Osborne and Burns wx-533",11,752.29,2019-10-28 10:36:33,2025-03-25 12:01:07
190,"Chair Jackson, Holland and Wright Va-198",11,69.58,2022-11-16 20:53:25,2025-04-20 21:44:13
191,Chair Jimenez Inc dG-003,11,695.71,2019-05-31 02:33:49,2025-01-01 02:21:20
192,Chair Martin-Collins Ao-072,11,1173.56,2021-01-01 17:47:09,2025-04-15 02:15:12
193,Chair Scott-Walton pX-974,11,657.29,2023-12-06 07:29:21,2025-05-01 16:27:45
194,Chair Warner-Liu kH-447,11,352.68,2021-02-09 12:51:16,2025-06-07 16:47:05
195,"Chair Parks, Larsen and Carter Gw-034",11,1161.82,2023-12-04 04:16:19,2025-05-21 17:05:03
196,Chair Taylor and Sons eA-617,11,469.02,2024-06-07 10:38:17,2025-04-02 01:43:27
197,Chair Jones-Buckley cG-710,11,807.79,2022-10-07 03:02:58,2025-07-21 22:45:17
198,"Chair Martin, Carter and Lee ts-215",11,494.39,2022-01-08 07:09:48,2025-06-09 17:10:39
199,Chair Munoz and Sons aA-268,11,205.08,2020-08-26 02:27:38,2025-08-05 07:03:30
200,"Chair Matthews, Baker and Baker om-699",11,276.75,2022-10-09 06:08:01,2025-04-05 06:06:01
201,Chair Patterson LLC vX-141,11,894.24,2022-06-11 06:12:32,2025-05-19 00:44:11
202,Chair Mathis-Carr Xp-335,11,431.84,2021-09-05 16:50:19,2025-08-23 22:21:12
203,Chair Thompson-Munoz RY-968,11,779.69,2020-03-02 21:50:57,2025-07-13 21:32:25
204,"Chair Hill, Cabrera and Williams yV-299",11,121.2,2021-09-04 21:54:17,2025-08-13 18:19:57
205,"Chair Harris, Johnson and Roberts ed-683",11,846.48,2024-08-12 14:01:07,2025-05-07 12:33:09
206,"Chair Stout, James and Taylor Lr-970",11,608.69,2021-12-13 13:34:54,2025-01-05 13:22:00
207,Chair Vazquez Ltd ec-687,11,435.75,2022-10-14 10:51:38,2025-02-03 05:10:25
208,"Chair Franklin, Fernandez and Freeman mL-263",11,347.21,2021-12-20 02:20:06,2025-06-24 03:10:28
209,Chair Garner-Ross cP-887,11,685.31,2020-09-13 08:02:58,2025-08-13 04:32:20
210,"Chair Gonzalez, Bowman and Snyder BM-300",11,424.07,2022-07-23 06:51:11,2025-03-30 02:26:35
211,"Chair Warner, Fuentes and Cochran GC-236",11,1011.97,2023-07-19 21:57:59,2025-04-12 03:48:21
212,"Chair Case, Conrad and Dillon GF-726",11,614.44,2023-10-27 20:46:14,2025-02-26 04:37:05
213,Chair Hart-Brown UP-177,11,528.72,2019-08-13 04:59:44,2025-03-05 15:26:31
214,Men Tapia Inc kP-759,13,59.8,2023-01-31 11:10:15,2025-06-15 02:09:38
215,"Men Roberson, White and Castro UN-227",13,16.99,2020-11-11 08:58:13,2025-02-13 20:12:41
216,Men Kelly-Wheeler pH-120,13,143.67,2019-05-21 03:38:11,2025-01-11 17:56:28
217,Men Lee PLC uW-721,13,147.31,2021-11-12 14:51:29,2025-06-25 18:16:54
218,Men Austin and Sons Zf-746,13,122.35,2022-10-12 11:54:33,2025-07-29 15:51:46
219,Men Williams-Goodman sE-984,13,103.91,2019-03-17 00:31:21,2025-07-15 05:49:12
220,Men Hurst-Taylor UN-780,13,152.67,2021-11-26 23:33:29,2025-04-12 03:54:32
221,Men Grant and Sons Ma-437,13,158.95,2021-06-12 04:59:31,2025-01-22 17:56:12
222,Men Mosley Inc db-215,13,31.25,2024-12-25 01:08:21,2025-04-04 19:52:39
223,Men Brady-Porter kD-922,13,143.14,2021-10-06 06:10:44,2025-08-05 10:08:37
224,Men Williams Inc XT-001,13,160.68,2019-09-04 04:39:13,2025-02-14 16:50:33
225,Men Jenkins LLC Cb-615,13,156.96,2022-06-29 13:47:13,2025-05-10 12:21:27
226,"Men Gardner, Marshall and Price QT-289",13,68.31,2023-09-01 10:20:01,2025-04-02 02:22:53
227,Men Henson Ltd gs-901,13,35.82,2019-05-19 22:22:24,2025-06-08 21:51:24
228,Men Lynn PLC av-808,13,112.73,2022-11-19 15:40:35,2025-07-12 15:50:09
229,"Men Smith, Peterson and Baker ZC-609",13,162.35,2020-02-22 02:16:47,2025-06-07 18:30:57
230,Men Chavez-Johnson vm-507,13,114.58,2021-04-14 14:59:41,2025-02-20 08:02:11
231,"Men Mendez, Ritter and Fox gC-217",13,140.17,2024-12-16 13:55:16,2025-07-29 22:15:42
232,Men Davenport LLC Oz-877,13,41.75,2023-12-20 14:52:33,2025-04-18 17:45:45
233,Men Hunt Group uH-897,13,115.56,2024-05-17 08:30:48,2025-01-24 18:47:31
234,Men Nguyen-Pierce fK-482,13,173.87,2023-01-28 01:34:15,2025-08-02 18:10:51
235,"Men Thompson, Lang and Taylor bm-022",13,126.58,2023-08-29 00:56:08,2025-07-03 18:37:58
236,Men Bowman Ltd NM-220,13,17.61,2022-04-16 01:48:11,2025-03-04 22:38:45
237,Men Gray Ltd fv-762,13,188.31,2021-04-17 22:16:35,2025-06-27 20:41:48
238,"Men Rush, Alexander and Richardson hs-030",13,57.99,2023-04-11 02:55:48,2025-05-21 16:59:08
239,"Men Lindsey, Wilson and Evans UA-995",13,126.58,2021-04-18 02:24:08,2025-04-12 16:58:01
240,Men Black-Choi QF-200,13,76.76,2019-07-04 11:37:44,2025-07-19 09:57:11
241,Men Walker and Sons OG-287,13,132.26,2024-06-18 12:57:08,2025-07-18 07:26:24
242,Men Young-Smith JN-442,13,32.98,2021-05-15 00:44:59,2025-03-11 21:04:27
243,"Men Peterson, Nelson and Pratt BP-516",13,41.66,2022-03-05 14:36:39,2025-05-07 07:40:52
244,"Men Vasquez, Greene and Brown BC-957",13,66.28,2019-02-09 23:04:09,2025-04-17 10:49:01
245,Men Sharp PLC Zz-383,13,96.66,2023-11-02 09:04:59,2025-08-19 22:08:24
246,"Men Bailey, Williamson and Dean fZ-554",13,101.86,2022-02-17 12:03:01,2025-02-20 09:18:43
247,Men Farrell PLC zn-134,13,52.91,2019-08-15 23:33:58,2025-03-09 06:18:33
248,Men Nelson Inc DY-634,13,213.03,2022-05-09 05:52:00,2025-01-27 15:02:45
249,Men Hanson-Sanchez Hq-888,13,31.19,2023-06-03 16:48:21,2025-06-09 02:46:22
250,Men Scott-Phillips nh-974,13,9.92,2024-06-12 20:27:10,2025-02-04 12:14:26
251,"Men Walker, Decker and Stewart dL-368",13,62.07,2020-12-29 00:43:41,2025-05-26 21:33:34
252,"Men Estrada, Munoz and Howard ob-848",13,171.06,2021-05-06 02:47:00,2025-06-26 15:53:08
253,"Men Brown, Johnson and Ross Vz-934",13,118.0,2021-06-12 08:30:30,2025-03-20 04:46:30
254,Men Smith Group EK-706,13,184.55,2019-10-03 21:36:52,2025-08-22 14:31:13
255,"Men Martin, Vasquez and James vm-764",13,107.96,2024-09-12 02:53:37,2025-08-21 10:41:05
256,Men Walker-Yang Tw-798,13,175.0,2019-01-21 18:40:02,2025-02-27 02:16:45
257,Men Kelly-Jackson Id-048,13,208.28,2020-03-19 10:51:17,2025-02-22 20:48:16
258,Men Gonzalez LLC Ey-823,13,49.97,2024-04-12 17:11:16,2025-01-01 18:29:11
259,Men White-Acosta aO-150,13,51.28,2022-05-13 01:16:05,2025-03-22 05:53:19
260,Men Perez-Soto tN-689,13,181.7,2022-03-11 14:18:04,2025-04-21 15:22:39
261,Men Vance Group Ep-687,13,42.47,2019-08-20 11:28:51,2025-03-25 03:37:13
262,"Men Martinez, Moore and Mathis AH-640",13,33.28,2020-08-30 20:34:54,2025-02-26 20:49:23
263,Men Foley-Norris vN-334,13,63.88,2019-10-03 11:58:56,2025-04-22 07:22:15
264,Women Johnson-Lewis PG-133,14,79.3,2022-12-03 19:22:02,2025-02-25 21:08:47
265,Women Smith-Thompson vB-102,14,19.11,2019-08-16 17:49:27,2025-08-28 20:20:46
266,Women Jackson Group iu-906,14,26.3,2023-09-11 15:06:16,2025-04-01 12:06:05
267,Women French Inc Ck-810,14,153.99,2024-05-25 14:00:10,2025-04-05 20:04:37
268,Women Mccarty-Curtis Ma-335,14,167.87,2021-10-14 15:31:28,2025-06-21 19:39:19
269,Women Smith PLC TQ-314,14,50.89,2019-09-05 22:07:24,2025-07-17 15:44:06
270,"Women Ware, Hansen and Green PE-913",14,74.54,2023-03-29 02:57:53,2025-04-19 10:36:58
271,Women Kennedy-Moore Ed-484,14,165.55,2022-02-05 03:05:34,2025-06-16 11:40:28
272,"Women Sanchez, Rose and Frye kL-341",14,129.45,2022-04-23 05:28:47,2025-07-02 09:01:25
273,"Women Harvey, Reed and Parker yY-962",14,22.59,2020-11-10 19:13:29,2025-02-14 22:37:49
274,"Women Martin, Wright and Williamson AY-351",14,101.82,2024-08-18 10:54:50,2025-03-13 18:37:33
275,Women Harmon-Boyd cC-118,14,29.48,2019-02-06 03:32:19,2025-04-22 21:34:36
276,Women Murillo Ltd im-665,14,89.96,2019-08-09 14:48:07,2025-06-05 13:35:42
277,"Women Hernandez, Barnes and Anderson Fx-791",14,57.03,2023-07-04 09:47:48,2025-01-25 11:44:27
278,"Women Clark, Lucas and Russell Aw-580",14,171.09,2022-01-07 11:55:42,2025-08-11 21:46:16
279,Women Gutierrez-Lawson Kn-227,14,89.17,2023-12-28 06:06:22,2025-03-13 12:09:35
280,Women Ellis and Sons op-273,14,24.98,2019-06-03 06:04:11,2025-08-18 06:12:37
281,Women Sanders-Craig rL-419,14,96.35,2020-07-21 09:19:42,2025-05-28 10:11:52
282,"Women Mitchell, Gonzalez and Smith DS-235",14,167.77,2019-06-07 12:17:40,2025-06-27 22:53:38
283,"Women Hamilton, Johnson and Lee bn-495",14,99.47,2019-05-24 20:18:41,2025-02-21 11:56:40
284,Women Miles and Sons IB-851,14,152.22,2019-03-28 13:23:39,2025-04-10 02:24:49
285,Women Snyder PLC Uj-815,14,184.22,2023-07-16 14:26:34,2025-05-31 18:54:50
286,Women Becker-Jackson ax-824,14,87.46,2021-03-16 06:42:30,2025-06-30 09:03:53
287,"Women Miller, Reyes and Price ec-148",14,57.07,2022-10-30 12:53:58,2025-06-10 19:34:08
288,Women Warren-Cooper tF-041,14,177.52,2019-07-17 18:24:51,2025-08-09 09:35:24
289,Women Cook Inc lo-417,14,182.28,2024-09-04 18:41:24,2025-03-06 18:35:28
290,"Women Klein, Barber and Ortega TR-287",14,85.35,2024-02-22 09:54:55,2025-02-07 03:24:17
291,"Women Clark, Brown and Klein yv-370",14,165.9,2023-01-31 10:37:56,2025-05-12 15:47:22
292,Women Long-Brown We-679,14,161.8,2020-06-25 04:35:49,2025-02-08 11:04:53
293,Women Holt-Davis rm-284,14,162.73,2023-01-18 14:44:41,2025-01-18 08:18:27
294,"Women Yu, Schwartz and Chapman Ok-085",14,143.39,2024-12-12 11:38:04,2025-01-04 21:12:50
295,Women Case Inc zE-912,14,48.41,2023-04-15 15:03:59,2025-07-24 23:33:24
296,Women Nichols Inc dq-243,14,152.17,2019-08-25 19:41:56,2025-07-18 05:09:19
297,"Women Harris, Barton and Evans Ef-811",14,11.42,2019-06-28 05:38:02,2025-08-05 18:55:29
298,Women Williams Ltd MF-275,14,39.85,2023-06-12 16:17:29,2025-06-23 13:27:38
299,Women Payne-Hunter Gr-430,14,104.19,2023-04-19 14:24:29,2025-02-05 20:54:28
300,"Women Marshall, Rosales and Oliver nL-479",14,157.3,2022-12-09 17:32:58,2025-04-22 17:56:25
301,Women Tran PLC aQ-694,14,139.27,2021-04-05 07:31:35,2025-08-19 18:10:57
302,Women Williams-Stephens Db-214,14,181.58,2024-05-02 19:39:53,2025-04-25 13:24:11
303,Women Becker-Williams Kz-079,14,76.17,2022-06-07 01:53:49,2025-01-22 01:37:49
304,Women Aguilar-Graham mE-662,14,173.57,2021-11-29 16:09:09,2025-02-11 20:40:23
305,Women Wheeler-Walker kQ-063,14,113.47,2019-12-21 01:21:11,2025-08-01 09:03:58
306,Women Frost LLC Eo-682,14,127.49,2023-06-28 01:40:53,2025-04-08 03:39:10
307,Women Lee LLC iB-584,14,68.06,2020-12-20 04:30:48,2025-05-15 11:27:29
308,Women Williams PLC dC-109,14,97.17,2023-09-01 05:17:19,2025-01-01 23:59:25
309,Women Smith PLC hr-958,14,106.34,2019-09-14 09:08:49,2025-01-21 20:27:08
310,Women Johnson-Bruce oJ-447,14,62.29,2019-07-21 07:04:34,2025-01-16 05:32:34
311,Women Howell-Anderson Vb-699,14,85.18,2021-10-31 14:36:49,2025-05-04 12:47:59
312,Women Knight Ltd NR-223,14,185.05,2020-01-18 21:17:04,2025-04-07 06:04:28
313,Women Myers-Cowan hE-664,14,57.85,2023-04-27 03:39:45,2025-01-17 06:52:24
314,Women Andrews PLC Fc-756,14,14.5,2023-01-31 03:20:10,2025-06-17 04:26:56
315,"Women Carrillo, Miller and Anderson mX-958",14,189.54,2022-09-06 09:12:13,2025-06-16 22:26:17
316,Women Lopez and Sons Wc-024,14,191.35,2023-07-16 03:27:09,2025-08-21 18:14:25
317,Women Mcgee LLC Up-304,14,65.95,2022-01-11 11:53:37,2025-07-03 18:42:42
318,"Women Frey, Hale and Payne rM-714",14,190.18,2022-08-05 00:20:12,2025-02-26 09:55:01
319,Women Rodriguez Group jN-678,14,198.62,2023-01-07 17:27:32,2025-05-24 19:06:53
320,Women Salinas-Bowers kR-339,14,23.93,2020-01-17 18:29:41,2025-04-09 09:48:11
321,Women Romero LLC ZU-167,14,21.64,2019-03-07 14:34:24,2025-04-16 09:25:35
322,"Women Winters, Gilbert and Blankenship OB-985",14,140.03,2022-08-14 00:05:12,2025-03-12 11:49:49
323,Women Mendoza-Rivera XG-397,14,171.65,2023-10-22 23:19:09,2025-03-29 11:40:42
324,Women King PLC IG-661,14,193.74,2022-04-09 15:15:21,2025-06-22 18:14:10
325,"Women Sampson, Benson and Wright TI-061",14,120.86,2019-01-21 05:50:16,2025-07-26 01:56:24
326,Women Riley-Garza IR-407,14,100.19,2022-04-10 15:55:58,2025-06-21 00:37:52
327,"Women Roth, Elliott and Flores bA-951",14,26.2,2024-06-19 04:10:12,2025-08-26 20:46:35
328,"Women Austin, Lynn and Griffith oa-409",14,196.48,2020-03-20 16:01:59,2025-07-25 04:49:27
329,"Women Espinoza, Johnson and Gonzalez iZ-559",14,94.74,2021-03-08 11:56:21,2025-04-03 15:40:27
330,Women Dunn and Sons Qb-252,14,55.28,2019-05-03 22:39:50,2025-06-04 09:49:19
331,Women Brewer-Patton yv-254,14,142.08,2021-12-04 14:30:05,2025-01-06 11:51:57
332,Women Chan-Morrow nF-235,14,128.84,2021-06-16 03:05:18,2025-08-06 17:22:46
333,Women French-Hawkins PW-061,14,120.4,2021-01-16 16:28:14,2025-03-17 06:08:25
334,Sneakers Lucas-Bright DE-120,16,128.56,2024-12-28 09:18:46,2025-01-21 16:23:59
335,"Sneakers Hobbs, Kim and Mcfarland Au-757",16,56.96,2024-05-29 14:03:00,2025-02-27 08:27:45
336,Sneakers Jackson Ltd Cp-731,16,113.58,2019-11-29 17:14:25,2025-03-24 02:51:55
337,Sneakers Anderson Inc uh-639,16,99.66,2024-03-14 03:58:01,2025-03-09 21:17:25
338,Sneakers Garrett-Jones RN-527,16,181.42,2024-08-01 22:18:05,2025-08-08 12:30:27
339,Sneakers Rosario and Sons VV-891,16,71.8,2019-03-28 19:52:52,2025-03-26 12:53:58
340,Sneakers Duran LLC Ge-017,16,266.58,2020-02-05 18:47:21,2025-05-10 05:46:18
341,Sneakers Davis-Harper tk-896,16,73.66,2021-03-17 05:57:32,2025-05-02 21:49:31
342,Sneakers Benjamin-Ramirez KT-787,16,27.51,2019-03-05 17:02:41,2025-07-11 13:34:12
343,Sneakers Hoffman-Ray kd-454,16,227.76,2019-08-23 14:51:46,2025-05-10 03:14:37
344,"Sneakers Hayes, Contreras and Waller zd-902",16,262.1,2020-07-14 05:52:09,2025-08-03 06:30:25
345,Sneakers Moreno Ltd kE-900,16,63.75,2022-08-12 16:26:45,2025-07-28 00:00:27
346,Sneakers Wheeler-Campbell cw-551,16,40.67,2019-08-26 11:41:12,2025-03-08 04:19:01
347,Sneakers Kelley PLC lh-987,16,45.44,2021-08-01 20:52:24,2025-07-21 21:52:09
348,Sneakers Gutierrez Group or-137,16,120.0,2021-09-30 14:53:40,2025-01-04 22:52:03
349,Sneakers Hester and Sons FU-245,16,161.48,2019-10-24 13:12:14,2025-07-02 22:52:13
350,Sneakers Bell-Jones Sj-095,16,268.12,2022-02-07 16:52:55,2025-04-25 19:42:25
351,"Sneakers Ferrell, Miller and Mccarty sE-949",16,218.33,2021-02-05 15:52:10,2025-02-16 05:18:56
352,Sneakers Haley-Knox KB-983,16,182.19,2020-03-22 11:46:53,2025-06-11 04:36:59
353,Sneakers Lopez PLC rO-564,16,188.53,2019-07-19 09:34:06,2025-02-14 04:52:14
354,Sneakers Smith and Sons Jz-875,16,38.38,2019-02-10 17:58:11,2025-04-01 03:14:03
355,"Sneakers Holmes, Larson and Hughes ql-419",16,160.32,2019-08-08 11:32:05,2025-02-23 12:44:07
356,Sneakers Wang-Ferguson lR-302,16,277.48,2020-08-04 00:04:36,2025-01-31 12:55:00
357,Sneakers Lang-Murphy mQ-531,16,191.28,2021-06-05 09:27:43,2025-05-07 12:34:34
358,Sneakers Sanchez Ltd xB-435,16,22.38,2021-01-30 06:13:22,2025-06-01 08:22:14
359,Sneakers Skinner-Boyd zG-817,16,171.29,2019-12-08 07:40:13,2025-02-09 05:03:03
360,Sneakers Gonzalez Group Ts-085,16,237.66,2024-05-13 15:35:42,2025-06-14 21:39:30
361,Sneakers Clark LLC Ou-602,16,295.07,2024-01-17 16:05:31,2025-02-25 03:07:12
362,Sneakers Davis and Sons TS-463,16,205.56,2019-02-24 16:24:19,2025-06-08 17:36:00
363,Sneakers Strickland-Franklin nb-393,16,139.01,2023-04-30 23:59:10,2025-06-30 13:00:24
364,Sneakers Foster-Williams OO-182,16,42.75,2022-06-11 19:42:31,2025-02-21 09:26:06
365,"Sneakers Price, Young and Smith zK-592",16,71.58,2019-12-21 10:44:41,2025-02-12 19:31:49
366,Sneakers Nunez-Walker Ct-322,16,241.83,2019-02-13 19:54:29,2025-07-10 22:38:17
367,Sneakers Walters Inc qZ-210,16,52.02,2019-09-20 20:56:53,2025-02-25 11:52:36
368,"Sneakers Porter, Barnes and Thomas Qn-357",16,96.08,2020-09-01 12:38:25,2025-03-27 22:31:39
369,Sneakers Bullock-Boyd bm-148,16,43.48,2021-10-22 14:44:03,2025-03-08 11:09:27
370,"Sneakers Stokes, Hart and Murphy Ml-323",16,146.39,2024-06-04 18:15:50,2025-05-31 14:47:09
371,"Sneakers Cordova, Vasquez and Adams AC-420",16,132.38,2019-12-26 07:01:24,2025-05-22 07:31:33
372,Sneakers Hall Inc jO-972,16,35.34,2021-04-26 09:35:46,2025-02-02 14:06:33
373,Sneakers Goodwin-Cooley sp-190,16,286.97,2020-05-09 00:55:10,2025-08-30 23:33:42
374,"Sneakers Brown, Abbott and Kemp nA-919",16,254.84,2024-03-16 00:08:06,2025-01-06 20:41:20
375,Sneakers Price-Sanders Rh-331,16,148.94,2022-10-24 23:13:03,2025-01-14 22:54:36
376,Sneakers Valenzuela Ltd kK-805,16,170.52,2020-01-22 23:42:56,2025-06-28 05:48:18
377,Sneakers Charles-Calderon XO-308,16,74.36,2022-02-11 13:36:37,2025-07-05 13:20:36
378,"Sneakers Castro, Smith and Edwards Jv-804",16,226.64,2023-03-04 04:49:13,2025-05-03 02:26:42
379,Sneakers Wiggins LLC fi-539,16,270.56,2023-08-16 15:50:36,2025-05-27 05:19:53
380,Sneakers Harris-Smith fc-952,16,237.04,2020-01-31 04:28:00,2025-07-19 10:09:04
381,"Sneakers Pierce, Crawford and Moore sN-286",16,86.11,2019-09-25 16:16:43,2025-06-30 09:48:37
382,Sneakers Hull-Rogers Wv-341,16,33.25,2019-10-10 13:27:52,2025-08-02 02:25:39
383,Sneakers Schmitt Group hl-102,16,102.59,2024-12-27 00:30:02,2025-08-21 21:23:48
384,Sneakers Rich-Williamson dW-299,16,104.11,2024-09-06 10:24:15,2025-02-19 10:00:15
385,Sneakers White-Hughes pL-049,16,227.23,2023-07-29 22:38:28,2025-07-22 00:59:36
386,"Sneakers Johnson, Trevino and Cain Sp-251",16,25.67,2020-03-11 21:39:11,2025-05-17 03:25:46
387,Sneakers Walsh and Sons wy-781,16,204.5,2022-12-21 22:21:43,2025-01-24 19:11:14
388,Sneakers Hill Ltd Ei-284,16,300.12,2019-03-02 04:03:27,2025-08-05 20:52:10
389,Sneakers Baldwin-Garcia hB-373,16,54.81,2024-08-13 09:10:45,2025-08-18 23:42:07
390,"Sneakers Crawford, Terrell and Rosales om-188",16,207.43,2022-12-22 08:14:34,2025-05-10 16:24:00
391,Sneakers Hernandez Group eO-824,16,71.93,2022-01-27 07:42:26,2025-04-09 10:21:09
392,Sneakers Cardenas-Payne yc-695,16,252.11,2019-02-17 19:09:16,2025-07-31 15:02:15
393,"Sneakers Erickson, Ochoa and Burns OT-073",16,178.94,2022-05-24 08:59:13,2025-08-09 16:18:07
394,"Sneakers Lopez, Rose and Jimenez zP-312",16,283.48,2023-11-15 23:11:53,2025-08-12 23:43:21
395,"Sneakers Brock, Rose and Wright ba-757",16,65.61,2021-05-23 01:42:53,2025-01-06 03:01:24
396,"Sneakers Reed, Jones and Santiago yz-831",16,257.92,2019-09-15 17:52:37,2025-02-06 04:55:45
397,Sneakers Jackson-Willis zL-626,16,172.72,2022-11-03 11:56:46,2025-07-21 19:58:26
398,Sneakers Clarke Group Kf-004,16,26.51,2024-07-06 07:15:31,2025-05-01 21:05:32
399,Sneakers Smith-Anderson pd-993,16,174.56,2019-07-23 07:10:55,2025-04-12 06:02:39
400,Sneakers Fitzgerald LLC du-631,16,137.6,2019-09-02 21:14:08,2025-02-02 20:55:03
401,Sneakers Little PLC ZL-405,16,58.64,2020-07-27 05:27:06,2025-08-08 18:17:51
402,Sneakers Martin-Allen Ma-488,16,221.94,2020-01-18 22:41:40,2025-05-11 21:25:39
403,Sneakers Walters-Cooper Zv-687,16,91.53,2021-04-18 16:35:05,2025-08-19 04:03:45
404,Sneakers Stokes-Bailey Ct-023,16,187.58,2019-11-27 23:12:25,2025-04-15 00:39:33
405,Sneakers Sullivan-Charles In-814,16,181.49,2024-11-18 15:06:17,2025-03-31 17:39:48
406,Sneakers Munoz-Johnson Ho-566,16,104.76,2024-04-20 16:06:51,2025-05-19 19:35:05
407,"Sneakers Knapp, Graham and Jenkins dc-971",16,253.91,2024-10-07 06:14:51,2025-01-13 02:31:58
408,Sneakers Marshall PLC Eb-463,16,39.39,2020-12-20 23:15:10,2025-07-05 01:33:35
409,Sneakers Lee Ltd Br-230,16,193.73,2020-12-13 03:06:00,2025-08-14 15:46:48
410,"Sneakers Jones, Thornton and Carter Lw-520",16,184.05,2023-07-12 19:51:17,2025-05-17 19:33:35
411,Sneakers Berry LLC pV-267,16,258.96,2020-12-15 20:24:48,2025-07-03 08:52:04
412,"Sneakers Allison, Mccoy and Gomez Nv-585",16,121.6,2022-11-23 10:08:25,2025-01-04 04:04:25
413,"Sneakers Mcconnell, Jenkins and Foster Ip-715",16,57.69,2023-11-12 06:29:08,2025-06-21 12:53:00
414,Boots Gilbert Ltd YE-556,17,240.62,2024-05-10 13:24:18,2025-02-15 15:33:13
415,Boots Moore-Reynolds jp-490,17,27.17,2019-02-24 00:11:12,2025-03-01 20:48:50
416,Boots Robinson-Espinoza XC-382,17,114.12,2023-01-24 10:25:41,2025-03-06 05:35:37
417,Boots Lopez PLC ma-750,17,77.53,2023-07-28 16:24:39,2025-05-06 05:18:57
418,"Boots Jensen, Harvey and Hernandez IW-723",17,187.67,2019-05-03 08:08:47,2025-03-16 06:19:27
419,Boots Watts-Smith nb-835,17,257.52,2021-10-29 20:29:36,2025-04-16 02:23:42
420,Boots Sellers-Johnston Md-868,17,233.51,2019-09-27 11:00:41,2025-08-09 14:19:28
421,Boots Morris Group Yc-875,17,121.59,2020-05-15 01:22:13,2025-08-04 03:13:17
422,Boots Davis-Pennington aj-763,17,286.0,2023-01-20 19:02:07,2025-06-26 19:14:24
423,Boots Mitchell-Stevens vc-825,17,167.86,2022-10-05 09:01:26,2025-06-10 09:46:57
424,"Boots Coleman, Pope and Davis ze-308",17,137.04,2023-10-03 09:38:49,2025-01-26 14:34:09
425,"Boots Gonzales, Donovan and Small zf-022",17,177.26,2023-10-04 09:58:53,2025-05-26 00:57:21
426,Boots Shelton Group ZE-290,17,199.65,2024-04-13 02:42:28,2025-06-06 18:03:18
427,"Boots Adams, Greene and Leonard bV-618",17,152.33,2023-11-08 15:32:18,2025-07-17 05:35:38
428,"Boots Savage, Bell and Tran ZM-644",17,218.12,2020-01-14 10:02:57,2025-06-03 14:17:15
429,Boots Wilson PLC wn-916,17,251.95,2019-06-19 03:09:29,2025-01-23 15:03:18
430,Boots Fox PLC Ni-196,17,150.03,2021-10-30 22:49:37,2025-06-18 09:38:56
431,"Boots Wood, Rosario and Hernandez Fx-609",17,214.01,2021-04-26 02:27:49,2025-04-28 01:21:41
432,Boots Miller Inc Nn-115,17,93.27,2022-10-07 12:54:27,2025-04-01 12:09:57
433,"Boots Jones, Chan and Sexton ah-858",17,61.12,2024-03-01 02:21:06,2025-05-01 00:23:23
434,Boots Schultz-Dean IN-423,17,98.85,2023-11-26 11:21:09,2025-08-20 03:54:32
435,"Boots Black, Charles and Kelly bL-824",17,172.15,2020-01-31 11:03:52,2025-08-26 16:20:16
436,"Boots Ross, Chambers and Thomas bQ-373",17,288.58,2024-09-05 14:40:07,2025-08-11 08:09:12
437,"Boots Morrison, Brown and Vang Xt-092",17,253.28,2019-06-26 05:43:07,2025-07-12 23:13:46
438,Boots Morton and Sons nO-331,17,80.68,2023-01-08 02:31:42,2025-04-17 21:39:18
439,Boots Ochoa-Mathis kh-475,17,152.02,2021-06-05 09:56:49,2025-02-21 02:14:54
440,Boots Harris Ltd dM-430,17,72.65,2024-03-02 06:13:32,2025-03-02 00:15:20
441,Boots Lynch LLC AZ-428,17,110.46,2020-12-17 16:42:19,2025-06-13 05:40:01
442,Boots Clarke and Sons sd-558,17,108.24,2019-10-02 01:48:24,2025-04-09 07:06:07
443,"Boots Graves, Murray and Mccormick bk-449",17,68.02,2023-09-04 03:29:09,2025-03-28 21:15:58
444,Boots Gonzalez Inc PY-700,17,157.81,2019-01-17 05:59:01,2025-07-08 19:21:35
445,"Boots Griffin, Hancock and Wade Mc-108",17,106.46,2019-01-13 03:05:50,2025-05-12 23:46:36
446,Boots Bonilla Inc vM-398,17,249.81,2020-08-11 22:03:49,2025-08-12 23:47:41
447,Boots Graham Group vK-290,17,139.89,2021-09-23 19:38:55,2025-03-18 11:33:40
448,Boots Hernandez Group Jt-035,17,273.31,2022-03-30 22:57:52,2025-05-31 15:06:18
449,"Boots Carter, Clements and Gibson Cm-823",17,260.15,2022-12-25 01:52:47,2025-03-31 20:48:37
450,Boots Black-Randolph Zz-019,17,241.81,2020-02-20 08:24:04,2025-06-24 12:36:24
451,"Boots Davis, Drake and White sY-010",17,191.47,2021-12-03 11:19:01,2025-02-21 15:18:59
452,"Boots Simpson, Hill and Richardson ON-131",17,195.9,2021-08-21 23:34:10,2025-02-20 08:59:26
453,"Boots Rivera, Williams and Richardson Za-349",17,155.78,2022-09-14 12:28:32,2025-04-16 08:22:53
454,Boots Alexander Inc xp-666,17,135.19,2020-08-12 17:29:26,2025-01-21 13:08:55
455,Boots Hart Group SZ-387,17,85.57,2020-02-10 00:07:45,2025-06-28 15:31:55
456,Boots Castillo LLC yd-970,17,160.38,2020-02-09 01:43:11,2025-03-26 16:38:42
457,Boots Smith Ltd EP-615,17,152.73,2023-12-15 13:25:55,2025-04-16 01:33:50
458,Boots Hall-Meyers Hu-510,17,187.29,2023-10-27 03:18:29,2025-08-06 02:41:21
459,Boots Morse PLC xJ-087,17,210.98,2019-06-08 18:32:10,2025-02-10 02:20:08
460,Boots Lambert-Carter ep-806,17,100.53,2019-01-02 02:11:51,2025-07-17 21:36:05
461,Boots Gregory Group PP-851,17,251.28,2021-10-15 16:47:39,2025-04-02 23:01:30
462,Boots Mckinney LLC MU-533,17,217.11,2023-01-29 02:51:31,2025-01-06 21:48:00
463,"Boots Shah, Carney and Howard SX-920",17,210.73,2021-01-12 04:05:56,2025-01-15 12:47:14
464,"Boots Hardy, Harris and Solis Uy-181",17,158.46,2020-09-03 22:07:18,2025-04-26 00:56:13
465,"Boots Flowers, Foster and Craig Ad-650",17,167.41,2023-08-06 09:45:22,2025-07-07 12:03:55
466,Boots Stephens-Young mY-794,17,56.95,2024-04-01 08:28:42,2025-05-02 11:23:34
467,Boots Lopez-Hill CM-472,17,96.9,2023-07-24 02:55:29,2025-01-08 06:11:07
468,"Boots Smith, Fisher and Mcconnell Qf-342",17,215.21,2020-12-06 23:34:39,2025-02-02 10:59:40
469,Boots Green-Mclean ri-587,17,94.77,2022-04-24 12:28:45,2025-04-23 10:43:50
470,Boots Medina-Fuller ug-746,17,60.12,2024-07-31 03:47:51,2025-08-07 13:05:46
471,Boots Long PLC fP-460,17,288.8,2019-11-11 17:37:23,2025-07-20 17:25:43
472,Boots Lane-Reyes Nw-130,17,50.48,2019-08-03 08:24:49,2025-05-11 14:06:42
473,Boots Hernandez-Pruitt IH-685,17,160.6,2022-09-19 09:01:49,2025-01-22 23:26:25
474,"Boots Burke, Lee and Gutierrez yI-016",17,265.01,2023-01-07 06:23:20,2025-08-08 14:14:45
475,Boots Rivera and Sons Wh-045,17,297.25,2021-11-04 06:59:03,2025-06-10 05:22:21
476,"Boots Richards, Gutierrez and Perez JB-360",17,209.04,2021-02-25 08:40:05,2025-04-21 03:43:47
477,"Boots House, Castillo and Harris wV-621",17,248.78,2023-05-25 08:50:35,2025-05-12 21:55:12
478,Boots Rodriguez Ltd su-236,17,154.97,2024-12-28 16:34:30,2025-01-01 07:00:37
479,Boots Marshall PLC KO-826,17,206.63,2022-03-06 21:38:36,2025-02-16 04:04:54
480,"Boots Douglas, Gutierrez and Luna PT-499",17,241.57,2024-09-12 15:10:43,2025-04-24 15:41:39
481,"Boots Simmons, Krueger and Conrad mf-627",17,233.05,2021-07-06 07:33:21,2025-05-14 09:26:43
482,Boots Peterson Inc vy-343,17,141.18,2024-11-17 05:19:57,2025-03-10 23:34:09
483,"Boots Lamb, Macias and Harding oI-434",17,137.24,2023-06-05 17:33:56,2025-08-09 07:17:44
484,Boots Mcclure-Bishop Yd-036,17,41.03,2019-08-08 15:35:32,2025-04-06 09:17:32
485,"Boots Bean, Lewis and Jenkins HU-923",17,86.21,2023-11-23 22:19:42,2025-08-14 14:31:01
486,Boots Smith and Sons OT-694,17,69.0,2024-04-25 10:58:05,2025-08-25 10:39:18
487,Boots Valdez-Johnson TU-282,17,298.79,2019-04-14 10:12:35,2025-03-06 10:01:04
488,Boots Cook-Wilson Pj-688,17,122.37,2024-05-18 09:32:08,2025-07-04 10:34:07
489,Boots Pope PLC lH-043,17,48.55,2022-09-21 23:23:20,2025-06-21 16:25:34
490,Boots Shelton Inc en-292,17,74.87,2024-03-03 02:05:20,2025-05-02 01:32:31
491,"Boots Mitchell, Hill and Johnson Lw-932",17,116.52,2021-07-19 18:33:24,2025-07-25 20:34:09
492,Boots Morrison PLC dE-396,17,90.01,2024-11-22 09:51:53,2025-08-03 00:30:03
493,Boots Ramos-Meyer bR-827,17,47.7,2023-03-02 19:46:18,2025-03-15 22:55:39
494,Boots Ross Group Ru-051,17,113.61,2021-07-03 02:38:30,2025-07-28 04:07:23
495,Boots Robertson-Bowen Sj-973,17,248.27,2019-07-25 09:41:45,2025-08-05 11:45:41
496,Boots Simpson Inc JB-359,17,201.66,2020-01-19 18:22:55,2025-04-27 15:10:46
497,"Boots Gould, Warren and Jackson wu-458",17,173.64,2021-04-24 23:57:58,2025-05-27 17:47:59
498,"Boots Holmes, Tucker and Peterson bW-596",17,57.22,2019-10-08 16:23:23,2025-01-16 17:45:10
499,"Boots Smith, Jackson and Hays ik-267",17,112.06,2022-05-21 13:19:16,2025-07-12 10:13:20
500,Boots Mcgee Group Pn-946,17,109.58,2023-04-10 10:18:02,2025-03-07 04:09:10
501,Boots Little Ltd hz-562,17,83.14,2022-12-10 13:46:05,2025-06-07 10:47:21
502,"Boots Sanders, Pugh and Wilson aH-618",17,224.03,2021-10-18 12:37:55,2025-01-29 16:02:04
503,Boots Jones and Sons gJ-854,17,65.19,2021-02-19 02:27:23,2025-08-02 13:13:17
504,Boots Moore-Johnson SG-745,17,72.56,2024-11-17 16:10:07,2025-01-15 18:22:20
505,Boots Parker-Gregory Xj-727,17,43.14,2024-01-27 11:39:57,2025-06-09 18:17:49
506,Boots Allen-Martin gC-856,17,80.36,2023-03-26 06:28:00,2025-07-01 20:39:36
507,Boots Mckenzie PLC qe-826,17,132.03,2022-12-19 00:55:26,2025-04-17 17:50:09
508,"Boots Riley, Jackson and Anderson Ab-258",17,55.21,2024-12-08 04:58:55,2025-01-05 12:41:05
509,"Boots Martinez, Walker and Bennett rL-497",17,245.99,2024-11-26 10:03:37,2025-01-27 21:24:10
510,Boots Cummings Group XG-520,17,271.41,2021-01-14 14:41:49,2025-02-06 15:31:46
511,Boots Bradley-Murphy lw-731,17,285.42,2024-05-10 21:21:24,2025-08-15 17:01:56
512,Boots West Ltd jr-915,17,166.13,2021-07-06 22:07:05,2025-05-05 12:29:35
513,Boots Knight and Sons DH-000,17,277.03,2019-03-08 04:27:39,2025-02-09 15:49:05
514,Boots Perez Inc IJ-506,17,287.95,2020-07-03 02:17:35,2025-03-29 06:51:34
515,Boots Christian and Sons Th-647,17,284.54,2024-08-06 22:12:50,2025-05-27 20:05:29
516,"Boots Decker, Austin and Pope Zr-949",17,159.26,2021-12-25 10:04:34,2025-03-06 05:58:34
517,"Boots Parker, Meyer and Bishop dd-899",17,119.42,2019-04-11 06:09:16,2025-08-26 18:00:29
518,"Boots Mcdaniel, Stewart and Anderson HC-461",17,112.44,2021-01-12 03:51:42,2025-02-26 15:13:08
519,Boots Vincent PLC En-833,17,224.1,2022-03-08 19:30:11,2025-01-06 12:21:22
520,Boots Hernandez-Dunn Gq-453,17,313.96,2020-02-29 03:49:06,2025-01-25 14:39:27
521,"Boots Larsen, Lewis and Diaz qJ-223",17,209.42,2024-03-18 15:40:08,2025-03-17 09:44:53
522,Boots White-Jordan uq-092,17,40.25,2020-12-15 18:48:55,2025-08-27 02:02:18
523,Boots Carson PLC gn-903,17,89.73,2024-03-26 19:09:18,2025-05-21 00:37:23
524,Boots Osborne-Reed qe-076,17,80.15,2024-06-14 23:53:23,2025-02-16 10:04:15
525,"Boots Gray, Harrington and King rG-694",17,132.85,2022-03-12 02:29:03,2025-05-13 09:20:31
526,Boots Marshall Ltd By-041,17,84.57,2023-07-05 04:32:30,2025-02-18 21:13:40
527,Boots Shah and Sons XH-540,17,35.34,2019-06-09 10:03:28,2025-05-16 07:20:36
528,Boots Colon-Pennington Hx-978,17,101.32,2023-11-08 15:37:05,2025-04-25 09:20:41
529,"Boots Jones, Hernandez and Hernandez Bc-344",17,142.71,2020-09-19 06:39:57,2025-02-09 04:00:59
530,Boots Johnson Inc Fb-589,17,126.79,2020-11-21 13:38:35,2025-07-13 11:24:00
531,Boots Wright Inc li-310,17,53.84,2020-02-11 07:10:27,2025-08-09 23:01:40
532,"Fiction Hayes, Clark and Burke DI-384",19,17.52,2019-04-17 17:23:05,2025-03-10 03:12:43
533,"Fiction Stephens, Fuentes and Martinez nt-749",19,14.19,2023-04-23 02:05:23,2025-07-15 20:36:14
534,Fiction Levine-Miller bA-365,19,20.57,2020-05-26 05:34:49,2025-01-06 05:17:58
535,Fiction Li-Bates tA-486,19,35.19,2020-12-07 07:24:48,2025-05-30 13:52:40
536,Fiction Johnston-Knapp RV-438,19,17.7,2024-04-26 20:56:32,2025-08-27 17:27:06
537,"Fiction Rich, Bell and Buck Sx-366",19,17.34,2019-04-13 14:12:43,2025-06-13 22:36:30
538,"Fiction Houston, Davila and Burns sE-311",19,20.01,2020-11-13 20:10:25,2025-06-18 18:39:28
539,Fiction Marshall Inc ZU-414,19,8.24,2021-06-14 23:58:44,2025-04-08 23:47:32
540,"Fiction Davidson, Sharp and Johnson oi-333",19,26.08,2023-08-06 12:07:00,2025-03-13 21:08:36
541,"Fiction Hicks, Parker and Frederick Cd-072",19,31.05,2023-05-30 20:46:40,2025-04-12 22:48:20
542,Fiction Bryant-Ramirez BO-940,19,24.73,2024-03-12 07:04:20,2025-02-28 23:16:54
543,"Fiction Romero, Alvarez and Thomas El-634",19,43.81,2022-11-21 14:38:50,2025-05-04 21:54:56
544,Fiction Neal-Clark GG-445,19,28.18,2023-01-12 20:33:47,2025-06-08 02:45:29
545,"Fiction Brock, Castillo and Matthews DL-603",19,45.96,2021-02-12 00:31:37,2025-08-17 16:20:43
546,Fiction Jacobs-Dixon lG-767,19,14.06,2022-10-12 11:40:11,2025-05-30 18:36:20
547,Fiction George and Sons zY-313,19,44.22,2020-09-08 13:29:08,2025-04-28 20:19:42
548,"Fiction Miles, Mejia and Parker mf-108",19,21.68,2020-03-21 02:58:40,2025-03-07 03:09:28
549,"Fiction Adams, Carrillo and Santos sO-751",19,38.72,2019-12-14 06:25:54,2025-04-27 07:46:29
550,Fiction Hood-Ramirez UF-697,19,19.37,2022-02-19 16:14:27,2025-04-03 22:16:21
551,Fiction Ortiz-Miller Xe-432,19,46.07,2022-05-23 09:29:17,2025-02-20 02:18:57
552,"Fiction Wright, Nelson and Stephens ET-980",19,39.88,2024-01-15 00:26:12,2025-02-26 00:24:59
553,Fiction Fisher-Mills tV-510,19,12.98,2019-02-21 10:27:21,2025-03-27 20:17:13
554,Fiction Juarez-Francis WZ-376,19,31.35,2021-07-09 00:11:42,2025-02-18 07:02:10
555,Fiction Clark-Hughes qg-553,19,11.81,2024-10-07 08:25:42,2025-06-16 03:28:46
556,Fiction Barnes Ltd WO-220,19,19.92,2022-06-13 01:34:31,2025-05-16 06:11:27
557,"Fiction Phillips, Riley and Kane td-736",19,43.37,2021-05-02 20:13:42,2025-08-07 10:55:40
558,"Fiction Houston, Moore and Arroyo VD-229",19,8.06,2022-02-16 01:32:28,2025-01-09 10:25:42
559,Fiction Chen-Thomas Jf-770,19,41.54,2024-04-23 21:17:02,2025-08-25 21:39:54
560,Fiction Robbins PLC AF-947,19,31.96,2019-05-05 06:57:50,2025-05-29 19:53:02
561,Fiction Cantrell-Bradshaw Nl-999,19,39.08,2022-03-25 16:15:08,2025-02-25 18:18:05
562,Fiction Madden-Ryan aA-753,19,39.68,2021-06-21 03:49:10,2025-04-09 17:58:58
563,Fiction Chavez Inc qi-593,19,26.44,2024-02-15 17:08:26,2025-04-15 23:00:15
564,Fiction Jones-Campbell bM-830,19,16.35,2022-08-04 03:14:03,2025-04-18 21:08:05
565,"Fiction Schwartz, Anderson and Johnson bN-354",19,18.1,2022-04-10 02:34:21,2025-08-29 16:34:57
566,Fiction Kelly and Sons GI-515,19,21.38,2021-04-22 09:41:53,2025-06-07 05:56:33
567,Fiction Jones-Jimenez Bs-967,19,38.73,2019-10-23 08:15:16,2025-02-27 20:39:53
568,"Fiction Brown, Hayes and Smith Xn-353",19,42.28,2024-05-24 12:17:29,2025-01-31 01:56:19
569,Fiction Matthews-Huerta Ot-912,19,27.19,2022-10-16 15:25:03,2025-08-04 00:50:27
570,Fiction Small Group KP-492,19,25.48,2023-10-17 15:30:18,2025-01-19 14:36:58
571,Fiction Miller and Sons Fe-066,19,30.18,2020-06-30 11:28:31,2025-05-05 21:48:38
572,Fiction Little-Reed Dz-020,19,20.17,2020-05-30 06:40:10,2025-04-24 07:53:51
573,"Fiction George, Hanson and Saunders fk-246",19,26.16,2021-10-05 17:11:42,2025-03-27 10:28:00
574,Fiction Sanders-Young vd-991,19,33.1,2019-08-25 02:56:20,2025-07-12 20:58:39
575,"Fiction Bolton, Smith and Knight Aq-772",19,40.91,2022-04-19 10:06:25,2025-02-08 14:43:42
576,Fiction Flores and Sons Il-902,19,32.75,2023-12-24 13:45:26,2025-06-10 14:30:09
577,Fiction Mckay-Reyes zG-137,19,46.4,2019-08-18 05:33:33,2025-08-09 14:51:36
578,Fiction Clark Ltd Bv-977,19,18.16,2020-08-22 21:18:46,2025-02-25 14:57:43
579,"Fiction Guerrero, Smith and Walker Bn-468",19,44.67,2020-07-02 00:09:58,2025-05-24 17:58:47
580,Fiction Anderson and Sons nF-262,19,48.6,2023-04-02 22:00:58,2025-05-04 04:06:05
581,Fiction Berg-Walter le-842,19,42.22,2021-09-13 10:14:02,2025-04-22 15:54:30
582,"Fiction Ortega, Conrad and Mcdonald DV-966",19,16.39,2022-02-12 12:08:58,2025-07-19 20:12:22
583,"Fiction Rogers, Taylor and Collins wL-345",19,33.82,2023-05-31 11:05:09,2025-03-05 19:36:02
584,Fiction Perkins-Garcia qd-984,19,33.44,2021-05-26 17:18:41,2025-03-29 06:03:09
585,"Fiction Jensen, Nguyen and Hill TQ-590",19,16.56,2024-07-26 04:42:08,2025-02-23 18:49:01
586,Fiction Bauer PLC ZZ-876,19,25.33,2023-05-05 19:25:57,2025-01-28 20:09:36
587,"Fiction Diaz, Smith and Petersen kE-504",19,28.79,2023-01-22 09:06:56,2025-08-17 02:04:26
588,Fiction Ortega Group ka-289,19,28.72,2024-12-26 03:04:35,2025-03-15 02:05:58
589,Fiction Roman Group lO-910,19,23.36,2023-11-04 18:44:38,2025-06-25 01:58:13
590,"Fiction Barton, Long and Frederick Ag-904",19,53.92,2022-03-23 15:40:26,2025-06-26 07:59:49
591,"Fiction Fitzgerald, Johnson and Ellison pu-728",19,14.43,2023-12-31 18:21:47,2025-06-17 01:49:08
592,Fiction Barber Inc Oh-565,19,18.31,2022-04-24 12:41:26,2025-06-26 23:46:15
593,Fiction Morris and Sons pe-076,19,23.87,2022-09-17 19:43:01,2025-01-26 22:42:45
594,Fiction Smith-Warren Xw-067,19,42.89,2022-04-11 09:57:52,2025-03-21 23:41:56
595,Fiction Smith LLC de-093,19,25.52,2024-07-08 01:09:53,2025-07-06 10:14:35
596,"Fiction Reynolds, Hart and Cox Nh-119",19,27.18,2024-03-13 04:08:01,2025-02-19 17:04:01
597,Fiction Dominguez Ltd fK-042,19,40.69,2020-02-21 22:57:37,2025-01-22 08:13:47
598,Fiction Butler Inc WE-099,19,40.28,2020-01-08 20:52:45,2025-08-09 21:01:19
599,"Fiction Prince, Miller and Smith Tk-169",19,52.18,2021-03-18 15:00:59,2025-02-03 06:21:40
600,"Fiction Rivers, Rivera and Grimes GN-862",19,39.71,2021-04-14 08:44:26,2025-07-05 23:17:54
601,Fiction Brooks-Larsen hE-474,19,11.67,2023-03-28 14:49:15,2025-03-30 15:12:52
602,Fiction Barber-Miranda XE-803,19,45.61,2020-11-16 15:56:02,2025-04-18 05:21:08
603,"Fiction Reeves, Smith and Martin Pd-554",19,29.67,2021-04-03 13:17:03,2025-01-26 05:29:19
604,"Fiction Sutton, Paul and Mclaughlin zY-498",19,13.36,2021-08-21 21:01:19,2025-02-12 13:09:23
605,Fiction Brown Group pq-149,19,28.32,2019-05-01 20:59:01,2025-05-21 05:38:00
606,Fiction Wagner and Sons fg-136,19,21.7,2020-08-14 05:17:47,2025-07-07 08:31:38
607,Fiction Keller and Sons KL-207,19,44.22,2020-08-14 05:01:42,2025-04-18 13:03:51
608,Fiction Nichols-Bryan gk-238,19,14.92,2023-09-11 04:48:56,2025-05-09 11:23:37
609,"Fiction Vargas, Ponce and Salazar wg-651",19,9.19,2024-11-03 03:17:26,2025-04-02 22:11:30
610,Fiction Krueger-Walton HA-806,19,41.99,2020-08-01 08:54:02,2025-01-03 15:11:17
611,Fiction Cruz-Martin PB-930,19,40.12,2019-05-21 14:19:27,2025-03-10 04:51:38
612,Fiction Juarez-Clark Zz-978,19,8.19,2022-12-25 12:20:17,2025-01-18 11:09:12
613,Fiction Williams PLC Zy-786,19,12.06,2019-02-28 18:00:29,2025-03-12 15:05:14
614,"Fiction Kelley, Brown and Thompson Om-718",19,14.69,2024-05-03 19:12:22,2025-01-11 05:51:37
615,"Fiction Ortiz, Shelton and Shelton ua-592",19,8.51,2020-10-24 09:32:44,2025-01-13 13:40:28
616,Fiction Williams-Morales Au-400,19,38.82,2019-12-07 05:54:13,2025-01-08 22:15:39
617,Fiction Williams-Johnston kj-516,19,42.19,2024-07-04 09:52:14,2025-02-24 14:42:00
618,Fiction Holland Group IF-679,19,33.79,2024-12-05 15:10:19,2025-01-20 08:39:04
619,"Fiction Johnson, Curtis and Salinas Pz-228",19,27.22,2019-07-08 18:39:39,2025-06-03 06:23:23
620,Fiction Miller Ltd hS-566,19,10.17,2019-01-26 18:20:52,2025-07-05 05:37:59
621,Fiction Stewart-Dunn Ui-418,19,42.76,2024-02-10 23:25:03,2025-02-28 22:32:38
622,Fiction Soto PLC ox-030,19,11.58,2021-06-10 22:22:07,2025-08-19 22:52:54
623,Fiction Hernandez-Robinson Ig-317,19,17.64,2021-10-20 18:58:15,2025-03-12 05:57:30
624,Fiction Benitez-Lopez cF-755,19,14.23,2024-09-23 06:06:50,2025-04-01 12:09:26
625,Fiction Green-Bentley ep-637,19,10.93,2019-09-16 06:56:59,2025-08-18 12:30:25
626,Fiction Lee-Williams un-391,19,48.14,2020-06-25 08:13:18,2025-04-06 04:13:52
627,Fiction Fields-Hickman mw-971,19,29.17,2021-06-04 16:29:21,2025-07-26 11:00:29
628,Fiction Johnson-Rodriguez Ql-790,19,7.25,2021-12-27 20:28:42,2025-07-18 07:31:03
629,Fiction Blanchard-Barnes rv-870,19,12.85,2023-09-20 20:26:43,2025-05-18 03:14:19
630,Fiction Newman-Robinson Pd-920,19,26.19,2022-09-11 03:37:38,2025-05-04 20:42:56
631,Fiction Lopez Inc UW-528,19,23.39,2024-05-18 02:56:07,2025-03-28 07:58:07
632,Fiction Kim-Rice Wc-651,19,6.13,2022-11-20 05:07:39,2025-02-03 23:08:32
633,"Fiction Lopez, Cook and Davis vZ-101",19,17.69,2022-08-14 20:02:10,2025-06-22 02:29:28
634,Fiction Roman PLC Oq-584,19,24.88,2023-01-24 13:46:57,2025-05-05 16:28:15
635,Fiction Day-Wiggins pZ-546,19,9.76,2019-04-02 16:41:44,2025-01-01 07:54:49
636,Fiction Medina Group yK-169,19,28.33,2019-03-12 01:30:04,2025-07-25 01:57:32
637,Fiction Valenzuela-Baker vE-355,19,46.18,2020-07-02 17:31:48,2025-01-09 08:56:12
638,"Fiction Thompson, Mathis and Perez iy-213",19,16.08,2024-04-27 02:25:29,2025-08-02 04:33:47
639,"Fiction Hunt, Reese and Bishop tX-311",19,34.89,2020-11-19 04:00:51,2025-03-28 18:31:50
640,Fiction Mitchell-Navarro wX-338,19,45.68,2022-06-03 04:57:02,2025-07-19 18:59:17
641,"Fiction Thomas, David and Williams Zg-464",19,42.46,2020-05-26 08:27:47,2025-04-15 09:11:18
642,Fiction Aguirre PLC Ic-988,19,44.85,2022-01-18 15:00:14,2025-06-20 22:56:55
643,Fiction Soto Ltd HF-599,19,7.04,2024-03-13 17:37:04,2025-07-19 07:11:08
644,Fiction Jackson-Wilson IJ-075,19,32.76,2019-03-09 21:44:52,2025-03-20 03:52:46
645,Fiction Alvarez LLC wY-284,19,7.69,2020-02-11 17:40:43,2025-06-24 13:19:14
646,Fiction Chan LLC sT-008,19,31.57,2020-04-07 18:01:27,2025-02-23 08:18:57
647,Fiction Powell LLC mJ-400,19,11.19,2022-05-16 11:29:21,2025-05-20 08:27:45
648,Fiction Chen-Stewart OM-078,19,44.26,2021-07-11 05:53:18,2025-02-17 09:23:10
649,Fiction Solomon-Armstrong im-844,19,44.96,2021-09-20 11:57:00,2025-02-21 11:57:48
650,Fiction Phillips PLC vV-726,19,28.04,2024-12-22 22:11:17,2025-08-08 11:33:56
651,"Fiction Baker, Yates and Tanner Oo-552",19,8.52,2021-06-18 14:44:18,2025-07-04 18:08:00
652,Fiction Hernandez-Davidson FZ-964,19,42.3,2023-07-18 18:47:10,2025-03-18 23:11:58
653,Fiction Fisher and Sons dZ-733,19,19.37,2023-11-15 15:28:42,2025-05-20 18:09:24
654,Fiction Dunn LLC gR-981,19,15.98,2023-08-04 09:15:40,2025-01-09 12:52:45
655,Fiction Franco-Miller Ph-045,19,23.05,2024-08-26 16:12:23,2025-04-10 03:51:18
656,"Fiction Williams, Gonzalez and Thompson qG-014",19,25.62,2022-07-23 04:12:14,2025-07-25 13:24:35
657,"Fiction Washington, Smith and Pace xx-134",19,22.96,2022-05-05 16:00:18,2025-04-13 06:59:05
658,Fiction Phillips Ltd EN-341,19,8.59,2022-01-27 16:27:49,2025-04-09 20:35:59
659,"Fiction Lawrence, Reynolds and Green jh-179",19,28.96,2024-12-15 08:05:57,2025-04-18 20:50:05
660,"Fiction Hall, James and Walker uc-893",19,39.64,2019-11-01 22:32:47,2025-01-26 22:22:30
661,Fiction Marsh-Pollard ao-947,19,16.77,2021-01-13 03:03:25,2025-01-31 00:14:13
662,"Fiction Gonzales, Underwood and Wilkins iE-358",19,48.52,2022-12-05 06:13:45,2025-04-21 12:01:40
663,"Fiction Mejia, Chan and Mata jr-888",19,5.59,2023-07-07 04:19:45,2025-08-15 07:17:15
664,"Fiction Hodge, Miller and Ellis hw-444",19,45.12,2022-01-01 17:36:18,2025-01-06 07:33:40
665,Fiction Pearson Inc je-410,19,7.65,2019-12-15 04:06:36,2025-01-13 11:12:26
666,"Fiction Jackson, King and Brown EZ-683",19,34.75,2022-03-11 11:28:38,2025-06-18 02:00:52
667,Fiction Fitzpatrick Group QP-564,19,21.55,2024-10-12 04:18:37,2025-03-16 03:37:07
668,Fiction Sutton Group kB-468,19,27.01,2022-03-22 17:36:12,2025-07-15 13:13:57
669,Fiction Pena-Bishop zH-368,19,38.45,2024-10-11 19:52:28,2025-08-09 17:36:19
670,Fiction Potter Inc Oj-993,19,21.36,2023-02-25 10:17:43,2025-03-22 17:33:46
671,Fiction Andrews Group hd-777,19,22.2,2022-10-11 02:21:20,2025-02-19 04:29:43
672,Fiction Hernandez LLC ep-639,19,11.64,2024-11-13 05:56:02,2025-01-23 17:26:32
673,Fiction Garrett-Lewis BQ-662,19,20.46,2024-08-11 18:47:56,2025-04-05 22:38:36
674,Fiction Rubio-Taylor hX-990,19,24.24,2023-08-08 09:58:30,2025-08-08 11:12:34
675,Fiction Wilkins PLC kt-719,19,22.13,2024-07-26 02:02:34,2025-01-18 08:33:51
676,Fiction Cohen PLC Cw-161,19,42.16,2024-09-22 00:35:48,2025-04-15 12:46:33
677,"Fiction Moore, Faulkner and Tran hb-969",19,8.58,2022-01-01 01:07:46,2025-02-11 17:06:10
678,Fiction Warren-Munoz tQ-549,19,14.52,2020-07-03 15:41:17,2025-01-30 17:26:59
679,Fiction Watts LLC Yz-457,19,27.38,2024-01-17 09:45:33,2025-06-06 18:54:15
680,Fiction Fields-Finley qk-918,19,45.8,2024-02-09 09:17:45,2025-05-13 16:43:23
681,Fiction Campbell Group KZ-062,19,17.61,2019-12-19 01:22:53,2025-05-17 23:47:28
682,Fiction James-Davis cC-772,19,28.54,2022-05-01 18:44:43,2025-02-02 09:47:52
683,Fiction Cross Group Rx-937,19,27.06,2020-01-17 07:17:39,2025-05-16 07:44:37
684,Fiction Davis-Hudson dS-700,19,16.19,2019-12-14 17:38:02,2025-03-19 06:25:30
685,Fiction Miller Group sd-039,19,27.78,2021-02-07 10:38:55,2025-06-28 03:53:50
686,Fiction Davidson-Moore In-021,19,24.95,2020-03-04 16:05:29,2025-01-01 22:27:59
687,Fiction Miller PLC yH-045,19,43.85,2024-04-22 19:49:33,2025-04-30 21:32:28
688,Fiction Smith-Washington ax-712,19,26.35,2024-04-03 20:03:57,2025-02-23 01:39:39
689,Fiction Barnes LLC Ph-020,19,51.59,2024-04-24 18:22:57,2025-01-06 14:36:54
690,Fiction Carter Group jn-202,19,24.85,2023-12-08 09:11:34,2025-06-16 10:49:33
691,"Fiction Stevens, Dawson and Hess ni-902",19,18.06,2023-05-01 20:50:50,2025-01-23 01:19:42
692,"Fiction Smith, Horne and Davis dl-617",19,19.69,2022-04-19 19:41:13,2025-04-23 21:55:23
693,Fiction Park-Green ly-595,19,43.35,2020-01-02 16:45:11,2025-07-24 09:42:07
694,"Fiction Gallagher, Williams and Carlson EY-149",19,29.13,2021-12-12 16:32:10,2025-07-01 07:43:52
695,Fiction Rivera Group kR-257,19,39.16,2019-08-12 18:59:31,2025-05-07 22:09:45
696,"Fiction Johnson, Norman and Ellis AH-299",19,22.15,2023-04-08 13:23:12,2025-05-14 00:29:00
697,"Fiction Brown, Lang and Dixon jU-270",19,13.38,2023-04-08 13:54:25,2025-02-16 00:51:40
698,Study Brown-Mills oc-094,20,24.69,2020-12-17 04:09:32,2025-04-25 18:04:00
699,"Study Parker, Moore and Williams Nv-870",20,20.71,2022-12-21 08:32:39,2025-03-18 02:51:50
700,"Study Freeman, Ross and Stevens Rl-912",20,10.9,2021-06-26 08:41:42,2025-05-12 00:27:22
701,"Study Ward, Howard and Sharp Nx-890",20,32.61,2021-04-04 01:41:46,2025-03-29 15:53:28
702,Study George and Sons Xl-864,20,42.5,2019-01-10 01:58:22,2025-04-15 19:43:33
703,"Study Jackson, Marshall and Rodriguez bg-929",20,23.07,2022-11-09 08:40:57,2025-05-31 02:19:34
704,Study Moore Ltd Kt-203,20,22.16,2024-07-26 07:33:49,2025-05-19 17:11:13
705,Study Warner PLC Vn-088,20,11.05,2022-08-24 12:15:29,2025-01-23 16:53:42
706,Study Sherman-Christensen zY-721,20,40.63,2024-11-18 14:39:26,2025-06-30 05:51:25
707,Study Hart Group Nt-057,20,11.04,2019-10-15 22:35:08,2025-08-16 12:06:34
708,Study Reid-Horn UN-611,20,30.65,2019-03-27 01:32:32,2025-05-24 16:17:16
709,Study Jackson and Sons YT-573,20,8.49,2021-10-16 07:29:16,2025-04-10 08:27:04
710,Study Thompson-Hamilton eD-362,20,20.34,2023-08-05 05:34:14,2025-01-23 11:04:15
711,"Study Hughes, Mcbride and Harris th-691",20,44.03,2023-08-10 10:52:53,2025-04-08 17:24:07
712,"Study Terry, Wilkins and Wright Mj-281",20,20.73,2021-11-01 23:18:44,2025-07-13 10:19:13
713,Study Waters PLC dg-423,20,24.19,2022-11-22 00:54:21,2025-04-05 22:02:53
714,Study Smith-Williams zo-609,20,34.6,2019-04-13 13:14:43,2025-08-17 16:11:13
715,"Study Johnson, Hoover and Miller ZI-859",20,22.1,2020-01-05 19:52:56,2025-06-17 18:34:34
716,Study Marshall and Sons ap-177,20,8.85,2021-12-26 19:24:28,2025-05-12 18:27:07
717,Study Moody Inc DY-750,20,24.37,2022-05-11 15:41:56,2025-07-02 15:16:22
718,Study Crawford Inc GC-223,20,28.6,2023-06-21 19:30:11,2025-02-28 14:39:03
719,Study Shah Group fy-705,20,33.6,2021-05-07 09:50:31,2025-03-09 23:39:15
720,Study Miller LLC tn-053,20,22.2,2024-10-24 21:13:17,2025-05-14 02:30:55
721,Study Lopez-Mcgee hn-170,20,18.44,2023-06-06 02:48:40,2025-05-27 02:58:15
722,Study Owens and Sons ZT-954,20,13.11,2020-05-08 03:18:44,2025-04-19 20:32:09
723,"Study Lewis, Hill and Gonzales Tm-271",20,5.68,2020-12-19 04:28:24,2025-06-08 12:38:25
724,Study Davis PLC Sp-624,20,31.94,2024-12-29 13:30:15,2025-08-09 10:32:59
725,"Study Thornton, Johnson and Cooper xm-865",20,5.32,2023-03-21 05:21:51,2025-04-15 22:07:06
726,"Study Hughes, Mccoy and Le gh-639",20,25.44,2021-05-20 18:36:08,2025-03-30 11:15:35
727,Study Gregory LLC FR-766,20,8.13,2020-12-09 15:12:43,2025-08-15 03:00:34
728,"Study Fields, Johnson and Ali ao-485",20,46.6,2020-06-07 12:34:06,2025-08-05 07:14:40
729,Study Orr and Sons Lt-430,20,11.16,2021-10-05 05:11:05,2025-07-22 02:02:17
730,"Study Ramirez, Hamilton and Perez cv-387",20,40.49,2024-03-04 07:19:12,2025-04-25 01:47:32
731,"Study Anderson, Andersen and Brown rO-075",20,47.27,2022-08-05 02:52:53,2025-06-19 16:53:47
732,Study Wilson LLC Fq-905,20,12.46,2022-03-13 03:37:18,2025-01-09 22:23:44
733,Study Ramos-Frey ai-090,20,27.12,2021-12-11 15:18:44,2025-08-03 00:39:44
734,Study Keller Group xP-747,20,9.5,2020-01-31 04:04:24,2025-01-13 17:01:50
735,Study Cooley Inc Qd-372,20,48.55,2019-12-16 13:46:57,2025-03-23 02:59:14
736,Study Galloway and Sons ae-703,20,17.89,2024-09-14 12:44:49,2025-06-15 23:17:37
737,Study Martin-Arnold XA-176,20,37.17,2021-02-16 14:11:50,2025-07-28 06:31:42
738,Study Edwards-Landry DD-464,20,49.03,2024-04-19 13:30:27,2025-06-28 16:09:56
739,Study Hammond Group Uj-086,20,20.37,2023-03-15 14:44:45,2025-01-08 03:16:31
740,Study Horton-Sanford te-143,20,10.63,2020-05-28 13:53:04,2025-03-19 14:12:48
741,Study Morris-Washington os-750,20,45.62,2024-05-05 17:07:03,2025-07-23 18:34:09
742,Study Walton and Sons PO-416,20,51.94,2019-02-10 13:52:18,2025-06-09 03:19:23
743,Study Bryant Inc yL-201,20,9.3,2019-06-24 15:38:31,2025-06-04 20:47:12
744,Study Garcia-Walker ue-722,20,11.46,2024-11-23 09:57:16,2025-02-23 07:46:44
745,Study Davis Ltd so-436,20,17.43,2024-09-11 11:40:00,2025-04-21 06:17:34
746,Study Williams-Watts iA-284,20,20.34,2024-04-23 00:32:50,2025-08-27 16:37:57
747,Study Kelly Ltd jc-868,20,42.27,2019-06-17 12:22:43,2025-04-05 13:59:05
748,Study Welch-King Rw-455,20,29.04,2022-07-27 18:35:53,2025-07-13 13:25:48
749,Study Hall-Crosby rO-495,20,5.02,2024-07-31 11:25:51,2025-07-19 15:26:03
750,Study Torres Ltd WF-741,20,32.47,2019-10-10 22:24:56,2025-05-13 05:08:26
751,Study Phelps-Allen Ul-344,20,19.37,2022-01-02 00:29:29,2025-03-18 20:57:51
752,"Study Christensen, Taylor and Romero ou-925",20,25.48,2020-10-03 23:48:33,2025-05-30 14:22:00
753,Study Lozano-Thomas dE-441,20,24.21,2020-10-02 09:56:59,2025-01-17 13:44:32
754,Study Downs Group pU-370,20,43.84,2022-04-29 20:02:45,2025-08-24 19:48:59
755,"Study Smith, Padilla and Clark gw-771",20,9.95,2020-12-22 07:01:31,2025-01-26 08:11:14
756,"Study Davis, Hodges and Wiggins Km-995",20,6.7,2024-08-19 17:44:33,2025-02-08 00:08:02
757,Study Morris LLC On-490,20,32.7,2021-12-02 03:25:39,2025-01-01 08:47:27
758,"Study Skinner, Berger and Stuart wX-761",20,38.05,2021-03-27 07:50:37,2025-04-15 17:58:19
759,Study Rodriguez-Boyd gZ-953,20,25.29,2024-04-01 06:40:23,2025-01-05 20:47:40
760,"Study Garcia, Rodriguez and Wilson Si-749",20,38.26,2019-12-31 13:21:08,2025-07-29 20:46:02
761,Study Santana LLC RI-592,20,25.45,2023-05-09 20:48:06,2025-02-13 14:06:32
762,"Study Larsen, Orr and Hernandez HC-074",20,6.39,2024-08-05 08:36:30,2025-05-21 22:14:20
763,Study Davis and Sons Vq-021,20,54.02,2022-09-06 19:49:45,2025-02-10 13:03:02
764,Study Harvey-Pacheco bG-525,20,15.54,2024-04-07 17:24:50,2025-05-29 16:25:51
765,Study Wilcox Group ee-208,20,22.54,2022-04-24 09:25:18,2025-07-23 14:34:39
766,Study Soto-Morris sn-401,20,45.66,2019-08-02 10:47:01,2025-05-20 05:09:11
767,Study Quinn-Evans JH-169,20,20.35,2020-07-25 05:19:17,2025-07-24 07:31:19
768,"Study Hill, Shields and Rogers SH-343",20,38.07,2023-12-10 03:31:28,2025-04-27 16:24:55
769,Study Perez-Fowler Ow-293,20,27.93,2020-03-25 21:12:55,2025-05-10 02:32:09
770,"Study Waller, Bailey and Chen hO-472",20,43.31,2020-06-26 14:49:09,2025-03-25 06:26:04
771,Study Vasquez-Mckinney le-119,20,49.98,2019-01-27 23:32:21,2025-05-10 01:30:45
772,Study Flynn and Sons yV-442,20,31.11,2024-09-04 19:48:56,2025-08-21 06:53:20
773,Study Ballard-Ramos Wy-141,20,45.42,2019-04-27 23:35:30,2025-07-10 15:04:50
774,Study Ray PLC rl-427,20,36.04,2023-09-10 05:00:32,2025-01-17 23:57:20
775,Study Rogers-Rodriguez wr-006,20,10.73,2023-07-12 23:12:28,2025-04-16 07:59:52
776,"Study Martinez, Taylor and Sanders YD-125",20,18.49,2022-09-16 00:58:20,2025-03-11 02:51:58
777,Study Garner-Garcia Gl-571,20,22.62,2021-03-11 07:21:47,2025-08-28 08:08:01
778,Study Francis-Love rc-384,20,16.06,2019-06-22 04:00:21,2025-02-16 14:26:50
779,Study Bennett-Valencia jw-205,20,14.73,2019-10-14 02:06:32,2025-02-15 06:45:32
780,Study Bennett-Morton fC-230,20,33.43,2019-03-25 22:56:37,2025-05-28 23:06:25
781,Study Galloway Inc ea-819,20,30.49,2021-09-20 12:50:27,2025-03-10 02:35:12
782,Study Aguirre-Smith dP-372,20,14.21,2020-06-20 03:34:46,2025-08-18 15:12:55
783,Study Henry-Sanders Xc-648,20,36.93,2019-06-20 01:20:27,2025-03-25 13:33:54
784,Study Flores-Shelton pk-689,20,35.75,2024-12-28 18:10:53,2025-08-10 05:16:26
785,Study Franco-Simpson NE-372,20,8.4,2021-12-15 16:26:08,2025-08-08 18:02:02
786,Study Martin Ltd MT-721,20,28.51,2019-01-13 07:28:53,2025-06-20 05:42:32
787,"Study Bass, Pope and Miller sh-894",20,10.9,2022-03-22 10:40:52,2025-08-27 08:23:28
788,"Study Turner, Brown and Bowen EK-794",20,8.91,2023-03-20 14:03:40,2025-05-13 19:00:40
789,Study Tanner-Holmes DL-362,20,41.3,2021-02-27 23:36:58,2024-12-31 17:11:50
790,Study Powers and Sons xw-332,20,21.6,2023-06-12 07:29:27,2025-07-03 19:15:06
791,"Study Griffin, Perry and Mclean DA-637",20,28.6,2021-09-03 18:08:46,2025-06-23 23:41:40
792,"Study Brooks, Tran and Cruz TK-513",20,38.66,2024-03-22 22:02:48,2025-06-29 14:08:54
793,Study Collier-Schneider Tz-604,20,13.16,2022-06-27 16:02:01,2025-02-01 14:14:38
794,"Study Faulkner, Barker and Marks UQ-551",20,17.46,2022-04-26 13:52:21,2025-02-04 05:28:28
795,Study Williams and Sons hX-331,20,40.12,2020-07-01 13:51:40,2025-08-24 13:04:11
796,"Study Dillon, Adams and Wilcox Ya-246",20,16.04,2019-09-04 04:04:52,2025-01-18 05:24:24
797,Study Hubbard-Reeves vl-056,20,16.05,2019-01-03 12:27:47,2025-06-17 02:03:51
798,Study King-Schultz CZ-014,20,14.27,2024-06-21 10:44:29,2025-02-13 13:09:37
799,Study Mills-Weber vo-034,20,6.21,2020-03-02 19:23:50,2025-04-15 01:23:31
800,"Study Ray, Smith and Wade TL-790",20,17.62,2021-03-07 06:55:55,2025-01-26 07:16:33
801,"Study Jenkins, Rivera and Gould qT-384",20,18.01,2024-09-26 23:49:50,2025-02-10 01:14:36
802,"Study Carr, Daniels and Lewis zd-121",20,44.45,2021-07-16 13:55:40,2025-08-26 02:17:26
803,"Study Harris, Curry and Caldwell Lb-264",20,48.8,2020-09-21 05:17:44,2025-05-21 17:10:46
804,"Study Mills, Cooper and Gutierrez Ui-446",20,42.41,2019-09-09 16:17:54,2025-03-08 12:51:38
805,Study Williams PLC gg-887,20,32.07,2023-01-29 12:35:25,2025-08-14 11:32:35
806,Study Walker Group Bw-399,20,15.16,2024-04-01 23:52:47,2025-02-06 03:55:06
807,"Study Mason, Davis and Miller cz-722",20,43.11,2022-03-23 07:36:32,2025-03-01 20:22:48
808,Study White and Sons uI-131,20,8.09,2024-06-03 02:43:24,2025-02-11 11:33:10
809,"Study Young, Cox and Aguirre WF-811",20,12.7,2023-08-24 10:03:17,2025-04-23 09:01:43
810,Study Jones-Salinas HF-574,20,20.33,2021-06-04 14:35:46,2025-07-20 02:04:44
811,Study Monroe-Foster bC-451,20,22.39,2022-03-10 17:30:40,2025-08-24 20:31:03
812,Study Vasquez-Cobb ND-166,20,30.83,2019-06-09 08:24:55,2025-04-22 09:52:28
813,Study Nelson LLC JV-444,20,41.91,2024-06-05 21:48:35,2025-02-08 06:54:03
814,Study Boyd-Turner xA-067,20,44.07,2022-05-04 16:53:48,2025-01-23 15:06:26
815,"Study Gonzales, Beck and Dennis CC-284",20,35.79,2019-03-02 01:40:36,2025-08-30 05:59:01
816,Study Armstrong-Jefferson FD-904,20,22.32,2022-10-31 17:26:26,2025-08-27 08:40:24
817,Study Suarez Group Vs-169,20,40.23,2020-02-28 15:43:21,2025-06-27 10:46:08
818,Study Vazquez PLC GB-810,20,10.61,2021-07-03 13:10:23,2025-01-25 16:42:35
819,Study Simmons-Barron RI-755,20,21.47,2021-12-24 18:21:25,2025-01-23 21:02:08
820,Study Lopez-Rodriguez ol-755,20,33.17,2019-11-14 04:36:04,2025-06-30 20:04:29
821,Study Hill-Hall Pd-728,20,30.79,2024-08-10 13:26:22,2025-01-03 10:22:25
822,Study Woodward-Adams Kv-497,20,47.19,2019-03-01 08:48:41,2025-01-14 15:18:12
823,"Study Watson, Smith and Olson ft-727",20,40.26,2024-09-10 02:11:51,2025-04-20 00:17:29
824,"Study Smith, Howard and Dunn kf-279",20,46.51,2021-04-06 09:34:46,2025-04-04 04:18:10
825,"Study Farrell, Davis and Nelson ZH-816",20,19.64,2023-10-09 07:26:50,2025-08-27 01:55:31
826,"Study Ramos, Martin and Bennett gh-244",20,16.89,2022-01-27 18:41:57,2025-06-02 09:35:58
827,Study Duke and Sons IQ-032,20,23.99,2020-09-03 18:38:49,2025-04-07 01:41:15
828,Study Mayo Ltd fZ-139,20,17.66,2023-01-29 15:26:55,2025-01-06 00:41:17
829,Study Franklin Ltd OE-528,20,7.94,2020-04-29 03:31:04,2025-05-28 21:48:12
830,Study Lambert PLC VA-662,20,14.2,2022-07-04 16:54:24,2025-03-24 20:39:45
831,"Study Shannon, Walker and Thompson HC-918",20,32.91,2019-09-09 04:23:33,2025-07-28 01:02:31
832,"Study Estrada, Scott and Parrish Nc-125",20,45.37,2022-01-20 04:55:55,2025-06-15 16:27:09
833,Study Gregory Inc HD-000,20,32.09,2019-09-22 04:04:53,2025-04-22 12:49:08
834,Study Reed Ltd Ln-527,20,35.17,2020-09-29 00:47:54,2025-05-27 21:50:11
835,Study Morris-Green VT-369,20,41.11,2023-09-04 16:40:27,2025-04-11 10:38:42
836,"Study Hernandez, Howell and Suarez ef-002",20,14.57,2019-02-03 09:37:49,2025-06-12 00:07:51
837,Study Jones-Baldwin FY-993,20,13.63,2021-08-30 16:20:54,2025-03-01 04:26:56
838,"Study Haynes, Dixon and Oconnell Af-263",20,9.45,2024-04-27 23:10:05,2025-01-24 08:31:45
839,Study Holmes-Mckinney oD-665,20,32.3,2020-09-14 04:42:55,2025-01-25 08:48:16
840,Study Hill-Allen rD-354,20,34.12,2021-04-05 16:13:20,2025-04-03 17:41:48
841,"Study Bird, Wilson and Smith Yo-468",20,27.07,2023-07-21 05:21:36,2025-01-31 21:51:54
842,Study Cooper-Russell qC-346,20,15.91,2022-11-09 18:12:22,2025-07-16 22:23:17
843,Study Greene-West lH-779,20,13.91,2020-10-10 02:37:11,2025-05-19 13:35:17
844,Study Castaneda LLC vR-148,20,32.74,2019-07-08 03:17:06,2025-07-28 18:21:13
845,"Study Gibson, Stewart and Kirk LT-027",20,46.09,2022-11-15 04:49:16,2025-02-08 23:12:04
846,"Study Scott, Bradley and Rodriguez Sz-616",20,41.7,2022-01-14 09:56:15,2025-08-22 11:31:49
847,Study Smith-Baldwin nF-879,20,25.85,2023-05-17 17:57:10,2025-03-25 18:54:29
848,"Study Wise, Lopez and Jennings eB-041",20,12.08,2019-09-28 12:12:08,2025-01-24 12:21:21
849,"Study Carter, Kim and Lowe ez-478",20,41.25,2019-11-06 13:29:26,2025-07-31 11:45:57
850,Study Garner-Brown Rl-615,20,28.64,2024-08-10 20:21:17,2025-06-29 22:02:35
851,Study Farmer-Bell sN-869,20,13.66,2023-04-17 18:24:06,2025-06-01 11:49:56
852,"Study Soto, Vasquez and Oconnor Bj-079",20,41.9,2021-08-18 04:02:23,2025-08-06 12:18:20
853,Study Bowen Ltd Rw-740,20,43.91,2023-11-12 07:37:35,2025-07-09 17:27:19
854,"Study Johnson, Conley and Rich EA-531",20,42.57,2023-11-27 15:32:50,2025-05-13 13:46:31
855,"Study Morris, Solomon and Delgado Pz-876",20,42.84,2019-09-23 21:53:38,2025-06-30 02:52:48
856,"Study Morris, Hayes and Jackson fx-377",20,12.53,2024-03-14 10:55:27,2025-03-22 12:11:37
857,Study Garcia-Bright jm-184,20,23.28,2020-11-02 14:38:13,2025-05-27 03:16:05
858,Study Brady Inc SI-255,20,6.5,2024-02-10 12:46:38,2025-07-04 00:49:42
859,Study Lopez Inc Fr-298,20,7.56,2019-12-25 02:37:30,2025-06-20 00:31:25
860,Study Mcguire-Rivera cg-140,20,7.23,2022-11-05 14:00:36,2025-06-29 18:56:58
861,Study Roberts-Scott tI-879,20,36.84,2021-01-19 07:07:14,2025-01-24 15:36:17
862,"Study Davis, Mendez and Hicks xp-002",20,9.36,2022-06-17 02:28:25,2025-01-17 22:07:27
863,Study Lopez and Sons Kb-152,20,48.32,2020-05-26 02:18:21,2025-05-24 08:02:56
864,Study Johnson-Cruz kS-781,20,12.49,2021-03-14 06:52:16,2025-03-05 11:55:40
865,"Study Middleton, Johnson and Richmond Rp-794",20,28.56,2022-11-04 02:18:47,2025-05-09 13:57:36
866,Study Williams-Rodriguez KF-362,20,28.7,2023-03-17 07:44:00,2025-04-30 09:28:03
867,"Study Levine, Ortega and Rodriguez sa-594",20,11.55,2022-01-26 07:35:29,2025-06-16 15:00:48
868,Study Nguyen-Lopez Df-206,20,51.55,2023-03-20 16:44:43,2025-08-13 21:09:37
869,Study Dougherty and Sons Fv-475,20,44.59,2022-05-26 10:35:29,2025-05-26 02:45:49
870,Study Stewart LLC gS-153,20,47.46,2020-06-15 08:51:54,2025-07-08 17:21:00
871,Study Pearson-Price ah-818,20,51.0,2024-03-15 00:42:03,2025-03-05 18:49:41
872,"Study Newman, Wright and Lee iK-220",20,33.33,2020-05-29 19:03:33,2025-07-01 06:34:02
873,"Study Brooks, Fisher and Wilson uf-497",20,23.68,2024-02-08 17:19:36,2025-07-12 00:31:10
874,Study Price-Miller Lj-350,20,24.11,2022-06-28 20:13:57,2025-04-03 07:03:02
875,Study Romero-Ellis jU-494,20,29.16,2022-09-06 17:01:23,2025-03-16 07:49:15
876,Study Holt LLC iG-387,20,41.66,2019-08-03 00:47:38,2025-06-16 23:33:04
877,Study Johnson-Johnson py-604,20,10.35,2020-11-27 23:52:14,2025-05-21 02:23:26
878,Study Bennett-Wise hu-972,20,43.46,2024-08-13 02:02:35,2025-05-01 17:36:13
879,Study Vincent-Thompson Sx-979,20,5.25,2020-04-30 15:01:32,2025-07-24 21:16:49
880,Study Benson Group MK-739,20,29.14,2019-12-14 03:15:37,2025-06-24 15:00:40
881,Study Jones LLC bP-023,20,7.86,2022-09-11 05:01:16,2025-02-17 22:40:24
882,"Toys Powell, Newman and Hall if-125",22,150.85,2024-04-18 08:46:49,2025-05-23 12:25:10
883,Toys Barnes-Ewing Iz-287,22,24.49,2021-05-16 08:30:39,2025-08-01 21:26:24
884,"Toys Warner, Melton and Young Qy-381",22,80.42,2019-04-02 02:37:36,2025-01-16 21:06:39
885,"Toys Price, Poole and Andrews gB-149",22,95.8,2021-05-20 15:17:13,2025-04-23 14:37:49
886,Toys Kirby-Brady Oj-724,22,124.52,2019-02-11 04:45:05,2025-06-11 21:09:56
887,"Toys Hernandez, Miller and Curry xQ-360",22,50.35,2023-05-10 14:41:04,2025-08-24 14:44:45
888,Toys Moore-Brown gE-196,22,16.68,2019-12-18 11:13:40,2025-06-04 10:27:23
889,Toys Wheeler LLC qI-150,22,131.73,2020-02-27 00:07:26,2025-01-06 19:25:34
890,"Toys Cortez, Stevens and Carpenter Yc-707",22,19.12,2019-12-30 03:05:35,2025-02-13 07:57:34
891,Toys Wagner-Sandoval WD-651,22,66.15,2023-03-16 08:07:02,2025-04-18 17:48:03
892,Toys Johnson Inc OE-323,22,32.97,2021-08-22 15:06:19,2025-06-07 03:11:28
893,Toys Kirby-Duncan KN-073,22,123.29,2021-01-01 16:49:13,2025-07-04 15:20:07
894,"Toys Lutz, Barber and Davis Ee-011",22,72.68,2021-02-11 09:04:43,2025-02-25 13:53:56
895,"Toys French, Bradley and Hamilton AM-200",22,52.02,2020-01-25 14:34:33,2025-07-16 03:57:04
896,Toys Brown-Noble YI-017,22,113.96,2021-11-05 21:19:52,2025-05-28 11:27:03
897,"Toys Schwartz, Conley and Wong fB-183",22,42.53,2023-04-03 19:41:44,2025-04-27 12:06:44
898,"Toys Shelton, Martinez and Adams Nh-973",22,95.55,2024-03-14 20:49:15,2025-01-22 22:33:03
899,"Toys Booth, Wells and Alvarado xc-688",22,144.51,2019-05-01 20:53:15,2025-06-20 21:48:56
900,Toys Johnson-Lowe Sl-708,22,116.38,2023-11-21 10:32:06,2025-02-05 08:43:55
901,Toys Webb and Sons eb-488,22,84.68,2022-04-16 09:51:42,2025-06-16 07:01:17
902,Toys Perez-Fisher xX-282,22,80.77,2023-01-17 17:30:47,2025-07-27 10:10:58
903,"Toys Brown, Miller and Crawford bx-327",22,14.98,2024-12-18 22:36:27,2025-06-18 14:57:34
904,Toys Miles PLC Rc-708,22,80.79,2021-11-29 06:49:54,2025-05-14 03:18:12
905,Toys Fitzpatrick and Sons Ph-399,22,123.84,2019-05-24 02:14:04,2025-07-20 13:05:52
906,Toys Wilson and Sons Yd-620,22,91.81,2020-03-07 10:59:00,2025-05-05 16:29:18
907,Toys Glenn PLC EM-128,22,16.24,2024-10-07 21:25:01,2025-02-14 21:31:41
908,"Toys Burch, Orozco and Hooper xA-532",22,107.02,2019-02-20 23:51:12,2025-07-16 10:48:51
909,"Toys Blackburn, Smith and Cooper GY-120",22,20.41,2023-03-13 18:13:29,2025-07-29 17:16:49
910,Toys Montgomery-Park DC-285,22,83.77,2024-06-05 21:11:00,2025-03-22 01:36:32
911,Toys Wells Group rE-826,22,84.55,2021-04-17 17:51:47,2025-05-16 03:39:10
912,Toys Goodman-Weber zM-900,22,88.48,2022-04-26 21:30:02,2025-06-11 11:16:51
913,Toys Vasquez Inc TU-097,22,110.93,2020-11-03 04:38:13,2025-05-12 09:36:55
914,"Toys Murphy, Graham and Lane MY-909",22,121.03,2022-03-21 02:12:06,2025-08-02 04:52:05
915,"Toys Crane, Taylor and Rubio yt-943",22,77.83,2022-05-13 06:12:29,2025-04-05 07:08:28
916,Toys Scott-Barron qQ-536,22,11.57,2020-06-12 14:59:42,2025-04-27 09:51:28
917,Toys Rodriguez Ltd zK-753,22,20.14,2020-06-02 22:02:42,2025-04-08 17:06:19
918,Toys Smith Ltd tV-370,22,125.03,2023-04-30 18:14:06,2025-07-07 22:25:26
919,Toys Ortiz-White RZ-042,22,127.41,2021-03-18 11:46:18,2025-05-21 15:43:41
920,"Toys Price, Boyd and Randall wk-063",22,43.16,2021-06-04 06:11:13,2025-06-07 09:51:43
921,"Toys Green, Thomas and Johnson hQ-295",22,26.62,2023-02-07 17:50:38,2025-05-25 01:42:19
922,Toys Le and Sons yL-628,22,57.96,2022-06-02 16:21:39,2025-04-28 18:44:04
923,Toys Wheeler Ltd ZP-897,22,16.74,2022-02-18 00:10:13,2025-07-18 04:49:25
924,Toys Clark-Williams co-976,22,44.18,2022-06-06 19:40:01,2025-06-21 15:14:57
925,"Toys Rogers, Mcdaniel and Martinez EN-448",22,58.42,2023-01-31 07:24:09,2025-04-01 06:21:16
926,Toys Johnson Ltd hX-371,22,160.38,2019-08-02 08:38:10,2025-02-05 03:17:49
927,"Toys Baker, Perez and Parker Qg-508",22,111.53,2021-09-04 10:01:08,2025-07-17 05:48:08
928,"Toys Roberts, Roberts and Floyd Rn-543",22,22.94,2019-05-20 20:33:35,2025-02-18 10:25:51
929,"Toys Bradley, Dominguez and Brown YH-887",22,128.41,2020-12-09 08:54:22,2025-04-06 12:56:27
930,Toys Cox-Owens yd-332,22,114.59,2019-08-26 16:26:19,2025-02-16 14:17:36
931,Toys Khan-Charles TY-533,22,129.44,2023-12-27 18:56:29,2025-03-13 02:19:01
932,"Toys Rojas, Pennington and Baker fe-402",22,118.6,2019-06-12 05:51:20,2025-01-18 06:40:44
933,Toys Lamb-Wall To-756,22,84.97,2020-11-06 09:08:20,2025-06-28 04:11:42
934,"Toys Hall, Dominguez and Hamilton QN-060",22,65.89,2024-10-14 06:33:47,2025-02-06 05:46:05
935,Toys Maldonado-Gibson Rp-028,22,143.42,2021-05-08 18:20:38,2025-01-08 09:38:38
936,Toys Reed and Sons Eg-940,22,12.22,2019-09-27 04:46:12,2025-02-24 14:52:33
937,Toys Weaver and Sons QF-185,22,37.4,2024-04-26 03:57:01,2025-04-15 06:21:10
938,Toys Barnes-Young dA-010,22,111.6,2023-03-30 23:41:14,2025-07-01 13:27:59
939,Toys Vaughan-Beard Nc-200,22,118.28,2023-12-05 14:24:25,2025-08-20 05:41:53
940,Toys Serrano Inc yN-603,22,102.26,2023-03-24 19:09:43,2025-02-27 17:38:42
941,Toys Smith-Griffin mI-394,22,20.32,2020-08-06 13:35:03,2025-01-07 08:30:20
942,"Toys Baker, Hall and Santana ne-717",22,144.37,2024-04-23 07:00:32,2025-07-01 22:12:06
943,Toys Klein PLC wi-146,22,13.87,2021-04-30 00:34:57,2025-05-08 17:26:26
944,Toys Jones Ltd lS-433,22,38.27,2019-08-14 07:20:38,2025-01-07 22:41:40
945,"Toys Mccormick, Day and Pearson jF-729",22,16.13,2019-06-14 04:57:06,2025-01-01 01:21:02
946,Toys Castaneda-Shepard ZN-536,22,130.89,2021-05-03 23:19:00,2025-05-25 21:01:03
947,"Toys Parks, Scott and Howard Rz-034",22,77.58,2024-08-17 06:00:30,2025-06-19 11:54:03
948,Toys Myers-Walters Ks-573,22,112.36,2020-07-25 20:17:31,2025-07-06 06:34:36
949,"Toys Waters, Phillips and Smith xF-839",22,55.2,2024-05-10 09:47:03,2025-07-14 01:41:30
950,Toys Freeman-Blake WM-974,22,156.65,2022-03-21 05:15:45,2025-01-31 18:48:11
951,Toys Morrison Ltd AN-772,22,94.87,2019-06-09 21:34:22,2025-01-08 04:06:54
952,"Toys Peterson, Lewis and Schroeder jj-813",22,40.69,2020-05-19 00:22:06,2025-02-14 05:24:00
953,Toys Booth-Diaz Pk-108,22,71.95,2021-10-31 09:53:58,2025-06-30 13:28:34
954,Toys Olson-Bennett uc-532,22,50.35,2023-12-19 02:08:23,2025-03-18 05:24:11
955,Toys Robertson and Sons zo-964,22,37.39,2020-02-03 15:43:57,2025-05-02 01:33:08
956,"Toys Parker, Perez and Jackson mn-975",22,53.34,2021-02-04 06:35:32,2025-07-14 00:54:51
957,Toys Wilson-Hester bf-950,22,77.91,2021-04-04 21:06:01,2025-07-05 14:17:08
958,Toys Lowery-Johnson vw-650,22,149.05,2021-09-11 19:21:18,2025-05-06 00:03:16
959,Toys Ward-Miller bE-144,22,44.39,2023-11-29 19:42:09,2025-02-14 19:10:56
960,Toys Sawyer Inc cU-525,22,149.28,2020-11-26 11:37:30,2025-07-30 09:34:48
961,"Toys Bell, Burch and Atkins to-482",22,59.59,2022-12-15 23:23:57,2025-07-04 21:07:04
962,Toys Glass and Sons Zr-943,22,18.64,2022-02-19 19:59:00,2025-04-27 19:11:32
963,Toys Johnson-Holmes iD-465,22,99.95,2021-02-26 22:12:20,2025-04-13 21:23:04
964,Toys Gross-Hicks jd-568,22,95.81,2020-09-23 05:19:42,2025-03-22 06:16:33
965,Toys Bell-Wall qX-640,22,91.26,2023-07-09 22:16:12,2025-06-19 17:30:07
966,"Toys Edwards, Hill and Newman LM-340",22,104.98,2020-08-10 20:02:46,2025-03-19 17:51:25
967,"Toys Clark, Wright and Curtis lw-829",22,83.33,2024-05-28 00:48:55,2025-01-05 10:06:16
968,"Toys Nunez, Mitchell and Guzman Qf-708",22,71.78,2020-04-27 04:56:49,2025-04-03 09:34:43
969,"Toys Hill, Bender and Rodriguez Iv-792",22,122.42,2020-04-08 04:41:58,2025-08-26 07:18:29
970,Toys Bonilla PLC WK-403,22,118.19,2020-07-05 01:32:24,2025-07-25 12:41:11
971,"Toys Powell, Campbell and Joseph zC-913",22,150.58,2020-12-18 21:00:00,2025-07-11 23:33:42
972,Toys Mckee-Richards qr-435,22,21.19,2022-11-09 10:18:39,2025-07-23 12:11:22
973,Toys Taylor-Jennings Ug-618,22,104.48,2020-04-02 01:08:14,2025-01-06 14:18:57
974,Toys Webb Group eC-110,22,93.83,2019-12-07 18:56:03,2025-07-30 14:41:06
975,"Toys Nelson, Wilcox and Glass bk-394",22,104.96,2023-04-16 01:08:14,2025-01-11 04:44:19
976,"Toys Stephens, Beasley and Ewing TU-883",22,28.84,2023-11-19 01:46:51,2025-05-04 04:09:41
977,"Toys Weber, Bruce and Rodriguez bl-394",22,17.97,2020-04-28 13:58:50,2025-04-07 17:58:37
978,Toys Morris-Pratt EL-772,22,111.56,2020-06-19 16:20:14,2025-02-11 01:06:19
979,Toys Wall PLC tv-519,22,101.28,2020-10-27 19:27:50,2025-08-12 16:57:12
980,Toys Johnston-Ross qL-324,22,147.59,2024-10-03 02:18:55,2025-05-09 09:47:34
981,Toys Rivera PLC rg-854,22,55.21,2023-03-13 07:07:00,2025-02-19 02:47:40
982,Toys Williams LLC Tf-739,22,69.09,2020-07-26 22:13:27,2025-02-20 23:03:10
983,Toys Contreras and Sons wB-140,22,142.58,2020-03-11 12:15:54,2025-05-01 08:13:40
984,"Toys Williamson, Anderson and Jordan Vz-553",22,98.43,2020-01-24 16:11:47,2025-01-04 18:16:55
985,"Toys Adams, Pitts and Garcia ZG-002",22,125.1,2024-08-08 12:27:29,2025-01-24 22:14:58
986,"Toys Kaufman, Bush and Carter oo-363",22,115.91,2019-01-18 09:45:10,2025-08-20 03:23:00
987,"Toys Howard, Leon and Frederick Ss-061",22,89.22,2023-08-02 12:07:18,2025-06-11 15:45:40
988,"Toys Peterson, Anderson and Meza MS-467",22,20.66,2021-10-04 08:56:10,2025-07-14 18:19:40
989,Toys Reed Inc ka-498,22,141.33,2020-12-19 22:38:19,2025-07-09 01:08:21
990,Toys Phillips Inc pg-234,22,69.89,2022-06-27 19:03:42,2025-05-10 08:40:42
991,Toys Mckee Group DY-472,22,93.88,2024-05-13 23:34:59,2025-08-09 15:04:27
992,Toys Obrien-Baxter xy-163,22,84.34,2022-01-25 06:59:56,2025-03-24 13:23:50
993,"Toys Morales, Blackburn and Brown NX-927",22,76.56,2024-01-26 00:44:32,2025-03-29 02:58:59
994,"Toys Wolf, Nguyen and Allen aY-130",22,37.76,2019-12-21 07:49:43,2025-08-19 13:12:04
995,Toys French-Johnson lz-154,22,57.35,2023-06-28 01:29:51,2025-03-26 00:04:37
996,Toys Rodriguez Group al-429,22,89.02,2023-09-12 12:01:04,2025-07-19 19:32:07
997,"Toys Dougherty, Rangel and Lopez ny-626",22,141.93,2021-09-11 10:01:02,2025-05-24 08:54:30
998,Toys Adams Ltd SR-210,22,94.08,2020-02-20 03:26:47,2025-04-18 21:06:02
999,Toys Long-Martinez th-548,22,112.26,2020-09-17 15:21:48,2025-07-13 15:06:20
1000,Toys Johnson Inc TB-958,22,43.85,2019-07-04 00:14:29,2025-07-19 23:55:22
1001,Toys Dalton Ltd it-531,22,104.8,2023-11-25 11:07:43,2025-03-04 19:36:19
1002,Toys Horton-Calhoun Pz-783,22,133.36,2022-03-24 13:01:31,2025-05-17 16:28:04
1003,"Toys Smith, Cox and Franco FD-596",22,81.98,2023-06-12 19:39:47,2025-04-11 12:24:52
1004,Toys Wolf-Phelps Po-226,22,123.98,2019-11-23 18:17:03,2025-07-12 15:48:58
1005,"Toys Flowers, Allen and Christian sm-141",22,121.98,2019-04-17 17:27:51,2025-02-07 17:49:00
1006,"Toys Hebert, Evans and Moore aO-784",22,129.51,2024-03-17 03:12:36,2025-05-25 21:23:06
1007,Toys Houston-Hernandez Uo-601,22,22.72,2019-01-09 16:59:27,2025-05-16 15:37:21
1008,Toys Stephenson PLC EU-272,22,139.3,2023-08-11 10:27:24,2025-03-03 14:11:06
1009,Toys Marquez PLC Lm-255,22,156.81,2022-04-20 05:16:09,2025-07-20 01:42:22
1010,Toys Johnson-Allen cE-074,22,133.2,2022-07-08 18:40:27,2025-02-27 06:11:29
1011,Toys Coffey PLC Jg-955,22,132.33,2024-10-29 10:37:22,2025-02-23 11:56:13
1012,"Toys Taylor, Rhodes and Hodge BI-127",22,98.76,2024-10-16 08:13:09,2025-07-05 02:57:43
1013,"Toys Peters, Adams and Snyder zQ-269",22,104.48,2024-05-28 17:22:43,2025-03-13 09:58:27
1014,Toys Johnson LLC kS-696,22,115.71,2019-10-08 11:42:13,2025-02-13 19:40:59
1015,Toys Holmes-Williams tj-390,22,58.55,2022-05-30 00:17:27,2025-06-17 11:57:21
1016,Toys Arellano Ltd CB-344,22,73.32,2022-05-10 14:16:50,2025-04-04 03:22:52
1017,Toys West LLC SF-732,22,110.64,2023-01-24 05:57:01,2025-06-11 15:30:52
1018,Toys Burns-Roberts Fy-518,22,113.49,2019-01-17 08:49:06,2025-03-18 17:49:19
1019,Toys Stuart LLC TW-395,22,162.62,2020-02-18 17:20:49,2025-06-22 09:13:15
1020,Toys Martin LLC Hb-791,22,111.34,2021-02-09 05:03:53,2025-08-18 19:48:17
1021,"Toys Miller, Beard and Vazquez yk-789",22,61.96,2021-05-21 19:10:30,2025-03-26 20:13:28
1022,Toys Shaw-Smith jP-397,22,72.2,2022-04-25 08:35:19,2025-08-13 14:15:14
1023,Toys Ashley Ltd Nd-296,22,72.32,2020-11-18 01:29:20,2025-08-23 04:47:02
1024,Toys Ramos LLC pW-087,22,134.25,2024-10-20 06:54:59,2025-05-31 12:41:21
1025,Toys Jones-Miller To-498,22,104.97,2022-07-27 00:38:09,2025-08-01 13:00:10
1026,"Toys Sloan, Richardson and Cohen tP-907",22,23.86,2022-08-03 18:32:33,2025-06-10 08:13:27
1027,Toys Wilson-Arias yT-288,22,59.69,2021-05-04 04:39:20,2025-03-27 10:23:34
1028,"Toys Sosa, Alvarez and Wade FF-590",22,101.12,2021-03-09 02:09:11,2025-05-04 14:01:51
1029,Toys Rodriguez-Rowland Zm-989,22,76.54,2023-11-09 14:22:15,2025-03-11 23:16:49
1030,Toys Moore-Rivera Mr-577,22,134.34,2020-02-20 16:37:33,2025-08-18 21:36:02
1031,Toys Thomas-Rocha PM-725,22,13.57,2021-01-11 19:23:53,2025-07-02 07:58:45
1032,"Toys Cherry, Brown and Sullivan Ro-554",22,86.55,2023-07-24 10:20:58,2025-04-05 06:06:33
1033,Toys Hunt-Melendez xV-957,22,11.96,2020-12-25 09:49:53,2025-07-15 23:31:02
1034,Toys Wolf Inc DP-190,22,150.49,2022-09-29 08:36:06,2025-01-07 18:45:14
1035,"Toys Hall, James and Roy Gp-331",22,74.83,2024-08-08 12:22:17,2025-04-10 15:47:11
1036,Toys Herrera PLC tD-060,22,18.62,2024-10-17 14:03:47,2025-04-08 13:53:19
1037,Toys Sanchez-Price dX-640,22,130.73,2019-03-07 17:11:00,2025-01-11 23:11:01
1038,"Toys Smith, Barrett and Le eJ-921",22,87.96,2024-06-19 01:53:34,2025-07-27 18:59:07
1039,"Toys Baker, Lee and Jones Sz-156",22,127.87,2020-11-23 22:23:16,2025-04-10 16:07:53
1040,"Toys Jones, Wade and Phillips co-019",22,75.37,2021-12-12 04:19:22,2025-08-04 10:03:28
1041,"Toys Allen, Fowler and Williams dC-314",22,161.31,2020-02-11 00:25:56,2025-02-09 21:27:17
1042,"Toys Scott, Horn and Estrada qw-190",22,82.95,2023-12-18 09:53:30,2025-08-11 03:28:44
1043,Toys Jackson-Gonzalez Sv-181,22,70.79,2024-05-28 01:24:49,2025-04-11 09:03:45
1044,Toys Williamson Group Bt-929,22,76.28,2019-04-26 15:21:26,2025-07-13 21:23:19
1045,"Toys Garrison, Anderson and Koch uW-004",22,88.2,2022-12-31 15:41:13,2025-04-15 12:16:40
1046,Toys Dunn Group yK-625,22,162.73,2020-09-30 03:40:14,2025-07-08 01:27:40
1047,"Toys Miles, Wilkinson and Glover zz-795",22,23.43,2024-11-10 01:01:33,2025-05-20 20:03:59
1048,"Toys Bell, Cardenas and Henderson rQ-896",22,118.01,2020-01-19 09:55:32,2025-08-15 20:00:22
1049,"Toys Huerta, Weber and Nicholson fp-663",22,83.04,2019-08-20 13:33:26,2025-06-17 08:30:43
1050,Toys Austin Inc cX-082,22,43.01,2024-12-13 09:43:21,2025-01-26 11:50:07
1051,Toys Flores-Jackson vK-682,22,97.72,2022-10-25 22:41:54,2025-08-02 05:44:01
1052,Toys Mcmillan Group OE-283,22,45.71,2019-11-18 20:12:17,2025-04-22 09:05:10
1053,"Toys House, Mitchell and Stewart aa-051",22,47.49,2021-06-18 14:07:51,2025-07-27 18:09:25
1054,Toys Christensen-Lawson mx-748,22,151.3,2024-01-30 23:40:18,2025-08-28 02:24:09
1055,"Toys Simmons, Roberts and Horne Fx-624",22,16.96,2024-11-10 12:40:53,2025-07-07 22:30:30
1056,"Toys Daniels, Jones and Soto nz-207",22,123.95,2021-10-30 13:46:55,2025-07-25 10:37:46
1057,Toys Hudson-Tran rj-435,22,116.97,2019-11-12 03:31:27,2025-06-22 10:41:14
1058,Toys Massey PLC OD-123,22,31.07,2024-06-17 18:09:00,2025-06-20 23:23:02
1059,"Toys Ellis, Morris and Hoffman Il-073",22,66.2,2024-06-15 23:55:25,2025-04-19 23:36:22
1060,Toys Hebert Ltd VV-639,22,121.47,2020-06-20 19:31:26,2025-08-04 11:23:37
1061,Board Games Lozano-Wallace RJ-598,23,32.78,2021-08-06 11:49:42,2025-04-11 07:35:23
1062,Board Games Reynolds LLC xI-480,23,60.96,2023-12-16 10:49:18,2025-03-29 12:57:49
1063,Board Games Harris LLC GR-254,23,144.87,2020-06-05 10:38:41,2025-04-27 12:30:30
1064,"Board Games Mccormick, Martin and Baker lb-168",23,43.83,2023-02-10 01:09:23,2025-05-23 15:55:06
1065,Board Games Lewis-Galloway kc-869,23,114.32,2021-03-14 02:43:29,2025-07-29 20:15:39
1066,Board Games Everett-Lamb JQ-867,23,87.26,2023-10-27 12:34:21,2025-05-12 13:35:39
1067,Board Games Daniels-Ruiz aM-956,23,93.27,2024-07-26 07:11:01,2025-01-10 20:32:41
1068,Board Games Burns-Johnston ot-840,23,64.12,2023-04-23 10:25:37,2025-01-11 03:18:52
1069,Board Games Mcintosh PLC fr-623,23,93.46,2021-01-29 12:14:54,2025-03-14 09:41:15
1070,"Board Games Hughes, Smith and Jimenez qT-297",23,47.91,2019-09-13 13:40:20,2025-02-20 07:46:25
1071,Board Games Perry Inc sZ-068,23,32.76,2019-03-29 13:15:46,2025-02-22 21:48:51
1072,Board Games Henson-Doyle JC-914,23,33.4,2019-05-26 17:42:24,2025-02-05 11:09:58
1073,Board Games Prince-Crane ls-144,23,79.22,2023-06-11 18:16:15,2025-03-07 16:24:09
1074,Board Games Ruiz Group ti-114,23,144.27,2019-08-20 00:06:42,2025-05-12 04:43:33
1075,Board Games Day-Ramsey lA-109,23,14.85,2019-10-08 07:52:15,2025-02-28 12:16:57
1076,Board Games Castillo-Vance Aa-748,23,102.73,2024-11-17 12:42:39,2025-04-13 08:59:51
1077,"Board Games Walker, Jensen and Mullins oQ-799",23,116.68,2020-10-13 19:37:36,2025-08-04 13:33:07
1078,"Board Games Hurley, Fitzgerald and Mason Hh-395",23,58.54,2021-12-31 03:20:16,2025-06-01 03:09:16
1079,"Board Games Pierce, Reed and Lopez XU-035",23,118.84,2019-12-18 10:37:21,2025-07-14 17:45:04
1080,Board Games Sheppard-Harding of-427,23,36.6,2019-01-11 00:13:43,2025-07-22 09:02:58
1081,"Board Games Pruitt, Ramirez and Morgan jb-581",23,40.09,2022-02-26 07:57:38,2025-02-07 04:37:27
1082,Board Games Adams-Huang Tz-683,23,149.1,2023-02-27 00:44:54,2025-05-27 11:25:46
1083,Board Games Mccullough Group vd-894,23,95.82,2019-07-14 09:21:09,2025-08-27 11:34:10
1084,Board Games Lyons LLC Pn-254,23,86.43,2021-12-06 14:27:33,2025-05-15 00:38:37
1085,Board Games Dennis Ltd Ca-582,23,127.94,2023-08-24 23:26:38,2025-02-07 03:59:31
1086,Board Games Mullins and Sons PU-283,23,22.45,2022-01-28 12:55:50,2025-02-01 15:13:32
1087,Board Games Mathews-Thomas Gq-722,23,53.03,2024-02-01 15:03:58,2025-02-12 17:41:02
1088,Board Games Gonzalez-Frey mO-853,23,55.87,2020-08-05 17:32:31,2025-05-05 10:54:50
1089,Board Games Graham-Yang NV-593,23,88.91,2020-03-14 03:21:20,2025-06-18 15:25:34
1090,Board Games Myers-Padilla fY-137,23,43.25,2022-08-09 23:12:49,2025-04-18 20:12:27
1091,Board Games Martinez-Brown IQ-350,23,94.61,2019-07-26 17:59:31,2025-06-27 03:33:49
1092,"Board Games Hunter, Doyle and Wilson JJ-227",23,45.7,2023-07-24 06:08:57,2025-04-02 15:31:32
1093,Board Games Robinson-Brown vJ-823,23,154.92,2021-02-28 22:02:08,2025-04-05 10:17:17
1094,Board Games Love-Davila zq-538,23,136.19,2019-07-12 20:02:20,2025-04-11 15:00:32
1095,Board Games Mcdonald and Sons Gc-906,23,14.23,2023-11-22 09:57:10,2025-07-12 08:59:32
1096,"Board Games Obrien, Clark and Lee NE-528",23,9.85,2021-03-12 10:40:56,2025-01-16 23:50:54
1097,Board Games Lewis-Carter bz-995,23,61.34,2024-11-03 09:25:21,2025-08-07 22:16:53
1098,"Board Games Harris, Armstrong and Cooper nh-281",23,19.94,2023-08-14 03:27:07,2025-01-19 05:57:54
1099,Board Games Wyatt-Santos tO-344,23,66.74,2021-06-29 06:56:38,2025-02-09 03:15:58
1100,Board Games Petersen Group Jw-238,23,39.22,2023-06-28 06:26:37,2025-07-12 11:08:33
1101,Board Games Chapman Ltd AV-338,23,144.18,2022-11-17 09:19:15,2025-04-22 06:04:12
1102,"Board Games Whitney, Stephens and Zamora WV-819",23,126.24,2023-10-06 00:18:39,2025-04-08 23:33:30
1103,Board Games Jarvis-Morgan Hz-072,23,21.24,2019-07-01 11:02:05,2025-02-01 01:02:12
1104,Board Games Solis-Butler LG-696,23,98.65,2022-02-08 23:58:11,2025-06-08 01:34:05
1105,Board Games Carr-Anderson AG-618,23,55.37,2023-04-09 11:55:11,2025-06-20 10:54:53
1106,Board Games Jackson Inc QH-352,23,27.31,2021-08-24 10:44:57,2025-02-09 22:21:59
1107,Board Games Moore-Hughes BR-642,23,87.65,2019-12-18 11:42:46,2025-01-22 15:19:38
1108,"Board Games Brown, Martin and Aguirre vf-175",23,117.91,2024-05-24 17:50:54,2025-06-16 13:07:10
1109,"Board Games Jones, Lewis and Collins EQ-357",23,97.11,2019-02-18 19:47:22,2025-01-25 17:40:08
1110,Board Games Anthony Group ko-735,23,134.11,2023-07-02 07:04:28,2025-08-03 18:01:13
1111,"Board Games Harris, Newton and Martin vO-490",23,33.24,2020-02-12 08:26:45,2025-07-26 08:22:29
1112,Board Games Stevens-Guerra Xz-030,23,28.86,2024-08-10 06:16:24,2025-05-30 03:21:10
1113,Board Games Nguyen and Sons Uq-731,23,116.78,2024-07-28 03:11:00,2025-06-18 05:37:19
1114,Board Games Jones-Carr Lh-805,23,120.22,2020-06-08 06:10:58,2025-05-27 17:58:08
1115,"Board Games Anderson, Price and Maxwell AF-924",23,66.92,2020-02-07 11:20:18,2025-07-25 12:06:05
1116,Board Games Sullivan Inc JB-778,23,56.48,2019-03-04 21:44:19,2025-02-21 07:20:48
1117,"Board Games Franklin, Lyons and Moreno cN-721",23,78.0,2019-09-03 07:20:27,2025-07-24 05:28:43
1118,Board Games Garcia Ltd EY-011,23,100.25,2024-05-12 15:54:41,2025-05-08 20:06:13
1119,Board Games Wilson PLC zt-911,23,151.17,2024-03-10 06:18:21,2025-07-13 04:43:09
1120,Board Games Hughes Inc DP-971,23,44.63,2022-04-01 17:04:39,2025-01-09 07:07:14
1121,Board Games Rhodes-Lee Yq-360,23,67.95,2024-08-06 15:57:21,2025-06-23 22:02:13
1122,Board Games Gutierrez Inc JQ-152,23,77.07,2022-05-24 16:10:18,2025-07-21 09:49:42
1123,"Board Games Hughes, Livingston and Cox iZ-383",23,128.47,2022-08-04 05:02:59,2025-02-28 07:04:42
1124,"Board Games Bright, Martin and Guerrero zq-246",23,130.33,2023-02-10 08:43:47,2025-04-06 12:46:29
1125,Board Games Lyons-Jones lG-720,23,15.56,2021-02-06 20:12:47,2025-06-07 13:35:44
1126,Board Games Barrett-Mendoza fP-802,23,122.85,2022-08-05 12:36:06,2025-08-19 14:50:21
1127,"Board Games Williams, Davenport and White Qw-495",23,147.64,2023-03-12 17:07:25,2025-05-11 20:53:57
1128,"Board Games Chandler, Briggs and Valdez Em-714",23,62.84,2024-12-20 01:16:30,2025-01-14 12:51:13
1129,Board Games Hayes Ltd bI-464,23,26.13,2024-05-01 17:08:26,2025-02-07 14:33:36
1130,Board Games Pitts Group Il-336,23,36.72,2021-05-13 05:17:52,2025-04-18 19:52:20
1131,Board Games Camacho-Russo Di-094,23,84.02,2023-05-26 16:21:02,2025-05-23 13:17:57
1132,Board Games Ward Group lw-636,23,71.77,2021-07-02 20:43:28,2025-03-01 08:22:02
1133,Board Games Garrett-Barker ai-735,23,114.6,2024-01-12 08:05:24,2025-08-20 13:56:54
1134,Board Games Malone-Cooper yu-474,23,74.9,2023-03-17 21:51:09,2025-05-14 13:58:09
1135,Board Games Williams-Valdez cv-649,23,130.48,2019-09-27 08:57:08,2025-03-09 17:24:21
1136,Board Games Williams LLC Jx-020,23,33.78,2019-12-03 05:13:21,2025-05-24 14:19:43
1137,Board Games Anderson and Sons GA-072,23,47.81,2023-04-23 14:53:02,2025-07-22 15:09:48
1138,Board Games Martinez-Santos Ey-569,23,110.12,2023-11-28 17:19:48,2025-08-05 03:55:21
1139,Board Games Castro-Erickson vJ-116,23,42.71,2023-12-15 08:34:36,2025-01-06 20:45:24
1140,"Board Games Stanton, White and Khan yg-548",23,86.01,2022-01-07 11:34:01,2025-02-03 08:23:15
1141,Board Games Conway-Miller vw-762,23,119.62,2021-06-29 20:51:13,2025-05-06 18:18:40
1142,Board Games Riddle-White AP-006,23,20.33,2021-11-10 05:32:20,2025-07-18 05:25:21
1143,"Board Games Williams, Clark and Herrera VE-782",23,54.33,2021-08-09 10:00:26,2025-06-11 07:59:21
1144,Board Games Parker-Allen Dz-384,23,109.62,2022-12-01 19:43:12,2025-03-06 01:44:08
1145,Board Games Hall LLC Ha-679,23,66.37,2019-10-15 11:24:12,2025-01-02 22:32:52
1146,Board Games Pacheco-Henry IT-061,23,33.71,2024-01-12 00:16:38,2025-03-10 02:23:04
1147,Board Games Baker-Rodriguez EX-081,23,163.53,2021-04-24 17:58:38,2025-06-10 00:33:15
1148,"Board Games Wright, Hill and French PO-971",23,104.78,2022-10-10 06:50:44,2025-05-04 23:34:56
1149,Board Games Frank and Sons iB-800,23,35.24,2022-11-16 02:05:50,2025-08-23 14:03:18
1150,"Board Games Sanders, Clements and Salinas rU-606",23,56.32,2019-11-06 06:11:55,2025-06-23 06:34:17
1151,Board Games Webb LLC SI-885,23,19.44,2023-09-20 07:37:56,2025-08-28 06:28:33
1152,Board Games French-Jones pC-111,23,137.21,2019-11-26 18:02:17,2025-03-05 08:25:48
1153,Board Games Zuniga-Diaz yb-050,23,126.84,2021-10-22 12:52:20,2025-06-19 06:35:14
1154,"Board Games Smith, Romero and Barton zk-259",23,13.3,2022-06-24 21:10:11,2025-06-19 21:57:32
1155,Board Games Moore-Carter ot-684,23,10.46,2019-10-10 23:33:24,2025-02-02 13:42:01
1156,Board Games Andersen Inc OH-318,23,144.14,2020-07-18 08:54:55,2025-01-20 07:59:04
1157,Board Games Ortega-Watkins yd-532,23,21.38,2023-01-25 08:19:05,2025-02-09 01:35:38
1158,"Board Games Diaz, Johnson and Shaw xQ-016",23,77.51,2022-01-08 12:02:22,2025-05-16 17:01:32
1159,Board Games Thompson-Hernandez aq-808,23,36.35,2022-03-21 22:39:39,2025-02-28 05:45:15
1160,"Board Games Wheeler, Richardson and Clements xo-309",23,101.06,2019-07-28 04:32:08,2025-03-03 17:10:19
1161,Board Games Green Inc Oa-051,23,89.47,2020-03-20 16:37:38,2025-05-09 22:44:59
1162,Board Games Daniels Ltd eG-906,23,54.63,2024-05-29 05:01:36,2025-01-12 07:11:25
1163,Board Games Thomas-Walker JT-990,23,104.57,2021-02-16 16:32:45,2025-03-14 22:57:22
1164,Board Games Cooper LLC zr-333,23,41.1,2023-06-23 21:03:10,2025-05-18 22:36:43
1165,Board Games Strickland Group GE-919,23,65.23,2019-01-06 02:19:36,2025-02-27 12:58:00
1166,"Board Games Thompson, Smith and Dennis rq-475",23,56.86,2023-02-28 03:44:17,2025-01-07 06:41:23
1167,Board Games Wagner-Day rs-063,23,45.8,2024-06-04 15:18:15,2025-05-09 17:35:20
1168,"Board Games Garcia, Ramos and Matthews xD-710",23,138.24,2020-08-08 21:29:21,2025-03-21 03:40:01
1169,Board Games Knight-Klein Qk-348,23,124.03,2024-04-15 08:49:34,2025-04-24 19:16:54
1170,"Board Games Lee, Price and Rivera Ac-261",23,132.22,2021-08-21 19:16:01,2025-01-18 01:10:06
1171,"Board Games Montgomery, Willis and Gregory aS-057",23,84.47,2019-09-16 01:25:34,2025-04-02 21:10:25
1172,Board Games Hayes Inc nN-558,23,10.66,2022-01-10 09:20:52,2025-01-09 20:27:12
1173,Board Games Randolph-Campbell sI-780,23,10.32,2023-11-10 16:59:51,2025-08-23 03:55:27
1174,"Board Games Shelton, Watson and Benjamin Ft-943",23,131.38,2022-12-08 14:44:55,2025-01-12 17:25:45
1175,Board Games Espinoza Inc uv-124,23,28.78,2019-08-03 01:12:54,2025-02-06 10:40:10
1176,Board Games Camacho-Wood lS-532,23,154.06,2023-04-23 18:31:18,2025-07-21 03:50:36
1177,Board Games Parks and Sons rd-798,23,31.89,2019-08-02 14:09:52,2025-02-03 04:06:39
1178,"Board Games Johnson, Brown and Khan KT-660",23,129.96,2022-07-01 03:23:45,2025-08-09 02:55:27
1179,Board Games Erickson-Schultz hY-467,23,127.52,2019-02-23 09:08:05,2025-05-07 00:11:29
1180,Board Games Rodriguez-Gibson LK-671,23,35.72,2024-09-23 07:48:39,2025-05-20 20:15:21
1181,"Board Games Martin, Golden and Burgess sr-208",23,58.97,2021-07-26 21:03:27,2025-06-20 08:42:56
1182,Board Games Brooks-Baker HF-367,23,48.83,2023-08-31 01:24:57,2025-02-15 14:09:16
1183,"Board Games Thomas, Anderson and Hayes LE-456",23,80.83,2024-05-28 13:40:05,2025-01-11 10:05:49
1184,Board Games Rodriguez-Dean Uq-877,23,36.41,2020-09-08 06:45:18,2025-05-03 08:23:02
1185,"Board Games Rogers, Shelton and Dorsey Yw-662",23,149.07,2020-12-14 02:11:35,2025-05-31 21:22:41
1186,Board Games Delgado and Sons fw-580,23,155.11,2021-01-10 11:27:52,2025-08-03 16:19:02
1187,"Board Games Roth, Jones and Sandoval Nq-805",23,60.68,2022-06-08 13:41:32,2025-05-04 19:50:54
1188,Board Games Smith Group lm-800,23,81.49,2023-11-27 22:42:18,2025-06-17 20:22:35
1189,Board Games Lam-Flynn Kq-503,23,13.37,2023-08-17 12:29:27,2025-06-30 04:16:09
1190,"Board Games Ross, Ross and Chung hi-367",23,117.17,2023-03-24 16:49:25,2025-02-23 02:08:23
1191,Board Games Stevenson-Anderson Nn-174,23,59.41,2019-03-17 15:23:11,2025-03-30 05:43:50
1192,"Board Games Mcintosh, King and Lawson MY-194",23,41.99,2020-12-09 03:50:44,2025-05-20 22:41:47
1193,"Board Games Torres, Green and Ross WN-105",23,84.8,2023-07-07 05:14:47,2025-07-31 05:59:59
1194,Board Games Cross-Martin rN-165,23,67.11,2019-09-23 20:28:21,2025-02-08 20:25:32
1195,Board Games Adams-Harris Xb-262,23,115.24,2020-08-24 14:27:38,2025-07-25 17:24:44
1196,"Board Games Evans, Rodriguez and Hill YI-852",23,89.82,2019-04-26 09:53:06,2025-01-06 01:38:59
1197,"Board Games Kennedy, Kim and Anderson Tr-694",23,104.0,2024-06-16 18:57:09,2025-05-21 02:12:14
1198,Board Games Stephens and Sons wi-479,23,131.74,2024-09-25 04:56:05,2025-03-12 01:46:24
1199,Board Games Bell PLC io-895,23,140.03,2022-07-05 06:53:11,2025-07-08 14:47:49
1200,Board Games Delgado LLC sg-526,23,39.7,2024-11-06 01:12:25,2025-03-22 12:22:38
1201,Board Games Weaver PLC eo-713,23,63.05,2019-11-17 00:11:46,2025-01-28 01:56:06
1202,Board Games Parker and Sons cD-849,23,151.73,2019-03-20 03:00:38,2025-03-14 22:06:24
1203,"Board Games Callahan, Valencia and Garza DG-056",23,60.26,2022-08-07 00:52:22,2025-02-01 14:25:25
1204,Board Games Patton PLC KU-980,23,60.59,2024-11-17 07:04:42,2025-02-28 15:56:55
1205,Board Games Miller Group On-911,23,126.76,2022-09-27 13:14:46,2025-05-30 18:58:32
1206,Board Games Butler Inc ae-384,23,126.57,2021-02-24 07:42:22,2025-01-17 02:15:46
1207,Board Games Hill-Cook DP-515,23,13.82,2023-11-19 13:14:42,2025-05-22 18:13:09
1208,Board Games Garza and Sons Bk-292,23,59.71,2020-05-01 03:00:27,2025-04-23 00:37:55
1209,Board Games Blake Inc jk-576,23,90.02,2023-05-21 10:06:49,2025-01-22 12:29:00
1210,Board Games Knight-Woods vy-744,23,115.25,2021-04-09 12:27:18,2025-01-22 10:49:03
1211,"Board Games Greer, Fields and Farley GE-065",23,34.01,2022-04-30 04:51:36,2025-04-05 13:40:24
1212,Board Games Richardson-Buchanan kQ-619,23,69.61,2020-08-08 20:04:21,2025-01-20 06:28:29
1213,"Board Games Keller, Hernandez and Bates KC-713",23,31.69,2019-04-24 09:39:47,2025-06-07 04:02:33
1214,Board Games Thomas-Shaw sw-580,23,81.4,2020-04-02 05:48:35,2025-01-13 11:51:51
1215,"Board Games Allen, Young and Knight gl-140",23,74.12,2021-04-16 12:34:01,2025-07-10 22:55:08
1216,Board Games Jones and Sons pd-533,23,128.68,2022-09-16 04:50:06,2025-07-27 18:26:30
1217,Board Games Smith-Stevens qi-836,23,112.41,2022-11-07 12:58:13,2025-05-19 20:26:06
1218,"Cosmetics Davis, Smith and Smith Bj-904",25,49.76,2022-12-31 14:36:21,2025-05-24 01:27:46
1219,Cosmetics Allen LLC sA-864,25,95.38,2019-06-26 02:57:14,2025-02-21 16:36:45
1220,Cosmetics James-Phelps gl-466,25,10.34,2021-08-24 21:59:10,2025-02-06 06:35:09
1221,Cosmetics Cox-Hines OJ-841,25,46.21,2022-12-07 18:02:53,2025-05-19 22:50:02
1222,Cosmetics Solomon Group Xd-693,25,54.33,2019-02-08 05:31:49,2025-03-30 15:47:29
1223,Cosmetics Cohen PLC LR-964,25,10.24,2023-01-13 19:44:27,2025-08-30 02:15:36
1224,"Cosmetics Wagner, Mcguire and Bartlett tQ-338",25,45.93,2020-04-17 05:12:01,2025-02-26 06:39:25
1225,Cosmetics Cowan and Sons AQ-247,25,62.47,2022-12-17 07:03:26,2025-01-03 13:57:33
1226,Cosmetics White LLC Oo-720,25,25.39,2019-03-12 16:23:10,2025-05-19 20:52:00
1227,Cosmetics Smith-Gomez BY-688,25,64.42,2021-05-27 17:54:03,2025-01-25 17:36:06
1228,"Cosmetics Gomez, Blankenship and Duncan Kp-269",25,91.82,2019-06-20 11:30:35,2025-04-11 11:32:30
1229,Cosmetics Allen-Barrera hP-830,25,33.71,2022-12-30 09:18:14,2025-08-22 15:44:45
1230,Cosmetics Lawson-Miller UX-434,25,21.86,2020-04-28 13:47:28,2025-01-07 09:44:26
1231,Cosmetics Perez-Smith hE-453,25,87.05,2024-08-05 05:51:49,2025-06-05 21:06:31
1232,Cosmetics Sanchez Group lC-795,25,14.13,2022-06-21 05:32:22,2025-05-06 16:03:38
1233,Cosmetics Smith PLC QK-070,25,8.8,2024-06-12 08:45:13,2025-06-20 06:56:39
1234,"Cosmetics Schultz, Hall and Campos KR-822",25,17.35,2024-11-21 07:32:32,2025-08-07 02:25:09
1235,Cosmetics Robinson-Wilson VV-360,25,58.3,2021-01-18 12:32:04,2025-01-05 11:45:16
1236,"Cosmetics Martin, Miller and Bryant QU-185",25,69.21,2022-12-10 20:40:20,2025-05-05 04:31:07
1237,"Cosmetics Hines, Mcconnell and Gates PG-218",25,49.21,2021-07-26 10:06:01,2025-03-16 16:53:49
1238,"Cosmetics Bailey, Morris and Crawford Lu-781",25,11.94,2019-09-05 23:55:58,2025-06-21 02:46:20
1239,Cosmetics Nelson-Duncan WQ-848,25,92.36,2024-03-19 05:53:26,2025-01-16 07:50:07
1240,Cosmetics White-Gillespie mu-072,25,89.9,2019-12-17 16:11:51,2025-01-02 14:50:12
1241,Cosmetics Wood Ltd zz-001,25,97.74,2021-10-14 00:50:59,2025-02-10 08:55:38
1242,Cosmetics Allen Inc Jq-796,25,55.46,2023-06-19 11:40:15,2025-02-02 22:50:44
1243,"Cosmetics Robertson, Fischer and Thompson Nm-654",25,48.6,2020-10-17 17:45:02,2025-05-03 09:10:35
1244,Cosmetics Sparks Group RE-955,25,84.22,2020-10-12 04:52:22,2025-06-07 22:14:06
1245,"Cosmetics Bowman, Andrews and Murphy NS-478",25,5.95,2020-08-09 18:45:01,2025-07-22 22:31:18
1246,"Cosmetics Smith, Khan and Henry Ch-880",25,6.86,2019-04-23 20:08:56,2025-04-10 21:47:11
1247,"Cosmetics Smith, Soto and Jones nX-134",25,51.4,2022-06-03 20:25:47,2025-03-16 22:01:07
1248,"Cosmetics Craig, Collins and Stewart Kq-591",25,65.55,2019-02-16 16:27:31,2025-02-05 14:46:17
1249,Cosmetics Houston Inc cG-477,25,9.41,2021-10-21 12:23:20,2025-03-26 09:53:09
1250,"Cosmetics Howard, Fitzgerald and Ortiz eX-628",25,30.76,2021-10-07 00:57:40,2025-03-28 07:44:30
1251,"Cosmetics Gentry, Dudley and Coleman Yh-456",25,81.04,2024-07-17 20:41:03,2025-05-18 20:56:04
1252,Cosmetics Hansen Inc zW-719,25,41.87,2021-11-12 03:31:00,2025-05-04 02:05:40
1253,Cosmetics Pham PLC lC-419,25,59.87,2019-11-26 04:23:38,2025-05-31 17:46:38
1254,"Cosmetics Farmer, Miller and Hill ye-776",25,8.79,2020-11-19 14:41:31,2025-02-16 07:42:09
1255,Cosmetics Martin-Stark Fy-857,25,7.95,2022-03-31 20:39:12,2025-01-11 07:23:12
1256,Cosmetics Chambers-Miranda Rz-196,25,87.09,2024-07-06 14:16:53,2025-02-24 16:14:17
1257,"Cosmetics Jones, Smith and Brown jR-973",25,34.49,2023-03-22 10:55:29,2025-02-15 17:23:07
1258,"Cosmetics Reed, Duncan and Kelly Pi-637",25,9.4,2021-09-26 04:25:52,2025-08-05 19:55:57
1259,Cosmetics Ortiz and Sons go-137,25,100.94,2020-01-29 18:52:59,2025-04-04 06:22:27
1260,Cosmetics Bates-Morales sg-172,25,7.28,2019-03-28 13:24:28,2025-05-02 14:25:25
1261,Cosmetics Campos Group HX-108,25,91.26,2024-07-21 18:31:57,2025-05-01 17:02:20
1262,"Cosmetics Cline, Sanchez and Sutton GN-404",25,87.32,2019-03-29 17:50:43,2025-08-18 12:33:28
1263,Cosmetics Howard-Taylor kH-129,25,98.97,2021-03-27 20:31:41,2025-04-19 16:58:16
1264,"Cosmetics Allen, Moon and Johnson kM-688",25,68.21,2020-10-20 17:43:32,2025-06-04 16:35:43
1265,Cosmetics Spencer LLC Jc-858,25,33.57,2023-10-23 22:56:35,2025-03-30 23:17:04
1266,"Cosmetics Barker, Jones and Norris Tt-689",25,15.28,2021-07-27 18:29:51,2025-01-13 20:00:59
1267,Cosmetics Morales LLC MB-283,25,10.41,2024-11-06 06:59:14,2025-02-06 15:46:25
1268,"Cosmetics Santiago, Rios and Warren ji-724",25,61.06,2021-09-20 11:37:25,2025-07-28 04:57:21
1269,Cosmetics Hayes LLC QI-744,25,50.18,2020-07-08 11:11:37,2025-05-25 18:31:36
1270,"Cosmetics Michael, Holland and Morales op-960",25,85.53,2020-04-25 09:18:40,2025-07-22 08:45:33
1271,"Cosmetics Smith, Long and Fischer qk-786",25,39.63,2019-01-07 06:07:21,2025-07-22 22:15:16
1272,"Cosmetics Anderson, Ferguson and Houston QN-582",25,59.21,2023-03-08 12:37:37,2025-01-04 19:34:31
1273,Cosmetics Boyd-Vaughn Ca-063,25,35.95,2024-06-18 17:21:48,2025-05-22 07:48:00
1274,Cosmetics Schmidt Inc EI-025,25,55.82,2023-11-22 19:47:43,2025-02-12 11:11:04
1275,Cosmetics Williams Inc ek-302,25,28.21,2023-01-11 03:57:23,2025-03-09 19:32:50
1276,Cosmetics Fischer-Boone KZ-185,25,97.99,2020-09-10 03:12:33,2025-03-26 07:12:03
1277,"Cosmetics Marshall, Knight and Juarez Om-483",25,42.98,2019-09-05 13:45:12,2025-08-01 21:02:50
1278,Cosmetics Garza Group gk-683,25,49.54,2019-05-11 12:03:30,2025-04-26 02:03:10
1279,"Cosmetics King, Mccarthy and Lewis nS-304",25,55.25,2020-10-09 17:23:19,2025-04-30 02:17:24
1280,"Cosmetics Alvarado, Lucas and Krause Ew-937",25,29.76,2023-06-09 19:39:04,2025-05-17 00:14:32
1281,"Cosmetics Herrera, Baker and Turner nm-694",25,34.81,2020-12-17 20:15:58,2025-05-03 13:47:31
1282,Cosmetics Williams-Davis iP-783,25,27.45,2022-01-18 18:17:49,2025-05-22 14:58:30
1283,Cosmetics Richards-Jordan Rt-312,25,8.2,2019-12-22 19:14:40,2025-02-09 15:43:53
1284,Cosmetics Dougherty-Scott ls-489,25,86.57,2021-01-11 18:17:07,2025-02-14 23:50:47
1285,Cosmetics Hogan-Thomas HD-810,25,83.15,2024-07-13 13:13:22,2025-07-24 18:50:48
1286,"Cosmetics Bryant, Munoz and Hull lf-859",25,26.11,2021-11-07 22:53:52,2025-08-08 05:01:29
1287,Cosmetics Kelly Inc om-146,25,98.4,2020-12-19 17:29:24,2025-07-30 08:07:02
1288,"Cosmetics Roberts, Stewart and Marquez vu-231",25,13.09,2019-12-08 16:30:36,2025-03-24 09:50:41
1289,"Cosmetics Green, Brown and Keller jX-017",25,12.28,2022-01-30 18:51:23,2025-02-19 18:57:08
1290,Cosmetics Pearson Ltd xf-040,25,92.66,2021-05-02 12:37:15,2025-03-24 12:57:59
1291,Cosmetics Kim LLC oB-176,25,73.49,2023-03-02 20:48:15,2025-03-16 13:45:21
1292,Cosmetics James-Jones eh-005,25,33.5,2024-05-15 22:07:21,2025-04-12 11:23:34
1293,"Cosmetics Palmer, Edwards and Cohen Ut-753",25,5.62,2024-06-23 23:40:00,2025-08-20 05:58:21
1294,Cosmetics Mcdonald Ltd yy-892,25,91.13,2022-04-30 09:30:24,2025-04-30 05:42:06
1295,Cosmetics Sanford-Davila FP-157,25,72.13,2023-06-07 13:47:14,2025-02-18 22:24:34
1296,"Cosmetics Li, Mills and Crawford yE-124",25,19.92,2022-03-04 02:17:39,2025-03-20 22:16:52
1297,"Cosmetics Munoz, Gonzalez and Vasquez YV-015",25,7.25,2022-06-28 20:49:15,2025-03-19 01:56:02
1298,"Cosmetics Glover, Blake and Jacobs LH-943",25,74.47,2023-01-21 23:47:31,2025-04-24 15:51:04
1299,"Cosmetics Gutierrez, Martin and Cooper IJ-756",25,67.53,2023-09-02 23:44:05,2025-08-07 21:44:36
1300,Cosmetics Lowe Group OA-343,25,27.71,2020-12-22 00:44:44,2025-05-07 00:20:37
1301,Cosmetics Ortiz PLC wP-139,25,78.86,2024-10-04 23:26:21,2025-07-14 20:33:47
1302,Cosmetics Campbell LLC yw-677,25,65.06,2024-04-21 20:08:52,2025-07-08 05:23:10
1303,Cosmetics Baker-Bauer lF-131,25,75.72,2023-07-26 20:41:28,2025-08-14 13:40:40
1304,"Cosmetics Smith, Reynolds and Good Lb-105",25,39.94,2019-04-22 14:13:02,2025-03-07 06:16:33
1305,"Cosmetics Jones, King and Chavez za-733",25,20.73,2024-06-06 11:33:49,2025-04-14 21:46:46
1306,Cosmetics Colon LLC yI-803,25,16.49,2019-12-10 13:00:41,2025-04-05 01:48:27
1307,Cosmetics Burton Group Im-063,25,86.19,2021-12-06 04:37:03,2025-02-01 13:26:22
1308,Cosmetics Frazier PLC vu-703,25,17.32,2019-09-25 09:03:58,2025-05-16 02:48:31
1309,Cosmetics Mclean-Wilson IX-782,25,45.82,2024-12-23 17:00:33,2025-05-03 17:05:36
1310,"Cosmetics Martin, Martin and Blanchard Qm-500",25,19.42,2021-10-29 04:11:05,2025-01-19 10:42:33
1311,Cosmetics Miller-Torres Bd-456,25,37.23,2019-02-16 03:42:08,2025-07-29 17:49:15
1312,Cosmetics Rhodes Inc mn-333,25,51.46,2019-10-01 02:56:01,2025-08-03 18:02:32
1313,Cosmetics Silva-Howard vM-872,25,76.18,2023-12-16 17:35:40,2025-07-14 12:49:54
1314,Cosmetics Osborne Inc Kt-069,25,19.25,2020-06-16 10:59:31,2025-06-30 16:17:12
1315,Cosmetics Cannon and Sons LZ-671,25,15.18,2019-10-29 14:17:01,2025-05-14 13:27:56
1316,"Cosmetics Arellano, Nguyen and Brown cH-946",25,41.85,2023-07-16 18:48:11,2025-01-02 04:13:49
1317,Cosmetics Bender and Sons Ly-827,25,21.39,2023-06-17 02:12:07,2025-07-07 08:19:08
1318,"Cosmetics Arnold, Carter and Rodriguez Ze-003",25,64.46,2022-08-30 14:20:18,2025-03-31 13:51:02
1319,Cosmetics Christensen-Hopkins bc-660,25,44.46,2023-01-05 12:58:00,2025-08-28 23:55:04
1320,Cosmetics Barber Ltd MT-324,25,72.25,2022-08-22 12:16:30,2025-05-01 04:28:08
1321,Cosmetics Moreno-Gonzalez Iq-457,25,58.19,2022-05-02 04:52:28,2025-02-28 11:49:02
1322,Cosmetics Gutierrez-Alexander na-602,25,63.04,2021-01-24 16:20:03,2025-04-02 02:46:36
1323,"Cosmetics Howard, Wang and Martinez gH-162",25,14.23,2019-09-25 20:55:14,2025-08-16 22:22:18
1324,"Cosmetics Santiago, Kim and Simmons qU-997",25,23.72,2020-05-28 09:43:32,2025-03-03 07:20:35
1325,Cosmetics Mccormick-Walters bN-517,25,45.99,2021-01-06 08:56:46,2025-04-29 21:26:14
1326,Cosmetics Coleman Inc zd-943,25,72.21,2019-09-28 18:54:34,2025-04-12 08:19:23
1327,Cosmetics Brown and Sons yN-197,25,69.58,2022-10-28 04:34:57,2025-03-13 21:57:10
1328,"Cosmetics Davis, Robinson and Henry Vq-305",25,28.96,2019-04-10 16:49:31,2025-01-01 14:15:17
1329,"Cosmetics Gutierrez, Case and Russell BB-917",25,95.2,2019-02-26 17:28:21,2025-06-01 08:24:23
1330,Cosmetics Mendez Group Sm-902,25,101.48,2019-02-26 21:40:29,2025-06-18 08:32:47
1331,Cosmetics Adkins-Stone xu-744,25,89.75,2020-01-05 21:26:00,2025-04-26 19:46:11
1332,Cosmetics Stanley-Williams fG-911,25,30.04,2024-08-05 22:51:44,2025-05-18 19:00:42
1333,Cosmetics Hall-Fitzgerald hp-057,25,11.58,2023-11-07 12:23:30,2025-08-06 11:03:16
1334,Cosmetics Thomas LLC lw-847,25,43.34,2023-05-10 19:27:17,2025-08-25 20:35:22
1335,"Cosmetics Robinson, Freeman and Collier cx-448",25,96.81,2021-08-18 12:43:59,2025-08-17 21:48:50
1336,Cosmetics Olson-Kennedy Cs-977,25,7.07,2023-12-31 05:02:57,2025-08-17 22:17:32
1337,Cosmetics Clarke Group Qi-389,25,19.09,2022-03-10 05:10:50,2025-08-05 22:28:44
1338,Cosmetics Crawford-Harrington wK-907,25,14.14,2024-04-28 08:25:46,2025-05-10 05:42:41
1339,Cosmetics Guerrero Ltd mX-454,25,26.98,2024-06-07 17:05:09,2025-05-04 03:40:46
1340,"Cosmetics Hall, Bailey and Smith nS-954",25,75.49,2022-07-24 05:36:57,2025-08-07 04:40:48
1341,Cosmetics Maldonado-Warner hC-696,25,49.63,2024-10-06 09:34:15,2025-03-10 02:25:06
1342,Cosmetics Brewer-Proctor kF-843,25,77.08,2024-11-08 01:49:19,2025-06-12 17:31:51
1343,"Cosmetics Ballard, Stone and Roberts pI-570",25,39.25,2022-12-14 11:27:52,2025-04-14 12:57:52
1344,Cosmetics Gardner-Bishop ll-715,25,7.41,2022-10-12 03:16:03,2025-07-29 17:53:42
1345,Cosmetics Conway-Martinez Yc-009,25,38.84,2019-05-30 20:58:46,2025-04-22 18:50:14
1346,Cosmetics Montes-Butler pd-394,25,85.48,2022-03-22 13:42:37,2025-01-08 22:24:55
1347,Cosmetics Reed Group fI-216,25,48.47,2019-02-15 21:20:14,2025-07-24 18:33:08
1348,"Cosmetics Dougherty, Ballard and Thompson Sp-292",25,59.88,2021-01-07 15:56:49,2025-05-02 06:45:58
1349,Cosmetics Bailey-Horn cS-278,25,34.89,2021-05-06 12:07:15,2025-06-14 20:21:40
1350,Cosmetics Erickson Ltd Li-670,25,98.96,2020-02-29 18:23:21,2025-05-25 12:45:53
1351,"Cosmetics Larson, Jordan and Sherman Du-915",25,86.06,2022-10-22 10:51:44,2025-04-05 11:12:58
1352,Cosmetics Charles-Turner xf-662,25,54.45,2024-12-25 21:30:01,2025-03-26 04:21:29
1353,"Cosmetics Atkins, Carney and Gonzalez Bn-580",25,93.69,2023-09-28 21:04:15,2025-06-02 04:11:29
1354,"Cosmetics Barry, Newton and Beck mX-252",25,74.24,2020-06-10 12:53:40,2025-01-30 07:03:40
1355,"Cosmetics Peters, Holmes and Larson Tm-418",25,79.1,2024-11-22 18:41:05,2025-03-04 23:38:06
1356,Cosmetics Ruiz-Benson mO-072,25,88.28,2020-08-31 14:45:38,2025-08-28 18:23:21
1357,"Cosmetics Lewis, Robles and Cook oN-048",25,11.15,2020-03-01 17:44:33,2025-04-24 18:15:17
1358,"Cosmetics Marsh, White and Fuentes ZY-250",25,89.11,2019-12-17 04:04:05,2025-07-28 15:23:30
1359,Cosmetics Padilla and Sons Oy-570,25,29.87,2020-03-25 23:40:58,2025-04-21 21:59:41
1360,Cosmetics Caldwell-Mccoy Vm-721,25,58.39,2019-03-14 11:42:49,2025-08-16 15:30:00
1361,"Cosmetics Fernandez, Hudson and Evans hj-268",25,31.91,2023-09-27 11:25:37,2025-03-27 04:51:09
1362,Cosmetics Smith and Sons nE-447,25,81.45,2022-01-04 10:07:51,2025-04-21 12:20:45
1363,Cosmetics Valentine Ltd Yl-070,25,76.97,2023-12-28 20:41:32,2025-07-02 23:12:37
1364,Cosmetics Cook Ltd vw-407,25,92.5,2020-09-05 02:50:45,2025-02-04 00:40:38
1365,Personal Care Boyer-Holden ma-466,26,41.23,2024-12-15 19:51:36,2025-05-18 15:27:06
1366,Personal Care Walters Inc eb-023,26,38.68,2021-01-27 11:41:14,2025-07-05 02:45:14
1367,Personal Care Rose-Wilson rZ-732,26,45.67,2022-01-26 06:54:43,2025-04-05 02:14:53
1368,"Personal Care Lara, Glover and Coleman mu-972",26,45.71,2022-05-04 21:41:15,2025-08-20 08:33:15
1369,Personal Care Scott-Merritt CV-814,26,85.11,2022-08-25 13:12:31,2025-03-08 14:48:05
1370,"Personal Care Phillips, Baker and Giles qh-581",26,63.92,2020-02-27 12:37:47,2025-03-18 20:07:56
1371,Personal Care Ingram-Jones Ib-893,26,5.84,2021-10-21 17:46:15,2025-01-31 13:54:15
1372,"Personal Care Sparks, Castro and Henry dy-146",26,14.55,2021-07-25 17:13:09,2025-02-28 13:27:09
1373,Personal Care Crawford-Orozco By-357,26,48.41,2024-06-06 05:47:02,2025-06-26 02:34:32
1374,Personal Care Ramirez Ltd rt-958,26,51.29,2023-08-03 08:26:34,2025-02-23 09:44:24
1375,Personal Care Ryan Group Ul-527,26,56.21,2022-11-02 17:46:42,2025-01-23 01:04:04
1376,Personal Care Gray-Bernard fX-758,26,32.54,2020-04-15 16:16:42,2025-04-29 21:05:57
1377,"Personal Care Chavez, Walters and Maddox QV-361",26,53.97,2019-02-26 10:41:57,2025-04-01 11:53:16
1378,Personal Care Cunningham-Aguilar ul-775,26,81.68,2022-07-28 21:19:20,2025-02-18 00:29:57
1379,Personal Care Fischer-Hodges KH-525,26,51.54,2021-10-30 02:16:23,2025-06-20 14:08:06
1380,"Personal Care Garcia, Reed and Richards Mu-003",26,81.46,2019-03-02 18:13:16,2025-02-22 08:23:43
1381,Personal Care Sullivan Inc gO-188,26,70.71,2021-06-06 05:56:48,2025-06-25 09:02:23
1382,Personal Care Esparza Group rk-336,26,97.97,2020-07-30 04:58:39,2025-01-07 08:09:32
1383,Personal Care Reilly Inc OE-788,26,62.76,2019-12-14 22:19:14,2025-03-23 22:09:16
1384,Personal Care Rodriguez-Perez mi-703,26,43.69,2021-05-04 06:10:15,2025-05-20 19:21:01
1385,Personal Care Humphrey Group yt-377,26,16.42,2021-12-09 19:17:56,2025-06-16 14:16:02
1386,"Personal Care Davis, Castro and Obrien Wx-794",26,44.09,2021-07-31 06:14:18,2025-01-19 12:52:17
1387,"Personal Care White, Alvarez and Gomez Uu-031",26,72.51,2019-02-20 08:45:40,2025-01-20 00:41:38
1388,Personal Care Shaw Ltd NK-622,26,23.75,2024-02-10 09:48:39,2025-04-17 11:18:25
1389,"Personal Care Wolfe, Rodriguez and Moss jX-859",26,67.0,2023-01-27 22:27:33,2025-08-27 14:18:46
1390,"Personal Care Martinez, Leach and Phillips nd-550",26,33.4,2024-05-09 21:47:33,2025-05-22 17:50:39
1391,Personal Care Riggs and Sons RG-174,26,77.89,2020-12-10 18:06:20,2025-04-22 19:27:54
1392,"Personal Care Randolph, Brown and Hawkins UC-940",26,19.72,2022-12-26 18:29:02,2025-04-07 17:11:07
1393,Personal Care Moreno-Robles dO-963,26,27.49,2023-09-03 21:01:32,2025-04-26 09:24:45
1394,Personal Care Carroll-Collins PT-148,26,86.9,2022-09-18 22:31:11,2025-04-24 19:22:19
1395,Personal Care Suarez Inc fI-377,26,86.86,2023-04-06 16:25:55,2025-04-01 21:41:14
1396,Personal Care Williams-Mendoza SA-836,26,65.87,2020-11-13 21:38:25,2025-04-06 12:25:08
1397,Personal Care Rose-Smith et-221,26,24.79,2022-06-05 06:00:47,2025-03-15 15:54:50
1398,Personal Care Marshall LLC oy-325,26,57.86,2022-03-29 14:37:39,2025-05-24 10:49:06
1399,Personal Care Andrews and Sons yj-345,26,11.57,2021-07-31 09:04:25,2025-07-20 05:17:44
1400,Personal Care Sexton LLC tA-614,26,58.92,2024-09-16 18:07:34,2025-07-01 08:34:48
1401,Personal Care Rodriguez Group Sk-556,26,38.77,2022-05-08 03:12:30,2025-03-21 01:12:38
1402,Personal Care Martinez-Richardson sq-108,26,38.14,2019-06-11 04:34:16,2025-01-22 13:07:42
1403,Personal Care Holmes Group YA-761,26,55.44,2023-10-08 12:13:13,2025-02-12 23:42:27
1404,Personal Care Garza-Frank nf-983,26,76.66,2023-06-09 21:12:00,2025-07-18 04:10:55
1405,Personal Care Cole LLC tV-060,26,11.49,2021-06-08 05:39:55,2025-08-28 13:18:42
1406,"Personal Care Salas, Grant and Blevins VY-825",26,61.93,2024-09-15 17:26:07,2025-08-27 08:12:59
1407,Personal Care Sandoval-Pace mp-802,26,9.65,2019-06-25 03:11:52,2025-04-20 07:59:39
1408,Personal Care Brown PLC Yz-658,26,38.85,2022-11-19 13:00:25,2025-06-27 22:14:27
1409,Personal Care Anderson PLC qZ-159,26,81.74,2022-10-21 00:48:54,2025-05-06 00:09:59
1410,Personal Care Ferrell-Leblanc xN-442,26,100.85,2020-06-15 07:39:10,2025-05-19 09:24:37
1411,Personal Care Proctor-Carter Xv-998,26,45.56,2022-12-15 14:46:41,2025-08-05 14:05:26
1412,"Personal Care Conrad, Velez and Jackson fc-251",26,14.53,2019-02-27 05:23:40,2025-07-11 11:30:04
1413,"Personal Care Murphy, Bond and Martinez YI-371",26,54.03,2023-12-21 03:22:19,2025-02-05 06:45:27
1414,"Personal Care Gilbert, Alvarez and May uh-820",26,49.33,2021-11-04 20:02:04,2025-04-09 02:33:47
1415,Personal Care Sanders Group WS-596,26,54.98,2019-04-12 05:57:27,2025-03-13 21:00:26
1416,Personal Care Watts LLC KZ-799,26,18.68,2019-02-13 16:42:33,2025-05-02 11:59:32
1417,Personal Care Burnett-Holland YJ-380,26,75.71,2019-09-05 19:29:06,2025-06-18 11:14:16
1418,Personal Care Diaz and Sons SB-592,26,85.45,2020-02-17 02:44:52,2025-01-07 13:31:45
1419,Personal Care Rodriguez Ltd on-587,26,12.53,2023-05-21 09:22:22,2025-06-24 20:26:03
1420,Personal Care Robbins-Rivera iE-099,26,89.95,2024-08-22 12:28:42,2025-08-06 18:18:10
1421,"Personal Care Green, Medina and Ellis Ly-982",26,10.5,2023-05-09 11:27:04,2025-03-01 18:41:59
1422,Personal Care Pacheco-Barnes UZ-255,26,81.58,2019-10-06 23:13:16,2025-04-19 22:19:14
1423,"Personal Care Ramirez, Rogers and Meadows hQ-974",26,34.47,2023-09-10 08:16:15,2025-05-20 22:41:42
1424,"Personal Care Herring, Johnson and Willis qr-410",26,28.3,2023-11-27 15:19:13,2025-01-05 07:36:39
1425,Personal Care Reynolds Group bo-821,26,102.35,2022-03-27 11:55:31,2025-06-14 21:43:12
1426,"Personal Care Shannon, Carlson and Serrano Vf-465",26,53.51,2024-07-16 10:10:41,2025-01-09 08:44:09
1427,"Personal Care Adams, Hopkins and Wright bf-718",26,8.85,2024-04-01 20:59:19,2025-07-08 04:42:41
1428,"Personal Care Robinson, Fry and Rice TI-122",26,73.45,2021-06-03 16:04:09,2025-08-29 05:17:57
1429,Personal Care Mcneil Inc WY-094,26,5.89,2024-05-12 09:22:11,2025-04-12 22:29:57
1430,Personal Care Soto-Hamilton RM-775,26,75.29,2023-01-13 20:52:13,2025-07-11 21:51:52
1431,Personal Care Kirk-Underwood TB-678,26,59.87,2024-10-11 07:28:23,2025-03-05 00:55:28
1432,Personal Care Mays Inc np-746,26,26.83,2024-06-18 12:13:19,2025-04-18 15:05:45
1433,Personal Care Smith-Valdez Ax-292,26,45.4,2019-07-24 12:35:50,2025-03-22 04:47:15
1434,"Personal Care Davis, Shields and Wood VO-447",26,5.45,2019-10-09 22:44:49,2025-03-15 00:35:49
1435,Personal Care Hernandez PLC yo-125,26,44.7,2023-05-06 06:59:38,2025-07-16 11:59:49
1436,"Personal Care Wilson, Stevenson and Wolf xH-757",26,33.14,2022-10-23 19:18:04,2025-05-29 00:17:04
1437,Personal Care Medina-Harvey pu-247,26,96.01,2019-07-19 01:14:27,2025-07-17 08:04:38
1438,Personal Care Hart Inc yx-519,26,91.62,2020-01-13 11:47:35,2025-03-10 07:50:24
1439,"Personal Care Dennis, Gutierrez and Kim Yk-562",26,46.22,2020-09-02 20:55:38,2025-04-25 02:59:57
1440,Personal Care Rodriguez-Hall mc-508,26,12.55,2022-08-29 13:50:55,2025-06-03 13:30:12
1441,"Personal Care Ibarra, Anderson and Pena sy-906",26,60.56,2023-10-29 21:54:27,2025-02-22 03:41:04
1442,"Personal Care Vaughn, Howard and Aguilar mi-032",26,10.23,2022-12-21 19:42:46,2025-08-15 22:01:06
1443,Personal Care Briggs LLC BI-078,26,21.1,2021-06-18 04:42:54,2025-06-17 01:30:32
1444,"Personal Care Bell, Williams and Ellis xi-850",26,46.69,2021-02-22 07:58:33,2025-01-31 19:59:05
1445,"Personal Care Cook, Powell and Banks Ko-136",26,58.72,2020-07-13 08:42:49,2025-01-30 00:16:34
1446,"Personal Care Robinson, Gross and Wood EM-777",26,78.33,2024-03-07 14:23:47,2025-06-25 00:59:46
1447,"Personal Care Farrell, Cannon and Neal Ij-478",26,74.66,2023-03-30 12:34:32,2025-05-11 19:32:53
1448,"Personal Care Cook, Ferguson and Stephenson vp-019",26,44.7,2023-05-13 19:56:41,2025-01-23 19:53:45
1449,"Personal Care Ward, Martin and Johnson rJ-866",26,101.35,2019-11-29 03:07:55,2025-06-15 11:05:03
1450,"Personal Care Norris, Sandoval and Garrison qW-436",26,41.32,2024-03-09 14:43:04,2025-08-17 11:11:14
1451,Personal Care Thompson PLC wT-804,26,93.84,2019-03-20 06:39:15,2025-03-12 19:11:04
1452,Personal Care Lee and Sons mZ-796,26,62.53,2019-10-05 06:35:02,2025-08-20 08:19:23
1453,Personal Care Stafford Inc Yk-893,26,70.66,2019-08-01 11:55:17,2025-01-03 08:28:54
1454,Personal Care Williams LLC wA-549,26,65.81,2024-09-24 22:41:23,2025-03-13 21:44:34
1455,Personal Care Robertson-Martinez pt-852,26,50.72,2022-01-03 13:37:41,2025-06-14 09:51:10
1456,Personal Care Webb-Cervantes NM-977,26,101.11,2022-09-02 15:26:42,2025-06-02 20:58:16
1457,Personal Care Kelley-Paul mj-524,26,106.18,2022-12-29 08:46:02,2025-01-18 14:39:01
1458,Personal Care Hall LLC pg-913,26,16.7,2020-04-11 11:01:30,2025-02-21 01:34:59
1459,Personal Care Bryant-Clay hc-436,26,64.09,2024-08-22 14:22:23,2025-07-07 16:05:16
1460,Personal Care Johnson-Nelson Fs-769,26,55.55,2021-03-14 05:25:22,2025-08-17 03:02:43
1461,Personal Care Bowman Ltd Lo-892,26,69.64,2023-10-20 14:48:46,2025-03-26 13:25:45
1462,Personal Care Trevino and Sons mn-058,26,16.37,2019-06-29 16:13:01,2025-05-18 02:20:06
1463,Personal Care Deleon-Butler iz-387,26,53.01,2019-08-23 02:12:18,2025-08-05 23:15:03
1464,"Personal Care Wagner, Baker and York cW-420",26,81.18,2019-04-22 01:38:14,2025-07-26 03:15:11
1465,"Personal Care Roberson, Bennett and Robinson yn-101",26,77.67,2023-04-15 11:04:16,2025-04-02 01:44:38
1466,"Personal Care Robinson, Greene and Shepard nW-313",26,19.17,2023-04-13 23:09:23,2025-07-27 08:10:06
1467,"Personal Care Carr, Peterson and Stewart bQ-694",26,44.77,2021-11-08 06:38:02,2025-07-04 03:54:05
1468,"Personal Care Brown, Russell and Lopez ys-469",26,44.87,2023-09-06 06:14:14,2025-07-04 01:23:59
1469,Personal Care Lee-Mcdowell it-563,26,53.05,2023-06-19 17:46:57,2025-03-28 13:00:59
1470,"Personal Care Cohen, Wilson and Waters Rq-236",26,21.83,2020-04-03 18:18:09,2025-01-07 23:22:12
1471,Personal Care Thompson-Cuevas so-556,26,38.57,2020-10-05 09:09:03,2025-08-08 17:16:46
1472,Personal Care Smith-Kim oH-112,26,54.07,2024-06-19 19:32:52,2025-01-22 12:25:46
1473,Personal Care Weber-Flynn GP-043,26,52.69,2023-09-27 02:25:37,2025-01-04 01:28:42
1474,"Personal Care Flynn, Dennis and Lopez bl-382",26,54.09,2022-06-18 21:15:28,2025-05-16 01:28:38
1475,"Personal Care Travis, Brown and Lawrence nV-615",26,79.58,2023-08-08 05:12:26,2025-07-11 06:13:44
1476,"Personal Care Thompson, Griffith and Banks BP-738",26,7.46,2019-03-25 17:41:56,2025-08-05 05:50:02
1477,Personal Care Henry PLC OD-745,26,36.25,2020-06-07 12:50:15,2025-08-20 16:05:15
1478,Personal Care Adams-Perez Dl-837,26,103.16,2020-05-24 02:23:23,2025-07-12 16:27:42
1479,"Personal Care Anderson, Casey and Rogers dU-263",26,93.05,2024-09-16 08:29:39,2025-06-04 17:52:46
1480,"Personal Care King, Riley and Adams lO-716",26,84.6,2020-02-12 09:56:20,2025-08-08 14:29:13
1481,"Personal Care Fleming, Miller and Chung ez-994",26,7.9,2019-12-11 02:18:12,2025-03-05 09:36:57
1482,Personal Care Ruiz-Gardner rj-794,26,14.09,2022-10-16 06:47:53,2025-03-30 04:39:11
1483,Personal Care Murray-Reynolds wo-774,26,92.37,2022-04-02 01:33:53,2025-08-24 02:55:38
1484,Personal Care Velez Group NC-791,26,68.39,2019-05-03 09:07:32,2025-03-18 01:48:17
1485,Personal Care Boyle-Fisher vA-092,26,29.87,2020-08-12 03:02:55,2025-01-06 00:30:59
1486,Personal Care Briggs Inc QS-741,26,20.89,2019-09-03 16:59:54,2025-08-03 12:58:01
1487,"Personal Care Ramsey, Ortiz and Johnson nR-996",26,62.76,2022-09-28 13:58:58,2025-03-22 10:50:17
1488,Personal Care Wood-Jennings SG-127,26,21.57,2019-07-15 15:01:59,2025-06-18 15:55:47
1489,Personal Care Sanders PLC hd-530,26,60.41,2023-03-20 02:54:52,2025-08-03 21:17:19
1490,"Personal Care Randall, Thomas and Foster jW-177",26,26.47,2021-02-27 17:14:20,2025-08-08 08:15:05
1491,Personal Care Harrell-Miller VA-222,26,47.2,2022-02-03 01:19:32,2025-08-26 02:37:58
1492,Personal Care Austin-Scott PN-312,26,91.7,2020-01-10 04:24:40,2025-05-12 02:52:38
1493,Fitness Lloyd LLC kD-880,28,86.65,2023-04-29 03:30:14,2025-05-17 13:08:47
1494,Fitness Dickerson PLC MV-668,28,245.69,2024-07-22 13:54:51,2025-06-13 08:44:05
1495,Fitness Collins Inc ZL-017,28,180.9,2020-03-13 17:55:16,2025-03-08 12:45:21
1496,Fitness Oliver-Alvarado OD-426,28,374.49,2019-07-19 13:15:04,2025-03-28 09:49:16
1497,Fitness Tucker-Cooper jt-601,28,41.64,2021-12-08 06:56:26,2025-06-03 12:15:02
1498,Fitness Stone-Goodman Ll-647,28,21.1,2022-09-17 10:08:47,2025-07-04 21:50:02
1499,Fitness Taylor-Joseph Xe-935,28,405.42,2019-07-13 18:59:43,2025-04-06 20:22:28
1500,"Fitness Peterson, Robinson and Tanner Jm-278",28,364.53,2021-04-10 17:09:13,2025-01-07 23:36:26
1501,Fitness Bowen-Roberts vg-051,28,386.78,2024-07-21 19:25:25,2025-03-17 01:46:12
1502,Fitness Vega and Sons zW-599,28,75.43,2019-09-19 19:55:25,2025-06-22 05:14:18
1503,Fitness Foley-Long tp-630,28,301.86,2022-08-02 23:50:04,2025-08-25 16:03:42
1504,"Fitness Ellison, Arnold and Maddox Rw-410",28,191.77,2024-01-08 03:29:27,2025-06-13 22:24:45
1505,Fitness Hughes-Aguilar PH-421,28,294.51,2021-04-15 05:07:16,2025-06-20 17:32:18
1506,Fitness Brooks LLC Fz-281,28,239.4,2020-03-25 08:41:37,2025-06-29 02:36:22
1507,Fitness Beasley Group mP-759,28,115.31,2023-10-08 12:17:45,2025-06-17 16:53:09
1508,Fitness Anderson-Smith tp-690,28,154.82,2020-03-13 08:52:29,2025-04-18 12:56:53
1509,Fitness Jensen-Keith TS-510,28,453.68,2021-09-16 17:10:39,2025-06-02 17:38:17
1510,Fitness Powell PLC Zd-238,28,439.47,2020-08-05 10:37:54,2025-08-11 10:13:53
1511,Fitness Lowery-Carter UR-580,28,222.28,2023-01-28 01:29:53,2025-03-19 08:42:21
1512,"Fitness Thompson, Koch and Smith oC-485",28,533.23,2021-03-27 14:15:01,2025-05-05 07:35:05
1513,Fitness Richards-Jefferson jM-038,28,523.9,2019-03-09 06:15:42,2025-07-29 08:55:53
1514,Fitness Richardson-Copeland ks-803,28,261.99,2021-05-14 22:35:01,2025-01-28 17:56:07
1515,"Fitness Wong, Diaz and Smith xW-520",28,115.18,2019-04-17 11:23:10,2025-08-14 21:26:57
1516,"Fitness Hughes, Martin and Parker ek-189",28,39.18,2024-02-08 01:12:45,2025-06-25 06:55:26
1517,Fitness Smith-Johnson uU-805,28,182.79,2023-02-17 18:07:58,2025-02-23 06:08:28
1518,"Fitness Gray, Rosales and Moore BY-462",28,403.75,2024-09-05 00:21:25,2025-04-17 12:49:42
1519,Fitness Young-Dickson xK-560,28,149.49,2020-06-08 06:25:21,2025-04-14 22:54:56
1520,Fitness Shields PLC we-754,28,369.98,2021-03-07 21:37:43,2025-07-05 19:30:42
1521,Fitness Thompson-Jones fm-329,28,173.39,2020-11-15 07:52:31,2025-01-10 05:38:30
1522,"Fitness Massey, Nielsen and Nunez kp-301",28,133.98,2020-03-27 20:53:54,2025-04-11 17:46:21
1523,Fitness Price Ltd Lw-444,28,139.13,2019-09-15 03:41:51,2025-04-07 04:45:32
1524,Fitness Scott PLC aK-221,28,460.18,2022-01-30 21:37:32,2025-02-25 05:58:30
1525,"Fitness Watson, Chandler and Williams Qr-891",28,398.14,2021-07-05 08:47:13,2025-07-14 09:49:07
1526,"Fitness Pennington, Wilson and Chavez WK-681",28,57.76,2024-08-16 16:05:22,2025-06-03 21:19:45
1527,Fitness Barnes Group lI-215,28,427.79,2019-12-06 09:44:57,2025-01-10 14:54:43
1528,"Fitness Ford, Rogers and Jones xA-393",28,58.86,2020-03-20 02:52:12,2025-07-30 22:27:10
1529,Fitness Newton Inc WP-806,28,474.46,2020-08-11 00:25:23,2025-04-03 02:37:30
1530,"Fitness Meadows, Torres and Mcpherson iO-238",28,379.72,2023-12-14 20:52:49,2025-05-09 02:23:40
1531,"Fitness Navarro, Graves and Olsen kY-046",28,346.32,2024-10-29 01:15:13,2025-03-09 22:22:43
1532,Fitness Gordon LLC JV-811,28,231.82,2024-01-08 19:20:03,2025-01-17 21:18:19
1533,Fitness Lee-Kim uh-045,28,69.52,2022-09-06 02:49:20,2025-02-12 13:08:16
1534,Fitness Rocha PLC hg-241,28,385.45,2020-05-14 09:02:27,2025-05-09 18:51:25
1535,Fitness Reyes Ltd yy-253,28,367.4,2020-11-02 14:04:01,2025-07-23 20:44:05
1536,"Fitness Lopez, Potter and Turner ov-646",28,285.71,2019-03-01 05:02:49,2025-06-14 16:57:43
1537,Fitness Alexander-Perez Le-577,28,461.37,2022-02-15 20:37:23,2025-02-17 17:54:07
1538,"Fitness Rodriguez, Rivera and Kaufman FO-632",28,201.77,2023-08-05 21:11:35,2025-05-24 07:13:20
1539,Fitness Johnson and Sons GQ-522,28,148.45,2024-04-18 01:02:36,2025-01-10 09:00:27
1540,Fitness Brown-Rivera Ro-689,28,66.23,2023-10-15 14:15:05,2025-02-12 14:56:14
1541,"Fitness Peterson, Booker and Evans rF-737",28,187.41,2024-06-26 23:15:38,2025-02-23 23:24:26
1542,"Fitness Vaughan, Boyd and Schultz Sq-060",28,352.77,2021-05-14 11:25:18,2025-07-04 10:21:38
1543,"Fitness Warren, Weaver and Shepard ml-755",28,281.63,2022-05-04 08:08:25,2025-01-12 11:52:53
1544,Fitness Martin and Sons rg-922,28,141.34,2021-03-05 23:03:32,2025-05-01 11:22:29
1545,Fitness Jones Inc aU-484,28,380.43,2024-09-17 16:30:55,2025-05-23 05:58:01
1546,Fitness Gilmore Inc vQ-373,28,374.89,2023-11-04 11:09:36,2025-02-05 14:35:31
1547,"Fitness Patterson, Jimenez and Foster rK-841",28,56.85,2020-08-19 04:35:48,2025-02-08 04:14:40
1548,"Fitness Harris, Bell and Jackson gK-626",28,395.33,2024-02-27 11:05:16,2025-04-19 21:03:10
1549,Fitness Newton PLC UR-939,28,163.36,2020-04-15 22:57:59,2025-06-17 06:33:17
1550,Fitness Morales LLC JU-359,28,219.25,2021-02-20 22:01:43,2025-02-24 10:52:28
1551,Fitness Trevino Ltd pH-407,28,115.79,2020-07-01 02:27:04,2025-03-26 05:36:06
1552,Fitness Walters-Burnett lk-804,28,384.55,2023-05-15 01:05:42,2025-03-14 06:06:28
1553,Fitness Park and Sons mc-181,28,180.96,2019-07-28 02:54:42,2025-04-22 11:48:57
1554,Fitness Smith-Roberts Ot-010,28,366.59,2019-01-17 01:46:08,2025-02-03 14:14:34
1555,Fitness Morrow Ltd bY-421,28,365.18,2023-07-22 07:24:04,2025-01-18 15:04:12
1556,Fitness Marshall Ltd NP-766,28,408.42,2021-07-12 03:45:29,2025-02-19 23:00:08
1557,Fitness Brewer-Baker vW-015,28,324.22,2020-12-11 21:45:50,2025-06-20 19:11:15
1558,Fitness Hubbard-Gross ba-773,28,307.75,2023-06-21 20:57:15,2025-05-17 21:58:50
1559,"Fitness Sanchez, King and Martin WS-954",28,438.35,2023-11-25 15:25:30,2025-01-29 01:43:30
1560,Fitness Greene and Sons MS-542,28,76.91,2023-08-23 08:00:15,2025-06-25 22:53:00
1561,Fitness Martinez-Spencer QZ-311,28,340.01,2024-12-30 12:56:15,2025-07-31 09:05:54
1562,Fitness Nguyen PLC cs-523,28,359.43,2024-06-19 13:25:11,2025-01-18 21:56:37
1563,Fitness Smith-Zimmerman Es-800,28,435.42,2024-10-25 10:57:01,2025-07-11 03:58:58
1564,Fitness Allen LLC EO-205,28,475.15,2019-09-08 13:10:55,2025-08-23 22:47:01
1565,Fitness Gonzalez-Anderson mN-849,28,285.97,2020-06-21 07:18:25,2025-05-04 04:12:38
1566,Fitness Johnson LLC tj-160,28,347.97,2022-07-10 07:31:23,2025-02-28 20:26:49
1567,Fitness Mendoza-Diaz Fj-083,28,325.96,2019-04-08 21:01:59,2025-01-24 13:37:23
1568,"Fitness Wilson, Dorsey and Simmons cZ-775",28,317.52,2024-07-29 23:43:32,2025-02-03 21:34:05
1569,Fitness Clark-Bradley hU-809,28,223.98,2019-02-09 09:48:46,2025-06-08 06:03:50
1570,Fitness Ward-Gonzalez mR-521,28,190.64,2022-12-04 19:20:33,2025-07-25 09:30:53
1571,Fitness Moore PLC kQ-937,28,441.31,2023-10-19 06:22:06,2025-03-04 13:04:44
1572,Fitness Williams-Koch Ny-497,28,36.34,2020-08-15 04:57:24,2025-07-25 05:43:42
1573,"Fitness Bates, Pope and Wall TT-541",28,338.18,2021-09-10 12:54:45,2025-03-30 11:06:58
1574,Fitness Miller-Kane Ka-115,28,430.06,2019-07-28 06:36:11,2025-01-01 15:48:12
1575,Fitness Anderson Group WM-282,28,25.02,2021-11-20 18:50:06,2025-04-18 03:20:43
1576,Fitness Macdonald Group RF-557,28,443.88,2022-01-31 09:00:44,2025-08-12 23:07:20
1577,Fitness Ponce Ltd pE-143,28,435.12,2024-08-28 14:21:48,2025-07-27 17:10:39
1578,"Fitness Gutierrez, Hall and Larson ZP-677",28,37.54,2021-09-04 09:39:11,2025-01-09 13:43:57
1579,"Fitness Freeman, Hancock and Alvarez HJ-393",28,371.95,2022-04-09 18:13:24,2025-08-08 10:48:30
1580,"Fitness Nguyen, Conley and Larsen Iu-878",28,131.74,2022-08-28 00:02:02,2025-01-17 02:53:21
1581,Fitness Poole-Hines Xh-314,28,422.88,2019-06-27 09:13:25,2025-03-20 13:46:17
1582,"Fitness Noble, Johnson and Wallace fj-757",28,485.1,2023-04-14 13:44:24,2025-06-24 21:33:03
1583,"Fitness Foster, Reid and Estrada xA-111",28,257.96,2021-10-30 23:24:12,2025-03-21 21:26:38
1584,Fitness King Group RW-450,28,337.1,2019-06-04 12:46:22,2025-05-12 20:45:09
1585,"Fitness Davis, Jimenez and Lopez gO-600",28,62.17,2020-06-12 21:40:23,2025-05-19 16:30:27
1586,Fitness Gonzalez and Sons ip-788,28,413.92,2024-10-26 16:29:46,2025-01-19 03:22:50
1587,Fitness Thomas-Gay tX-651,28,416.86,2020-08-08 10:08:49,2025-01-18 02:49:28
1588,Fitness Aguilar Inc pQ-932,28,149.54,2021-03-13 17:39:01,2025-02-08 16:18:41
1589,"Fitness Dunn, Miller and Peterson ax-412",28,348.49,2022-09-21 14:23:26,2025-08-21 08:02:49
1590,Fitness Serrano-Watson OH-561,28,499.45,2019-01-02 19:23:00,2025-07-29 10:27:43
1591,"Fitness Robinson, Garcia and Cox Gt-386",28,248.58,2019-06-20 05:58:25,2025-04-12 08:43:00
1592,Fitness Turner LLC WN-442,28,451.79,2019-06-25 07:38:17,2025-03-27 06:38:48
1593,Fitness Rodriguez-Deleon yx-553,28,330.15,2022-06-24 10:33:44,2025-08-10 19:33:01
1594,Fitness Whitehead LLC qj-692,28,268.86,2021-02-18 17:44:14,2025-08-11 07:53:00
1595,Fitness Mullen-Thompson om-743,28,456.41,2023-08-12 14:28:52,2025-05-17 01:52:34
1596,Fitness Jackson-Brown De-081,28,86.8,2024-10-30 05:11:09,2025-08-12 15:51:28
1597,Fitness Bell-Pineda Ui-851,28,441.04,2020-02-22 08:12:18,2025-04-21 22:32:13
1598,Fitness Nelson-Shah zt-449,28,146.78,2022-06-18 01:06:27,2025-02-27 19:50:39
1599,Fitness Ross Group Um-000,28,271.58,2020-11-19 14:36:55,2025-01-13 03:36:51
1600,Fitness Robinson Inc sz-896,28,411.26,2020-07-04 16:53:34,2025-05-02 09:39:38
1601,"Fitness Williams, Davies and Ortiz Rr-010",28,100.29,2023-09-12 04:44:36,2025-04-13 23:46:19
1602,"Fitness Castro, West and Fitzgerald ym-026",28,242.94,2024-12-17 13:37:53,2025-01-08 17:04:58
1603,Fitness Brewer-Carter Vv-028,28,94.05,2021-12-26 01:46:37,2025-01-06 11:49:38
1604,"Fitness Thompson, Wright and Christian IZ-501",28,415.36,2022-04-18 20:14:48,2025-05-15 05:18:42
1605,Fitness Rogers LLC Nm-550,28,82.48,2023-01-03 10:01:05,2025-06-16 16:08:12
1606,Fitness Mcdonald LLC fx-925,28,453.23,2022-04-04 05:46:44,2025-06-03 07:04:15
1607,"Fitness Carlson, Gonzalez and Mendoza od-179",28,312.09,2021-11-06 03:45:55,2025-05-09 04:27:11
1608,"Fitness Johnson, Baker and Gonzalez iE-344",28,95.24,2021-09-05 04:29:49,2025-02-19 11:49:34
1609,Fitness Gomez-Bentley wU-931,28,92.75,2020-01-17 21:09:41,2025-02-01 08:29:41
1610,"Fitness Collier, Cunningham and King Hd-552",28,190.64,2020-09-28 09:45:58,2025-07-13 04:23:34
1611,Fitness Davis Ltd gZ-355,28,368.37,2021-11-06 13:06:36,2025-01-16 09:12:31
1612,Fitness Thomas-Reyes RW-550,28,279.33,2021-01-29 04:16:14,2025-08-09 21:50:46
1613,Fitness Smith-Watson HE-484,28,115.67,2019-08-07 12:37:33,2025-08-22 15:46:07
1614,"Fitness Bell, Rose and Berry Si-974",28,356.41,2021-10-12 09:43:41,2025-07-07 13:30:00
1615,Fitness Sherman and Sons Wg-856,28,145.56,2024-08-12 20:05:31,2025-06-04 01:59:16
1616,"Fitness Williams, Wilson and Bradford wu-600",28,278.16,2022-09-30 03:10:32,2025-08-11 02:27:34
1617,Fitness Robertson-Flynn Ru-517,28,259.89,2024-09-08 13:24:52,2025-02-14 06:46:23
1618,"Fitness Berg, Crawford and Kennedy bF-538",28,327.04,2022-09-25 07:28:02,2025-01-05 03:59:00
1619,Fitness Franklin Group SZ-832,28,186.65,2022-11-22 16:02:13,2025-04-12 07:28:53
1620,Fitness Scott and Sons Ly-891,28,231.88,2021-04-22 02:49:48,2025-07-06 13:22:04
1621,Fitness Ramirez and Sons Cg-769,28,91.09,2023-10-11 09:12:55,2025-01-27 11:33:23
1622,Fitness Gardner-Clark mB-607,28,248.06,2024-07-08 01:30:26,2025-03-27 21:44:41
1623,Outdoor Hoover and Sons tQ-782,29,495.1,2021-09-15 11:34:46,2025-04-25 01:30:56
1624,"Outdoor Lawrence, Smith and Booker Jf-636",29,411.54,2020-08-19 16:23:39,2025-04-27 07:37:53
1625,"Outdoor Vang, Reeves and Hawkins JG-570",29,440.98,2021-09-18 06:22:15,2025-05-10 21:03:54
1626,"Outdoor Hampton, Castro and Rivera mk-604",29,223.69,2019-09-01 15:36:57,2025-03-05 13:14:53
1627,"Outdoor Perry, Rivera and Shelton Lp-062",29,314.33,2024-09-02 16:24:33,2025-03-08 16:01:00
1628,Outdoor Blanchard-Estrada qr-419,29,60.15,2023-11-25 21:01:41,2025-06-12 22:39:22
1629,Outdoor Chavez Inc Xz-962,29,95.36,2020-12-26 07:15:24,2025-03-08 12:41:21
1630,Outdoor Murray-Jackson uz-427,29,126.3,2023-03-14 07:46:13,2025-05-26 01:33:44
1631,"Outdoor Bush, Brown and Howard Qe-144",29,139.91,2019-07-17 19:55:34,2025-02-13 23:34:24
1632,"Outdoor Brooks, Price and Williams yz-692",29,59.94,2022-03-28 18:19:31,2025-04-14 23:16:26
1633,Outdoor Peters-Allen zg-836,29,199.72,2020-05-21 22:27:52,2025-05-17 06:16:45
1634,Outdoor Baldwin PLC ep-018,29,106.15,2019-04-06 08:41:03,2025-01-07 09:43:04
1635,"Outdoor Conner, Strickland and Woods aH-546",29,329.35,2019-06-07 22:10:15,2025-03-30 10:35:48
1636,Outdoor Evans-Richardson CN-390,29,134.53,2024-08-20 04:23:20,2025-04-10 01:53:00
1637,"Outdoor Burch, Buchanan and Baker jh-003",29,305.9,2024-12-27 01:01:11,2025-02-24 17:22:33
1638,"Outdoor Whitehead, Hill and Bailey rZ-612",29,259.37,2020-04-03 03:35:13,2025-07-10 08:22:33
1639,"Outdoor Meyer, Jennings and Swanson ob-537",29,337.8,2020-06-10 04:16:41,2025-05-09 18:18:38
1640,"Outdoor Brown, Edwards and Bernard Wp-836",29,343.89,2019-04-07 23:58:36,2025-02-08 15:58:43
1641,Outdoor Braun Group TF-862,29,43.01,2024-07-24 01:12:47,2025-08-15 10:03:37
1642,Outdoor Fisher-Collins IH-622,29,250.08,2024-11-20 00:44:01,2025-06-14 05:38:21
1643,Outdoor Caldwell and Sons sy-282,29,293.06,2021-06-01 07:59:33,2025-04-23 02:01:01
1644,"Outdoor West, Smith and Martin gY-659",29,340.36,2024-03-11 20:14:43,2025-06-24 01:19:57
1645,Outdoor Martin-Butler ZV-934,29,289.18,2021-07-22 15:02:25,2025-06-24 11:39:55
1646,Outdoor Smith Ltd DA-665,29,479.82,2019-02-09 05:13:08,2025-04-24 09:13:11
1647,Outdoor Harding-Parker xC-778,29,245.99,2019-01-23 06:03:08,2025-03-27 22:06:25
1648,Outdoor Roberts LLC BL-968,29,272.82,2020-02-09 15:34:05,2025-06-12 06:01:07
1649,Outdoor Graham-Watkins LF-200,29,534.03,2023-03-14 10:12:28,2025-05-06 08:57:09
1650,"Outdoor Wood, Myers and Ramsey xj-506",29,465.42,2024-05-01 17:20:41,2025-01-13 17:01:01
1651,Outdoor Bruce-Weiss wt-738,29,330.13,2024-02-07 18:49:18,2025-03-08 08:33:45
1652,"Outdoor Henry, Bates and Parsons vz-972",29,153.54,2021-03-17 16:17:30,2025-06-15 18:47:23
1653,Outdoor Villarreal Group bi-509,29,455.38,2024-11-03 14:10:15,2025-07-30 00:46:53
1654,Outdoor Miller-Rodriguez QU-088,29,235.95,2021-10-13 19:28:08,2025-06-10 11:56:54
1655,Outdoor George PLC pi-060,29,300.42,2021-04-09 02:43:53,2025-07-28 19:25:35
1656,Outdoor Harris-Hill dD-018,29,434.95,2024-01-04 18:24:31,2025-08-06 06:00:59
1657,Outdoor Wilson-Sims Vb-047,29,234.43,2023-09-20 23:04:08,2025-03-02 01:39:46
1658,Outdoor Brown LLC zV-224,29,142.24,2019-03-13 01:30:14,2025-07-08 15:08:04
1659,Outdoor Collins Group Bi-953,29,327.2,2021-05-26 14:36:21,2025-02-24 00:35:00
1660,Outdoor Mendoza LLC Eg-683,29,419.98,2020-04-30 18:41:57,2025-03-16 01:27:29
1661,Outdoor Gonzales and Sons ju-191,29,463.67,2019-11-22 03:04:47,2025-02-25 02:26:36
1662,Outdoor Anthony-Santiago Fg-326,29,237.51,2019-04-26 06:04:40,2025-02-22 23:19:50
1663,Outdoor Watkins LLC cO-134,29,397.62,2022-12-31 09:31:05,2025-04-08 03:15:38
1664,Outdoor Gill LLC OI-050,29,439.81,2019-02-14 19:58:24,2025-02-12 16:27:40
1665,Outdoor Evans Group vE-183,29,189.76,2019-02-19 13:26:40,2025-02-12 05:18:01
1666,"Outdoor Roberson, Walsh and Velazquez mr-539",29,67.26,2022-07-12 02:04:53,2025-01-14 07:00:41
1667,Outdoor Alexander-Baldwin nf-493,29,248.78,2024-10-24 00:42:48,2025-06-23 22:22:42
1668,"Outdoor Jordan, Brooks and Nunez FH-416",29,162.24,2021-04-28 20:07:08,2025-04-23 14:52:24
1669,"Outdoor Ware, Ferguson and Bryant YO-996",29,94.42,2022-11-27 07:23:34,2025-08-09 21:34:42
1670,Outdoor Macias-Carlson bf-754,29,113.0,2024-02-04 10:23:53,2025-02-15 07:02:09
1671,"Outdoor Carroll, Davis and Wallace En-762",29,266.76,2019-08-10 02:45:29,2025-08-13 13:05:17
1672,"Outdoor Griffith, Ramirez and Garcia it-630",29,312.39,2020-05-01 02:20:25,2025-08-15 14:07:03
1673,Outdoor Clark and Sons Ib-658,29,407.99,2024-12-28 08:12:11,2025-02-23 05:01:44
1674,Outdoor Simmons LLC Yp-494,29,460.34,2021-10-26 10:57:49,2025-05-01 17:55:38
1675,Outdoor Mitchell-Shields Yh-982,29,426.39,2023-05-20 17:30:20,2025-03-24 02:33:32
1676,"Outdoor Robbins, Burton and Henry tx-869",29,408.75,2019-11-29 15:38:54,2025-08-25 20:30:49
1677,Outdoor Tran-Coleman sm-007,29,66.18,2020-11-21 06:35:33,2025-06-13 22:40:59
1678,Outdoor Burke Inc Qo-057,29,261.47,2024-10-22 00:45:59,2025-05-23 19:17:41
1679,"Outdoor Bridges, Mcguire and Valdez sY-288",29,194.18,2019-09-16 08:25:43,2025-08-16 23:34:31
1680,Outdoor Garner LLC Vn-524,29,416.49,2023-10-27 18:57:06,2025-05-28 01:19:19
1681,Outdoor Martinez-Ross Xd-845,29,490.7,2020-04-16 22:57:35,2025-03-20 13:13:49
1682,Outdoor Bailey and Sons ED-607,29,464.75,2020-09-21 20:30:59,2025-06-30 01:59:10
1683,Outdoor Davis-Peterson nF-887,29,176.31,2022-05-03 05:20:55,2025-03-17 00:53:05
1684,Outdoor Garrett-Holland Pa-594,29,416.34,2020-07-31 00:51:47,2025-03-08 13:58:10
1685,Outdoor Fitzgerald-Patrick Eo-324,29,445.14,2022-02-16 11:08:16,2025-05-22 20:28:05
1686,"Outdoor Lee, Gonzales and Chapman wv-769",29,325.81,2024-03-21 07:00:06,2025-08-21 10:41:52
1687,Outdoor Ruiz and Sons JY-706,29,172.83,2020-07-11 10:28:57,2024-12-31 22:47:29
1688,Outdoor Crane Ltd fc-332,29,506.1,2024-08-01 21:47:31,2025-06-04 05:05:19
1689,"Outdoor Lyons, Sims and Wright sH-780",29,320.95,2021-09-11 09:21:52,2025-07-24 19:57:20
1690,"Outdoor Castro, Sharp and Ramirez cx-408",29,132.09,2020-03-21 19:52:26,2025-04-21 10:42:44
1691,"Outdoor Smith, Weber and Woodard Ft-541",29,309.86,2019-04-30 17:41:57,2025-05-19 23:01:46
1692,"Outdoor Montgomery, Norris and Love nN-563",29,28.08,2019-06-24 05:59:40,2025-05-04 17:31:11
1693,"Outdoor Nelson, Collins and Hoover sI-110",29,43.37,2023-05-29 10:10:20,2025-07-13 17:38:23
1694,Outdoor Pollard-Gutierrez ZI-893,29,459.72,2021-02-12 10:40:17,2025-01-09 04:58:55
1695,"Outdoor Brown, Ward and Reynolds JY-942",29,129.25,2022-07-07 19:27:08,2025-06-07 13:44:25
1696,Outdoor Riley-Potts rR-703,29,49.58,2019-01-09 19:43:26,2025-04-01 10:18:35
1697,Outdoor Williams PLC jX-110,29,83.99,2019-10-15 13:39:52,2025-05-17 06:42:15
1698,Outdoor Graham-Taylor Ur-880,29,353.4,2020-12-28 00:52:42,2025-04-10 11:44:03
1699,"Outdoor Watkins, Phillips and Johnson uw-263",29,252.34,2019-06-12 22:24:44,2025-08-17 10:53:15
1700,Outdoor Galloway-Walter gq-839,29,189.76,2020-05-01 06:49:25,2025-06-26 12:54:27
1701,Outdoor Haley PLC kO-846,29,287.22,2021-02-07 11:47:56,2025-05-29 23:46:21
1702,Outdoor Jones Ltd Od-624,29,391.65,2021-01-13 12:26:32,2025-05-11 02:25:06
1703,Outdoor Calhoun Ltd rI-006,29,37.83,2020-11-05 23:45:41,2025-03-05 07:42:54
1704,Outdoor Best-Vasquez bv-214,29,246.71,2021-06-27 02:26:26,2025-08-01 00:27:17
1705,Outdoor Turner-Wheeler fk-891,29,374.02,2024-07-08 18:04:24,2025-02-17 03:10:16
1706,"Outdoor Alvarez, Miles and Nelson Uc-386",29,42.99,2023-04-26 04:21:21,2025-02-21 11:08:01
1707,"Outdoor Cohen, Doyle and Watson JS-793",29,39.99,2022-10-10 22:25:29,2025-03-20 15:42:40
1708,Outdoor Marquez Group HX-177,29,396.37,2021-12-04 09:53:44,2025-07-15 14:40:49
1709,Outdoor Richardson Group kM-219,29,470.34,2022-08-11 05:05:18,2025-04-16 08:31:59
1710,Outdoor Rhodes-Bauer MW-549,29,25.1,2024-12-04 08:25:45,2025-04-20 03:19:34
1711,"Outdoor Singh, Scott and Hayes hD-284",29,157.92,2024-12-04 14:12:26,2025-08-29 03:28:12
1712,Outdoor Lewis Group kI-288,29,231.64,2024-05-11 03:14:40,2025-03-26 12:58:30
1713,"Outdoor Campbell, Farmer and Smith jw-085",29,220.06,2024-12-19 05:14:17,2025-03-31 16:01:12
1714,Outdoor Wright PLC Pa-663,29,379.75,2023-06-09 03:39:40,2025-04-24 07:40:47
1715,Outdoor Rivera Ltd mW-975,29,357.06,2022-05-01 23:27:36,2025-04-18 15:21:46
1716,Outdoor Le and Sons DJ-123,29,420.41,2019-11-16 04:33:48,2025-02-01 23:59:09
1717,Outdoor Williams and Sons mu-832,29,170.07,2019-12-24 09:25:32,2025-04-04 23:00:37
1718,Outdoor Hall-Miller KP-700,29,306.86,2023-04-26 07:17:23,2025-07-31 09:46:28
1719,Outdoor Duarte-Powers vX-323,29,264.68,2022-03-29 18:24:47,2025-05-23 22:16:05
1720,"Outdoor David, Hoffman and Hansen Qo-413",29,277.36,2023-04-13 08:40:26,2025-08-16 07:52:05
1721,Outdoor Hoover Ltd Dt-878,29,268.95,2019-05-26 03:06:36,2025-01-20 07:21:22
1722,"Outdoor Lewis, Garcia and Henderson hX-500",29,39.13,2024-10-27 04:20:34,2025-05-26 16:05:36
1723,Outdoor Lopez Group qs-899,29,62.08,2021-09-14 17:35:16,2025-05-02 07:08:09
1724,Outdoor Snyder Inc Wi-471,29,436.24,2020-03-07 21:05:06,2025-01-10 03:07:22
1725,"Outdoor Walker, Heath and Morgan jp-108",29,348.79,2023-03-22 18:46:54,2025-02-14 10:26:13
1726,Outdoor Walker-Kelly NP-778,29,437.14,2020-09-07 08:09:18,2025-03-31 11:11:49
1727,Outdoor Smith-Aguilar mh-830,29,44.43,2024-08-11 17:39:17,2025-06-03 02:44:39
1728,Outdoor Romero-Walker XA-998,29,424.78,2019-05-31 22:07:35,2025-01-19 11:16:21
1729,Outdoor Taylor-Nelson Wh-829,29,328.21,2024-08-27 11:41:04,2025-03-27 19:13:23
1730,Outdoor Fields PLC qw-659,29,451.33,2022-09-09 07:14:19,2025-03-24 12:53:58
1731,Outdoor Jenkins Group RE-077,29,280.44,2023-09-17 06:05:17,2025-01-16 18:40:15
1732,Outdoor Jackson-Lucas EX-169,29,443.68,2023-02-05 20:27:55,2025-05-18 20:15:40
1733,Outdoor King-Dean jT-679,29,63.54,2022-05-24 20:16:33,2025-03-01 23:26:01
1734,Outdoor Harrison-Morrison HW-438,29,203.46,2019-06-08 20:54:11,2025-01-22 05:45:47
1735,Outdoor Caldwell-Nicholson kU-349,29,152.79,2024-11-25 12:55:38,2025-05-31 11:19:55
1736,Outdoor Harrington Inc IW-488,29,449.44,2021-06-26 19:41:43,2025-03-15 01:33:10
1737,Outdoor Ferguson-Morales Up-602,29,151.93,2019-01-30 20:46:56,2025-02-18 07:52:44
1738,Outdoor Walker and Sons dr-792,29,303.41,2022-11-15 03:27:58,2025-05-11 07:56:48
1739,"Outdoor Williams, Fowler and Stark Ok-968",29,41.44,2023-05-21 14:50:44,2025-06-20 09:12:16
1740,Outdoor Rhodes Inc sN-962,29,222.99,2020-01-26 21:59:21,2025-06-17 06:59:07
1741,Outdoor Terry Ltd NO-568,29,83.76,2019-05-15 21:51:13,2025-07-06 12:36:34
1742,Outdoor Obrien-Stevenson Wh-670,29,451.52,2020-01-23 12:55:46,2025-04-30 04:58:09
1743,Outdoor Miller LLC Mz-594,29,332.84,2024-07-04 18:35:49,2025-07-27 21:13:35
1744,"Outdoor Buck, Rogers and Mcmahon Ux-708",29,168.03,2023-05-11 09:44:58,2025-05-02 02:06:31
1745,Outdoor Shaw-Kelley va-354,29,452.84,2019-03-12 11:59:03,2025-03-20 03:13:11
1746,"Outdoor Davidson, Bailey and Ortega it-164",29,407.93,2020-04-21 12:42:25,2025-07-19 14:32:44
1747,Outdoor Simmons LLC Ov-010,29,475.09,2024-08-10 19:12:47,2025-08-14 03:57:24
1748,"Outdoor Warren, Garrison and Thompson fk-454",29,75.67,2019-09-19 19:04:32,2025-06-29 02:09:10
1749,"Outdoor Brown, Rodriguez and Jackson IL-224",29,152.26,2020-08-24 17:05:04,2025-04-22 05:39:41
1750,Outdoor Anderson-Ferrell gn-250,29,178.98,2023-01-05 11:07:06,2025-05-07 02:33:45
1751,"Outdoor Davis, Hernandez and Nguyen IH-931",29,354.62,2021-12-21 22:45:40,2025-05-06 10:22:20
1752,"Outdoor Valencia, Williams and Fitzpatrick HZ-169",29,32.32,2023-04-11 23:35:49,2025-03-20 23:32:17
1753,"Outdoor Davis, Gibbs and Cook Ms-633",29,403.96,2024-09-16 05:13:23,2025-08-18 03:58:16
1754,"Outdoor Waters, Ryan and Mendez nL-327",29,70.82,2021-04-16 16:07:42,2025-01-06 18:55:51
1755,Outdoor Greene and Sons il-091,29,453.67,2021-12-29 13:59:21,2025-01-22 02:54:02
1756,Outdoor Wilson LLC YW-115,29,141.1,2022-05-19 09:30:06,2025-05-06 06:50:00
1757,Outdoor Potter Inc AV-077,29,332.1,2020-05-01 02:21:50,2025-05-03 00:49:51
1758,Outdoor Hanson Inc il-467,29,477.27,2022-06-01 21:18:24,2025-07-03 02:28:25
1759,Outdoor Taylor-Bender ii-747,29,310.72,2023-08-25 01:45:48,2025-05-18 11:00:25
1760,"Outdoor Townsend, King and Rocha CK-957",29,247.32,2024-08-05 19:05:50,2025-06-24 19:33:20
1761,Outdoor Reed Ltd vN-978,29,21.52,2024-07-26 19:12:06,2025-04-30 17:34:38
1762,Outdoor Anderson-James MR-552,29,404.95,2021-09-30 01:40:27,2025-01-21 20:13:26
1763,Outdoor Dunn PLC Ng-505,29,160.07,2022-12-15 18:27:42,2025-08-13 16:48:41
1764,Outdoor Gardner Group jj-161,29,136.75,2020-07-24 20:51:31,2025-02-17 19:29:40
1765,Outdoor Nelson-Edwards mY-168,29,265.75,2019-05-21 18:56:38,2025-02-21 08:26:25
1766,Outdoor Casey-Ellison ok-972,29,300.71,2023-03-19 20:05:29,2025-02-03 15:23:42
1767,Outdoor Bishop-Thomas rn-898,29,104.46,2024-02-09 18:31:22,2025-08-13 04:05:29
1768,Outdoor Collins LLC ty-333,29,455.34,2019-01-22 22:17:08,2025-08-09 07:24:38
1769,Outdoor Levine-Scott hN-456,29,291.53,2022-03-29 04:41:33,2025-06-22 19:38:31
1770,Outdoor Fowler PLC DQ-642,29,352.63,2024-11-24 13:59:10,2025-07-11 11:28:17
1771,"Outdoor French, Orozco and Ball jV-813",29,81.05,2023-06-13 20:06:47,2025-01-15 09:05:11
1772,"Outdoor Martinez, Lee and Melendez qS-491",29,26.68,2024-02-06 10:44:54,2025-05-21 14:39:49
1773,Outdoor Bennett and Sons bu-151,29,50.51,2023-06-19 01:33:01,2025-06-06 11:07:37
1774,"Outdoor Rodriguez, Cruz and Clements ai-438",29,217.22,2019-09-28 05:56:31,2025-05-10 23:23:37
1775,Outdoor Jacobs Ltd NP-601,29,484.91,2024-11-14 12:52:03,2025-03-04 17:19:58
1776,"Outdoor Ferrell, Kaiser and White rc-779",29,86.21,2024-12-20 05:12:07,2025-03-03 11:51:17
1777,Outdoor Baxter Ltd gC-604,29,436.34,2021-09-29 21:02:40,2025-02-12 21:32:07
1778,"Outdoor Copeland, Wilson and Campbell Ir-207",29,369.17,2023-07-06 11:24:55,2025-06-27 19:28:29
1779,"Outdoor Holland, Medina and Mccarthy gK-536",29,413.96,2020-02-08 21:19:04,2025-01-13 01:50:07
1780,Outdoor Mcdaniel PLC QT-245,29,256.33,2019-09-02 03:55:37,2025-07-22 19:57:24
1781,"Outdoor Oneill, Daniels and Blackwell Rw-070",29,409.98,2023-03-03 21:45:15,2025-08-24 23:00:20
1782,"Outdoor Sanchez, Petty and Lopez VR-684",29,288.02,2022-06-08 21:49:06,2025-01-28 03:12:55
1783,Outdoor Harris-Melton ao-670,29,227.69,2022-11-27 15:03:15,2025-06-26 05:37:57
1784,Outdoor Curtis-Erickson tk-542,29,278.48,2023-05-15 00:41:39,2025-04-20 01:24:33
1785,Outdoor Wood Ltd bZ-069,29,228.65,2024-11-28 05:49:19,2025-05-01 20:13:56
1786,"Outdoor Evans, Walter and Russell Bo-794",29,144.6,2021-12-20 02:09:19,2025-03-24 19:42:00
1787,"Outdoor James, Martin and Eaton sH-667",29,18.91,2023-08-26 08:40:06,2025-03-23 08:04:22
1788,Outdoor Frederick-Griffin dt-443,29,423.08,2024-03-21 20:35:15,2025-04-29 12:29:22
1789,Outdoor Conway-Tate rf-168,29,374.41,2024-11-23 21:27:04,2025-02-25 13:21:57
1790,Outdoor Fry-Kelly hN-421,29,40.59,2021-04-25 14:31:58,2025-06-01 02:54:59
1791,"Outdoor Fry, Anderson and Martinez oN-068",29,276.16,2024-03-04 18:25:22,2025-08-19 07:27:11
1792,Outdoor Weiss Group kf-830,29,368.48,2021-11-20 08:55:20,2025-05-07 01:01:41
1793,Outdoor Morgan Inc IO-112,29,366.58,2022-01-06 19:15:51,2025-05-20 19:22:31
1794,Outdoor Padilla PLC iZ-055,29,25.84,2019-09-24 12:44:19,2025-06-07 10:22:18
1795,Outdoor Gutierrez Ltd tT-607,29,351.98,2019-06-09 09:56:28,2025-03-10 22:26:32
1796,"Outdoor Bell, Kelley and Jensen JK-350",29,341.37,2023-07-22 03:01:45,2025-03-10 14:04:28
1797,Outdoor Bates-Torres El-109,29,31.37,2021-10-06 06:41:25,2025-02-23 22:06:21
1798,"Outdoor Norman, Horton and Mitchell Uo-341",29,339.53,2022-12-11 14:05:46,2025-08-16 04:06:51
1799,Outdoor Ruiz-Chambers mT-103,29,513.03,2023-12-30 12:13:06,2025-08-02 05:53:36
1800,"Outdoor Johnson, Ho and Trujillo SA-687",29,384.11,2021-06-04 23:19:57,2025-02-12 22:33:16
1801,Outdoor Hale-Garcia TS-743,29,183.73,2023-05-15 05:25:45,2025-07-02 10:08:34
1802,Dry Carr Ltd Eh-215,31,15.26,2023-09-24 05:29:29,2025-05-28 04:12:16
1803,Dry Reynolds-Fisher sV-936,31,4.55,2023-10-29 01:55:52,2025-01-05 00:25:49
1804,Dry Perry-Gray Bl-292,31,14.26,2019-11-19 13:19:15,2025-07-25 14:17:16
1805,Dry Perez and Sons vU-007,31,3.44,2021-09-25 00:51:19,2025-05-30 20:02:12
1806,"Dry Jacobson, Burns and Mills xT-998",31,6.49,2020-11-15 04:00:27,2025-02-15 01:02:35
1807,"Dry Espinoza, Mosley and Davis Jd-883",31,3.51,2024-01-06 11:51:07,2025-05-05 11:00:03
1808,"Dry Torres, Turner and Fernandez bW-866",31,11.38,2020-03-13 06:18:26,2025-04-09 00:08:21
1809,Dry Mckenzie PLC il-069,31,20.16,2021-09-14 17:15:53,2025-08-13 03:10:32
1810,Dry Avery Ltd pF-611,31,13.71,2019-01-25 16:55:01,2025-05-28 01:19:18
1811,Dry Barber LLC fo-673,31,5.47,2023-06-03 20:10:03,2025-03-07 23:11:22
1812,Dry Russell and Sons SM-439,31,17.99,2022-09-17 18:43:35,2025-07-16 14:08:39
1813,"Dry Davis, Lee and Ingram ZW-150",31,13.41,2023-12-07 01:58:20,2025-07-06 10:07:56
1814,Dry Reed-Ellison Yp-117,31,13.14,2023-03-16 02:48:19,2025-07-03 13:06:24
1815,"Dry Landry, Coleman and Butler Su-861",31,8.23,2024-09-12 08:39:38,2025-04-02 07:33:51
1816,"Dry Lynch, Tapia and Hall xm-888",31,6.0,2019-10-02 15:41:23,2025-05-26 23:46:49
1817,"Dry Butler, Pierce and Bird tt-591",31,11.67,2022-10-12 09:23:23,2025-06-03 18:37:21
1818,"Dry Edwards, Medina and Thomas Nt-736",31,17.26,2022-07-22 04:40:02,2025-06-01 07:52:42
1819,"Dry Ray, Boyle and Allen Qr-878",31,4.57,2022-12-08 05:32:43,2025-07-01 15:50:10
1820,Dry Phillips LLC gm-979,31,9.92,2021-09-29 12:37:03,2025-04-20 02:56:54
1821,Dry Smith Ltd fd-364,31,18.11,2020-06-14 16:47:35,2025-04-15 05:27:04
1822,"Dry Williams, Gonzales and Moore Go-558",31,3.31,2019-04-10 03:14:04,2025-07-19 23:52:41
1823,"Dry Martin, Newman and Preston ye-695",31,16.56,2020-08-29 18:07:36,2025-08-18 08:31:00
1824,"Dry Gray, Gray and Landry qO-164",31,8.97,2020-03-15 19:16:22,2025-07-28 05:02:48
1825,Dry Booth Inc lp-843,31,2.63,2023-01-03 17:46:03,2025-05-08 16:33:50
1826,"Dry Wright, Cameron and Clarke uh-581",31,15.19,2024-06-15 13:14:07,2025-01-23 08:03:47
1827,Dry Andrews LLC BZ-159,31,15.95,2019-05-01 19:04:09,2025-08-18 06:26:51
1828,"Dry Gomez, Romero and Campbell wy-642",31,3.16,2019-01-25 23:52:33,2025-05-01 16:51:14
1829,Dry Gould-Brady tq-954,31,19.53,2019-08-05 18:23:32,2025-01-19 07:45:07
1830,Dry Sullivan PLC vH-329,31,11.52,2023-06-24 02:46:11,2025-01-12 20:55:12
1831,"Dry Evans, Miller and Bush AP-611",31,11.04,2019-05-23 01:36:11,2025-07-07 03:13:46
1832,"Dry Murphy, Allen and Foster nV-478",31,5.12,2022-05-04 15:22:15,2025-04-30 07:18:44
1833,"Dry Wright, Beltran and Alvarado pM-200",31,4.13,2022-05-29 20:09:01,2025-02-17 03:15:40
1834,Dry Robinson PLC pL-771,31,12.99,2024-09-01 02:12:18,2025-02-06 09:52:49
1835,"Dry Johnson, Lawrence and Barker VH-128",31,9.16,2020-10-24 18:54:21,2025-02-02 11:35:47
1836,Dry Garcia-Huffman MX-721,31,4.62,2024-12-11 04:56:10,2025-06-15 03:44:28
1837,Dry Evans-Murray ab-849,31,10.91,2023-03-06 06:42:06,2024-12-31 00:33:35
1838,Dry Dixon-Cruz Pi-521,31,14.38,2020-04-29 03:47:07,2025-05-18 20:47:03
1839,Dry Cooper LLC rf-393,31,2.62,2024-06-08 03:04:02,2025-02-02 01:33:51
1840,"Dry Johnson, Jackson and Johnson EG-816",31,2.95,2019-10-12 06:59:36,2025-07-26 07:58:14
1841,"Dry Larsen, Santiago and Maxwell KI-300",31,19.93,2019-12-25 15:20:23,2025-05-12 11:46:55
1842,Dry Arnold PLC kJ-647,31,1.72,2021-03-22 04:57:12,2025-03-21 15:38:24
1843,Dry Logan and Sons cm-892,31,15.11,2021-12-17 13:03:12,2025-04-23 02:28:34
1844,Dry Deleon Group PQ-681,31,2.55,2022-01-25 05:25:38,2025-01-01 18:13:49
1845,Dry Day Group Ha-599,31,6.91,2019-07-22 05:25:30,2025-01-05 07:04:34
1846,Dry Lewis-Conner xJ-335,31,14.85,2020-12-24 16:26:14,2025-05-01 04:00:29
1847,"Dry Ramos, Evans and Matthews nc-571",31,7.83,2022-12-06 04:13:26,2025-06-29 16:57:23
1848,Dry Booth-Kelley JL-778,31,8.1,2022-08-10 17:09:04,2025-08-20 04:50:43
1849,"Dry Hill, Arellano and Mendoza bW-793",31,17.88,2020-03-17 12:28:49,2025-01-09 18:52:59
1850,Dry Smith-Mccarthy JL-449,31,8.22,2020-09-25 17:01:00,2025-06-19 05:47:11
1851,Dry Nguyen-Jordan eo-696,31,11.88,2020-09-06 15:24:29,2025-02-10 18:03:07
1852,"Dry Wallace, Cameron and Burton MT-211",31,16.5,2023-09-24 05:24:45,2025-07-22 22:14:34
1853,Dry Phelps Group OY-339,31,9.2,2021-12-15 20:19:57,2025-04-16 23:22:19
1854,"Dry Cherry, Rosales and Pittman Ja-900",31,17.99,2023-04-02 19:53:09,2025-06-21 13:25:43
1855,Dry King Ltd nx-169,31,12.75,2023-09-04 04:24:13,2025-08-14 05:54:44
1856,Dry Hart-Cochran fr-037,31,9.75,2020-06-06 16:47:38,2025-06-19 04:04:09
1857,Dry Howell-Anderson rc-647,31,6.01,2024-12-28 07:11:23,2025-07-22 22:25:03
1858,Dry Baker-Taylor bi-152,31,7.28,2024-05-09 11:06:04,2025-03-23 10:07:14
1859,"Dry Dougherty, Lewis and Morales pe-073",31,8.05,2024-05-04 11:05:51,2025-06-14 01:56:03
1860,Dry Mayo and Sons Mx-554,31,14.07,2019-06-05 14:34:38,2025-04-28 20:22:55
1861,Dry Kline PLC WJ-457,31,16.24,2023-05-06 03:58:10,2025-08-16 06:42:01
1862,Dry Hale-Stewart YZ-114,31,11.8,2024-09-18 12:58:06,2025-04-16 05:32:41
1863,Dry Patel-Weaver qR-228,31,6.62,2024-11-25 00:20:53,2025-02-28 16:22:18
1864,"Dry Glass, Oconnor and Peters Sv-730",31,1.04,2021-04-07 12:58:54,2025-02-24 21:10:28
1865,Dry Mcgee Group LK-271,31,1.65,2019-05-09 13:16:23,2025-01-07 08:43:42
1866,Dry Mendoza-Hill lJ-923,31,16.64,2022-03-28 18:50:48,2025-07-31 03:27:55
1867,"Dry Juarez, Miller and Wilson aa-326",31,1.84,2023-11-04 20:02:23,2025-06-13 22:13:49
1868,Dry Adams-Washington Ll-672,31,17.89,2023-05-09 09:24:09,2025-05-26 05:03:53
1869,Dry White and Sons nD-171,31,8.85,2019-06-13 14:38:25,2025-03-06 23:03:54
1870,Dry Hampton Ltd Gp-964,31,8.69,2024-03-07 22:30:37,2025-08-07 06:32:24
1871,Dry Adams Ltd Lp-259,31,9.76,2020-11-28 03:28:45,2025-07-24 21:09:30
1872,Dry Nguyen and Sons yQ-526,31,5.52,2023-01-31 17:39:07,2025-02-24 17:09:59
1873,"Dry Thomas, Taylor and Christensen no-053",31,7.3,2024-08-24 06:21:39,2025-07-26 13:38:50
1874,Dry Butler-Hanson BZ-676,31,18.6,2020-11-25 06:06:33,2025-06-06 08:00:54
1875,Dry Clark PLC Cb-613,31,8.61,2021-03-23 14:22:51,2025-05-09 21:50:32
1876,"Dry Malone, Landry and Morgan ti-543",31,15.57,2021-03-15 04:19:42,2025-05-21 15:34:25
1877,"Dry Woodard, Davis and Long Nr-731",31,9.71,2021-10-24 15:24:40,2025-02-27 04:14:52
1878,Dry Williams-Andrews cy-692,31,2.42,2020-03-05 00:12:10,2025-08-15 11:11:17
1879,Dry Robbins-Hoffman pf-682,31,8.94,2019-02-27 07:30:34,2025-03-14 05:34:36
1880,Dry Marshall LLC Eb-194,31,18.43,2021-11-25 13:55:32,2025-03-27 04:52:21
1881,Dry Stewart-Lara Yw-226,31,14.11,2020-03-25 19:38:07,2025-07-19 19:38:20
1882,"Dry Stewart, Torres and Martinez Mz-348",31,1.46,2024-04-28 15:38:38,2025-08-24 22:59:27
1883,Dry Rowland-Ramos iY-996,31,18.38,2022-09-22 16:02:23,2025-05-24 15:23:29
1884,Dry Mitchell-Fisher tP-718,31,2.38,2021-02-12 04:20:54,2025-05-07 01:50:42
1885,"Dry Oconnor, Moss and Jordan yZ-437",31,11.64,2024-07-01 15:46:06,2025-01-17 14:35:20
1886,"Dry Long, Lopez and Jones oX-542",31,14.87,2019-06-21 19:06:35,2025-04-18 19:34:20
1887,Dry Young-Lee fX-134,31,13.85,2020-07-21 18:04:17,2025-03-27 00:36:19
1888,"Dry Wilkinson, Martinez and Foster GF-112",31,8.5,2022-11-22 06:47:22,2025-04-07 17:23:25
1889,Dry Monroe-Smith Rc-696,31,17.89,2022-01-26 06:01:36,2025-03-14 07:22:59
1890,"Dry Horne, Schaefer and Hickman uQ-902",31,10.13,2019-06-26 19:25:57,2025-02-12 10:16:27
1891,"Dry Wood, Williams and Frazier HQ-037",31,17.27,2021-07-05 13:23:58,2025-02-28 15:41:30
1892,"Dry Thomas, Johnson and Austin GP-300",31,10.59,2021-08-05 06:34:20,2025-02-12 00:54:08
1893,Dry Henderson-Mullins ar-179,31,16.14,2024-07-31 10:47:11,2025-08-25 19:17:06
1894,Dry Mccoy Ltd pm-119,31,7.16,2024-05-14 22:15:32,2025-04-03 05:46:32
1895,Dry Wells and Sons kV-092,31,12.18,2021-07-17 02:33:23,2025-06-13 08:32:55
1896,"Dry Davis, Jennings and Smith Wm-606",31,13.67,2024-08-17 16:49:36,2025-04-27 04:35:36
1897,Dry Lee and Sons QJ-064,31,18.14,2021-03-24 12:30:47,2025-06-02 21:59:22
1898,Dry Anderson and Sons NQ-903,31,12.07,2021-12-30 23:27:41,2025-06-25 01:27:21
1899,"Dry Frazier, Solis and Williams Hr-862",31,3.36,2020-01-23 06:38:49,2025-08-28 17:46:24
1900,Dry Vasquez-Hernandez KZ-965,31,15.99,2022-10-24 01:19:51,2025-04-09 01:22:32
1901,"Dry Kerr, Barrett and Watts sy-388",31,5.46,2021-08-26 23:06:26,2025-07-11 18:15:43
1902,Dry Chen-Gay cD-025,31,2.33,2020-06-24 02:40:32,2024-12-31 22:47:08
1903,"Dry Foley, Fox and Taylor me-711",31,5.76,2022-11-04 21:33:02,2025-02-24 10:36:57
1904,Dry Harris Group Ni-866,31,16.53,2020-03-03 15:02:13,2025-07-18 03:42:51
1905,"Dry Ryan, Parrish and Hartman WJ-243",31,1.51,2020-07-07 04:05:55,2025-05-27 15:38:24
1906,Dry Hunt-Rasmussen tD-512,31,12.87,2019-02-20 07:12:11,2025-05-14 04:31:00
1907,"Dry Hansen, Conway and Torres lb-193",31,12.39,2020-05-17 05:15:25,2025-06-09 07:02:16
1908,Dry Horn Inc Rk-371,31,16.32,2022-07-09 04:50:46,2025-03-08 15:35:00
1909,Dry Johnson-Johnson bF-615,31,11.8,2024-11-29 04:39:33,2025-06-18 16:19:21
1910,Dry Lloyd-Schneider DZ-897,31,17.44,2023-04-13 03:16:30,2025-08-15 17:04:16
1911,Dry Aguirre and Sons ru-560,31,11.63,2024-09-20 03:51:29,2025-06-07 23:49:19
1912,Dry Norman LLC Tu-246,31,11.64,2022-11-25 18:53:13,2025-03-22 21:45:26
1913,"Dry Wilson, Goodwin and Jordan QI-882",31,4.54,2022-08-30 08:33:00,2025-08-14 08:27:29
1914,"Dry Wilson, Potts and Gonzales uF-492",31,15.08,2021-04-16 04:17:28,2025-08-01 07:22:12
1915,Dry Briggs Ltd Iy-886,31,17.12,2019-01-09 10:09:09,2025-02-19 20:01:16
1916,"Dry Campbell, Wilkinson and Flores oF-705",31,13.24,2019-01-05 23:30:45,2025-03-23 08:55:29
1917,"Dry Holt, Howard and Smith FE-915",31,3.72,2021-06-18 21:34:59,2025-01-19 13:38:47
1918,"Dry Lopez, Nelson and Evans vU-008",31,11.77,2019-12-30 18:15:40,2025-06-28 21:26:56
1919,"Dry Martin, Smith and Stein jN-032",31,17.97,2022-04-25 13:36:18,2025-03-19 01:29:14
1920,Dry Miranda-Lewis Fx-438,31,20.33,2024-12-28 08:46:50,2025-04-09 23:10:36
1921,Dry Snyder-Adams aR-806,31,13.68,2020-07-18 12:30:19,2025-08-06 07:33:17
1922,Dry Lowe Ltd nJ-184,31,17.4,2021-07-15 09:43:00,2025-04-16 15:23:39
1923,"Dry Parker, Lewis and Brooks Uv-079",31,6.7,2022-03-19 18:06:24,2025-03-17 18:30:08
1924,Dry Wilson-Moreno Ka-208,31,7.95,2019-10-14 03:14:31,2025-07-08 07:03:29
1925,Dry Adkins-Cisneros sM-884,31,11.81,2024-04-12 16:15:07,2025-03-12 23:55:30
1926,"Dry Blair, Davis and Diaz nO-290",31,2.57,2023-12-05 03:39:22,2025-06-22 13:28:08
1927,Dry Gill and Sons GU-348,31,5.54,2021-06-17 03:01:55,2025-06-07 19:06:53
1928,Dry King LLC XC-783,31,6.45,2024-04-22 15:37:46,2025-08-24 02:09:20
1929,Dry Jackson Ltd oC-629,31,1.84,2019-11-11 11:46:40,2025-04-28 07:52:55
1930,Dry Holloway-Hayes uj-699,31,11.85,2021-12-08 01:25:44,2025-06-11 01:10:49
1931,Dry Chavez PLC RQ-807,31,11.15,2022-12-18 10:53:58,2025-07-28 05:49:32
1932,Dry Ellis and Sons Dd-995,31,16.56,2021-05-10 01:52:21,2025-03-06 05:02:08
1933,"Dry Arnold, Weaver and Lee UU-118",31,5.12,2019-04-02 13:03:42,2025-03-22 07:32:34
1934,Dry Vaughan Group pW-559,31,16.58,2021-03-19 00:36:13,2025-04-04 19:29:12
1935,Dry Gutierrez Group Fv-641,31,17.23,2021-03-31 19:49:13,2025-07-17 02:29:04
1936,"Dry Wood, Mills and Shaw mI-762",31,7.57,2021-03-21 06:45:50,2025-04-03 11:48:08
1937,Dry Williams and Sons KE-862,31,10.89,2021-02-26 14:13:27,2025-08-25 19:42:50
1938,Dry Moore-Savage ei-724,31,17.05,2022-12-27 20:07:55,2025-05-24 21:18:48
1939,"Dry Chan, Walker and Rocha tA-939",31,3.68,2019-07-10 09:07:26,2025-07-01 05:45:17
1940,"Dry Kelly, Park and Perry Gn-502",31,17.42,2020-11-07 16:21:21,2025-03-18 20:40:24
1941,Dry Barton Inc QP-681,31,18.06,2021-01-18 13:08:43,2025-06-12 12:26:08
1942,Dry Welch-Richards ft-639,31,2.43,2023-05-12 22:12:32,2025-04-30 09:08:42
1943,Dry Gutierrez-Young Na-253,31,12.29,2020-12-08 04:59:23,2025-03-02 05:35:30
1944,Dry Carter LLC Gt-876,31,8.33,2021-03-12 22:28:07,2025-08-28 01:05:49
1945,"Dry Johnson, Marshall and Richards mV-867",31,4.24,2023-12-31 13:50:19,2025-06-23 09:35:42
1946,Dry Chen-Kelly nr-033,31,17.4,2020-04-24 06:12:16,2025-05-28 15:07:50
1947,Dry Meyer-Jenkins SB-864,31,2.39,2021-07-06 07:58:01,2025-04-27 00:57:55
1948,Dry Smith and Sons wq-855,31,17.29,2024-10-13 05:11:54,2025-03-13 20:39:48
1949,Dry Ramirez LLC mD-838,31,1.57,2022-10-13 14:31:03,2025-08-07 04:53:18
1950,"Dry Salazar, Carey and Sanchez kL-271",31,18.38,2020-08-01 14:13:12,2025-08-07 10:52:20
1951,"Dry Bowers, Nelson and Ford dR-531",31,2.88,2023-08-15 04:08:50,2025-06-16 10:01:10
1952,"Dry Pierce, Walker and Brewer JP-466",31,13.49,2022-09-19 08:05:32,2025-06-06 16:53:36
1953,Dry Barber Inc WX-421,31,9.3,2019-11-14 13:36:36,2025-07-31 10:06:44
1954,Dry Bell-Rodriguez Qr-315,31,8.95,2019-10-30 23:13:18,2025-04-14 08:12:53
1955,"Dry Mills, Allison and Reynolds DI-001",31,4.15,2024-06-30 06:40:13,2025-07-02 23:05:54
1956,Dry Taylor-Erickson Cg-971,31,10.69,2023-10-09 08:33:09,2025-04-18 19:19:36
1957,"Dry Reyes, Patel and Woods rG-384",31,16.07,2023-01-21 05:39:34,2025-02-05 19:12:57
1958,Dry Jackson Ltd vF-836,31,12.75,2019-12-13 10:22:28,2025-06-07 23:55:44
1959,"Dry Daniels, Evans and Taylor DD-942",31,8.23,2019-02-04 12:31:16,2025-02-16 19:35:07
1960,Dry Hess LLC Ia-137,31,10.1,2019-09-09 12:13:29,2025-05-05 04:31:47
1961,"Dry Richardson, Massey and Norman io-528",31,18.24,2021-01-19 08:34:14,2025-03-12 09:56:10
1962,Dry Gomez-Trevino hQ-530,31,5.24,2021-02-20 01:01:20,2025-06-12 16:37:05
1963,"Dry Lynch, Richardson and Dennis AR-895",31,10.9,2024-12-13 09:17:27,2025-01-13 23:52:04
1964,"Dry Anderson, Johnson and Robinson to-105",31,1.41,2021-06-20 04:03:18,2025-02-25 10:20:02
1965,Dry Jennings-Romero Ll-425,31,15.65,2020-04-24 05:24:33,2025-07-13 10:02:20
1966,"Dry Petersen, Dean and Brooks GZ-471",31,18.38,2022-03-04 03:53:50,2025-06-13 13:51:30
1967,Dry Harper-Terry yJ-690,31,4.02,2022-04-13 01:55:37,2025-03-27 06:44:54
1968,"Dry Jones, Lee and Gallegos Ko-731",31,12.46,2023-07-10 13:51:38,2025-07-13 16:30:41
1969,Dry Robinson-Ramirez nA-144,31,6.25,2024-02-23 14:21:36,2025-04-25 00:04:41
1970,"Dry Hall, Valenzuela and Hale HC-163",31,10.66,2021-11-11 20:07:02,2025-06-23 17:47:58
1971,Dry Martinez-Pratt BR-147,31,15.88,2021-06-16 11:00:14,2025-04-08 17:25:54
1972,Dry Estrada-Small Sg-979,31,14.93,2023-01-19 14:52:14,2025-05-01 10:50:45
1973,Dry Rangel LLC Lf-332,31,7.91,2024-01-11 13:02:42,2025-03-15 10:44:40
1974,Dry Butler LLC lQ-552,31,14.06,2023-05-09 04:55:32,2025-08-21 17:46:16
1975,Dry Townsend-Jacobs TL-180,31,3.69,2021-11-14 04:52:04,2025-03-06 14:04:39
1976,Dry Harris Ltd Ev-339,31,5.58,2022-05-23 13:54:12,2025-08-30 02:12:25
1977,Dry Pineda and Sons oQ-245,31,3.42,2023-03-23 13:39:37,2025-04-03 23:44:14
1978,Dry Delgado LLC Jz-330,31,10.53,2023-12-01 02:10:33,2025-03-03 17:33:18
1979,Dry Williams Inc OX-961,31,14.8,2020-12-22 13:04:16,2025-01-09 14:18:30
1980,Dry Robles-Nelson nP-313,31,11.59,2021-02-24 21:19:45,2025-06-04 01:00:41
1981,Dry Arnold Inc vb-971,31,17.52,2022-05-31 00:31:04,2025-07-28 07:02:31
1982,Dry Martin-Parrish Xc-155,31,19.17,2020-02-15 04:30:57,2025-02-11 23:46:00
1983,Dry Rodriguez and Sons rn-729,31,20.26,2021-01-08 02:37:21,2025-06-26 18:05:17
1984,"Dry Morris, Phillips and Baker MR-752",31,3.57,2021-03-17 20:19:46,2025-05-29 05:45:23
1985,"Dry Sosa, Hanson and Soto Wt-288",31,5.79,2021-10-10 08:03:32,2025-04-09 02:05:18
1986,Dry Scott-Adams sn-010,31,14.78,2019-11-17 14:16:49,2025-07-24 13:53:41
1987,Dry Vance-Peterson lq-019,31,15.78,2021-10-30 08:38:02,2025-06-12 07:15:43
1988,"Dry Walls, Arroyo and Thomas FW-353",31,2.91,2021-09-29 23:21:54,2025-08-16 01:57:23
1989,Dry Campbell-Gilbert Py-268,31,10.86,2023-09-19 16:31:58,2025-03-23 05:34:52
1990,Dry Evans-Webb Qx-527,31,12.42,2024-08-02 11:18:05,2025-05-10 15:17:04
1991,Dry Mcdonald PLC Ho-406,31,13.75,2024-09-28 17:23:27,2025-05-02 12:27:11
1992,"Dry Lewis, Bullock and Hays Ur-332",31,21.31,2019-12-18 15:48:55,2025-08-24 22:37:10
1993,Dry Randall-Castillo Fy-526,31,17.05,2021-06-10 12:35:41,2025-06-06 14:12:05
1994,Dry Ballard and Sons nU-541,31,14.71,2021-04-25 20:30:35,2025-01-25 00:43:25
1995,"Dry Barber, Garcia and Williams Ix-129",31,15.68,2019-10-11 01:44:54,2025-05-30 22:37:06
1996,Dry Brown Group tE-544,31,15.66,2021-01-14 03:40:51,2025-04-15 21:46:59
1997,"Dry Ryan, Cruz and Brown Wb-653",31,10.08,2020-07-03 01:12:40,2025-03-31 03:23:44
1998,"Dry Klein, Fisher and Jordan vb-026",31,15.52,2019-02-01 21:34:39,2025-03-29 14:05:44
1999,Dry Dudley Inc fO-255,31,10.79,2019-12-13 13:59:49,2025-01-05 12:20:20
2000,Dry Logan PLC za-496,31,5.1,2022-10-11 04:22:11,2025-03-05 03:03:19
2001,Dry Moyer Group Ek-409,31,1.35,2020-08-30 23:24:33,2025-04-09 10:03:05
2002,Dry Nelson and Sons oW-612,31,6.58,2021-09-12 16:55:40,2025-07-18 12:59:53
2003,Dry Liu Inc Mf-240,31,18.75,2019-07-16 22:18:12,2025-04-24 03:19:31
2004,"Dry Haynes, Munoz and Francis QK-313",31,15.02,2023-09-06 06:31:34,2025-01-24 17:26:26
2005,Dry Stewart Group Ec-977,31,9.91,2021-03-16 19:38:29,2025-06-13 15:43:18
2006,Dry Avila-Harris cf-360,31,6.07,2024-01-13 13:32:55,2025-01-04 06:50:42
2007,Dry Acosta-Humphrey le-324,31,13.25,2024-03-30 18:14:35,2025-03-09 19:19:18
2008,Dry Henderson-Andrews xq-773,31,7.05,2024-06-15 23:38:30,2025-02-28 04:51:12
2009,Dry Evans-Edwards Az-859,31,6.22,2023-05-05 00:47:41,2025-02-12 21:37:48
2010,"Dry Duncan, Smith and Salazar vr-882",31,8.79,2021-01-03 03:03:38,2025-01-12 05:05:05
2011,"Dry Mullins, Bates and Lester rZ-704",31,16.57,2023-12-14 14:06:07,2025-08-27 11:07:18
2012,Dry Shepard-Massey Yo-132,31,8.42,2019-06-11 01:24:09,2025-05-18 18:40:49
2013,"Dry Atkins, Allen and Huber Rt-763",31,15.23,2019-07-05 20:26:08,2025-05-09 18:15:42
2014,Dry Clark-Randall fE-186,31,5.87,2023-06-30 02:59:13,2025-08-27 17:23:09
2015,"Dry Reese, Braun and Jones OG-237",31,2.17,2020-05-19 21:41:26,2025-05-06 08:53:49
2016,Dry Adams and Sons oz-467,31,6.94,2021-08-03 13:42:42,2025-02-28 03:30:40
2017,Dry Smith-Boyer xF-649,31,2.98,2024-08-24 00:22:52,2025-07-07 10:25:52
2018,Dry Pierce Ltd Ty-073,31,18.2,2019-12-09 01:06:29,2025-05-31 14:36:50
2019,Dry Nguyen PLC wK-526,31,9.49,2021-06-02 22:12:52,2025-08-11 14:55:51
2020,Dry Jones LLC XO-550,31,12.85,2024-11-03 15:09:11,2025-04-20 21:54:08
2021,Dry Watson Inc xf-717,31,15.7,2020-12-11 09:32:59,2025-08-01 18:37:48
2022,Dry Bennett-Blankenship DW-235,31,15.76,2021-11-27 14:38:05,2025-07-29 14:35:59
2023,Dry Harris and Sons ul-882,31,4.25,2023-04-12 10:58:46,2025-08-13 21:27:36
2024,"Dry Park, Gillespie and Parsons vX-287",31,16.26,2024-07-06 12:34:10,2025-02-02 22:46:47
2025,Dry Shields and Sons uZ-803,31,7.58,2024-08-24 07:03:19,2025-04-22 16:31:51
2026,Dry Rose Ltd Vb-029,31,16.03,2022-03-11 17:25:19,2025-07-29 00:56:25
2027,Dry Riley PLC UT-504,31,12.43,2019-09-22 00:26:00,2025-07-14 11:39:46
2028,Dry Gordon-Rodriguez Ab-187,31,9.03,2022-01-21 15:36:38,2025-04-09 20:32:51
2029,Dry Jones-Martinez ee-777,31,12.34,2023-11-27 05:39:34,2025-05-30 04:12:39
2030,Dry Ayala-Merritt vs-394,31,14.78,2022-04-23 04:41:30,2025-08-01 18:01:36
2031,"Dry Green, Andersen and Contreras Bm-278",31,16.64,2023-01-09 12:54:46,2025-05-25 00:30:12
2032,Fresh Friedman Group PZ-028,32,2.51,2022-12-25 11:03:54,2025-08-05 02:27:14
2033,Fresh White-Washington UN-133,32,0.97,2019-09-18 09:44:02,2025-04-03 15:32:39
2034,Fresh Lindsey Ltd zb-691,32,8.82,2020-03-20 10:43:16,2025-07-02 17:09:50
2035,Fresh Rodgers Group om-104,32,7.15,2024-07-24 06:20:18,2025-01-01 17:04:01
2036,Fresh Johnson-Williams Kn-249,32,7.94,2020-10-23 23:42:45,2025-07-17 22:21:47
2037,"Fresh Brooks, Wise and Hanna QP-557",32,20.33,2024-05-23 10:47:12,2025-06-13 20:38:41
2038,"Fresh Cochran, Thompson and Hall zD-192",32,2.63,2019-11-12 02:51:04,2025-06-05 00:02:51
2039,"Fresh Morse, Smith and Clark JR-927",32,5.7,2019-04-26 18:15:21,2025-04-21 20:47:07
2040,Fresh Moore Ltd Hx-338,32,7.64,2019-08-06 15:23:54,2025-03-29 06:11:40
2041,Fresh Ramos and Sons if-434,32,5.38,2024-12-17 14:40:48,2025-08-20 09:34:59
2042,Fresh Wilson-Wilson uG-353,32,16.22,2021-06-23 08:24:24,2025-08-29 00:19:10
2043,Fresh Waller-Cooper Zb-143,32,3.25,2024-03-17 23:09:42,2025-06-18 17:49:41
2044,Fresh Peterson-Smith kX-866,32,3.58,2023-06-25 17:27:04,2025-06-10 02:38:26
2045,Fresh Jarvis-Aguilar tO-731,32,2.25,2024-11-12 14:22:53,2025-04-02 15:44:59
2046,"Fresh Edwards, Austin and Gonzales rz-188",32,17.42,2022-08-15 18:39:30,2025-04-23 03:15:10
2047,Fresh Spears-Garza HF-741,32,3.15,2021-01-04 21:32:12,2025-01-18 14:44:22
2048,"Fresh Schroeder, Tyler and Munoz nz-285",32,10.33,2021-05-18 19:51:52,2025-07-19 13:20:56
2049,Fresh Hayden Group HA-266,32,6.04,2020-07-17 03:55:10,2025-06-12 03:59:55
2050,"Fresh Kelly, Walters and Petty Nh-095",32,14.02,2023-12-03 04:16:49,2025-07-03 02:05:03
2051,Fresh Reed-Drake LF-651,32,6.2,2020-04-30 14:13:53,2025-04-21 03:28:57
2052,"Fresh Taylor, Snyder and Mason PS-634",32,7.03,2019-03-07 19:25:21,2025-03-27 15:23:49
2053,Fresh Moore-Green NX-103,32,19.88,2021-04-09 21:55:15,2025-05-03 01:38:13
2054,Fresh Calhoun-Lewis aw-176,32,11.32,2022-09-07 08:27:56,2025-02-13 13:57:25
2055,"Fresh Wilson, Tran and Norton FD-276",32,9.5,2019-02-20 23:38:22,2025-01-11 16:13:24
2056,Fresh Martin-Neal Ll-460,32,4.07,2020-08-22 05:55:20,2025-02-05 21:53:15
2057,Fresh Williams PLC Hr-512,32,3.91,2024-08-08 14:09:10,2025-02-21 07:41:02
2058,"Fresh Foster, Johnston and Taylor rz-598",32,2.11,2022-03-24 21:39:11,2025-03-22 09:02:11
2059,Fresh Holt-Lam qu-175,32,12.7,2024-02-13 05:22:01,2025-08-11 01:18:40
2060,"Fresh Hammond, Rose and Taylor TB-556",32,18.88,2021-11-19 03:48:00,2025-05-31 17:23:54
2061,"Fresh Jackson, Wilson and Scott bA-273",32,8.33,2021-12-12 16:47:29,2025-08-10 10:17:48
2062,"Fresh Hernandez, Smith and Zimmerman Yn-595",32,1.87,2024-07-01 08:10:36,2025-05-25 12:13:52
2063,Fresh Gross-Kelly Ia-337,32,7.34,2019-05-04 05:27:21,2025-05-15 11:13:42
2064,Fresh Lawrence Group Hk-147,32,8.25,2024-03-08 13:18:20,2025-03-12 21:36:04
2065,Fresh Ayers LLC Gp-229,32,14.84,2022-07-17 06:57:51,2025-05-16 07:31:49
2066,Fresh Walsh-Jones ij-177,32,14.98,2023-09-15 15:36:09,2025-03-16 07:38:03
2067,Fresh Levy LLC qT-866,32,1.62,2020-09-28 08:36:53,2025-01-01 17:21:07
2068,Fresh Dyer-Gonzalez RC-195,32,5.22,2020-12-14 18:19:59,2025-02-09 23:32:10
2069,Fresh Peterson LLC wN-310,32,17.4,2024-05-04 00:43:10,2025-05-24 07:49:45
2070,Fresh Baxter-Hinton KN-023,32,4.35,2023-05-08 07:42:07,2025-07-24 14:39:50
2071,"Fresh Graham, Weaver and Washington ku-707",32,17.03,2023-09-24 23:46:03,2025-08-04 18:49:44
2072,Fresh Keller-Simpson Yl-477,32,17.53,2024-01-30 09:14:39,2025-02-11 19:00:47
2073,"Fresh Gallagher, Merritt and Deleon oT-536",32,1.83,2020-05-14 20:22:41,2025-06-02 11:10:44
2074,Fresh Young-Mullen HI-937,32,10.15,2021-02-09 20:02:52,2025-03-14 08:35:21
2075,Fresh Rogers-Morales nY-316,32,17.38,2019-04-02 20:57:54,2025-02-17 06:52:00
2076,"Fresh Chaney, James and Thomas vR-387",32,2.71,2019-05-14 02:23:22,2025-02-28 07:55:30
2077,Fresh Diaz Ltd JQ-108,32,13.43,2024-02-09 04:41:07,2025-01-02 20:48:33
2078,"Fresh Silva, Arnold and Murray Vq-840",32,17.72,2022-06-01 14:58:22,2025-04-03 16:03:52
2079,Fresh Johnston-Perkins tm-703,32,17.39,2022-11-13 05:21:02,2025-01-09 12:09:00
2080,Fresh Rose-Stevenson pG-152,32,10.51,2021-11-18 21:57:17,2025-02-06 22:42:24
2081,Fresh Gonzalez-Harper EM-756,32,17.82,2024-11-30 01:35:20,2025-04-19 00:04:58
2082,"Fresh Sherman, Turner and Miller Sn-662",32,11.46,2021-12-22 00:17:18,2025-06-05 09:37:18
2083,"Fresh Roberts, Adams and Velazquez zC-439",32,1.95,2019-03-12 00:59:25,2025-01-04 18:30:21
2084,Fresh Harvey-Whitney FG-092,32,2.55,2024-11-03 05:30:55,2025-03-25 10:58:16
2085,Fresh Sweeney and Sons LX-427,32,10.32,2020-09-30 03:03:01,2025-08-29 02:21:17
2086,Fresh Hall and Sons jB-854,32,11.39,2021-10-28 08:36:02,2025-06-12 06:00:18
2087,"Fresh Chandler, Valdez and Lucas xx-985",32,14.08,2022-02-17 08:01:09,2025-02-21 01:52:06
2088,Fresh Robertson LLC MX-849,32,3.53,2023-01-06 23:27:55,2025-03-09 07:50:14
2089,Fresh Perez and Sons Lv-699,32,5.47,2020-04-11 19:06:32,2025-03-30 22:04:18
2090,"Fresh Young, Jordan and Burns EL-233",32,2.45,2021-12-27 18:08:31,2025-03-21 00:43:22
2091,"Fresh Taylor, Bennett and Juarez DN-390",32,17.65,2020-01-13 05:04:42,2025-05-19 04:09:39
2092,"Fresh Martin, Washington and Blake sr-957",32,5.82,2020-10-09 09:36:57,2025-08-15 15:27:42
2093,"Fresh Snow, Garcia and Norris lb-951",32,1.18,2019-06-22 18:55:49,2025-05-14 00:49:21
2094,Fresh Flynn PLC NI-263,32,4.19,2019-10-24 18:52:00,2025-03-23 19:39:22
2095,Fresh Donovan-Hodge hF-076,32,5.49,2020-04-14 02:19:40,2025-01-21 00:04:04
2096,Fresh Meyers-Sherman hy-282,32,4.11,2023-07-30 14:56:52,2025-04-20 11:03:16
2097,Fresh Winters-Petty AG-476,32,17.22,2024-10-19 18:42:23,2025-05-08 13:37:01
2098,"Fresh Schultz, Jones and Smith fb-596",32,13.34,2021-07-31 14:20:40,2025-04-07 14:25:16
2099,Fresh Stevenson-Romero Zk-825,32,2.15,2021-11-10 09:56:09,2025-08-21 04:48:56
2100,"Fresh Powell, Harper and Morrison rx-772",32,1.27,2020-11-13 04:46:57,2025-03-14 07:49:56
2101,Fresh Morgan-Dickerson pA-272,32,8.51,2019-04-24 17:40:13,2025-05-18 17:18:26
2102,"Fresh Torres, Rodriguez and Williams cS-716",32,3.98,2019-07-23 08:43:53,2025-02-21 11:48:27
2103,Fresh Wade PLC Rs-477,32,16.81,2021-02-09 16:19:51,2025-08-03 04:09:32
2104,"Fresh Fuller, Lewis and Thompson OW-347",32,15.95,2021-04-12 03:03:23,2025-02-01 14:02:10
2105,Fresh Stewart-Anderson fX-180,32,6.6,2020-04-23 11:58:41,2025-03-10 04:09:49
2106,Fresh Brown Inc br-362,32,20.91,2019-04-08 04:37:18,2025-05-02 04:39:12
2107,Fresh Norton Inc pc-334,32,8.56,2019-09-16 09:50:59,2025-07-30 13:27:04
2108,"Fresh Alvarado, Carlson and Perkins qi-434",32,8.48,2021-07-24 23:18:12,2025-05-13 13:49:30
2109,"Fresh Arnold, Johnson and Nguyen XN-611",32,4.12,2024-07-18 08:02:06,2025-03-25 16:53:24
2110,Fresh Pacheco-Lewis Un-068,32,14.34,2021-08-16 10:42:26,2025-08-18 17:39:15
2111,Fresh Joseph-Sanders oy-021,32,3.62,2022-12-28 14:15:53,2025-08-25 19:30:45
2112,Fresh Fox-Hull Tm-543,32,16.25,2022-10-10 23:54:57,2025-01-22 17:59:22
2113,Fresh Cortez Inc PF-203,32,7.17,2022-04-05 01:03:38,2025-02-06 13:48:59
2114,"Fresh Reyes, Lewis and Evans hW-888",32,15.07,2023-02-02 16:03:44,2025-05-18 14:53:39
2115,Fresh Kerr-George Gy-458,32,17.08,2021-06-04 14:16:09,2025-06-05 06:25:27
2116,"Fresh Johnson, Carpenter and Tran cl-363",32,18.78,2021-09-26 22:08:40,2025-06-18 22:55:43
2117,"Fresh Cole, Townsend and King ld-509",32,4.36,2023-05-03 08:21:01,2025-04-16 15:10:12
2118,Fresh Chapman PLC kY-225,32,12.1,2019-12-29 01:42:08,2025-03-30 13:07:51
2119,"Fresh Larsen, Burton and Smith vH-331",32,8.31,2023-03-06 01:14:51,2025-02-15 00:48:30
2120,Fresh Huerta LLC Vn-024,32,12.57,2020-07-19 03:29:56,2025-03-29 08:34:24
2121,"Fresh Graham, Green and Anderson Ax-453",32,12.11,2021-04-29 13:56:46,2025-08-11 17:40:52
2122,Fresh Craig-Bennett Bo-434,32,3.25,2020-12-14 01:35:15,2025-08-11 21:07:58
2123,Fresh Allen Group wG-561,32,6.81,2021-10-27 18:42:16,2025-08-19 09:35:45
2124,Fresh Vasquez-Schmitt AM-585,32,15.53,2022-04-19 09:30:09,2025-01-07 02:54:46
2125,Fresh Robbins Inc cP-461,32,9.84,2024-02-05 01:55:32,2025-07-11 12:08:20
2126,Fresh Snyder-Fields UZ-023,32,17.32,2020-06-16 10:06:36,2025-06-15 17:17:25
2127,Fresh Wise Group vA-205,32,1.39,2023-02-18 14:11:09,2025-03-02 23:30:48
2128,Fresh Torres LLC Ig-261,32,19.42,2019-09-26 10:50:55,2025-05-23 06:03:39
2129,Fresh Sheppard-Thompson mU-885,32,5.87,2019-04-04 17:59:10,2025-01-26 12:56:57
2130,"Fresh Hernandez, Gonzalez and Smith Qj-872",32,18.44,2022-06-04 09:56:45,2025-05-10 15:50:22
2131,Fresh Terrell-Lambert Vx-322,32,16.04,2021-11-17 11:32:25,2025-06-22 19:18:08
2132,Fresh Bowen Group kR-063,32,11.71,2022-01-17 02:07:02,2025-06-19 11:39:50
2133,Fresh Richardson Ltd IL-639,32,11.13,2021-10-21 05:14:24,2025-01-16 12:21:48
2134,"Fresh Fox, Anderson and Gonzalez aN-983",32,5.82,2021-04-23 06:19:09,2025-07-05 15:34:43
2135,Fresh Klein-Cordova QI-591,32,15.12,2021-12-29 18:40:58,2025-05-31 12:02:51
2136,"Fresh Soto, Roy and Williams lW-944",32,8.38,2021-03-07 22:43:34,2025-04-24 03:06:54
2137,Fresh Johnson-Gutierrez wB-965,32,4.07,2024-08-21 05:01:04,2025-03-22 05:04:31
2138,"Fresh Wells, Anderson and Park Ir-669",32,10.98,2021-11-04 02:58:18,2025-07-11 05:02:43
2139,"Fresh Henson, Glover and Howard KT-832",32,9.9,2020-04-13 22:24:20,2025-03-25 03:16:31
2140,Fresh Johns-Hanson YL-948,32,13.63,2019-01-17 23:05:58,2025-02-15 12:03:09
2141,Fresh Kelly Group Sr-401,32,17.73,2019-03-14 07:16:38,2025-01-07 01:55:26
2142,Fresh Rogers-Brown RP-720,32,17.99,2019-03-02 07:44:22,2025-03-27 21:33:51
2143,Fresh Hill-Carpenter JF-896,32,7.2,2024-10-28 17:01:31,2025-01-16 15:25:17
2144,"Fresh Simon, Leonard and Johnson mQ-041",32,4.34,2023-04-23 23:53:56,2025-03-07 16:12:43
2145,Fresh Buchanan LLC Hm-358,32,18.21,2022-09-08 14:47:14,2025-08-25 01:05:31
2146,"Fresh Gibson, Kaiser and Foster qH-802",32,9.52,2023-02-06 06:58:15,2025-03-08 21:37:55
2147,Fresh Nunez-Wolf YD-624,32,1.59,2023-08-12 08:24:14,2025-02-06 17:22:39
2148,Fresh Chambers LLC HS-022,32,12.95,2024-11-09 02:47:58,2025-04-04 12:47:59
2149,"Fresh Hughes, Lewis and Jackson LF-744",32,5.94,2023-10-19 10:43:17,2025-06-04 19:38:03
2150,"Fresh Silva, Garner and Burke Ep-946",32,1.96,2024-08-24 01:53:08,2025-07-29 18:55:57
2151,Fresh Bell Inc uO-947,32,15.51,2022-03-29 06:40:01,2024-12-31 21:01:04
2152,"Fresh Chambers, Johnson and Gonzalez Se-173",32,12.47,2019-01-21 07:39:00,2025-03-08 13:53:06
2153,Fresh Davis-Sosa Mw-838,32,1.65,2019-01-14 02:38:30,2025-06-15 07:12:54
2154,Fresh Byrd and Sons Za-563,32,14.64,2019-10-24 03:12:06,2025-08-06 12:34:09
2155,Fresh Juarez-Parker pz-296,32,10.25,2022-06-26 05:06:47,2025-04-12 23:09:44
2156,Fresh Bell LLC ny-325,32,11.68,2019-04-06 20:58:55,2025-05-07 21:54:19
2157,Fresh Morris LLC bh-944,32,12.91,2023-01-31 14:41:41,2025-03-07 13:06:52
2158,Fresh Jones-Williamson Qj-697,32,14.09,2020-05-18 14:39:21,2025-07-01 16:58:56
2159,"Fresh Scott, Sandoval and Terry SN-564",32,2.8,2024-01-07 03:19:22,2025-01-11 13:43:39
2160,Fresh Mcgee-Smith Jd-416,32,13.25,2021-07-26 19:45:48,2025-01-16 12:35:37
2161,Fresh Mcdowell-Kelley SM-580,32,18.11,2023-01-27 13:26:45,2025-06-29 06:54:02
2162,Fresh Webb-Riley eB-499,32,17.43,2020-08-27 06:32:05,2025-06-28 22:01:47
2163,Fresh Shepard Group BO-429,32,2.28,2020-03-19 13:18:40,2025-05-04 05:03:39
2164,Fresh Hall and Sons Ru-508,32,5.6,2022-01-20 18:08:30,2025-08-09 04:04:19
2165,Fresh Sutton-Chapman YU-537,32,12.9,2020-12-01 13:55:01,2025-01-04 20:28:58
2166,Fresh Spencer PLC ZU-172,32,17.15,2023-02-06 05:04:57,2025-05-27 19:09:36
2167,"Fresh Thompson, Murphy and Green LB-642",32,4.92,2024-08-10 00:16:53,2025-02-24 18:48:07
2168,Fresh Thornton Ltd jt-610,32,17.27,2023-01-22 05:48:05,2025-08-25 11:38:52
2169,"Fresh Barber, Mcconnell and Scott bO-272",32,7.23,2022-07-20 07:56:08,2025-04-06 03:51:07
2170,Fresh Bishop LLC Rq-027,32,12.09,2019-09-25 18:45:03,2025-05-10 14:54:57
2171,Fresh Jackson LLC gQ-780,32,6.12,2024-01-09 02:31:47,2025-01-29 12:08:50
2172,Fresh Reid-Watson al-084,32,12.24,2019-08-21 09:37:45,2025-03-20 15:16:23
2173,Fresh Powell-Santos ze-603,32,15.21,2024-08-10 19:49:09,2025-04-15 00:32:39
2174,Fresh Daniels LLC pB-142,32,6.55,2020-09-23 17:14:00,2025-07-26 02:39:11
2175,"Fresh Huffman, Rosales and Guerra Vn-130",32,1.9,2019-02-17 21:07:19,2025-04-19 06:43:39
2176,Fresh Silva-Myers AB-341,32,10.36,2019-09-07 21:08:35,2025-05-02 22:14:58
2177,"Fresh Poole, Morris and Ward eC-947",32,12.83,2023-05-04 00:59:04,2025-06-26 16:45:21
2178,Fresh Jones-Smith ya-063,32,10.95,2019-10-10 23:23:17,2025-05-06 12:16:18
2179,"Fresh Wise, Nelson and Taylor wr-162",32,4.91,2023-09-17 12:14:14,2025-01-30 08:57:25
2180,Fresh Miller Ltd qw-770,32,1.12,2024-01-05 01:12:55,2025-01-08 15:37:34
2181,Fresh Harrison-Gonzalez sQ-643,32,13.81,2022-08-29 00:48:24,2025-07-24 09:24:54
2182,Fresh Perry-Cunningham uX-275,32,11.34,2023-06-22 14:37:40,2025-03-27 05:30:39
2183,"Fresh Warren, Meyer and Warren Ex-162",32,4.45,2019-12-19 03:50:05,2025-05-18 06:54:14
2184,Fresh Wise-Fox bZ-879,32,8.78,2020-07-14 13:26:46,2025-02-15 00:15:25
2185,Fresh Porter Ltd ST-854,32,2.91,2022-12-03 09:48:09,2025-01-23 21:47:54
2186,Fresh Rodriguez-Martin MW-521,32,4.44,2021-03-23 16:47:29,2025-05-26 05:06:30
2187,Fresh Garcia-Holt pI-588,32,14.25,2020-04-06 20:16:56,2025-01-27 03:01:51
2188,Fresh Chapman-Ford FK-744,32,8.86,2022-03-20 00:08:57,2025-05-29 17:52:41
2189,Fresh Barker Ltd Ou-914,32,11.3,2022-02-07 00:08:49,2025-03-24 15:36:32
2190,Fresh James Inc vp-681,32,9.97,2023-11-25 12:24:02,2025-04-03 22:17:11
2191,"Fresh Walton, Pugh and Mcgee Xd-026",32,18.21,2024-08-13 16:12:20,2025-06-16 06:09:47
2192,"Fresh Torres, Flynn and Knight LW-219",32,10.54,2022-04-16 23:52:50,2025-06-06 20:20:45
2193,"Fresh Baldwin, Martinez and Aguilar pk-916",32,16.93,2020-07-22 10:14:53,2025-06-14 09:20:29
2194,Fresh Robinson-Thomas Bj-372,32,5.43,2020-03-09 22:04:26,2025-08-11 04:25:15
2195,Fresh Gonzalez-Hall Rt-509,32,8.86,2020-11-15 09:35:44,2025-04-11 14:15:20
2196,Fresh Jackson-Lester cx-808,32,11.04,2021-01-10 16:01:06,2025-06-26 21:44:22
2197,"Fresh Smith, Hughes and Wilson XH-111",32,20.29,2021-08-29 09:24:08,2025-07-08 20:51:30
2198,Fresh Christensen-Burke gg-396,32,13.77,2019-08-25 04:27:42,2025-02-16 20:18:24
2199,Fresh Villa-Davis ab-842,32,14.73,2020-10-10 18:24:34,2025-03-01 00:21:34
2200,Fresh Lindsey Inc HL-311,32,3.87,2020-01-13 00:19:41,2025-08-18 09:57:19
2201,Fresh Mitchell Ltd oh-868,32,16.89,2021-05-30 21:38:36,2025-08-05 04:33:20
2202,Fresh Stevens-Torres BI-803,32,12.79,2021-08-10 03:35:00,2025-01-31 11:12:41
2203,Fresh Park Group Zw-850,32,6.03,2022-11-08 06:02:06,2025-05-29 17:26:55
2204,Fresh Harper-Morgan vb-660,32,10.57,2019-09-04 15:58:49,2025-03-23 17:08:25
2205,"Fresh Shaw, Glass and Morris qw-747",32,17.34,2020-04-04 02:15:05,2025-05-15 21:07:38
2206,Fresh Mitchell-Peterson xC-632,32,2.11,2023-08-15 20:24:45,2025-01-22 02:36:50
2207,Fresh Cox-Heath Xr-834,32,1.93,2021-01-17 00:39:11,2025-05-05 16:08:08
2208,"Fresh Gaines, Spencer and Jones KF-852",32,20.21,2022-04-08 03:02:03,2025-01-06 00:34:59
2209,Fresh Weber LLC Sw-874,32,17.84,2020-11-03 07:46:45,2025-03-19 06:48:14
2210,Fresh Cox Ltd QY-550,32,9.67,2022-05-07 16:52:12,2025-03-06 22:32:17
2211,Fresh Johns-Coffey Ra-346,32,10.26,2022-01-04 07:35:04,2025-01-17 03:30:17
2212,Fresh Watson and Sons nD-678,32,10.53,2020-12-01 16:44:33,2025-07-18 10:30:59
2213,Fresh Martinez Inc XM-211,32,8.54,2020-09-09 13:18:33,2025-08-30 14:02:46
2214,Fresh Pineda Group sG-562,32,9.65,2023-05-22 15:27:12,2025-07-05 19:08:23
2215,Fresh Booth-Bradshaw KW-495,32,1.5,2020-08-08 17:32:03,2025-02-23 17:13:51
2216,Fresh Bennett-Gray WK-980,32,21.32,2021-09-29 12:28:37,2025-06-07 10:59:52
2217,"Food Burns, Larson and Johnson OG-156",34,89.78,2019-07-09 14:33:41,2025-03-19 19:15:51
2218,"Food Reed, Porter and Fisher cp-090",34,62.34,2021-04-18 21:10:22,2025-05-04 19:50:20
2219,Food Matthews Group ta-290,34,27.08,2019-06-16 11:14:01,2025-07-06 13:31:59
2220,"Food Johnson, Harris and Stewart iq-473",34,73.08,2022-06-27 18:11:26,2025-03-04 20:13:16
2221,"Food Wright, Coleman and Flores cS-316",34,69.46,2023-12-07 16:31:46,2025-06-29 21:45:36
2222,"Food Taylor, Huffman and Henry YM-851",34,12.23,2024-02-11 04:24:02,2025-07-08 12:03:41
2223,Food Johnson and Sons Bi-784,34,91.19,2022-01-08 12:16:00,2025-03-02 01:43:27
2224,"Food Mueller, Trujillo and Liu vt-008",34,14.27,2022-06-27 10:55:23,2025-01-18 20:33:50
2225,Food Figueroa Ltd fH-276,34,77.61,2024-09-03 03:39:52,2025-07-07 06:49:34
2226,"Food Vasquez, Dudley and Long Kc-596",34,13.48,2023-07-15 10:34:02,2025-04-04 21:09:07
2227,Food Hill-Crawford IG-105,34,57.5,2020-09-27 20:03:50,2025-01-18 20:38:43
2228,Food Wilkinson LLC DF-916,34,11.91,2020-03-30 22:57:15,2025-07-16 00:41:30
2229,Food Hull-Wood qK-213,34,71.62,2024-05-27 15:24:02,2025-08-28 20:48:45
2230,"Food Clarke, Smith and Mcknight to-782",34,9.12,2019-10-04 05:54:42,2025-01-14 02:50:07
2231,"Food Rice, Mendoza and Kemp sB-599",34,69.52,2021-01-04 00:42:41,2025-06-03 12:16:15
2232,Food Ayala-Pearson xr-184,34,30.76,2020-01-06 13:57:01,2025-08-14 17:54:33
2233,Food Smith Ltd HU-581,34,35.27,2021-05-13 09:35:58,2025-04-05 22:38:40
2234,Food Edwards-Scott dy-869,34,88.68,2022-08-26 10:35:59,2025-05-14 06:53:49
2235,Food Williams-Miller wN-830,34,34.28,2024-08-07 15:08:36,2025-02-19 19:12:24
2236,"Food Cunningham, Conway and Baldwin mO-644",34,61.0,2020-09-02 19:13:50,2025-06-01 07:50:15
2237,Food Smith-Thompson iA-169,34,86.87,2022-07-27 18:55:42,2025-06-30 16:08:03
2238,"Food Oliver, George and Hodges pe-916",34,25.63,2020-09-22 15:12:21,2025-05-29 04:14:08
2239,"Food Hughes, Campbell and Perez ga-140",34,88.36,2019-12-25 01:03:13,2025-06-16 14:52:41
2240,Food Brooks-Daniels Hj-815,34,72.76,2022-08-13 17:25:12,2025-08-28 12:52:26
2241,Food Duncan and Sons fy-303,34,39.2,2024-05-01 17:07:07,2025-08-27 08:37:01
2242,"Food Martinez, Carter and Martin LG-720",34,20.39,2022-09-25 13:45:23,2025-07-08 14:04:22
2243,"Food George, Galvan and Cisneros dJ-970",34,60.51,2021-11-06 05:14:44,2025-05-04 18:00:26
2244,"Food Williamson, Fitzpatrick and Bailey Ze-741",34,83.9,2022-12-03 07:05:16,2025-08-13 14:20:15
2245,"Food Watson, Merritt and Richards Js-481",34,33.02,2021-02-10 03:10:02,2025-03-27 07:28:56
2246,Food King and Sons eu-079,34,16.21,2020-08-17 20:50:09,2025-07-08 04:55:32
2247,Food Perry-Chambers UD-947,34,13.76,2020-04-23 22:03:07,2025-05-02 10:33:38
2248,"Food Taylor, Warner and Lloyd cd-327",34,63.08,2019-03-13 15:49:02,2025-07-02 03:39:39
2249,"Food Chambers, Gonzalez and Parker fQ-437",34,73.56,2024-05-23 20:15:02,2025-02-22 00:24:25
2250,Food Thompson PLC gC-070,34,45.41,2022-11-12 01:49:27,2025-08-10 11:42:42
2251,Food Roberts LLC AQ-541,34,19.21,2022-06-10 04:14:55,2025-03-09 06:35:42
2252,"Food Martinez, Andrews and Nguyen Ot-880",34,15.49,2021-09-24 12:11:43,2025-01-23 06:59:41
2253,Food Davis Group mR-099,34,39.2,2021-11-04 22:47:19,2025-01-11 08:48:26
2254,"Food Dorsey, Carter and Alvarado VL-933",34,60.98,2023-07-29 16:55:12,2025-01-14 23:00:34
2255,Food Rodriguez Ltd kt-030,34,40.23,2024-05-06 12:46:34,2024-12-31 17:24:23
2256,Food Crawford Group cY-270,34,45.51,2024-02-06 05:44:18,2025-02-24 03:25:20
2257,"Food Barnes, Brown and Rivera Kx-179",34,11.06,2024-08-14 04:32:29,2025-06-01 14:50:50
2258,"Food Kim, Hall and Roberts dA-132",34,54.51,2022-03-26 17:51:40,2025-03-02 16:23:22
2259,"Food Lindsey, Caldwell and Harrington XS-826",34,60.99,2019-09-18 20:50:30,2025-04-19 17:29:51
2260,Food Rowe LLC zt-749,34,22.24,2019-07-30 08:43:30,2025-07-24 04:49:40
2261,"Food Wilson, Gonzales and Morales Xv-069",34,61.64,2024-01-02 03:26:57,2025-06-09 04:06:19
2262,Food Glass-Smith QE-338,34,94.74,2020-09-26 00:05:18,2025-03-17 11:17:46
2263,"Food Hansen, Holt and Barron rE-071",34,88.11,2021-11-22 23:34:43,2025-04-18 07:09:54
2264,Food Compton-Stone RI-823,34,28.55,2019-12-21 15:07:40,2025-07-03 09:49:43
2265,Food Jones and Sons my-274,34,34.55,2019-12-18 07:54:27,2025-03-15 00:13:20
2266,"Food Pearson, Walker and Morales Al-551",34,38.87,2020-04-04 00:16:26,2025-02-15 02:03:40
2267,"Food Torres, Lozano and Sanchez Bf-921",34,87.29,2019-07-13 15:26:15,2025-01-01 01:10:33
2268,Food Hale Group sr-178,34,48.55,2021-06-27 06:17:04,2025-07-04 07:08:45
2269,Food Phillips-Carter rV-196,34,51.83,2024-06-29 09:27:59,2025-01-20 11:01:42
2270,Food Murphy Inc Oa-136,34,57.49,2021-10-14 14:12:22,2025-02-27 00:43:19
2271,"Food Hunt, Murray and Singh GX-623",34,87.28,2021-10-23 09:12:13,2025-01-05 01:15:08
2272,Food Zimmerman Ltd Kg-744,34,39.88,2024-08-19 19:06:56,2025-04-29 11:56:33
2273,Food Richardson-Holmes fi-849,34,91.71,2020-03-20 16:09:34,2025-01-25 00:53:00
2274,Food Miller-Hill by-883,34,59.42,2021-06-22 11:48:36,2025-03-18 02:00:26
2275,Food Miller LLC YS-477,34,50.83,2024-10-27 02:19:56,2025-01-21 11:48:54
2276,Food Wilcox-Hernandez xw-203,34,63.76,2020-04-07 10:21:28,2025-04-07 17:14:44
2277,"Food Schneider, Potter and Preston ED-577",34,17.52,2022-06-19 08:56:48,2025-01-29 16:11:07
2278,"Food Butler, Ortega and Allen IH-520",34,58.31,2021-08-08 18:40:54,2025-05-18 08:07:59
2279,Food Morales PLC nk-293,34,73.82,2024-11-25 04:00:05,2025-06-16 06:13:38
2280,Food Arroyo-Johnson oX-662,34,54.89,2021-11-08 16:20:48,2025-03-13 06:17:45
2281,"Food Jackson, West and Lamb VE-330",34,95.4,2022-10-13 15:21:18,2025-02-06 19:57:10
2282,"Food Ross, Sanchez and Wagner jY-214",34,23.62,2021-11-21 17:46:53,2024-12-31 20:08:03
2283,Food Bryant PLC tu-945,34,82.45,2019-11-07 11:47:32,2025-07-30 01:13:58
2284,Food Hudson-Mcdonald bx-493,34,15.76,2020-10-04 06:47:27,2025-06-04 19:28:22
2285,Food Sherman LLC jG-643,34,25.09,2019-12-31 03:18:20,2025-06-10 10:27:09
2286,Food Caldwell Inc Vy-085,34,71.55,2019-07-01 22:03:57,2025-04-12 03:08:56
2287,"Food Robinson, Meyer and Johnson Zn-367",34,56.97,2019-08-25 16:11:11,2025-06-04 08:01:45
2288,"Food Hebert, Dorsey and Armstrong wh-363",34,60.77,2024-03-04 22:45:08,2025-01-07 10:38:41
2289,Food Murphy-Thompson Ha-437,34,28.66,2024-04-11 10:06:26,2025-02-18 20:48:21
2290,Food Mendoza and Sons Kp-183,34,58.22,2020-07-02 07:45:07,2025-03-23 01:54:43
2291,"Food Gutierrez, Zimmerman and Diaz pr-881",34,100.86,2020-05-31 09:34:40,2025-02-24 22:19:57
2292,"Food Turner, Gibson and Ellison oJ-718",34,72.5,2020-11-22 10:46:25,2025-01-21 10:29:16
2293,"Food Estrada, Wilson and Alvarez Pl-484",34,85.22,2019-03-12 00:13:08,2025-05-24 22:25:58
2294,Food Wilson LLC kF-814,34,16.9,2023-09-04 02:52:40,2025-05-21 15:40:52
2295,Food Stanton-Flores SO-746,34,78.36,2020-02-07 21:32:18,2025-02-24 13:05:20
2296,Food Colon-Meza eZ-520,34,108.57,2019-06-28 05:51:57,2025-06-18 15:25:36
2297,Food Byrd-Kelly BV-782,34,17.54,2020-09-27 06:43:54,2025-08-01 07:43:11
2298,Food Roberts-Dougherty vS-044,34,75.95,2024-11-26 12:56:39,2025-02-06 20:47:42
2299,Food Collins-Oliver yw-929,34,26.47,2023-05-07 00:57:45,2025-02-22 04:03:28
2300,Food Taylor-Henry TU-612,34,57.4,2020-04-30 14:41:39,2025-08-27 04:12:52
2301,Food Malone PLC aZ-638,34,36.39,2019-04-08 11:47:26,2025-08-16 13:34:33
2302,Food Gill-Torres hi-878,34,60.77,2020-11-18 00:06:32,2025-04-29 00:47:25
2303,Food Moore PLC pQ-128,34,91.12,2022-09-09 21:09:37,2025-08-12 03:34:30
2304,Food Chen-Smith py-254,34,103.01,2020-10-12 19:28:26,2025-01-27 09:13:24
2305,"Food Tran, Robinson and Tran nT-642",34,89.65,2022-04-17 12:48:04,2025-08-09 21:17:55
2306,"Food Oliver, Wallace and Odonnell qS-041",34,40.26,2019-10-17 10:59:58,2025-02-11 16:46:26
2307,"Food Allen, Branch and Morgan sT-537",34,58.11,2023-08-20 01:48:12,2025-03-01 12:47:27
2308,Food Richard-Smith wH-611,34,79.48,2022-12-13 07:01:25,2025-06-01 05:47:24
2309,Food Garcia and Sons Re-180,34,18.43,2023-03-31 18:36:46,2025-08-05 18:54:50
2310,"Food Gonzalez, Kennedy and Diaz Wb-129",34,68.08,2022-02-05 09:18:56,2025-06-05 11:21:48
2311,Food Garcia-Myers bv-785,34,61.25,2021-03-28 01:37:16,2025-07-17 02:43:54
2312,Food Harding Inc TA-021,34,89.15,2019-12-06 10:56:29,2025-05-27 19:17:02
2313,"Food Dean, Snyder and Hess Cu-753",34,37.5,2021-08-16 03:27:55,2025-06-26 21:21:39
2314,Food Montoya-Esparza Lt-602,34,18.37,2023-09-12 02:14:10,2025-02-06 00:44:30
2315,Food Knight-Williams CW-307,34,16.91,2022-04-20 09:26:44,2025-06-05 14:42:27
2316,"Food Pearson, Morrison and Nelson dD-694",34,14.35,2024-09-23 20:58:27,2025-03-17 03:50:53
2317,Food Willis-Jordan ul-118,34,28.53,2019-08-16 05:16:07,2025-07-01 22:31:07
2318,"Food Reed, Anderson and Lutz oc-944",34,104.27,2021-05-29 14:08:30,2025-04-11 20:53:31
2319,Food Long-Allen IU-647,34,31.03,2023-10-19 16:27:24,2025-01-01 11:09:08
2320,Food Hawkins-Harris OT-314,34,73.82,2023-07-14 13:56:43,2025-07-14 22:46:30
2321,Food Dudley-Roberts Gb-406,34,62.32,2020-07-22 14:10:35,2025-05-22 04:45:10
2322,Food Simpson LLC xT-689,34,50.8,2024-03-02 18:00:55,2025-04-05 18:49:01
2323,Food Walters Inc NX-128,34,70.25,2021-03-20 00:57:29,2025-01-11 21:09:50
2324,Food Daniels Ltd ll-198,34,23.5,2024-09-02 15:43:09,2025-08-06 00:59:43
2325,Food Scott-Campbell Oq-844,34,36.4,2019-11-17 09:56:06,2025-03-21 03:56:42
2326,Food Hill Ltd po-716,34,42.95,2022-07-08 23:20:24,2025-03-05 21:03:22
2327,Food Buck Group hc-944,34,36.53,2019-03-16 13:18:30,2025-01-29 20:22:03
2328,Food Blankenship PLC jk-122,34,23.64,2019-12-10 14:44:14,2025-05-10 15:36:36
2329,Food Shea Group qc-469,34,91.36,2021-08-06 20:43:49,2025-07-30 23:10:50
2330,Food Mcfarland Group JG-664,34,78.77,2023-05-22 12:27:08,2025-07-20 18:34:03
2331,Food Brown Ltd xP-205,34,48.1,2019-11-02 01:49:53,2025-08-02 04:47:16
2332,Food Chambers-Brown rm-676,34,64.62,2020-11-14 13:43:12,2025-02-02 19:21:49
2333,Food Johnson-Cruz Mr-900,34,17.95,2020-03-16 22:06:59,2025-08-28 04:55:19
2334,Food Simmons-Wilson Bm-830,34,74.89,2022-03-30 23:14:27,2025-06-01 05:12:25
2335,"Food Dean, Hess and Clark Fe-177",34,13.42,2023-02-28 07:27:35,2025-07-29 08:50:08
2336,Food Barnett LLC RR-617,34,7.64,2021-09-19 17:40:05,2025-02-23 13:34:58
2337,Food Sharp LLC oH-146,34,25.98,2020-03-28 01:47:35,2025-04-23 00:22:46
2338,Food Cunningham Ltd xS-896,34,28.13,2019-04-09 12:00:58,2025-08-08 03:32:55
2339,Food Williams Group ul-530,34,11.99,2023-11-03 04:14:18,2025-06-06 19:18:47
2340,Food Myers and Sons Sf-424,34,25.9,2021-04-22 09:19:25,2025-03-05 02:29:34
2341,"Food Small, Hays and Vargas Qx-202",34,62.7,2019-06-27 15:42:24,2025-04-29 23:00:06
2342,"Food Walker, Davis and Boyd xS-499",34,66.61,2022-08-07 15:00:52,2025-07-23 10:34:03
2343,Food Allen-Cain bq-117,34,43.39,2019-08-15 09:11:31,2025-02-03 02:15:16
2344,"Food Thompson, Rodriguez and Jensen VT-922",34,40.14,2021-10-01 12:11:01,2025-05-05 18:54:19
2345,Food Hernandez-Wood mN-907,34,75.66,2019-05-31 22:06:51,2025-04-23 15:33:52
2346,Food Campbell-Gonzalez cw-475,34,97.84,2021-08-17 13:22:16,2025-06-15 22:00:20
2347,Food Young-Spencer SI-970,34,54.08,2020-11-20 23:32:49,2025-02-01 05:17:57
2348,"Food Kelly, Stone and Johnson Sk-462",34,73.0,2020-10-19 08:29:15,2025-07-24 07:09:54
2349,Food Faulkner-Cobb jv-576,34,73.1,2023-03-10 19:30:45,2025-05-23 04:08:57
2350,Food Davis and Sons Uq-562,34,98.55,2020-05-08 16:00:11,2025-03-15 04:07:33
2351,"Food Andrews, Walker and Jacobs mq-678",34,77.91,2024-01-09 14:55:20,2025-01-12 01:55:24
2352,Food Simon-Richardson cv-899,34,10.33,2024-05-28 13:55:01,2025-07-23 21:31:32
2353,Food Munoz Inc AN-789,34,15.85,2023-10-26 19:55:20,2025-04-15 11:24:23
2354,Food Smith Ltd mJ-344,34,47.8,2024-11-13 02:48:50,2025-06-10 18:24:37
2355,Food Martinez-Miller Kg-643,34,64.83,2021-11-14 07:54:12,2025-07-09 19:55:24
2356,"Food Johnson, Palmer and Anthony qF-472",34,38.9,2020-07-12 21:37:31,2025-04-14 11:57:46
2357,Food Bennett Group TH-191,34,87.31,2022-10-11 23:36:05,2025-08-03 12:30:15
2358,Food Hall and Sons dT-968,34,22.88,2022-06-20 09:55:49,2025-01-22 16:13:24
2359,Food Ray Ltd jA-528,34,80.15,2019-09-02 20:24:34,2025-02-18 23:40:19
2360,"Food Lewis, Johnston and Mcclure Ch-437",34,83.04,2022-05-22 03:47:01,2025-06-20 04:06:00
2361,Food Mora Ltd BY-562,34,51.54,2021-11-04 18:47:34,2025-07-30 13:49:46
2362,"Food Rivera, Wood and Fox BQ-745",34,55.25,2023-05-13 08:53:13,2025-01-29 01:56:17
2363,Food Macias Inc Ch-891,34,6.77,2020-08-28 01:19:27,2025-05-02 00:09:34
2364,Food Davis Group KA-510,34,53.27,2022-05-16 21:36:32,2025-08-26 01:53:39
2365,"Food Dean, Martinez and Harvey rl-747",34,7.22,2022-11-23 17:23:15,2025-03-14 23:15:31
2366,"Food Garrett, Myers and Allen na-481",34,89.2,2020-11-23 11:41:34,2025-03-13 01:45:50
2367,Food Compton-Mcbride pr-277,34,86.58,2022-09-25 07:49:29,2025-01-30 10:31:18
2368,Food Bowman PLC bg-463,34,38.97,2023-05-08 16:35:57,2025-05-31 08:06:39
2369,Food Harmon and Sons ZE-833,34,57.14,2024-09-19 16:32:47,2025-07-13 18:44:40
2370,"Food Hernandez, Nguyen and Brown eG-551",34,91.37,2023-12-19 20:16:33,2025-04-03 07:57:56
2371,"Food Lewis, Sellers and Hopkins Eh-074",34,42.8,2019-03-25 10:23:14,2025-06-08 04:33:00
2372,Food Cooper-Fox JM-598,34,29.58,2019-12-06 04:23:47,2025-03-14 00:33:20
2373,Accessories Jackson Group SS-497,35,25.92,2022-06-21 00:10:12,2025-04-26 05:27:08
2374,Accessories Smith LLC Jh-197,35,85.64,2024-04-23 15:37:41,2025-08-23 20:47:27
2375,Accessories Mcneil PLC fy-190,35,54.1,2019-02-13 21:57:45,2025-01-10 23:16:44
2376,Accessories Anderson-Sweeney kq-825,35,68.72,2022-04-30 00:43:52,2025-08-17 03:11:55
2377,Accessories Browning Ltd eg-384,35,8.85,2023-07-29 02:19:16,2025-03-05 15:06:41
2378,Accessories Davis-Campbell VG-317,35,19.37,2024-05-11 11:11:50,2025-08-06 21:17:49
2379,"Accessories Mccullough, Stewart and Hernandez zY-011",35,20.79,2020-06-23 11:16:38,2025-06-04 02:46:37
2380,"Accessories Stephens, Gonzalez and Wang zG-626",35,61.56,2023-06-19 17:07:12,2025-04-06 04:41:58
2381,"Accessories Wyatt, Lopez and Price ZM-037",35,74.97,2023-12-30 20:15:22,2025-04-22 01:55:23
2382,Accessories Huff-Nelson SU-598,35,71.22,2021-08-13 20:00:13,2025-06-25 02:16:29
2383,Accessories Hardin PLC vZ-164,35,75.58,2019-08-04 10:15:26,2025-05-08 08:16:23
2384,Accessories Vargas-Snyder td-827,35,71.97,2023-08-13 14:03:16,2025-01-22 14:24:23
2385,"Accessories Duke, Velasquez and Larson Ni-605",35,67.73,2024-05-07 08:09:25,2025-08-19 05:03:09
2386,Accessories Watson Group dx-571,35,80.28,2021-01-30 04:03:17,2025-05-24 07:56:51
2387,"Accessories Marshall, Riley and Cook up-263",35,15.06,2024-07-27 03:53:49,2025-05-26 07:19:07
2388,"Accessories Mcdonald, Young and Kirk xU-189",35,89.05,2023-02-09 14:24:24,2025-04-22 23:37:02
2389,Accessories Gordon Inc ZO-586,35,46.17,2022-10-04 07:22:50,2025-08-09 08:16:42
2390,"Accessories Galvan, King and Hall vX-404",35,25.6,2021-10-07 08:11:35,2025-03-26 06:51:15
2391,Accessories Greene-Hendricks aA-490,35,71.25,2024-04-28 21:32:35,2025-04-14 03:28:29
2392,Accessories Harris Ltd cj-073,35,43.12,2021-10-22 15:01:23,2025-02-26 20:16:41
2393,Accessories Lowery PLC dt-179,35,12.17,2022-07-01 04:56:35,2025-07-01 01:42:57
2394,"Accessories Rodriguez, Vaughn and Fox nm-155",35,94.12,2023-04-08 19:44:13,2025-07-28 14:18:07
2395,Accessories Ritter-James lP-853,35,65.87,2023-10-27 17:26:47,2025-04-21 21:01:37
2396,"Accessories Copeland, Mejia and Bauer Fr-633",35,58.32,2024-03-30 18:09:15,2025-06-01 14:14:42
2397,Accessories Shelton-Woods oZ-961,35,82.06,2024-10-21 11:46:47,2025-01-06 00:32:54
2398,Accessories Reid Inc mV-288,35,73.33,2024-12-13 06:37:20,2025-03-02 14:09:18
2399,Accessories Page-Klein Oz-759,35,9.44,2024-03-11 13:32:36,2025-08-26 16:06:15
2400,Accessories Rhodes Ltd Kx-505,35,39.88,2024-05-28 01:44:46,2025-06-26 09:50:32
2401,"Accessories Miller, Valdez and Simmons qV-704",35,53.32,2023-08-18 15:33:37,2025-06-26 01:55:42
2402,Accessories Jones-Garcia pO-568,35,48.77,2019-01-30 00:53:14,2025-03-14 04:23:07
2403,"Accessories Hart, Davis and Holland ez-903",35,49.96,2021-10-05 17:57:52,2025-02-17 11:17:13
2404,Accessories Ortiz-Walker Hw-932,35,68.98,2023-06-12 01:33:46,2025-04-11 11:37:13
2405,Accessories Barajas-Allen ol-330,35,20.82,2022-05-19 13:42:22,2025-07-19 20:33:45
2406,Accessories Ford LLC DW-587,35,45.28,2024-04-08 06:49:02,2025-07-16 04:38:33
2407,Accessories Ford Group RW-134,35,77.9,2020-05-02 16:34:22,2025-07-13 13:08:29
2408,"Accessories Griffin, Livingston and Arroyo UJ-247",35,22.66,2019-05-07 00:13:43,2025-03-23 18:51:08
2409,Accessories Huffman Inc Wm-031,35,63.3,2020-05-18 15:18:08,2025-07-06 14:04:53
2410,"Accessories Watson, Michael and Vargas qM-496",35,10.58,2020-10-27 22:00:41,2025-04-07 07:01:07
2411,Accessories Henderson LLC MA-976,35,11.33,2023-09-04 23:08:39,2025-08-06 16:05:56
2412,"Accessories Rios, Smith and Santana Is-441",35,72.56,2021-10-19 06:08:18,2025-04-11 02:29:21
2413,Accessories Brown Group pH-562,35,13.84,2020-04-24 03:29:51,2025-08-30 07:57:04
2414,"Accessories Perry, Morris and Rivera Dw-752",35,14.92,2020-03-13 20:06:54,2025-04-03 03:55:08
2415,Accessories Gill Ltd dH-876,35,22.76,2019-09-30 23:18:54,2025-03-24 06:54:00
2416,"Accessories Johnson, Ritter and Martinez Xf-889",35,19.55,2021-11-08 15:11:19,2025-02-06 22:20:13
2417,Accessories Wallace Ltd hS-939,35,55.59,2019-12-29 13:01:53,2025-03-04 20:48:47
2418,"Accessories Hodge, Hall and Fowler rg-884",35,20.3,2024-02-09 08:53:18,2025-04-29 13:38:54
2419,Accessories Rodriguez Inc hy-673,35,40.57,2023-07-24 16:26:50,2025-05-10 13:11:17
2420,Accessories Davis-Morris lt-051,35,36.3,2024-04-05 08:31:52,2025-05-23 14:57:09
2421,Accessories Abbott-Leblanc eO-994,35,81.72,2020-04-04 23:21:45,2025-07-05 12:20:55
2422,Accessories Bowman Group uR-663,35,82.17,2022-08-15 19:25:19,2025-02-16 05:07:26
2423,"Accessories Fields, Sims and Gardner Vj-739",35,20.55,2023-05-17 12:10:40,2025-05-31 17:31:09
2424,"Accessories Kramer, White and Waters KK-953",35,46.07,2019-01-20 00:55:09,2025-06-27 04:00:21
2425,Accessories Fox PLC jZ-774,35,84.12,2022-02-23 08:29:07,2025-04-11 18:32:16
2426,Accessories Wheeler-Marshall Dl-890,35,64.43,2023-02-22 04:31:25,2025-03-14 03:42:51
2427,"Accessories Thompson, Fuentes and Thomas Vc-790",35,13.16,2024-06-15 00:04:16,2025-05-23 07:01:54
2428,Accessories Barry-Wilson dv-137,35,8.23,2019-03-15 12:54:50,2025-05-02 10:12:50
2429,Accessories Daniel LLC yc-341,35,50.24,2020-09-23 22:25:35,2025-01-21 19:27:36
2430,"Accessories Williams, Rivera and Lindsey dy-309",35,95.91,2021-05-12 19:24:52,2025-07-03 04:14:30
2431,Accessories Moses Ltd Ih-019,35,14.02,2024-09-16 04:30:53,2025-05-07 13:11:23
2432,Accessories Welch-Swanson yM-791,35,93.55,2021-03-25 13:50:45,2025-02-26 16:07:47
2433,Accessories Alexander-Wall Yb-323,35,89.67,2024-12-22 03:11:01,2025-04-15 20:28:29
2434,Accessories Bryant and Sons vP-930,35,41.77,2020-07-23 00:51:17,2025-08-06 12:50:04
2435,"Accessories Austin, Mcguire and Wolfe zD-550",35,13.56,2022-06-18 09:11:12,2025-07-15 03:33:56
2436,Accessories Martinez LLC XM-376,35,74.59,2020-02-06 15:04:00,2025-05-23 15:42:34
2437,Accessories Costa-Adams aq-547,35,81.8,2023-01-25 21:50:17,2025-02-05 03:41:54
2438,Accessories Larson and Sons nY-156,35,24.46,2020-04-30 15:33:56,2025-06-24 17:03:48
2439,Accessories Ortiz-Fritz Id-430,35,10.97,2020-11-23 11:39:13,2025-03-21 01:07:46
2440,"Accessories Barnes, Allen and Lopez fY-215",35,104.09,2022-04-23 12:59:46,2025-04-30 16:51:17
2441,Accessories Garcia-Reed Lc-278,35,36.3,2023-10-28 01:44:51,2025-08-15 01:22:32
2442,Accessories Gates-Coleman PE-377,35,38.08,2024-11-02 22:13:27,2025-01-20 05:44:27
2443,Accessories Hernandez Ltd pN-706,35,35.32,2023-08-06 08:58:52,2025-03-13 00:19:17
2444,Accessories Vaughan-Lutz su-453,35,13.66,2019-03-02 18:16:57,2025-02-23 11:14:13
2445,"Accessories Marshall, Marks and Hendricks SV-220",35,48.99,2021-12-08 07:34:09,2025-05-02 18:54:14
2446,Accessories Garner Group WE-526,35,86.5,2023-02-28 07:35:24,2025-06-05 08:13:14
2447,Accessories Duncan Inc sH-401,35,64.45,2020-12-10 10:39:55,2025-05-21 12:10:15
2448,Accessories Johnson LLC rI-844,35,86.84,2020-07-29 12:09:35,2025-07-13 07:49:28
2449,Accessories Austin Group dv-653,35,80.25,2020-04-10 19:37:20,2025-04-04 17:42:43
2450,Accessories Garcia-Fox Dg-505,35,89.75,2024-08-16 06:15:57,2025-07-22 03:19:51
2451,Accessories Campbell and Sons Qy-392,35,12.56,2022-05-27 03:44:40,2025-02-14 23:22:53
2452,Accessories Ayala-Baker cs-807,35,80.14,2024-12-30 17:40:32,2025-08-10 16:05:46
2453,Accessories Casey PLC VG-934,35,29.92,2022-09-12 07:30:53,2025-05-08 15:07:34
2454,"Accessories Martinez, Hines and Williamson AW-237",35,10.23,2022-12-31 07:24:58,2025-06-10 08:17:20
2455,"Accessories Taylor, Thompson and Cox ly-029",35,7.84,2019-09-17 07:20:57,2025-05-28 17:39:20
2456,Accessories Castaneda Inc ih-197,35,29.4,2019-09-23 15:53:48,2025-02-07 05:16:24
2457,Accessories Saunders PLC vR-152,35,35.37,2020-02-22 04:50:34,2025-02-05 20:38:46
2458,Accessories Strickland Group bU-864,35,12.94,2024-12-20 00:36:17,2025-01-22 07:50:31
2459,Accessories Tyler Ltd DR-209,35,66.29,2022-03-13 19:06:02,2025-02-08 23:49:34
2460,"Accessories Cruz, Dunn and Gordon qm-201",35,35.59,2022-03-26 21:24:34,2025-05-01 15:47:39
2461,"Accessories Mcpherson, Alvarez and Jones PK-894",35,56.33,2022-05-05 16:27:57,2025-08-04 08:40:39
2462,Accessories Nicholson-Valdez Sl-738,35,93.6,2019-09-08 20:45:04,2025-04-29 16:47:55
2463,Accessories Smith Inc mt-188,35,47.4,2022-10-26 16:10:18,2025-01-08 18:40:05
2464,Accessories West PLC mm-942,35,52.84,2022-06-21 03:49:16,2025-03-14 22:24:12
2465,Accessories Richardson LLC XY-851,35,39.47,2020-06-02 19:34:53,2025-04-26 13:45:53
2466,Accessories Riley LLC aJ-539,35,29.8,2020-01-31 20:21:10,2025-04-06 01:35:52
2467,"Accessories Kent, Johnson and Graham Oj-619",35,86.33,2023-11-20 03:36:06,2025-01-26 01:44:16
2468,"Accessories Hahn, Collins and Brown RD-795",35,91.51,2022-07-24 16:21:43,2025-05-25 20:48:16
2469,Accessories Heath LLC ya-343,35,37.2,2021-09-13 15:41:42,2025-04-16 07:45:09
2470,Accessories Koch LLC fK-675,35,91.05,2019-06-13 21:32:47,2025-04-16 13:31:41
2471,Accessories Malone-Castro be-398,35,28.53,2024-01-03 09:27:30,2025-02-20 14:56:48
2472,Accessories James PLC Ph-289,35,54.25,2024-05-22 09:15:25,2025-06-27 08:43:10
2473,"Accessories Branch, Gonzalez and Morgan wl-238",35,45.57,2022-06-30 23:00:32,2025-08-14 23:46:22
2474,"Accessories Vargas, Ramos and Davis VA-652",35,41.98,2024-04-29 07:14:43,2025-04-03 10:09:54
2475,"Accessories Perry, Williams and Suarez pL-906",35,85.94,2021-01-24 01:40:56,2025-07-01 15:09:15
2476,Accessories Perez-Fernandez Am-865,35,64.32,2022-11-14 13:57:54,2025-07-31 08:02:26
2477,"Accessories Davis, Hancock and Martin JE-405",35,20.82,2022-06-16 18:24:07,2025-05-03 03:40:49
2478,Accessories Jones LLC iF-183,35,89.68,2024-01-09 05:38:11,2025-06-08 16:10:32
2479,Accessories Melton Ltd SB-259,35,92.29,2021-04-19 01:01:25,2025-01-24 18:58:38
2480,Accessories Beard Group tS-145,35,81.09,2020-09-19 07:07:44,2025-07-01 09:20:02
2481,Accessories Smith Ltd Sr-989,35,57.04,2021-07-25 18:23:48,2025-04-01 03:10:40
2482,Accessories Gardner LLC bc-091,35,5.65,2023-10-24 19:29:24,2025-02-16 03:17:45
2483,"Accessories Levine, Graham and Aguirre gD-475",35,42.02,2024-10-10 17:16:40,2025-08-04 03:06:37
2484,Accessories Price and Sons Dq-872,35,38.45,2023-01-20 21:44:56,2025-07-19 20:20:48
2485,"Accessories Miles, Ward and Abbott fq-368",35,93.3,2021-09-29 17:23:21,2025-06-23 14:30:30
2486,"Accessories White, Pratt and Morgan xA-793",35,66.71,2023-03-21 19:35:01,2025-08-03 22:51:18
2487,Accessories Khan-Elliott Xz-547,35,62.59,2024-04-25 15:48:24,2025-08-20 09:44:00
2488,Accessories Holden Ltd BY-875,35,38.26,2024-01-05 01:01:31,2025-05-10 21:09:57
2489,"Accessories Clay, Santana and Salas wD-022",35,27.79,2024-10-23 04:28:56,2025-03-16 12:30:06
2490,"Accessories Keller, Jackson and Gonzales lg-051",35,38.86,2022-02-18 06:04:20,2025-03-21 07:42:18
2491,Accessories Brown PLC UO-645,35,27.93,2024-02-10 10:08:42,2025-07-11 19:56:59
2492,Accessories Curry-Wilson KR-966,35,36.74,2019-08-11 16:35:04,2025-07-12 03:16:07
2493,Accessories White Ltd EM-329,35,44.89,2022-05-10 12:42:23,2025-08-27 06:34:40
2494,"Accessories Stephens, West and Tyler Yq-949",35,59.99,2024-05-15 09:19:02,2025-05-13 01:42:23
2495,"Accessories Green, Wilson and Fischer lZ-372",35,42.9,2024-10-15 21:04:59,2025-05-09 20:37:58
2496,Accessories Mitchell-Bowman zV-006,35,20.8,2024-09-17 16:50:52,2025-08-13 22:15:23
2497,Accessories Dean Ltd SS-717,35,51.63,2022-11-10 15:38:19,2025-02-28 02:27:08
2498,"Accessories Taylor, Sanchez and Chavez KW-114",35,27.24,2023-06-21 08:32:02,2025-01-15 23:27:57
2499,Accessories Mccall-Williamson Dg-457,35,36.53,2022-10-16 02:46:28,2025-08-25 15:50:12
2500,Accessories Baker Group rx-657,35,38.58,2019-11-17 21:54:40,2025-04-11 15:19:03
2501,Accessories Sanders-Vaughn ef-851,35,57.55,2019-01-09 20:54:52,2025-02-09 02:57:19
2502,Accessories Fisher-Hopkins ig-503,35,11.14,2020-06-25 17:37:34,2025-01-26 08:50:19
2503,Accessories Herman-Green Ku-101,35,54.36,2023-06-08 14:18:14,2025-07-10 15:14:00
2504,"Accessories Barrett, Vargas and Cole jJ-089",35,96.49,2021-05-24 04:23:44,2025-02-20 23:45:29
2505,"Accessories Randall, Sanchez and Snyder it-915",35,56.64,2022-01-02 16:02:44,2025-08-01 08:47:05
2506,Accessories Rollins Group Wf-354,35,89.42,2020-05-02 21:10:12,2025-08-26 07:42:53
2507,"Accessories Ortiz, Carson and Stewart XD-361",35,28.81,2021-09-18 12:13:28,2025-01-04 20:01:36
2508,Accessories Lynch-Mcintyre DQ-517,35,68.89,2019-03-16 12:20:24,2025-07-21 01:59:04
2509,Accessories Alvarado-Graves rg-074,35,42.13,2019-11-28 04:30:33,2025-04-24 23:05:28
2510,Accessories Simpson-Fitzgerald xc-805,35,16.9,2020-03-31 09:03:54,2025-04-22 12:37:01
2511,Accessories Bryant PLC Nm-333,35,40.27,2019-10-24 21:21:18,2025-04-05 23:23:01
2512,"Accessories Dixon, Perez and Floyd km-213",35,17.61,2023-09-29 12:50:55,2025-08-23 10:04:52
2513,"Accessories Moore, Williams and Thomas FX-002",35,100.07,2020-09-09 06:37:01,2025-05-09 05:43:23
2514,Accessories Robinson-Wilson Dw-915,35,74.47,2024-05-21 18:09:14,2025-06-12 13:38:03
2515,Accessories Mejia-Navarro jt-907,35,31.28,2022-12-31 05:37:39,2025-08-15 09:02:56
2516,Accessories Weaver-Howell JW-606,35,10.21,2021-02-10 12:21:59,2025-07-03 00:54:23
2517,Accessories Smith-Armstrong dW-507,35,59.29,2021-10-10 07:06:00,2025-08-09 15:54:50
2518,Accessories Lee and Sons cq-355,35,67.36,2020-09-27 00:34:31,2025-01-26 18:16:14
2519,Accessories Ramirez-Williams ai-551,35,64.59,2022-08-13 11:49:42,2025-04-19 02:00:35
2520,Accessories Diaz Group XU-618,35,77.82,2019-12-30 22:37:15,2025-07-28 04:01:26
2521,Accessories Butler PLC kF-171,35,67.21,2023-07-08 15:28:29,2025-01-26 03:51:48
2522,"Accessories Miller, Evans and Miller lG-185",35,31.63,2021-04-12 03:21:37,2025-02-27 02:01:36
2523,"Accessories Stevens, Trujillo and Olsen rz-956",35,76.4,2020-03-10 23:15:06,2025-07-31 04:06:26
2524,Accessories Baker-Rowland RD-321,35,74.91,2021-03-05 11:30:45,2025-07-26 17:20:21
2525,"Accessories Lopez, Berg and Buchanan Mr-035",35,34.51,2022-08-09 12:15:08,2025-05-10 11:27:21
2526,Accessories Willis and Sons OZ-508,35,82.18,2024-03-22 04:23:45,2025-02-03 12:37:58
2527,Accessories Keller-Cuevas JE-138,35,15.49,2019-10-13 11:37:57,2025-06-30 17:33:29
2528,Accessories Wilson-Nelson hW-188,35,71.51,2021-04-07 04:14:48,2025-05-23 05:49:40
2529,"Accessories Howard, Tucker and Clark eL-458",35,20.38,2022-06-22 08:35:05,2025-06-14 14:44:24
2530,Accessories Haynes-Johnson yo-913,35,63.43,2022-03-07 19:23:54,2025-01-31 08:43:07
2531,Accessories Jones Ltd Eh-667,35,31.76,2021-02-12 11:36:31,2025-08-24 19:10:32
2532,Accessories Sexton LLC WW-695,35,75.21,2019-08-30 05:35:45,2025-07-17 04:03:12
2533,Accessories Harris Inc LI-584,35,75.62,2019-09-01 15:13:53,2025-06-13 18:56:12
2534,Accessories Lee Ltd Tv-539,35,59.69,2022-05-09 12:49:14,2025-03-04 18:44:05
2535,Accessories Williams-Bennett YD-196,35,91.85,2019-09-13 11:30:24,2025-07-09 17:48:24
2536,Accessories Keith-Morrison id-581,35,67.97,2021-11-09 12:55:06,2025-03-21 02:52:42
2537,"Accessories Norris, Smith and Buck Nz-528",35,90.28,2024-05-16 11:19:23,2025-03-29 10:50:28
2538,"Accessories Byrd, Patel and Murphy KN-911",35,64.86,2020-10-03 14:56:32,2025-08-15 19:13:11
2539,Accessories Orr Inc ID-715,35,81.75,2020-02-18 12:39:26,2025-01-21 23:25:15
2540,Accessories Valentine-Cook PS-154,35,44.07,2019-12-10 03:48:11,2025-07-28 00:34:36
2541,Accessories Sanchez and Sons rY-286,35,24.82,2022-11-25 17:18:47,2025-06-30 13:41:46
2542,Accessories Mata Inc PV-486,35,21.41,2021-10-08 18:39:12,2025-08-19 17:27:28
2543,Accessories Gonzalez-Fox UD-581,35,94.47,2019-04-25 22:05:05,2025-05-14 05:37:57
2544,Accessories Mccullough-Chandler HL-225,35,80.15,2023-10-30 22:00:16,2025-05-08 22:18:49
2545,Accessories Johns LLC TX-466,35,97.3,2019-08-12 01:46:06,2025-06-16 17:15:48
2546,"Accessories Hernandez, Diaz and Smith KO-095",35,71.41,2019-02-26 14:43:18,2025-08-11 03:42:38
2547,Accessories Chavez-Marshall Ga-933,35,69.43,2022-10-14 13:50:28,2025-02-19 20:47:51
2548,"Printers Wright, Richards and Harris Bl-598",37,60.27,2023-01-31 02:52:43,2025-02-20 09:42:56
2549,Printers Carter PLC oo-736,37,42.37,2023-07-23 06:04:36,2025-05-04 15:21:34
2550,"Printers Brown, Clark and Adams Da-657",37,12.5,2022-07-24 11:51:43,2025-08-13 07:06:01
2551,Printers Carter Ltd cJ-984,37,51.53,2022-04-17 20:53:10,2025-03-21 03:20:37
2552,"Printers Yu, Atkinson and Morales sh-861",37,213.01,2019-12-29 10:35:28,2025-05-18 16:55:12
2553,Printers Clark-Thomas de-692,37,135.98,2021-01-14 16:35:36,2025-02-07 07:28:02
2554,Printers Murphy-Guerra fx-876,37,152.89,2023-04-11 00:32:29,2025-07-29 16:48:59
2555,Printers Fisher Inc yV-016,37,92.64,2021-03-17 19:16:38,2025-08-26 10:45:16
2556,"Printers Shea, Hobbs and Mitchell Gt-185",37,7.12,2020-08-06 17:13:19,2025-06-03 21:49:12
2557,"Printers Mullins, Collins and Thomas Sh-718",37,124.62,2023-09-17 08:12:22,2025-07-30 09:43:56
2558,"Printers Parker, Jordan and Rojas FL-927",37,183.08,2022-05-06 00:14:19,2025-08-04 08:48:02
2559,"Printers Murphy, Allen and Horn Mx-735",37,73.25,2019-08-16 05:36:09,2025-03-28 00:26:37
2560,Printers Thompson-Graham DF-675,37,138.78,2024-06-22 00:26:08,2025-05-15 22:51:03
2561,Printers Young-Romero kZ-332,37,112.09,2024-03-19 01:13:58,2025-03-29 10:17:12
2562,Printers Holland-Cole Va-187,37,187.14,2023-08-25 09:41:13,2025-01-31 12:41:42
2563,"Printers Bishop, Buchanan and Browning BJ-624",37,59.53,2019-11-16 11:52:40,2025-05-13 14:07:23
2564,"Printers Williams, Martinez and Scott jO-633",37,4.81,2022-08-16 07:19:49,2025-07-21 16:38:02
2565,Printers Stewart-Bartlett re-414,37,101.36,2022-09-10 21:56:35,2025-05-25 07:37:46
2566,Printers Mendoza-Wright XB-433,37,123.19,2024-07-23 21:06:28,2025-02-23 22:43:47
2567,Printers Esparza and Sons qZ-434,37,11.31,2023-11-06 03:40:34,2025-01-24 09:44:56
2568,Printers Palmer-Mayo CM-688,37,70.57,2024-10-20 17:00:50,2025-06-02 05:50:37
2569,Printers Owens PLC Kx-419,37,52.78,2023-07-13 07:53:10,2025-01-04 09:47:56
2570,Printers Perez-Taylor bf-035,37,158.82,2024-10-26 23:02:51,2025-08-13 11:35:27
2571,Printers Myers Inc mB-348,37,154.83,2019-08-30 01:35:02,2025-02-15 22:00:44
2572,Printers Daniel-Mathis vQ-039,37,95.72,2024-10-30 15:45:30,2025-08-15 08:49:20
2573,"Printers Lee, Hensley and Bowman Hd-871",37,30.37,2024-11-22 10:43:37,2025-08-11 19:36:08
2574,Printers Bruce Ltd LB-311,37,185.62,2021-02-18 09:31:03,2025-07-13 06:04:22
2575,Printers Mooney-Strong Op-463,37,57.38,2022-07-17 13:00:51,2025-04-29 04:33:33
2576,Printers Day Ltd hS-275,37,105.42,2020-02-08 09:37:33,2025-03-04 01:53:29
2577,Printers Lucas Group vn-724,37,204.12,2023-12-02 16:43:14,2025-02-22 09:55:59
2578,"Printers Wright, Huang and Nelson LA-424",37,130.55,2021-04-05 07:07:50,2025-08-28 21:54:14
2579,Printers Compton-Mckee CE-612,37,95.83,2024-04-09 07:59:19,2025-04-07 22:31:38
2580,Printers Williams Group Cq-282,37,67.64,2019-09-02 20:38:00,2025-01-01 20:03:51
2581,Printers Jackson-Walker ht-401,37,104.06,2024-05-03 04:56:01,2025-05-28 12:51:50
2582,Printers Vasquez-Thompson EG-987,37,127.06,2022-03-09 12:21:23,2025-03-03 14:51:01
2583,"Printers Booker, Hall and Benjamin jr-853",37,174.7,2023-06-02 04:15:16,2025-02-08 10:15:16
2584,Printers Garcia-Williams Od-837,37,145.26,2024-09-04 21:12:34,2025-05-25 01:09:57
2585,"Printers Landry, Macias and Crawford wv-347",37,131.64,2024-01-15 14:24:57,2025-05-18 18:21:39
2586,Printers Dawson-Turner XV-061,37,39.43,2024-04-14 09:07:11,2025-07-22 22:19:02
2587,"Printers Mcdowell, Mcgee and Wilson Vq-337",37,119.3,2023-04-29 16:07:24,2025-07-07 18:58:23
2588,"Printers Cantu, Holder and Garcia uK-583",37,113.97,2022-08-01 04:50:30,2025-06-17 02:54:41
2589,Printers Campbell-Hernandez wv-682,37,93.55,2024-01-08 00:31:00,2025-07-16 14:11:03
2590,"Printers Carter, Griffin and Griffith vF-599",37,79.51,2024-05-29 08:13:20,2025-07-08 11:31:14
2591,Printers Adkins-Vasquez CT-134,37,19.23,2020-03-15 16:40:58,2025-02-25 11:27:55
2592,Printers Wilson-Washington PV-319,37,120.61,2019-05-01 19:46:14,2025-04-24 02:04:28
2593,Printers Sanchez Inc Js-574,37,108.94,2023-08-15 21:49:08,2025-03-26 16:38:09
2594,"Printers Foster, Berry and Mccarthy By-438",37,160.11,2024-06-25 20:45:43,2025-07-22 04:25:55
2595,Printers Blanchard-Middleton nw-671,37,17.06,2023-07-14 19:20:07,2025-06-19 23:04:03
2596,"Printers Johns, Jackson and Taylor wf-374",37,169.95,2019-09-04 16:51:01,2025-03-20 21:00:17
2597,"Printers Mcmillan, Thompson and Tran KG-851",37,120.35,2019-12-15 13:21:26,2025-02-03 09:43:18
2598,"Printers Wilson, Burke and Harvey KH-159",37,12.2,2019-06-16 23:09:28,2025-02-22 08:24:44
2599,Printers Stewart Inc pJ-537,37,72.22,2022-12-08 07:56:30,2025-01-07 11:49:21
2600,Printers Wilson-Benitez Ke-057,37,131.36,2020-12-30 08:50:37,2025-03-18 13:05:26
2601,Printers Black-Potts AS-049,37,187.6,2020-10-04 01:33:58,2025-06-01 22:26:25
2602,Printers Kirby Group hg-869,37,98.96,2021-01-10 07:27:57,2025-07-29 05:04:01
2603,Printers Fletcher-Cardenas dl-371,37,69.07,2021-05-30 22:33:32,2025-02-08 06:07:55
2604,"Printers Kelly, Lowe and Hale jK-183",37,25.34,2021-05-04 10:10:34,2025-05-28 14:57:21
2605,Printers Garner Group yF-342,37,192.38,2021-09-24 03:43:42,2025-07-23 14:50:23
2606,Printers White LLC XN-366,37,180.83,2024-07-06 06:49:11,2025-08-30 19:10:50
2607,"Printers Maddox, Cameron and Short ig-929",37,39.86,2023-02-28 16:38:37,2025-04-01 08:31:25
2608,Printers Munoz Ltd xR-680,37,94.28,2019-01-08 20:26:03,2025-05-04 18:55:34
2609,Printers Vargas-Smith xH-500,37,111.4,2023-11-26 05:58:43,2025-08-20 03:03:49
2610,Printers Reeves LLC ch-456,37,192.2,2023-07-17 06:24:53,2025-02-19 20:31:11
2611,"Printers Carter, Lopez and Coleman AO-079",37,8.56,2023-09-15 21:25:01,2025-06-13 21:17:59
2612,Printers Rogers-Anderson jo-585,37,101.91,2022-04-25 02:03:11,2025-08-15 17:57:09
2613,Printers Lopez-Simpson so-363,37,99.82,2019-06-07 06:53:04,2025-02-09 12:10:38
2614,Printers Small Ltd Sz-290,37,50.19,2019-06-05 07:22:47,2025-02-25 12:41:24
2615,Printers Brown-Jones ig-469,37,184.85,2019-04-05 18:42:28,2025-06-07 20:25:37
2616,Printers Turner and Sons Cx-146,37,109.64,2021-05-05 08:39:31,2025-04-10 05:42:17
2617,"Printers Stone, Martinez and Escobar pb-355",37,65.63,2019-01-15 08:02:03,2025-06-07 04:20:23
2618,Printers Griffith-Lozano hu-305,37,199.32,2024-07-12 06:36:48,2025-01-29 18:14:36
2619,Printers Wilson-Salinas Mn-748,37,154.54,2024-03-20 16:50:10,2025-06-02 03:23:47
2620,"Printers Hansen, Marshall and Williams SN-836",37,186.69,2023-08-20 13:44:08,2025-06-03 22:59:05
2621,Printers Abbott Inc tR-367,37,71.09,2022-03-31 09:05:14,2025-02-07 12:28:14
2622,Printers Manning Ltd bG-295,37,70.18,2024-12-25 21:09:07,2025-01-21 10:11:54
2623,"Printers Hardin, Miller and Alvarez qm-325",37,186.67,2021-07-08 02:25:57,2025-04-20 11:59:58
2624,Printers Gonzalez-Jones Fy-656,37,170.81,2019-10-01 11:39:19,2025-01-29 04:06:35
2625,Printers Holt LLC ss-101,37,115.74,2021-12-22 15:54:59,2025-02-11 22:43:13
2626,Printers Wells Group hL-656,37,65.75,2023-12-04 20:29:41,2025-03-14 23:50:21
2627,Printers Sampson-Brown Uf-677,37,61.81,2020-06-27 02:12:33,2025-07-19 02:05:44
2628,Printers Edwards-Vazquez bu-645,37,154.5,2021-01-21 05:55:03,2025-07-08 01:19:42
2629,Printers Grant-Boyer pJ-627,37,23.07,2023-11-20 21:18:58,2025-04-03 21:59:46
2630,Printers Jones-Jacobs GJ-285,37,7.03,2020-10-26 15:14:53,2025-08-18 01:44:09
2631,Printers Castillo-Todd fe-642,37,179.69,2019-06-21 07:30:43,2025-07-29 20:37:00
2632,Printers Short LLC Rc-341,37,130.68,2023-01-08 21:27:15,2025-06-05 21:56:53
2633,Printers Sanders PLC nG-048,37,73.28,2020-08-20 10:52:45,2025-01-22 07:27:05
2634,Printers Jones PLC PB-873,37,173.23,2019-04-04 07:23:16,2025-01-06 13:30:18
2635,Printers Atkinson LLC RT-053,37,72.28,2024-09-17 10:35:45,2025-08-17 11:04:17
2636,Printers Wilson and Sons hD-253,37,47.37,2024-11-21 20:23:15,2025-05-20 18:31:41
2637,"Printers Bryant, Pearson and Patterson Sh-508",37,107.45,2020-11-09 10:27:24,2025-03-21 19:11:55
2638,Printers Vincent Ltd Xa-314,37,188.06,2023-07-07 18:48:42,2025-01-28 01:23:24
2639,Printers Odom and Sons na-720,37,151.78,2023-05-08 19:43:02,2025-03-20 09:42:53
2640,Printers Simpson-Terry eD-811,37,39.45,2022-08-18 20:57:58,2025-05-06 01:58:26
2641,"Printers Ellis, Cervantes and Arnold XI-131",37,38.34,2021-08-25 22:14:37,2025-08-02 07:02:04
2642,"Printers Powell, Baker and Lin AO-901",37,6.99,2022-04-24 03:25:22,2025-03-05 20:59:25
2643,"Printers Martinez, Montgomery and Chavez yS-825",37,47.05,2023-07-23 02:29:42,2025-04-03 02:44:46
2644,Printers Mathis-Baker qc-998,37,38.37,2021-11-15 22:57:57,2025-05-09 18:56:20
2645,Printers Gardner Ltd Cf-254,37,20.25,2024-07-22 18:32:29,2025-03-13 17:07:23
2646,"Printers Boyd, Hooper and Santiago fR-582",37,138.34,2021-11-07 19:13:45,2025-02-12 03:19:47
2647,Printers Lang-Crawford cM-083,37,19.97,2021-08-15 07:36:08,2025-03-17 12:02:02
2648,"Printers Wallace, Reid and Gonzalez JL-774",37,50.65,2020-06-27 12:56:54,2025-07-30 17:27:44
2649,Printers Nelson-Newton ZZ-229,37,82.45,2020-11-06 19:12:40,2025-06-20 04:58:06
2650,Printers Sanders Inc am-579,37,196.5,2023-02-14 00:21:55,2025-06-20 22:53:19
2651,Printers Ferrell Inc Uc-311,37,83.76,2023-02-20 12:10:51,2025-03-26 11:28:40
2652,Printers Bennett and Sons vt-630,37,167.93,2024-01-09 04:43:32,2025-07-17 22:43:40
2653,Printers Robinson-Pugh uP-047,37,52.82,2024-11-24 15:13:40,2025-05-05 00:49:55
2654,"Printers Austin, Wong and Pearson AG-797",37,56.2,2024-05-03 07:02:06,2025-04-08 12:32:15
2655,Printers Ford-Travis cb-637,37,150.31,2022-09-27 01:57:43,2025-08-15 00:33:07
2656,Printers Carrillo LLC hD-825,37,46.15,2019-06-30 23:40:21,2025-06-04 10:42:57
2657,Printers Davis-Powers Gq-528,37,12.42,2019-03-29 10:12:39,2025-06-30 21:13:13
2658,Printers Turner Group Es-518,37,65.5,2021-06-30 03:59:28,2025-05-19 00:48:55
2659,Printers Payne-Barnes zL-213,37,149.24,2021-07-17 23:25:26,2025-06-01 21:15:04
2660,Printers Bush-Martinez YU-374,37,146.45,2021-06-17 10:37:13,2025-06-14 06:39:20
2661,"Printers Medina, Coleman and Cook Uf-222",37,33.88,2020-02-09 12:42:40,2025-02-07 20:15:56
2662,Printers Rhodes Group nH-001,37,70.12,2022-11-03 12:44:56,2025-01-14 10:39:01
2663,"Printers Hamilton, Fisher and Sosa tH-006",37,199.5,2019-06-21 00:38:10,2025-01-06 06:25:19
2664,"Printers Rogers, Alvarez and Singh gt-993",37,215.99,2022-06-09 23:09:19,2025-04-29 15:08:07
2665,Printers Cole-Austin lp-956,37,143.63,2019-11-20 09:22:35,2025-03-04 16:54:23
2666,Printers Brooks-Merritt FC-050,37,5.67,2022-10-06 16:19:11,2025-05-31 20:26:11
2667,Printers Wilson-Patterson sS-064,37,153.22,2021-04-07 18:31:35,2025-06-18 05:18:00
2668,Printers Reed-Cortez Uv-438,37,66.99,2023-06-21 03:03:16,2025-01-16 17:35:22
2669,Printers Davis and Sons Aq-371,37,92.18,2022-01-21 11:55:47,2025-03-04 19:31:00
2670,Printers Kelly LLC kH-229,37,14.94,2020-12-23 23:52:53,2025-04-19 05:47:46
2671,Printers Martinez-Gilmore zy-110,37,158.66,2023-04-09 20:22:29,2025-02-23 21:23:18
2672,"Printers Brown, Black and Ryan Hn-706",37,106.28,2023-12-15 21:34:22,2025-08-12 16:19:37
2673,"Printers Francis, Rich and Fisher Tf-647",37,127.19,2020-11-02 23:08:16,2025-07-18 07:28:23
2674,"Printers Ryan, Newman and Williams gv-303",37,41.37,2020-05-17 13:46:02,2025-04-26 23:03:13
2675,Printers Miller-Ramirez ov-264,37,181.19,2019-11-19 23:47:36,2025-05-26 04:44:30
2676,Printers Anderson-Howard pM-840,37,53.15,2024-03-26 00:06:37,2025-07-24 10:36:10
2677,Printers Mcdonald LLC QK-942,37,165.94,2021-10-28 11:57:52,2025-03-03 13:42:20
2678,Printers Campbell-Johnson TC-544,37,11.01,2019-12-10 13:49:28,2025-01-16 01:21:23
2679,Printers Bryant-Webb ul-774,37,91.99,2024-08-21 23:45:53,2025-06-20 22:05:51
2680,Printers Cooley Inc Hr-649,37,174.56,2023-10-17 05:50:39,2025-08-13 19:44:54
2681,Printers Leonard-Robinson bz-966,37,70.91,2022-08-16 21:51:26,2025-05-10 05:52:55
2682,Printers Mosley and Sons Gh-690,37,44.84,2023-01-14 03:55:18,2025-02-06 04:02:59
2683,Printers Rivera Ltd ws-651,37,166.08,2023-04-01 16:12:08,2025-08-06 20:17:46
2684,"Printers Jones, Gonzalez and Reynolds Pc-093",37,118.88,2023-04-03 13:38:49,2025-06-23 10:49:17
2685,Printers Clark-Proctor dS-102,37,127.5,2019-04-19 10:38:57,2025-04-21 03:37:01
2686,Printers Smith-Jordan Rm-944,37,166.83,2023-06-10 18:24:48,2025-01-06 05:00:20
2687,Printers Fernandez-Parker rG-528,37,150.01,2022-07-17 21:13:36,2025-01-20 19:37:07
2688,Printers Fuller and Sons Vi-776,37,166.75,2023-10-29 21:22:13,2025-03-22 20:48:02
2689,Printers Armstrong-Cardenas qi-155,37,10.17,2023-12-05 00:50:51,2025-08-28 03:59:30
2690,Printers Allen-Combs pt-711,37,70.2,2023-12-29 03:36:52,2025-04-21 13:46:26
2691,Printers Brooks-Myers dJ-766,37,95.34,2021-09-29 14:26:34,2025-01-11 16:17:12
2692,Printers Williams-Huynh JQ-764,37,182.34,2021-04-21 17:41:05,2025-04-09 16:07:58
2693,"Printers Shannon, Huang and Harmon eI-874",37,27.98,2020-06-05 06:00:37,2025-05-20 20:43:54
2694,Printers Warren-Padilla Ww-195,37,98.49,2019-01-10 17:30:31,2025-01-10 05:46:24
2695,Printers Preston Ltd pz-490,37,78.23,2024-04-28 06:39:00,2025-03-04 20:42:22
2696,Printers Vaughan LLC Mv-665,37,131.9,2020-05-28 10:19:57,2025-04-19 15:21:11
2697,Printers Jordan-Olson Pg-406,37,215.14,2023-08-14 12:31:19,2025-06-22 11:23:15
2698,Printers Vasquez-Sandoval bW-632,37,162.07,2021-05-14 09:33:56,2025-07-09 10:32:19
2699,"Printers Andrews, Evans and Bowen em-213",37,76.29,2019-02-21 16:38:17,2025-08-02 21:49:46
2700,"Printers Anderson, Riddle and Davis VX-640",37,16.63,2023-05-30 10:02:58,2025-06-23 22:47:12
2701,"Printers Lynch, Ramirez and Cunningham qn-027",37,117.58,2022-04-12 09:18:48,2025-01-03 08:15:36
2702,"Printers Cunningham, Clarke and Obrien yY-530",37,73.64,2019-06-11 18:54:10,2025-03-08 21:47:41
2703,"Printers Rodriguez, Craig and Welch lT-886",37,163.07,2022-10-21 14:59:55,2025-06-07 15:31:51
2704,Printers Chambers and Sons Ex-082,37,80.98,2020-12-22 02:29:40,2025-05-11 02:55:34
2705,Printers Rogers-Love ZH-071,37,187.39,2021-11-16 11:47:03,2025-01-25 07:19:53
2706,"Printers Olsen, Pearson and Russell ks-171",37,52.02,2024-05-02 08:14:20,2025-04-16 04:07:21
2707,"Printers Carter, West and Martin RI-442",37,59.2,2022-07-31 20:41:05,2025-05-10 20:41:31
2708,Printers Caldwell and Sons QP-454,37,164.75,2021-09-26 23:25:50,2025-07-30 00:06:23
2709,Printers Shaw PLC ka-916,37,59.22,2024-04-22 15:23:14,2025-05-25 18:31:23
2710,Printers Reid PLC bL-014,37,181.69,2024-11-11 11:19:20,2025-04-26 12:28:51
2711,Printers Bailey and Sons QC-836,37,75.42,2024-11-04 01:14:16,2025-03-02 09:46:04
2712,"Printers Perez, Williams and Martin JY-336",37,195.61,2019-09-25 02:28:27,2025-03-01 21:07:58
2713,Printers Wallace LLC lz-590,37,41.35,2019-10-30 12:50:56,2025-05-08 17:04:34
2714,Printers Harris and Sons wA-710,37,174.57,2019-01-28 17:32:55,2025-04-14 03:36:54
2715,Printers Young-Morgan yZ-818,37,120.86,2024-02-01 00:20:13,2025-01-28 04:51:15
2716,Printers Anderson PLC Up-417,37,133.58,2022-10-10 07:41:50,2025-03-15 23:44:09
2717,"Printers Long, Rivera and Schmitt KJ-228",37,29.58,2024-05-20 13:40:20,2025-05-17 12:52:15
2718,"Printers Bell, Colon and Blanchard oE-076",37,144.15,2023-10-02 02:07:17,2025-05-07 11:26:00
2719,Printers Parsons Group Wi-880,37,82.8,2019-01-03 08:37:46,2025-08-19 22:40:16
2720,"Printers Reynolds, Love and Sanchez TL-671",37,135.8,2023-03-03 13:23:03,2025-03-22 14:50:14
2721,"Printers Jones, Woods and Parker By-426",37,128.63,2022-08-21 15:21:23,2025-02-09 12:26:47
2722,"Printers Rose, Jennings and Ferguson Vl-246",37,51.52,2024-03-29 15:39:53,2025-05-21 03:36:30
2723,Printers Lester-Odonnell yi-066,37,109.9,2024-05-06 03:57:00,2025-07-17 11:17:23
2724,Printers Diaz Ltd dW-714,37,74.97,2019-12-12 08:03:46,2025-03-30 06:28:20
2725,Printers Mann-Smith mU-421,37,83.58,2022-02-28 13:03:42,2025-07-23 14:33:49
2726,Printers Lawson-Pham MM-932,37,99.29,2020-08-14 06:53:06,2025-06-22 19:25:45
2727,"Printers Stewart, Holloway and Ochoa sw-306",37,105.68,2019-03-13 01:11:35,2025-06-25 20:13:55
2728,Printers Lawson-Hogan dR-180,37,79.01,2023-05-22 21:54:06,2025-04-20 09:15:10
2729,Printers Grimes Group TD-715,37,144.85,2020-08-05 12:11:46,2025-03-07 21:54:58
2730,Printers Garrison PLC AE-890,37,29.53,2024-07-25 16:31:12,2025-05-10 10:36:52
2731,Printers Green Ltd va-006,37,69.87,2023-05-12 18:38:53,2025-07-08 10:36:39
2732,Printers Gonzalez-Mayer he-652,37,48.29,2023-05-04 22:08:19,2025-08-03 03:44:34
2733,"Printers Potter, Rodriguez and Fleming cE-463",37,167.87,2020-08-15 16:34:43,2025-06-28 19:41:15
2734,Printers Reyes-Barnes CK-594,37,76.89,2024-09-09 04:14:55,2025-04-22 09:34:06
2735,"Printers Levine, Scott and Fields ug-397",37,168.54,2019-06-18 13:54:27,2025-03-20 19:49:34
2736,Printers Anderson-Scott yX-271,37,88.92,2022-02-19 09:16:28,2025-01-07 10:11:22
2737,"Printers Scott, Avila and Munoz iJ-105",37,121.57,2021-01-25 06:01:33,2025-07-21 22:32:14
2738,Printers Miller-Evans XL-546,37,40.35,2019-11-08 07:43:34,2025-08-17 17:45:18
2739,"Printers Graham, Hardy and Richardson Du-073",37,87.23,2019-06-19 02:03:16,2025-08-25 10:14:46
2740,"Printers Clark, Flowers and Fernandez yJ-726",37,127.31,2019-02-03 06:33:57,2025-01-24 07:23:02
2741,"Printers Boyd, Park and Weber NL-662",37,117.48,2022-08-12 17:58:32,2025-08-07 11:40:25
2742,Printers Bonilla Ltd hY-685,37,107.42,2024-09-10 10:24:35,2025-01-16 20:14:32
2743,"Printers Rice, Ibarra and Phillips Sj-671",37,85.52,2022-01-11 09:05:16,2025-03-12 11:33:54
2744,"Printers Olson, Mccormick and Christensen hh-572",37,167.21,2019-12-12 17:53:22,2025-02-23 06:54:39
2745,Printers Rodriguez Ltd yU-146,37,135.68,2020-06-09 14:42:10,2025-01-28 22:52:59
2746,"Printers Smith, Leonard and Jackson Yf-159",37,87.96,2024-10-10 09:09:35,2025-08-17 20:57:22
2747,"Printers Smith, Wright and Silva YK-164",37,65.24,2019-04-25 08:32:22,2025-01-10 07:03:35
2748,Printers Hubbard-Chan ay-838,37,146.93,2019-03-09 03:47:54,2025-03-29 19:46:40
2749,Printers Cox and Sons qB-238,37,160.17,2024-08-23 16:56:20,2025-03-05 13:19:19
2750,"Printers Miller, Marshall and Walker Ps-207",37,180.52,2024-11-19 02:35:29,2025-06-05 02:59:57
2751,"Stationery Brown, Kane and Morrison Rp-689",38,205.45,2024-03-21 16:08:42,2025-03-25 02:19:50
2752,Stationery Parker Group Mx-213,38,152.89,2023-08-10 02:24:48,2025-03-20 19:49:40
2753,Stationery Nelson-Cole AR-549,38,186.8,2022-04-29 00:28:14,2025-01-02 13:43:30
2754,"Stationery Johnson, Johnson and Norman ig-928",38,90.95,2022-10-31 02:42:01,2025-05-21 14:43:29
2755,"Stationery Sanders, Phillips and Morris Do-584",38,72.34,2023-01-12 07:01:21,2025-03-01 16:39:57
2756,Stationery Gibbs PLC mp-483,38,75.62,2022-12-26 12:48:16,2025-05-20 03:14:29
2757,"Stationery Park, Elliott and Anderson Al-706",38,8.71,2021-10-01 13:53:04,2025-04-06 10:07:12
2758,Stationery Stevenson Group Vx-560,38,87.59,2021-02-24 11:09:28,2025-03-05 11:04:51
2759,Stationery Holmes-Walker OU-927,38,116.51,2020-07-17 17:15:07,2025-05-30 10:33:31
2760,Stationery Armstrong-Mills kp-004,38,41.92,2019-12-16 19:53:40,2025-05-31 04:47:52
2761,"Stationery Garcia, Smith and Moran LK-147",38,154.53,2022-04-11 22:00:41,2025-04-22 03:36:49
2762,"Stationery Smith, Davis and Lyons nu-191",38,168.59,2023-02-26 09:08:16,2025-06-22 11:46:01
2763,"Stationery Dean, Shaw and Olson Ky-632",38,18.15,2020-03-28 00:18:45,2025-03-02 04:39:03
2764,Stationery Leonard-Young Ye-359,38,161.1,2024-04-14 05:48:46,2025-04-13 22:50:42
2765,Stationery Martinez-Johnson rY-450,38,82.05,2024-03-17 08:35:00,2025-01-14 20:25:05
2766,Stationery Davis Group il-268,38,61.84,2020-10-16 06:03:28,2025-03-31 22:24:33
2767,Stationery Hall-Juarez kZ-043,38,84.89,2019-01-04 00:35:39,2025-07-21 23:29:53
2768,Stationery Edwards Group iO-948,38,74.03,2020-02-23 13:55:56,2025-07-12 02:51:06
2769,Stationery Wilson PLC AC-822,38,61.3,2024-12-16 08:08:16,2025-06-28 23:05:34
2770,"Stationery Eaton, Lowe and Perez rr-777",38,173.74,2019-06-18 02:31:04,2025-05-05 03:36:40
2771,Stationery Kelly PLC mx-922,38,79.1,2022-09-25 15:38:23,2025-07-10 04:41:02
2772,"Stationery Fisher, Mccoy and Burns Rf-589",38,10.11,2021-02-28 11:30:04,2025-03-26 15:27:30
2773,Stationery Murphy-Cruz gq-303,38,94.15,2022-06-11 19:37:57,2025-02-03 14:53:38
2774,Stationery Davis LLC YU-617,38,90.47,2022-04-02 08:39:31,2025-06-29 01:40:24
2775,"Stationery Harris, Brown and Gray sg-115",38,60.91,2023-03-04 17:49:47,2025-08-26 23:08:49
2776,Stationery Washington Inc Jc-888,38,144.74,2023-12-30 14:02:28,2025-07-23 15:33:32
2777,Stationery Simpson and Sons vF-902,38,164.33,2022-05-22 23:43:16,2025-06-02 13:07:30
2778,Stationery Collins and Sons oY-481,38,170.18,2019-10-07 23:58:24,2025-04-25 18:41:03
2779,"Stationery Nash, Osborne and Higgins sL-625",38,13.69,2019-02-26 14:05:56,2025-05-10 09:20:50
2780,Stationery Griffith-Hale kj-096,38,100.03,2022-04-24 03:42:57,2025-01-14 07:56:13
2781,Stationery Patterson and Sons nK-335,38,143.94,2019-03-22 08:13:45,2025-06-25 03:31:38
2782,"Stationery Watkins, Wood and Walker rl-628",38,95.33,2020-01-19 04:21:56,2025-08-22 06:27:11
2783,Stationery Bell-Miles hi-691,38,147.21,2022-03-30 05:38:54,2025-03-03 08:04:09
2784,Stationery Fields-Arnold bg-007,38,87.88,2023-06-30 14:05:16,2025-04-21 17:39:13
2785,"Stationery Robinson, Anthony and Hall vG-155",38,116.98,2024-07-06 10:15:09,2025-03-22 08:24:59
2786,Stationery Garcia-Hutchinson vT-320,38,78.58,2021-04-05 12:03:33,2025-01-16 16:24:59
2787,"Stationery Watts, Hull and Phillips jl-021",38,148.94,2019-05-04 16:39:07,2025-06-30 06:40:07
2788,Stationery Shelton-Brock Kz-579,38,47.15,2024-10-19 12:25:25,2025-05-29 14:56:33
2789,Stationery Hopkins-Ballard kK-937,38,119.94,2019-11-10 08:59:45,2025-07-22 23:07:53
2790,"Stationery Yoder, Morgan and Nguyen Bp-302",38,187.21,2023-10-05 20:29:16,2025-04-13 09:13:11
2791,Stationery Gonzalez and Sons Dk-556,38,133.98,2019-12-05 13:05:58,2025-05-15 19:49:03
2792,"Stationery Webster, Day and Griffin Wh-450",38,142.47,2020-03-02 14:18:01,2025-04-30 05:05:14
2793,"Stationery Palmer, Coleman and Peters bo-031",38,12.9,2022-01-02 17:30:44,2025-08-13 07:27:18
2794,Stationery Downs LLC xM-055,38,176.74,2022-05-03 04:48:44,2025-08-04 03:10:42
2795,Stationery Martin-Nunez vR-808,38,9.68,2024-02-08 22:33:54,2025-07-14 04:30:49
2796,Stationery White Inc ww-171,38,136.25,2021-10-29 17:37:54,2025-08-18 16:19:41
2797,Stationery Rose-White le-044,38,147.14,2019-03-02 21:57:05,2025-01-31 18:52:00
2798,"Stationery Barrett, Johnson and Miller hU-218",38,68.63,2023-11-29 21:53:13,2025-03-25 18:27:45
2799,Stationery Parker-Walsh Dm-522,38,46.82,2024-11-13 18:52:40,2025-03-11 04:15:35
2800,Stationery Hodges PLC Zi-161,38,73.14,2020-05-24 14:51:03,2025-05-28 23:06:00
2801,Stationery Hanson-Martinez RJ-089,38,126.09,2024-05-19 22:19:55,2025-07-29 14:12:58
2802,Stationery Carter-Pham ct-756,38,21.17,2024-01-11 11:42:13,2025-05-24 14:16:50
2803,Stationery Arias-Lopez iq-808,38,201.69,2019-12-19 00:29:56,2025-08-27 03:26:32
2804,Stationery Wright Ltd Bn-437,38,173.89,2022-11-03 03:41:16,2025-07-17 01:19:09
2805,"Stationery Long, Brown and Sanchez VL-687",38,162.17,2022-07-06 04:39:32,2025-08-21 22:39:50
2806,Stationery Mcpherson Ltd Xv-542,38,64.22,2020-05-06 05:15:40,2025-05-18 17:10:41
2807,"Stationery Nelson, Ryan and Hardy sa-517",38,159.2,2022-09-27 10:19:48,2025-07-14 11:43:09
2808,"Stationery Fletcher, Garcia and Johnson jb-072",38,18.04,2019-10-28 10:20:54,2025-06-24 22:48:40
2809,Stationery Johnson-Johnson Uk-563,38,155.91,2019-02-11 10:42:59,2025-07-23 05:12:50
2810,"Stationery Stevens, Williams and Black bv-957",38,10.88,2024-06-29 18:06:48,2025-05-03 15:48:19
2811,"Stationery Price, Williams and Heath HP-429",38,34.78,2022-03-24 21:00:49,2025-07-30 10:43:46
2812,Stationery Petersen Group QP-205,38,130.91,2024-12-04 13:34:25,2025-02-18 20:35:58
2813,"Stationery Porter, Burnett and Kelly Sa-472",38,57.64,2022-03-13 11:13:55,2025-03-30 01:59:13
2814,Stationery Moore-Garcia Xl-380,38,143.21,2021-12-07 11:35:43,2025-01-30 17:52:50
2815,Stationery Smith-Martinez Jr-845,38,109.51,2024-04-13 15:52:16,2025-06-25 09:05:34
2816,Stationery Peterson-Stewart vL-722,38,63.22,2022-10-01 07:13:46,2025-01-08 03:36:31
2817,Stationery Atkins PLC CI-355,38,55.13,2023-03-10 22:46:43,2025-08-06 17:59:19
2818,"Stationery Thomas, Gutierrez and Aguirre SI-489",38,67.71,2020-07-22 11:10:18,2025-01-19 17:04:31
2819,Stationery Jones-Lewis VB-823,38,182.17,2020-03-28 22:49:56,2025-01-27 23:02:06
2820,"Stationery Baker, Williams and Santos SG-910",38,116.63,2024-01-30 05:49:19,2025-06-10 07:32:41
2821,Stationery Smith-Friedman oY-850,38,148.73,2022-07-18 04:42:22,2025-08-23 02:52:46
2822,"Stationery Knight, Cook and Savage JE-172",38,7.31,2023-12-29 16:06:16,2025-05-16 17:10:56
2823,"Stationery Garcia, Dominguez and Parker JJ-006",38,108.73,2020-01-22 03:56:03,2025-05-19 10:31:36
2824,"Stationery Stein, Morris and Gordon Cr-104",38,170.6,2024-08-17 17:43:28,2025-04-17 18:42:47
2825,"Stationery Bradley, Edwards and Calderon JE-939",38,114.59,2023-05-12 04:23:19,2025-02-01 00:53:58
2826,Stationery Bird LLC ly-366,38,166.68,2022-08-01 13:59:04,2025-03-17 03:24:04
2827,"Stationery Nguyen, Campbell and Smith gM-679",38,100.94,2023-03-17 14:14:35,2025-06-13 22:55:58
2828,Stationery Horton-Reese aa-587,38,107.56,2020-06-05 19:35:54,2025-08-20 01:56:32
2829,Stationery Key Ltd lA-653,38,180.73,2020-02-26 13:31:37,2025-07-25 03:07:20
2830,Stationery Hill-Evans cn-268,38,39.45,2024-07-11 23:26:40,2025-04-15 14:30:37
2831,Stationery Francis-Foster TT-144,38,170.84,2020-10-05 14:02:33,2025-06-24 01:01:28
2832,"Stationery White, Jackson and Oliver Yg-612",38,86.48,2024-10-17 23:05:29,2025-04-13 16:27:22
2833,"Stationery King, Harris and Diaz Nc-475",38,113.34,2020-12-19 01:49:39,2025-01-26 23:31:45
2834,"Stationery Sharp, Potter and Woods Zt-638",38,115.85,2021-09-12 02:35:55,2025-07-23 22:33:24
2835,Stationery Cunningham-Mcfarland ul-063,38,191.21,2019-12-19 03:29:46,2025-04-15 09:02:37
2836,"Stationery Gregory, Williamson and Robinson PW-884",38,140.91,2021-01-08 23:12:20,2025-05-17 23:17:00
2837,"Stationery Walters, Burns and Mcfarland al-771",38,107.71,2021-07-16 04:32:42,2025-02-24 13:02:45
2838,Stationery Christian-Lopez vd-638,38,87.93,2024-04-03 01:25:46,2025-01-16 23:31:42
2839,"Stationery Mckinney, Velez and Williams Xe-462",38,103.26,2023-11-10 02:22:12,2025-07-26 02:25:38
2840,Stationery Jackson Group lr-409,38,78.72,2021-06-21 04:51:38,2025-08-29 16:38:52
2841,Stationery Johnson Group JB-198,38,168.21,2020-05-01 02:05:01,2025-06-24 17:43:12
2842,"Stationery Pierce, Gonzalez and Gardner AT-356",38,99.65,2022-09-11 01:26:27,2025-08-25 23:29:28
2843,"Stationery Owens, George and Fuentes pF-444",38,150.5,2020-10-05 16:55:51,2025-06-01 17:27:05
2844,Stationery Zuniga Ltd vL-900,38,42.05,2020-02-28 04:40:52,2025-04-10 20:39:32
2845,Stationery Lopez PLC Yr-958,38,37.53,2023-04-22 00:53:14,2025-01-31 19:29:20
2846,Stationery Norris-Lewis tG-675,38,51.74,2019-07-18 12:16:18,2025-06-21 10:21:29
2847,Stationery Lane PLC ly-557,38,9.02,2020-01-30 13:21:58,2025-01-05 06:54:43
2848,Stationery Woodard and Sons Cu-572,38,114.69,2019-06-09 22:41:55,2025-03-21 02:31:47
2849,"Stationery Randall, Walker and Potts Gv-542",38,158.07,2023-11-26 00:23:48,2025-05-09 08:02:53
2850,"Stationery Buchanan, Contreras and Pierce qu-087",38,46.22,2019-10-30 10:12:27,2025-03-06 01:24:20
2851,"Stationery Morgan, Stevens and Olsen zX-390",38,118.05,2021-10-08 21:32:37,2025-05-22 05:33:49
2852,Stationery Martin LLC Qg-176,38,48.13,2022-12-17 06:27:01,2025-07-18 10:56:05
2853,"Stationery Henderson, Fitzpatrick and Morales uV-277",38,6.93,2023-08-15 00:05:52,2025-08-25 11:56:34
2854,"Stationery Holder, Rodriguez and Richardson jO-847",38,162.21,2024-11-30 13:01:42,2025-04-26 10:03:13
2855,Stationery Ali-Armstrong Lq-186,38,124.16,2023-08-10 23:52:09,2025-05-14 18:08:49
2856,"Stationery Morrow, Jackson and Booker Am-714",38,162.37,2023-06-24 00:20:16,2025-01-05 00:07:07
2857,"Stationery Webb, Lawrence and Whitaker XZ-197",38,18.75,2023-10-22 08:06:21,2025-08-08 16:48:21
2858,Stationery Simpson-Scott Gj-956,38,192.2,2020-08-14 12:56:48,2025-01-13 01:25:54
2859,Stationery Silva-Edwards tl-474,38,184.53,2023-10-18 02:15:41,2025-02-09 12:00:03
2860,Stationery Mccarthy Inc Qt-459,38,60.65,2021-10-24 19:18:44,2025-02-16 00:14:06
2861,"Stationery Powell, Montgomery and Matthews fX-708",38,119.13,2021-06-02 07:56:48,2025-01-22 19:01:20
2862,"Stationery Montgomery, Tran and Butler sv-621",38,47.53,2024-03-02 09:25:32,2025-03-29 00:38:05
2863,Stationery Kaiser-Smith eN-528,38,171.78,2024-12-13 22:36:03,2025-04-30 18:56:36
2864,"Stationery Smith, Wright and Hancock HV-436",38,60.37,2023-10-31 08:49:25,2025-06-04 04:27:14
2865,Stationery Turner-Gilmore xT-039,38,84.08,2019-05-26 18:20:35,2025-06-19 11:43:24
2866,"Stationery Jones, Fisher and Burns aQ-021",38,11.56,2022-01-02 06:05:43,2024-12-31 00:39:22
2867,Stationery Wright PLC yV-918,38,48.33,2020-05-15 10:07:50,2025-02-17 20:32:26
2868,Stationery Johnson Group MZ-581,38,14.86,2019-03-04 00:34:07,2025-04-04 22:00:53
2869,Stationery Wagner-Green Ig-124,38,183.61,2024-06-12 15:36:59,2025-05-16 12:20:24
2870,Stationery Miller-Becker NC-797,38,25.03,2022-09-30 01:20:17,2025-05-05 17:15:02
2871,Stationery Myers-Ponce Mx-625,38,172.25,2019-05-26 08:42:23,2025-01-02 20:28:37
2872,Stationery Garcia-Walker fM-256,38,102.22,2022-10-24 13:58:35,2025-05-13 17:28:29
2873,Stationery Obrien Inc RJ-434,38,86.98,2022-02-15 21:42:32,2025-07-04 05:50:49
2874,"Stationery Carrillo, Ross and Hart Ac-174",38,113.29,2019-10-05 12:28:08,2025-07-13 01:17:54
2875,Stationery Stewart-Cannon He-963,38,104.29,2022-08-09 08:19:23,2025-03-29 04:54:27
2876,"Stationery Smith, Smith and Glenn Vt-981",38,131.6,2019-01-30 04:03:54,2025-03-11 08:14:08
2877,"Stationery Patrick, Dickson and Farmer gg-351",38,127.83,2022-11-07 01:19:33,2025-02-09 23:18:30
2878,Stationery Gross-Taylor wZ-780,38,149.99,2024-07-15 10:39:51,2025-01-07 12:36:54
2879,Stationery Rubio Ltd Ia-787,38,160.97,2019-07-25 13:09:55,2025-04-04 21:24:31
2880,Stationery Osborne Group IW-128,38,107.9,2022-04-08 11:06:47,2025-03-23 11:34:20
2881,Stationery Luna-Greer Wo-429,38,167.82,2023-01-03 09:21:56,2025-06-11 09:48:14
2882,Stationery Olson-Morris rJ-515,38,8.92,2022-12-29 06:28:37,2025-06-01 17:53:06
2883,"Stationery Garcia, Hines and Clark Sl-929",38,190.64,2022-07-10 15:29:39,2025-08-18 12:00:34
2884,Stationery Robinson-Patel Kd-724,38,83.94,2022-12-03 20:39:44,2025-02-14 13:27:53
2885,"Stationery Aguilar, Rivera and Walker SY-030",38,93.58,2022-11-23 01:24:32,2025-04-30 04:00:53
2886,Stationery Salinas-Jackson Da-098,38,30.51,2021-02-24 05:56:52,2025-03-23 20:43:20
2887,"Stationery Wood, Garrett and Webb gI-484",38,56.15,2024-09-19 02:25:01,2025-05-27 20:40:47
2888,Stationery Perkins Group qa-947,38,186.34,2020-12-12 15:29:57,2025-01-31 21:18:44
2889,"Stationery Perkins, Pope and Rojas qY-962",38,55.85,2019-03-07 05:14:49,2025-04-10 03:43:31
2890,"Stationery Knight, Holmes and Wallace nL-796",38,98.19,2020-09-11 06:09:21,2025-08-05 00:29:52
2891,Stationery Jackson Inc Ft-603,38,182.4,2024-12-05 12:45:43,2025-01-21 08:40:03
2892,Stationery Yang Inc qb-425,38,106.9,2019-01-14 03:06:47,2025-01-22 12:41:32
2893,"Stationery Contreras, Griffith and Aguilar MI-951",38,90.45,2022-09-29 21:27:55,2025-06-09 17:20:17
2894,"Stationery Williams, Stewart and Nelson pU-544",38,176.93,2020-11-12 18:11:25,2025-07-11 14:32:22
2895,Stationery Vasquez-Velasquez HB-988,38,153.41,2024-11-02 03:14:08,2025-04-08 01:13:46
2896,Stationery Singh-Ellis nO-643,38,42.27,2022-11-12 19:33:07,2025-06-14 21:17:28
2897,Stationery Patel Inc Kd-282,38,137.18,2023-09-07 03:19:12,2025-06-11 07:51:50
2898,"Stationery Robinson, Pierce and Hancock zx-265",38,95.4,2022-10-16 18:01:43,2025-03-17 02:24:22
2899,Stationery Weaver Ltd Rb-250,38,13.81,2022-03-07 12:51:20,2025-06-24 16:39:11
2900,"Stationery Lawrence, Garcia and Thompson SW-478",38,134.6,2024-10-30 02:04:51,2025-07-10 17:04:14
2901,Stationery Taylor-Lowe Ru-931,38,105.26,2024-07-03 05:01:27,2025-02-18 22:18:42
2902,Stationery Smith Ltd TW-715,38,110.88,2024-06-12 09:52:06,2025-03-13 00:36:16
2903,Stationery Price LLC eJ-076,38,172.79,2020-06-11 09:31:06,2025-08-22 01:33:30
2904,Stationery Hughes-Boyle hS-453,38,53.14,2020-02-15 15:58:45,2025-02-13 03:49:08
2905,"Stationery Ortega, Taylor and Peterson Xt-656",38,52.86,2020-07-27 17:55:25,2025-05-25 16:57:41
2906,Stationery Bailey LLC Cf-743,38,5.77,2024-11-27 00:20:15,2025-07-27 09:17:37
2907,Stationery Joseph Ltd mn-093,38,25.07,2019-01-07 20:30:31,2025-08-06 12:25:59
2908,Stationery Armstrong Inc sx-150,38,108.03,2021-06-10 20:19:11,2025-02-03 21:30:13
2909,Stationery Foster LLC mN-662,38,114.28,2024-12-02 18:10:01,2025-05-03 03:59:55
2910,Stationery Blevins Ltd DZ-793,38,98.71,2020-01-09 03:46:46,2025-07-04 21:16:28
2911,Stationery Holland-Wheeler FV-635,38,52.15,2022-07-07 05:16:31,2025-05-21 01:11:30
2912,Stationery Jones Group ZM-380,38,68.61,2020-03-13 11:55:22,2025-04-14 05:58:15
2913,"Stationery Vasquez, Vazquez and Little Mu-404",38,77.44,2022-12-09 12:51:32,2025-01-08 01:41:00
2914,Stationery Skinner LLC NU-606,38,57.86,2023-10-22 14:23:05,2025-06-30 13:28:31
2915,Stationery Richardson Inc XT-102,38,107.19,2021-01-19 16:58:31,2025-02-21 04:02:44
2916,Stationery Barry-Davis Zh-874,38,63.91,2020-02-17 18:53:32,2025-01-19 09:44:11
2917,"Stationery Perez, Cole and Merritt ui-891",38,37.24,2020-01-04 22:40:40,2025-07-26 22:53:10
2918,Stationery Adams and Sons Yr-401,38,40.26,2023-03-10 02:01:16,2025-07-25 14:23:30
2919,Stationery Anderson Inc nA-733,38,134.87,2023-02-22 17:36:40,2025-02-09 05:59:49
2920,"Stationery Frederick, Burton and Steele jc-246",38,117.32,2024-05-25 22:01:23,2025-04-12 18:00:46
2921,Stationery Harrison-Brown vP-258,38,18.21,2020-07-03 02:27:44,2025-04-06 09:10:48
2922,Stationery Lucas Inc cg-202,38,148.05,2022-05-16 02:31:41,2025-08-21 03:51:30
2923,Stationery Lee Ltd lq-193,38,19.81,2021-07-20 01:52:44,2025-07-15 08:05:29
2924,Stationery Howell-Cook jG-253,38,153.76,2023-11-10 20:11:51,2025-08-08 10:36:24
2925,Stationery Walker Group hn-101,38,115.79,2023-08-09 02:51:24,2025-07-21 04:17:10
2926,Stationery Beasley-Khan Gx-775,38,35.25,2019-08-31 11:37:19,2025-02-22 06:18:19
2927,"Stationery Thomas, Nelson and Cruz Lw-204",38,117.5,2021-01-23 01:22:05,2025-01-22 18:43:44
2928,Stationery Dunlap LLC MT-764,38,127.27,2020-09-04 23:19:22,2025-01-30 16:27:01
2929,Stationery Tran Inc bX-787,38,107.51,2020-09-03 14:34:54,2025-05-12 03:47:22
2930,Stationery Campbell LLC UU-840,38,67.36,2024-04-06 02:46:17,2025-07-22 18:51:27
2931,Stationery Pacheco-Butler lU-532,38,105.7,2024-08-17 08:29:39,2025-08-16 21:04:55
2932,"Stationery Cook, Lewis and Gonzalez hS-927",38,211.12,2024-11-18 18:43:56,2025-04-11 06:04:46
2933,Stationery Kelly-Olson Bi-423,38,21.6,2022-04-23 23:24:17,2025-08-28 18:45:35
2934,"Stationery Villegas, Bentley and Zamora eC-536",38,124.83,2022-05-16 20:36:52,2025-01-29 00:09:58
2935,Stationery Williams-Holt Fv-566,38,43.62,2023-07-15 01:07:35,2025-02-23 16:16:58
2936,Stationery Gentry Ltd Pg-099,38,35.06,2023-08-19 21:04:26,2025-05-20 05:20:35
2937,Stationery Lewis-Brown XE-546,38,25.09,2020-05-01 19:02:31,2025-02-26 09:01:41
2938,"Stationery Todd, Mcfarland and Griffin fx-628",38,117.48,2023-02-24 06:40:43,2025-04-09 12:03:53
2939,"Stationery Brown, Perry and Ross Os-980",38,184.9,2024-11-15 09:05:59,2025-02-26 01:41:18
2940,Stationery Malone-Buckley DD-485,38,14.84,2022-09-14 12:14:12,2025-08-04 14:29:47
2941,Stationery Livingston-Salinas wt-601,38,148.49,2020-12-24 21:49:56,2025-02-07 07:19:24
2942,Stationery Briggs LLC CN-143,38,41.58,2021-12-27 00:26:43,2025-08-21 14:37:39
2943,Stationery Dean and Sons zy-154,38,45.27,2023-04-25 04:18:58,2025-05-23 14:15:53
2944,"Stationery Ward, Burgess and Hayes Qx-421",38,81.14,2021-12-15 22:01:30,2025-04-21 00:04:51
2945,"Stationery Miller, Sellers and Hines fj-278",38,98.23,2023-04-24 07:54:20,2025-06-02 16:58:36
2946,"Stationery Lawson, Jackson and Reed Tt-536",38,38.75,2020-10-05 12:37:39,2025-05-18 21:40:05
2947,"Stationery Hubbard, Wilson and Robinson aw-010",38,113.94,2020-12-30 17:35:12,2025-05-02 01:47:38
2948,Stationery Gardner-Jackson sv-425,38,63.37,2019-08-17 12:36:58,2025-03-23 08:26:12
2949,Stationery Johnson Group ea-530,38,27.07,2023-02-09 14:34:18,2025-02-17 13:23:50
2950,"Stationery Wheeler, Long and Mayer dD-702",38,91.8,2020-07-24 18:43:32,2025-01-08 22:25:56
2951,"Stationery Villanueva, Brown and Smith eC-659",38,166.17,2019-10-19 11:19:40,2025-05-16 14:00:18
2952,"Stationery Thompson, Gonzalez and Parks OQ-172",38,84.78,2019-05-20 07:11:31,2025-07-21 22:21:06
2953,Stationery Gonzales Group xR-901,38,112.9,2022-03-04 13:28:49,2025-02-13 20:59:37
2954,Stationery Watson-Adkins Er-970,38,90.2,2020-06-11 14:27:06,2025-04-01 01:04:51
2955,Stationery Torres-Barnes Ag-441,38,140.34,2019-06-03 04:00:03,2025-03-29 11:45:14
2956,Stationery Bennett Group Kd-517,38,109.24,2019-01-27 13:08:00,2025-02-12 18:31:39
2957,"Stationery Ingram, Clark and White IZ-624",38,16.84,2023-02-08 16:28:03,2025-03-22 07:29:25
2958,"Stationery Wells, Smith and Knapp YJ-310",38,70.73,2024-11-09 07:01:09,2025-02-04 15:13:18
2959,"Stationery Mason, Oconnor and Rowland Zi-073",38,57.99,2023-02-08 21:26:48,2025-07-31 17:38:14
2960,Stationery Cohen-Salazar jn-469,38,174.24,2020-03-07 17:05:11,2025-01-22 01:43:53
2961,Stationery Wood-Gordon oA-789,38,13.71,2024-04-19 20:59:30,2025-03-18 09:19:21
2962,Stationery Jenkins Group NN-183,38,60.85,2019-04-24 19:19:52,2025-08-01 03:54:22
2963,"Stationery Shea, Schroeder and Faulkner BW-720",38,96.61,2019-06-21 00:44:25,2025-06-20 08:47:46
2964,Stationery Lang-Taylor lc-107,38,164.01,2022-08-04 10:59:25,2025-07-24 12:07:50
2965,"Stationery Lyons, Moon and Thomas tl-869",38,131.07,2020-10-02 10:38:50,2025-08-28 23:19:45
2966,Stationery Jackson Group DZ-735,38,21.01,2023-12-12 21:53:03,2025-07-24 12:30:11
2967,Stationery Mora and Sons Yc-233,38,7.97,2023-02-01 11:21:55,2025-02-24 01:41:44
2968,Stationery Kirk-Myers vN-343,38,58.04,2019-09-20 12:42:32,2025-02-24 17:26:37
2969,Stationery George Inc Cn-439,38,123.86,2020-12-15 06:52:46,2025-06-24 19:25:15
2970,"Stationery Carpenter, Bell and Hill Zs-029",38,106.98,2022-09-11 21:33:01,2025-06-13 05:32:44
2971,Stationery Garcia-Hicks Am-802,38,167.21,2023-01-17 18:13:59,2025-08-30 22:00:39
2972,Stationery Russell and Sons kY-229,38,155.09,2021-04-06 22:56:08,2025-07-12 05:50:47
2973,Stationery Brown-Everett SK-440,38,30.89,2023-03-06 18:45:09,2025-08-23 10:55:15
2974,"Stationery Marquez, Mccoy and Roberts md-507",38,161.47,2019-05-01 15:59:29,2025-05-04 00:31:38
2975,"Stationery Munoz, Parker and May VU-776",38,31.24,2019-06-18 09:50:50,2025-07-28 08:23:44
2976,Stationery Mcguire-Long sW-194,38,125.02,2023-08-30 22:55:33,2025-07-18 03:04:48
2977,Stationery Stephenson-Richards fN-369,38,153.18,2023-02-14 13:22:12,2025-04-19 22:49:31
2978,Stationery Torres Ltd ll-961,38,141.47,2022-02-08 19:12:50,2025-06-01 02:19:22
2979,Stationery Alvarez and Sons Oz-028,38,163.79,2023-12-24 01:02:36,2025-05-21 13:42:09
2980,"Stationery Martin, Mathis and Ross Ak-039",38,203.65,2024-11-23 05:49:54,2025-05-28 07:09:46
2981,Stationery Cohen Ltd gb-236,38,36.29,2020-04-04 18:46:30,2025-01-25 04:58:35
2982,Stationery Malone Ltd cq-987,38,185.99,2021-07-13 16:45:33,2025-05-22 10:23:34
2983,"Stationery Miller, Floyd and Cole kN-016",38,161.06,2021-06-04 21:22:34,2025-07-21 23:10:47
2984,Stationery Glover PLC Ey-591,38,121.48,2019-05-21 06:16:04,2025-08-29 14:04:17
2985,Stationery Moore-Obrien rQ-612,38,53.31,2023-07-09 18:44:06,2025-07-29 10:18:02
2986,Stationery Griffin-Lopez Yb-723,38,123.46,2019-09-20 12:27:49,2025-01-11 01:34:34
2987,Stationery Parker-Cox sm-035,38,185.91,2023-12-19 13:03:10,2025-01-26 06:18:58
2988,"Stationery Roberts, Smith and Watkins ol-928",38,131.13,2020-11-09 07:15:42,2025-02-28 16:46:54
2989,Stationery Ramirez-Harris Bd-015,38,174.13,2019-02-22 13:49:04,2025-02-03 07:57:46
2990,Stationery Rose Ltd XI-517,38,183.86,2023-03-28 20:40:39,2025-07-12 22:28:02
2991,"Stationery Griffin, Bradley and Wood RD-429",38,111.99,2023-01-15 21:28:33,2025-04-03 08:52:47
2992,"Stationery Martin, Trujillo and Tucker qp-533",38,158.6,2019-01-28 21:47:27,2025-07-24 21:58:58
2993,Stationery Anderson-Lowe Tk-515,38,95.59,2024-06-21 03:55:29,2025-04-27 18:56:36
2994,Stationery Allen Ltd Yi-358,38,69.96,2019-05-16 13:11:09,2025-07-19 06:58:07
2995,"Stationery Escobar, Johns and Barton iQ-882",38,182.48,2022-02-26 10:58:43,2025-03-01 16:26:35
2996,"Stationery Foster, Sanchez and Townsend OE-882",38,37.24,2022-06-27 08:50:38,2025-01-25 02:17:23
2997,Stationery Rose and Sons cb-028,38,199.58,2020-05-03 03:10:55,2025-03-26 23:57:56
2998,Stationery Price-Lloyd Eg-586,38,117.82,2023-04-21 11:27:21,2025-07-27 16:41:41
2999,Stationery Hernandez-Lucas jt-975,38,115.92,2019-07-08 15:12:27,2025-03-29 08:35:51
3000,"Stationery Jones, Vang and Atkinson Xu-854",38,146.86,2019-02-19 16:11:09,2025-02-22 01:04:17
3001,"Stationery Brown, James and Watts yL-371",38,24.76,2019-09-19 16:38:34,2025-07-12 05:45:35
3002,"Stationery Perry, Levine and Hoover Nw-261",38,187.47,2024-06-11 13:19:00,2025-07-06 13:01:32
3003,Stationery Gonzalez PLC Ak-321,38,152.95,2023-07-04 23:54:16,2025-03-31 18:12:06
3004,Stationery Williams-Chen MW-483,38,150.72,2021-09-17 09:18:33,2025-06-15 16:32:31
3005,"Stationery Mcintyre, Miller and Martinez sd-296",38,45.91,2021-06-16 20:41:18,2025-03-02 16:09:46
3006,Stationery Medina-Mendez Og-895,38,69.97,2020-09-01 18:40:40,2025-06-20 18:14:51
3007,"Stationery Clark, Watts and Montoya ZE-133",38,70.5,2022-11-13 01:05:59,2025-02-06 23:58:49
3008,"Rings White, Stewart and Williams tx-728",40,1275.05,2021-02-16 23:30:36,2025-07-21 19:24:07
3009,Rings Miller-Young ro-264,40,3767.52,2023-12-18 10:53:25,2025-02-02 10:15:15
3010,Rings Miller and Sons dv-861,40,4467.66,2020-01-12 11:25:01,2025-05-21 10:06:25
3011,"Rings Reynolds, Ryan and Foster eZ-297",40,492.64,2022-06-14 13:24:47,2025-04-19 02:35:05
3012,Rings Hoover Inc me-852,40,274.54,2019-05-06 00:12:18,2025-02-27 02:49:06
3013,Rings Odom-Reilly Kn-166,40,1188.89,2023-02-28 06:18:27,2025-05-16 09:01:09
3014,"Rings Ayala, Allen and Olson ww-954",40,3138.8,2023-06-13 14:42:14,2025-01-29 00:11:53
3015,Rings Fuller-Cardenas Un-636,40,3033.27,2020-08-21 02:09:47,2025-06-27 21:35:39
3016,Rings Rivas-Clay zo-099,40,326.19,2023-01-22 23:24:05,2025-07-04 03:33:17
3017,Rings Grant Inc yE-219,40,4534.57,2019-06-02 16:06:14,2025-05-29 15:23:16
3018,"Rings Mays, Reynolds and Schneider lB-234",40,2187.06,2024-06-20 09:09:27,2025-07-13 20:54:20
3019,"Rings Brown, Bell and Patel rA-167",40,1167.96,2022-04-30 11:23:18,2025-05-14 07:47:23
3020,"Rings Smith, Thompson and Jones Lh-250",40,1624.63,2020-06-17 17:50:12,2025-02-20 15:02:15
3021,Rings Phelps Ltd OA-077,40,968.47,2023-05-25 15:17:55,2025-03-04 05:50:30
3022,Rings Choi Group Tj-422,40,3539.49,2023-12-16 08:57:46,2025-03-11 21:29:29
3023,Rings Myers Inc SZ-105,40,1885.28,2023-11-04 04:43:41,2025-08-02 04:04:20
3024,"Rings Jarvis, Rodriguez and Jackson oa-716",40,4174.45,2024-07-12 20:00:13,2025-01-28 00:08:12
3025,Rings Roy and Sons tk-940,40,4627.04,2020-09-22 11:29:05,2025-04-01 11:57:50
3026,"Rings Whitney, Bush and Miller JP-540",40,2320.21,2024-03-22 21:10:28,2025-04-19 15:57:26
3027,Rings Nielsen-Parker oU-261,40,4819.6,2023-03-10 17:21:14,2025-04-20 03:49:47
3028,Rings Daniels Inc cS-280,40,2892.82,2021-08-12 17:37:15,2025-08-16 04:29:27
3029,Rings Gordon-Berger Ov-715,40,681.26,2023-02-24 13:46:23,2025-06-03 23:51:25
3030,"Rings Marshall, Porter and Phillips HA-288",40,1298.64,2023-08-04 23:48:16,2025-01-18 12:32:25
3031,"Rings Jackson, Cooper and Jackson zQ-269",40,4297.92,2024-01-01 01:21:25,2025-06-04 19:25:56
3032,Rings Fuller-Robbins ZN-119,40,3923.64,2020-07-03 19:02:09,2025-02-01 09:15:57
3033,Rings Williamson Ltd Mv-712,40,4624.86,2023-06-13 14:05:13,2025-03-27 05:25:10
3034,Rings Li Group gG-777,40,350.6,2020-06-03 03:17:25,2025-02-26 12:53:30
3035,"Rings Watson, Harvey and Torres Io-859",40,2043.85,2024-11-23 16:59:27,2025-02-01 04:34:15
3036,Rings Sharp-Torres oU-174,40,2482.68,2024-06-17 00:31:13,2025-04-10 09:27:58
3037,Rings Arias-Adkins nY-730,40,3156.34,2021-11-11 06:56:39,2025-07-21 22:46:37
3038,Rings Alvarez and Sons fq-377,40,3521.91,2024-12-27 19:42:37,2025-04-27 13:21:43
3039,"Rings Hanson, Johnson and Hogan zS-568",40,3088.96,2020-04-10 12:37:54,2025-07-18 21:52:30
3040,"Rings Hansen, Little and Cook yM-615",40,1568.62,2024-05-19 23:44:30,2025-06-25 07:41:49
3041,"Rings Taylor, Ferrell and Carter mZ-114",40,2763.84,2023-02-07 04:35:57,2025-04-06 15:19:41
3042,Rings Garrison Group dM-101,40,783.25,2022-03-04 09:53:21,2025-03-13 21:21:27
3043,Rings Payne and Sons we-395,40,540.33,2024-10-21 23:15:59,2025-03-06 05:52:27
3044,"Rings Burnett, Whitaker and Collier UU-335",40,3430.77,2024-01-01 09:15:09,2025-06-13 23:24:10
3045,"Rings Tucker, Mata and Ballard oa-560",40,2654.7,2021-08-23 13:06:04,2025-01-26 14:26:01
3046,Rings Townsend PLC Tg-892,40,5139.04,2021-02-07 05:09:23,2024-12-31 09:08:56
3047,"Rings Sparks, Henderson and Cook Tg-857",40,4916.22,2021-09-16 22:22:47,2025-06-19 19:56:18
3048,Rings Mitchell-Schmidt KB-930,40,497.91,2022-01-02 23:57:37,2025-03-29 03:36:30
3049,Rings Contreras-Bond GN-634,40,5106.99,2020-12-12 06:55:43,2025-03-25 23:53:26
3050,Rings Edwards-Robertson qA-335,40,1100.47,2021-01-31 00:56:44,2025-05-17 03:33:06
3051,Rings Hatfield PLC QP-637,40,1762.76,2024-06-19 13:04:06,2025-08-27 15:01:55
3052,Rings Dawson-Figueroa uv-073,40,4381.41,2019-12-11 12:54:34,2025-03-16 14:22:23
3053,Rings Ware-Bates Kf-378,40,2665.99,2022-12-01 03:44:39,2025-06-06 04:44:45
3054,"Rings Moore, Rocha and Evans NT-894",40,3930.34,2024-11-16 09:22:42,2025-05-06 10:49:12
3055,Rings Allen-Smith qT-739,40,1822.22,2023-05-24 03:21:07,2025-06-05 02:48:51
3056,"Rings Cooper, Nunez and Keith wd-603",40,5432.13,2024-04-17 16:14:15,2025-04-19 01:52:30
3057,"Rings Hale, Gibbs and Villegas Ld-662",40,934.07,2020-04-03 07:41:38,2025-06-20 21:44:04
3058,Rings Meza PLC bL-578,40,4770.87,2019-08-08 00:18:46,2025-06-10 17:29:59
3059,"Rings Hayes, Atkins and Williams AK-431",40,3545.96,2023-03-17 02:45:29,2025-01-14 21:03:43
3060,Rings Turner LLC Xj-435,40,1766.08,2024-10-09 23:42:46,2025-01-30 01:12:59
3061,"Rings Herman, Thomas and Padilla Rl-775",40,422.56,2023-01-15 05:30:03,2025-07-30 01:25:15
3062,"Rings Anderson, Mitchell and Smith HK-019",40,1109.82,2021-01-08 11:16:17,2025-02-14 11:54:01
3063,Rings Hernandez PLC Bw-730,40,733.39,2019-10-13 17:14:38,2025-07-06 11:48:35
3064,Rings Smith PLC yS-775,40,3607.25,2019-05-08 02:07:31,2025-05-20 00:27:31
3065,Rings Jackson-Santos xF-499,40,2451.68,2022-01-30 12:37:52,2025-01-17 15:10:10
3066,Rings Martinez Inc Py-853,40,5085.24,2019-05-14 11:43:48,2025-01-05 23:46:33
3067,Rings Chandler LLC VH-995,40,3094.94,2021-02-18 12:16:13,2025-06-18 01:20:28
3068,Rings Mcdaniel Ltd vf-275,40,3920.21,2021-12-20 23:55:36,2025-07-26 14:03:57
3069,Rings Marquez-Bentley TN-851,40,4102.14,2019-12-31 10:36:21,2025-04-28 22:19:45
3070,Rings Hughes Ltd bZ-579,40,2688.17,2024-06-27 02:57:17,2025-04-09 01:38:53
3071,Rings Cunningham Group IE-520,40,359.24,2024-10-01 17:42:52,2025-05-18 10:02:16
3072,"Rings Ramsey, Brown and Taylor EM-497",40,1614.71,2020-06-23 11:48:07,2025-08-11 01:02:11
3073,Rings Hobbs PLC Bt-794,40,3060.0,2023-12-26 03:35:42,2025-05-30 12:13:37
3074,"Rings Sanders, Melendez and Gonzales TD-666",40,484.52,2021-11-14 21:13:10,2025-04-03 12:17:39
3075,"Rings Mckenzie, Stephens and Maxwell bn-101",40,3094.88,2022-05-29 22:09:26,2025-03-27 10:26:28
3076,Rings Johnson-Parsons Ty-732,40,2352.92,2019-08-22 05:04:40,2025-04-03 00:41:13
3077,"Rings Thompson, Jones and Sullivan Wo-250",40,1522.86,2022-11-30 09:39:08,2025-04-04 10:12:22
3078,Rings Singh-Stone mG-174,40,660.9,2019-08-07 16:45:46,2025-05-07 16:29:06
3079,Rings Ray and Sons ta-721,40,1481.38,2021-04-02 17:37:28,2025-06-06 21:08:55
3080,Rings Edwards Group za-483,40,1906.51,2019-04-30 20:58:31,2025-05-17 11:38:13
3081,"Rings Harris, Morgan and Dixon xS-729",40,3914.82,2020-07-11 17:09:29,2025-02-22 18:33:39
3082,"Rings Burch, Cunningham and Burns CH-723",40,4523.65,2021-01-29 13:31:16,2025-08-25 15:11:10
3083,Rings Heath-Hamilton pU-582,40,5196.51,2024-10-08 16:16:34,2025-05-27 02:18:47
3084,Rings Smith-Kelly ai-906,40,1050.44,2023-02-25 11:49:04,2025-05-06 20:06:44
3085,Rings Lee-Potter cD-547,40,2586.57,2020-05-17 13:22:43,2025-02-27 00:01:41
3086,"Rings Bass, Williams and Jones mD-289",40,314.55,2021-09-29 07:42:17,2025-08-02 20:11:07
3087,Rings Anderson PLC cQ-650,40,1302.22,2022-02-23 11:55:45,2025-01-30 05:33:34
3088,Rings Long-Smith KF-277,40,2183.73,2020-10-09 03:15:54,2025-07-25 12:09:24
3089,Rings Juarez-Robertson TD-658,40,3244.06,2022-07-08 10:24:07,2025-07-18 22:30:54
3090,"Rings Rice, Smith and James AP-261",40,3780.69,2021-07-19 00:05:32,2025-01-26 13:30:34
3091,Rings Buckley Ltd tg-782,40,1070.5,2019-03-29 04:38:04,2025-01-28 02:43:16
3092,Rings Tucker and Sons uW-136,40,208.11,2022-09-08 18:26:50,2025-04-18 12:45:03
3093,"Rings Wilson, Nguyen and Bailey fP-690",40,2436.42,2020-03-03 14:51:51,2025-03-04 00:24:25
3094,Rings Richardson-Morris JX-562,40,3888.55,2023-12-18 22:39:44,2025-03-27 10:19:05
3095,"Rings Hunter, Ewing and Martin tX-026",40,421.72,2024-09-14 12:20:11,2025-07-10 11:04:51
3096,"Rings Lawrence, Orozco and Hobbs xM-617",40,4213.12,2019-08-17 06:40:13,2025-07-23 16:12:17
3097,Rings Price-Smith DT-004,40,3613.11,2024-11-03 03:36:10,2025-08-17 06:44:02
3098,Rings Dixon LLC ri-451,40,3514.19,2023-01-20 00:09:36,2025-08-15 13:10:52
3099,"Rings Smith, Mcdaniel and Williams xc-828",40,3555.37,2022-12-08 04:09:49,2025-02-20 09:06:37
3100,Rings Garcia Inc oH-760,40,1313.35,2019-12-22 05:12:51,2025-07-08 23:37:31
3101,Rings Morgan-Torres xJ-566,40,980.53,2019-12-12 01:34:50,2025-08-09 10:57:03
3102,Rings Patel Ltd vs-483,40,3171.62,2021-09-29 10:35:54,2025-06-17 11:33:40
3103,"Rings Howell, Collins and White AV-342",40,2906.44,2019-04-23 05:35:51,2025-08-13 00:52:57
3104,"Rings Orozco, Phillips and Velasquez WG-351",40,5158.34,2021-10-05 22:28:59,2025-06-25 06:03:04
3105,Rings Chung and Sons rP-281,40,525.26,2019-12-26 23:28:31,2025-04-04 17:46:14
3106,Rings Boyer Ltd Xh-165,40,4223.23,2022-12-02 07:22:27,2025-06-07 02:23:14
3107,Rings Roman-Lyons Wu-474,40,88.12,2019-09-02 19:53:24,2025-08-25 18:11:22
3108,Rings Robinson Inc fw-227,40,487.5,2023-06-02 05:19:46,2025-05-05 17:19:29
3109,"Rings Myers, Mccoy and Joseph KM-481",40,4810.21,2022-10-03 22:40:07,2025-03-19 11:57:03
3110,"Rings Graham, Young and Pope Ne-298",40,3308.37,2021-01-11 12:27:03,2025-06-20 10:46:53
3111,Rings Jackson PLC nq-693,40,3919.2,2024-02-21 19:24:43,2025-01-11 20:19:15
3112,Rings Mahoney and Sons GL-540,40,4024.47,2023-09-14 06:17:55,2025-08-10 21:20:50
3113,Rings Molina PLC Dl-888,40,785.97,2019-12-22 08:04:55,2025-08-05 16:21:37
3114,Rings Schultz-Lucas lH-840,40,4098.09,2022-09-20 19:24:49,2025-04-14 22:04:19
3115,"Rings Hernandez, Roberts and Dixon Ms-989",40,1917.21,2022-07-31 09:54:34,2025-08-03 05:53:27
3116,Rings Parker-Hernandez gt-046,40,810.02,2020-12-05 17:00:21,2025-03-15 19:18:42
3117,Rings Perkins-Alvarez YA-704,40,4762.78,2021-02-05 13:22:54,2025-02-17 13:38:02
3118,"Rings Mitchell, Chandler and Aguilar Ff-947",40,991.31,2019-06-06 10:47:01,2025-02-21 23:05:50
3119,Rings Bell Group Oo-579,40,4641.79,2022-07-21 12:10:26,2025-01-20 03:04:09
3120,Rings Lyons Inc ch-478,40,190.27,2024-03-07 09:35:40,2025-08-03 08:59:00
3121,"Rings Cunningham, Munoz and Curry rX-735",40,1490.48,2020-08-05 11:02:53,2025-08-26 09:10:08
3122,Rings Thompson and Sons HH-048,40,1459.43,2022-11-22 02:38:25,2025-04-04 09:57:05
3123,Rings Morgan-Lopez LN-561,40,991.1,2019-06-18 04:55:01,2025-02-11 02:08:39
3124,Rings Obrien-Larson HM-727,40,229.71,2022-05-17 23:38:33,2025-03-24 04:17:18
3125,Rings Cross PLC Qv-045,40,794.55,2023-07-15 00:38:39,2025-07-25 22:15:25
3126,"Rings Mckee, Ashley and Kelly OS-591",40,2548.07,2019-04-12 02:00:05,2025-07-01 17:02:53
3127,Rings Kramer PLC rc-545,40,3361.75,2023-12-05 14:06:59,2025-08-09 19:01:59
3128,Rings Brady and Sons WP-316,40,812.63,2021-11-06 06:28:08,2025-05-15 18:08:10
3129,Rings Jackson-Tucker Su-714,40,2686.38,2019-11-06 05:38:44,2025-06-07 19:13:03
3130,Rings Padilla Ltd Fa-726,40,2413.64,2022-03-20 09:57:30,2025-05-01 08:40:50
3131,Rings Frost-Krueger uJ-508,40,1704.28,2020-06-06 13:10:38,2025-01-28 06:39:45
3132,"Rings Evans, Garcia and Evans kX-981",40,4515.27,2023-10-22 15:48:02,2025-08-27 11:14:11
3133,Rings Oliver-Murray jn-400,40,2577.81,2020-08-01 06:58:34,2025-06-29 19:43:34
3134,Rings Schneider and Sons qx-845,40,1828.53,2020-05-12 03:30:18,2025-01-14 09:05:46
3135,Rings Vargas-Bell oQ-220,40,2333.31,2020-11-16 04:58:30,2025-04-07 02:24:25
3136,"Rings Lam, Norman and Ayala EQ-317",40,730.85,2023-10-07 03:26:02,2025-03-21 06:10:01
3137,"Rings Mcdaniel, Davis and Beard Bj-292",40,2884.81,2022-04-06 16:04:03,2025-05-22 06:48:27
3138,Rings Harris Group qt-694,40,1524.05,2023-11-13 06:57:14,2025-08-09 17:15:19
3139,Rings Patel-Campbell WW-980,40,3377.42,2020-04-13 22:51:59,2025-03-11 09:03:11
3140,Rings Gill-Johnston Gr-996,40,1697.49,2019-10-26 15:11:12,2025-01-26 09:45:26
3141,Rings Valencia-Deleon ir-912,40,3807.35,2020-08-26 13:12:55,2025-04-28 08:45:45
3142,Rings Fox Inc wT-365,40,101.87,2021-08-04 00:58:59,2025-05-22 16:06:31
3143,Rings Carter-Diaz cr-562,40,924.47,2019-07-09 15:11:08,2025-07-28 07:22:26
3144,"Rings Lawson, Wells and Chavez wE-008",40,2471.43,2022-07-29 19:12:14,2025-06-17 21:28:34
3145,Rings Hill-Hale KP-288,40,3796.36,2021-07-19 00:34:26,2025-05-06 00:43:51
3146,Rings Parker and Sons IY-797,40,4420.64,2023-11-13 10:12:36,2025-04-12 05:49:42
3147,"Rings Myers, Bailey and Erickson xD-243",40,1999.87,2022-07-22 09:00:21,2025-08-19 08:12:13
3148,"Rings Hodge, Daniels and Salinas Om-179",40,2739.94,2022-10-07 13:08:48,2025-07-13 04:12:31
3149,"Rings Brown, Sanders and Tucker dB-676",40,4328.29,2022-11-19 17:28:35,2025-07-01 05:25:35
3150,Rings Delacruz Inc MM-223,40,3234.08,2022-01-29 23:58:37,2025-01-04 21:07:39
3151,Rings Cohen and Sons uQ-754,40,4391.96,2020-12-10 19:50:20,2025-07-22 12:42:55
3152,Rings Gonzalez-Mcbride Hu-538,40,875.96,2023-04-02 02:24:25,2025-08-29 21:44:45
3153,"Rings Moss, Sherman and Jones bd-999",40,247.31,2019-10-21 09:51:30,2025-03-14 05:59:24
3154,Rings Sanders PLC VR-604,40,1835.19,2023-11-17 22:09:04,2025-01-25 06:27:15
3155,Rings Wallace Inc PJ-393,40,210.25,2019-05-20 00:23:12,2025-08-01 22:05:39
3156,Rings Gutierrez-Olson Lh-837,40,3834.15,2023-05-03 23:23:26,2025-05-05 04:31:46
3157,Rings Miller-Ponce Bp-892,40,1321.5,2021-08-10 05:38:34,2025-04-15 03:32:40
3158,"Rings Woods, Edwards and Murphy Ju-352",40,4034.26,2022-08-13 18:44:36,2025-05-24 14:00:49
3159,"Rings Gibson, Hall and Christian qv-619",40,286.42,2022-11-28 20:23:11,2025-04-24 03:39:15
3160,"Rings Davenport, Clark and Moore Ja-366",40,1030.47,2021-05-31 23:19:18,2025-04-03 14:13:55
3161,Rings Young-Martinez Wo-295,40,676.17,2022-10-05 08:01:19,2025-06-05 19:26:20
3162,Rings Hardin-Hall Sx-864,40,2787.16,2020-02-17 19:21:48,2025-03-04 02:20:59
3163,"Rings Johnson, Wilkerson and Simpson RH-909",40,4178.0,2024-06-22 23:32:17,2025-07-24 21:13:50
3164,Rings Wilson-Gray gy-748,40,1523.85,2022-07-12 11:16:26,2025-01-19 09:12:29
3165,Rings Rivas-Mitchell EE-104,40,1019.64,2020-10-15 23:29:54,2025-01-20 07:13:15
3166,Rings Wang Inc Zc-083,40,3332.41,2023-02-09 05:41:51,2025-08-27 04:42:14
3167,Rings Cook-Jones NY-210,40,4614.81,2021-06-11 11:41:22,2025-06-13 00:15:33
3168,"Rings Rodriguez, Craig and Andrade Hj-725",40,3013.62,2019-12-30 16:42:56,2025-05-06 05:25:37
3169,Rings Herrera LLC xp-904,40,3074.77,2022-08-19 06:38:24,2025-01-30 12:15:38
3170,Rings Brooks Inc zR-598,40,1604.66,2023-12-12 03:27:24,2025-07-02 12:21:30
3171,Rings Steele Inc Gp-353,40,2284.05,2024-06-02 14:01:52,2025-06-06 06:13:07
3172,Rings Schaefer Inc UK-147,40,1329.92,2020-07-27 09:34:42,2025-03-16 15:44:36
3173,Rings Davenport-Phillips ZN-611,40,283.62,2021-01-11 12:07:36,2025-08-07 10:33:13
3174,Rings Weber-Jones JC-115,40,3123.38,2019-03-17 07:25:34,2025-08-11 00:02:58
3175,"Rings Reyes, Lewis and Pratt ZD-473",40,1121.27,2024-08-19 14:04:08,2025-05-30 10:14:27
3176,Rings Chavez-Hardy Ke-562,40,2639.16,2020-04-25 19:40:30,2025-02-14 02:15:02
3177,Rings Dudley Inc gj-934,40,4326.26,2022-04-08 11:31:11,2025-04-04 22:49:06
3178,"Rings Jordan, Young and Bishop og-162",40,1982.03,2021-09-10 16:38:08,2025-08-18 01:16:44
3179,Rings Porter Ltd vh-294,40,1333.89,2021-12-09 19:33:28,2025-07-02 11:38:02
3180,Rings Fritz-Wilkerson dX-100,40,3301.53,2024-05-13 02:54:26,2025-01-28 09:48:46
3181,Rings Miller-Anderson UB-819,40,4644.32,2024-08-21 15:00:43,2025-02-14 08:05:54
3182,Rings Flores-Schmidt yK-139,40,2642.8,2021-08-21 00:08:39,2025-07-29 10:22:17
3183,Rings Forbes-Ruiz ll-434,40,3538.98,2022-03-11 00:56:00,2025-07-30 10:57:52
3184,"Rings Wright, Williams and Moore WY-246",40,3413.53,2022-06-23 13:06:43,2025-08-28 05:33:53
3185,"Rings Wells, Ramos and Johnson mG-286",40,3979.12,2023-10-30 22:06:21,2025-07-19 19:49:05
3186,Rings Cooley PLC ca-769,40,4656.65,2024-05-02 00:06:32,2025-07-15 07:43:11
3187,"Rings Moore, Flores and Bell WC-398",40,1406.78,2022-02-15 20:15:22,2025-08-03 18:14:08
3188,Rings Hayden Ltd hf-511,40,3644.78,2019-08-17 04:38:08,2025-06-16 07:11:20
3189,"Rings Small, Ellison and Brown oH-672",40,966.36,2023-09-26 15:06:44,2025-04-26 10:02:03
3190,"Rings Jones, Potts and Allison Us-635",40,5366.22,2019-03-20 17:34:12,2025-01-08 04:49:30
3191,Rings Martinez-Gray pW-723,40,4820.02,2022-06-12 16:36:16,2025-05-17 22:09:29
3192,Rings Williams-George hq-323,40,1637.32,2022-06-30 13:59:10,2025-03-12 13:50:23
3193,Rings Bishop PLC eu-923,40,1242.76,2021-06-02 13:31:54,2025-07-21 02:01:55
3194,Rings Parks-Mason Lh-206,40,1980.6,2019-02-24 06:27:36,2025-02-25 21:47:35
3195,"Rings Davenport, Ferguson and Avery oR-046",40,4140.81,2020-09-16 14:36:16,2025-07-13 05:56:59
3196,"Rings Simpson, Obrien and Smith HI-236",40,872.35,2022-01-03 11:40:31,2025-05-14 06:48:03
3197,"Rings Moreno, Patterson and Gonzalez xw-773",40,3658.41,2023-10-22 04:49:28,2025-02-15 09:59:37
3198,Rings Schwartz-Ross av-505,40,535.14,2019-04-29 08:47:45,2025-04-22 23:24:26
3199,"Rings Bush, Booth and Espinoza uB-035",40,1859.44,2019-10-07 07:49:23,2025-05-03 13:38:29
3200,Rings Grimes-Adkins ae-294,40,1151.27,2024-05-19 21:18:50,2025-05-15 06:27:49
3201,"Rings Brady, Griffin and Dyer bM-488",40,1892.9,2023-08-20 01:55:29,2025-06-24 01:26:51
3202,Rings Green-Rodgers WB-588,40,792.82,2021-05-04 21:49:10,2025-03-06 04:58:38
3203,Rings Escobar-Singleton vN-525,40,5325.5,2019-10-19 13:15:39,2025-05-31 22:21:27
3204,"Rings Doyle, Jones and Bird KV-881",40,3058.36,2023-01-20 01:02:15,2025-04-29 06:56:42
3205,Rings Chandler Inc Lm-251,40,4160.08,2022-08-28 18:59:41,2025-03-28 14:09:04
3206,Rings King and Sons MN-182,40,2250.41,2019-01-26 03:01:52,2025-03-08 16:16:46
3207,Rings Holland-Waller WZ-269,40,2001.97,2019-04-21 19:41:21,2025-05-04 03:01:03
3208,Rings Sanders-Armstrong tW-620,40,405.28,2019-12-28 04:43:55,2025-04-26 01:45:19
3209,Rings Hicks PLC hO-422,40,2163.52,2021-02-07 04:52:43,2025-06-19 13:15:45
3210,Rings Frazier and Sons Bl-013,40,297.61,2024-01-07 07:22:51,2025-05-25 15:05:52
3211,Rings Hall LLC gF-977,40,3903.48,2020-10-19 09:19:21,2025-07-08 05:51:51
3212,Rings Rodriguez and Sons Vb-029,40,2353.39,2019-06-10 23:26:08,2025-02-09 23:35:08
3213,Rings Wilson-Scott SZ-976,40,2363.3,2019-09-08 22:15:52,2025-01-19 10:24:15
3214,"Rings Perez, Frazier and Smith qD-668",40,4626.27,2019-07-01 07:38:12,2025-05-01 10:43:13
3215,"Rings Morrow, Hughes and Olson xa-689",40,2211.47,2019-10-21 00:34:23,2025-05-02 11:33:22
3216,Rings Smith and Sons pb-488,40,925.68,2023-09-11 09:09:41,2025-02-26 00:13:01
3217,Rings Wilson PLC JJ-526,40,3864.59,2022-01-11 20:41:57,2025-02-18 17:06:04
3218,Rings Bryan and Sons sC-950,40,3901.17,2021-03-27 12:06:21,2025-06-07 21:53:33
3219,Rings Rodgers Inc va-572,40,955.21,2022-08-26 03:15:56,2025-04-05 13:03:11
3220,Rings Dillon LLC tN-995,40,5257.57,2024-06-05 20:17:08,2025-06-30 14:16:45
3221,Rings Meyer Group rr-333,40,5071.5,2023-11-28 19:49:48,2025-07-24 11:55:22
3222,Rings Ramsey-Mckinney sF-779,40,3460.22,2024-02-22 21:08:11,2025-07-18 17:59:53
3223,Rings Baxter PLC Tk-930,40,3837.87,2021-08-30 07:32:39,2025-05-19 07:00:24
3224,Rings Jones-Jones nq-712,40,4397.24,2019-09-04 00:13:42,2025-06-05 03:20:50
3225,"Rings Ritter, Bradley and Williams St-435",40,1962.82,2024-08-18 08:44:38,2025-01-19 03:51:29
3226,"Rings Ray, Thomas and Long UV-166",40,1527.43,2022-08-21 21:32:41,2025-06-30 11:39:42
3227,"Rings Smith, Horn and Dominguez wJ-528",40,85.16,2022-12-29 06:35:56,2025-01-24 02:20:52
3228,Rings Murphy Ltd NG-046,40,1170.86,2021-12-21 16:02:52,2025-04-06 04:57:04
3229,Rings Cervantes-Jefferson bz-988,40,2641.76,2020-02-11 02:27:07,2025-07-17 11:10:25
3230,"Rings Montoya, Garcia and Rowland zK-533",40,4944.25,2020-11-13 04:42:11,2025-05-27 03:16:25
3231,"Rings Young, Mullen and Adams Td-304",40,480.54,2021-10-14 06:50:10,2025-06-11 02:59:40
3232,"Rings Chang, Nelson and Reynolds rN-536",40,4563.54,2020-05-28 12:49:44,2025-05-28 14:05:17
3233,Rings Castaneda PLC Wh-188,40,1535.25,2019-11-19 18:51:56,2025-07-10 09:23:03
3234,Rings Salas PLC wd-475,40,2598.2,2019-09-26 19:11:19,2025-01-29 00:23:27
3235,"Rings Ramirez, Boyd and Le dP-925",40,4895.4,2021-07-16 02:20:29,2025-07-28 02:26:31
3236,Rings Lewis and Sons tO-354,40,4096.52,2022-12-23 15:19:29,2025-03-03 17:54:37
3237,Rings Faulkner-Smith ed-448,40,3444.85,2021-06-29 13:55:01,2025-08-17 06:49:21
3238,Rings Smith-Matthews Cb-439,40,2343.44,2023-08-09 05:20:32,2025-07-09 21:32:20
3239,Rings Estes-Escobar na-873,40,4006.12,2022-11-20 08:14:01,2025-08-23 17:10:11
3240,Rings Allison and Sons IT-696,40,678.51,2022-10-07 12:05:04,2025-05-11 18:41:15
3241,Rings Marshall and Sons Gz-217,40,2673.26,2024-11-07 23:00:24,2025-02-04 04:39:17
3242,"Rings Herrera, Smith and Willis vH-461",40,2277.92,2024-05-29 20:19:04,2025-08-27 16:44:41
3243,Rings Rodriguez-Gomez jc-501,40,4219.72,2019-08-22 08:02:18,2025-08-04 23:54:15
3244,Rings Santos PLC JD-349,40,2615.06,2021-04-22 20:17:08,2025-07-26 01:23:00
3245,Rings Collins Group vh-366,40,2211.75,2024-05-11 16:39:32,2025-08-21 02:07:35
3246,Rings Sanchez Ltd kK-909,40,1604.68,2024-01-28 16:12:39,2025-02-09 11:47:32
3247,Rings Lopez LLC qx-663,40,2097.88,2021-05-17 09:01:42,2025-03-13 11:27:09
3248,"Rings Berry, Turner and Gillespie Pw-610",40,698.89,2023-03-12 21:08:07,2025-07-12 11:42:58
3249,Rings Guerra Ltd ZS-777,40,3629.5,2022-03-28 23:31:11,2025-01-19 20:46:33
3250,"Rings Short, Barker and Blackwell JV-473",40,2954.96,2022-12-30 18:24:08,2025-04-30 18:57:30
3251,"Rings Nixon, Brown and Hardy mJ-086",40,2840.6,2023-08-27 05:25:16,2025-07-16 00:15:39
3252,"Rings Bishop, Olson and Knox ub-675",40,4089.92,2019-12-23 17:18:14,2025-03-26 13:29:59
3253,Rings Daugherty-Lewis gd-195,40,1277.6,2021-08-01 06:04:31,2025-05-19 19:15:24
3254,Rings Trevino-Lynch Kz-235,40,3895.17,2022-07-19 17:25:18,2025-07-24 02:15:39
3255,"Rings Patterson, Collins and Randall us-916",40,3709.5,2022-11-22 15:16:12,2025-01-21 15:10:32
3256,"Rings Flynn, Sawyer and Castillo qM-964",40,2170.99,2021-01-03 14:19:19,2025-06-21 10:27:18
3257,"Rings Murphy, Hill and Jarvis hS-612",40,2194.15,2019-11-20 22:48:07,2025-04-18 11:06:53
3258,Rings Turner Ltd Jp-628,40,4166.41,2021-12-14 07:48:55,2025-06-17 01:55:53
3259,Rings Myers Ltd RX-675,40,4254.79,2021-07-22 08:01:38,2025-05-17 11:09:01
3260,Rings Dodson-Hodges jP-054,40,2443.38,2022-08-25 12:00:59,2025-08-10 05:42:49
3261,Rings Cooper-Brown BR-886,40,1443.34,2019-06-05 17:03:56,2025-07-23 08:09:25
3262,Rings Valdez LLC jW-646,40,2478.86,2024-01-26 04:01:17,2025-01-23 16:20:59
3263,Rings Flores Ltd Uh-991,40,3518.24,2020-08-04 01:39:50,2025-02-01 03:53:49
3264,Rings Hodge PLC VR-509,40,1856.44,2019-08-09 04:39:59,2025-05-10 12:08:09
3265,Rings Lopez Inc Hr-658,40,1333.18,2020-02-22 21:38:34,2025-01-14 06:00:29
3266,Rings Miller PLC fe-092,40,2481.35,2022-11-27 16:23:50,2025-05-04 18:45:49
3267,Rings Colon Group HE-635,40,1372.13,2023-04-06 17:39:19,2025-03-15 14:06:24
3268,"Rings Yates, Ray and Klein fl-023",40,2370.32,2023-08-30 19:05:18,2025-04-03 14:10:40
3269,"Rings Sweeney, Thompson and Skinner QK-656",40,4018.21,2020-01-30 13:56:52,2025-07-15 08:15:12
3270,Rings Powers LLC uK-029,40,605.44,2022-06-14 23:22:23,2025-01-24 13:57:17
3271,Rings Watts-Wallace eH-798,40,4525.38,2023-12-19 04:08:05,2025-02-24 19:53:31
3272,Rings Walker-Bailey BM-326,40,3033.96,2023-01-05 15:47:04,2025-08-29 09:42:49
3273,"Rings Thomas, Turner and Bell PS-613",40,407.55,2023-09-21 15:57:26,2025-03-28 02:02:47
3274,Rings Wall Group Mj-902,40,2334.2,2021-12-19 16:50:47,2025-02-23 23:06:49
3275,Rings Bennett PLC rE-902,40,2255.97,2022-06-17 11:50:56,2025-01-05 13:06:52
3276,"Rings Rodriguez, Jones and Walsh Ro-535",40,1665.27,2020-04-11 19:47:22,2025-04-02 05:31:48
3277,"Rings Riley, King and Hudson Rr-468",40,5289.38,2020-03-14 13:13:07,2025-06-22 17:54:54
3278,Rings Torres-Moore lX-720,40,2009.22,2021-03-07 18:09:27,2025-05-10 03:14:08
3279,Rings Smith PLC ED-108,40,436.42,2019-05-07 06:23:10,2025-03-10 01:43:51
3280,"Rings Olson, Cardenas and Wilson sK-320",40,491.03,2022-04-01 13:18:46,2025-03-16 18:55:51
3281,"Rings Perkins, Sawyer and Robertson hU-076",40,2025.63,2023-08-09 01:55:27,2025-03-05 17:40:11
3282,"Rings Rodriguez, May and Hodges iL-597",40,1233.62,2022-02-22 09:24:03,2025-05-31 02:57:26
3283,Rings Henson-Gray av-014,40,3400.68,2019-03-18 20:25:09,2025-02-19 01:12:03
3284,"Rings Heath, Collins and Mccoy fy-334",40,2934.02,2024-10-12 04:57:47,2025-01-23 01:18:29
3285,"Rings Rogers, Bullock and Kelly NB-517",40,2771.8,2024-12-25 03:47:21,2025-04-05 12:06:07
3286,Rings Scott Inc qF-085,40,3927.28,2021-10-04 08:50:42,2025-05-24 15:54:30
3287,Rings Lee-Barrett Ym-328,40,1372.32,2024-01-02 11:41:34,2025-07-20 11:47:12
3288,Rings Nelson Inc Vz-100,40,190.81,2022-04-10 13:37:58,2025-03-29 23:20:07
3289,"Rings Parks, Barrett and Foster jU-302",40,4087.56,2022-09-15 17:30:26,2025-01-13 19:11:27
3290,Rings Roberts Inc el-749,40,3734.1,2021-03-11 16:17:41,2025-01-12 18:47:13
3291,"Rings Wood, Gonzalez and Thomas kv-296",40,4109.23,2024-05-22 17:23:50,2025-01-13 21:42:06
3292,"Rings Morgan, Rogers and Davis Fa-534",40,1955.09,2023-03-27 00:20:02,2025-01-16 21:59:52
3293,Rings Miller-Frazier Tu-544,40,337.87,2024-05-28 15:25:32,2025-05-21 06:05:04
3294,Rings Cruz-Green Ti-479,40,1639.5,2019-05-22 09:04:25,2025-08-11 10:18:24
3295,"Rings Wilcox, Parker and Pena yU-859",40,3091.57,2021-08-12 08:14:11,2025-01-28 00:32:26
3296,Rings Robinson-Roth VI-250,40,3161.27,2024-10-29 20:12:33,2025-03-26 05:52:42
3297,"Rings Castro, Miles and Page RU-942",40,5295.27,2024-04-08 01:55:48,2025-05-02 19:45:14
3298,"Rings Horton, Gonzales and Rose aR-650",40,3853.52,2020-01-25 00:00:43,2025-08-12 02:35:21
3299,"Rings Hawkins, Harris and Jacobs MU-856",40,3933.78,2019-10-06 15:24:35,2025-01-26 20:15:10
3300,"Rings Davis, Murray and Hall YW-073",40,451.51,2022-04-07 18:41:43,2025-03-14 22:03:14
3301,"Rings Beck, Jensen and Vaughan Hy-520",40,2098.12,2023-02-17 21:31:54,2025-08-07 21:24:44
3302,"Rings Anderson, Nash and Martinez ct-044",40,5326.44,2023-10-15 16:02:18,2025-08-07 09:39:45
3303,Rings Montes LLC Om-458,40,609.81,2020-08-21 17:15:23,2025-03-04 19:13:20
3304,"Rings Bailey, Dunn and Roach dk-652",40,3762.63,2021-09-25 13:37:36,2025-06-18 00:55:01
3305,"Rings Valencia, Espinoza and Kelley uB-444",40,3737.55,2023-07-12 15:58:04,2025-07-15 21:12:20
3306,"Rings Gay, Moore and Hill RT-015",40,3462.4,2022-06-19 17:15:06,2025-04-07 23:59:38
3307,Rings Cruz and Sons kJ-874,40,1402.22,2023-12-26 09:50:00,2025-02-09 19:16:39
3308,Rings Rose-Walker Sz-155,40,426.29,2023-02-09 17:06:46,2025-07-09 17:39:17
3309,Rings Hale-Rivers hF-571,40,2014.37,2023-12-26 14:43:34,2025-03-30 19:35:41
3310,"Rings Davis, Watts and Mcdaniel Hq-784",40,3019.28,2022-02-01 04:16:22,2025-04-11 12:13:53
3311,"Rings Small, Hughes and Watson Ki-902",40,1066.68,2023-07-13 08:13:42,2025-06-02 14:41:24
3312,"Rings Huerta, Fleming and Figueroa Ub-082",40,1574.92,2024-09-28 11:15:40,2025-01-07 10:43:00
3313,Rings Rose and Sons hZ-965,40,4560.33,2023-03-26 15:56:57,2025-04-11 20:25:45
3314,"Rings Willis, Graham and Butler mu-463",40,4101.27,2022-01-16 07:03:02,2025-07-28 06:32:04
3315,Rings Mcgee-Jones Za-343,40,4476.39,2020-05-28 17:07:01,2025-03-04 15:52:25
3316,"Rings Reed, Thomas and Hart VM-139",40,4460.82,2021-04-11 22:38:46,2025-06-25 19:12:41
3317,"Rings Shaw, Love and Morales Lc-560",40,3422.22,2023-08-23 20:37:49,2025-07-10 01:36:35
3318,"Rings Payne, Mendez and Mcbride Jc-392",40,658.14,2023-01-15 05:29:14,2025-05-28 02:20:59
3319,Rings Garcia-Ramsey Ai-238,40,3058.98,2019-06-07 01:13:00,2025-08-11 05:27:36
3320,Rings Johnson LLC Dx-908,40,1965.57,2023-07-25 20:11:00,2025-08-07 07:32:25
3321,Rings Petersen Inc UE-757,40,294.63,2023-09-18 14:17:31,2025-06-23 02:50:24
3322,"Rings King, Smith and Davis PI-472",40,4263.38,2019-04-12 12:23:06,2025-06-06 15:03:50
3323,"Rings Hampton, Schneider and Lindsey bw-417",40,2697.86,2019-06-20 07:23:21,2025-06-05 17:58:44
3324,Rings Bell-Perry RY-137,40,4876.49,2019-07-14 13:10:41,2025-06-06 02:09:12
3325,Rings Hampton-Roberts Dz-163,40,284.4,2020-08-24 11:57:31,2025-01-08 17:27:49
3326,Rings Warner Inc wn-811,40,686.31,2019-02-15 20:46:00,2025-06-05 13:33:22
3327,Rings Brady-Burgess TZ-494,40,3718.25,2024-06-17 20:22:06,2025-04-28 00:54:40
3328,Rings Mclaughlin Group nz-794,40,754.5,2019-02-28 07:14:33,2025-04-14 20:45:55
3329,"Rings Sanchez, Barrett and Howe iW-784",40,2557.0,2022-06-19 02:01:12,2025-06-12 01:58:11
3330,Rings Brown-Adams pc-006,40,531.57,2021-08-22 05:49:12,2025-03-06 11:33:52
3331,Rings Crosby Group ye-383,40,545.78,2022-01-16 08:20:36,2025-06-15 15:53:04
3332,Rings Brooks Ltd St-300,40,3921.26,2019-09-01 10:12:15,2025-08-13 12:32:52
3333,"Rings Anderson, Romero and Schneider mH-547",40,4533.05,2023-09-08 04:01:32,2025-04-15 00:42:27
3334,Rings Simmons-Walker NW-640,40,3188.39,2022-10-20 06:08:53,2025-05-19 22:11:13
3335,"Rings Murphy, Johnson and Gordon Rb-311",40,3598.66,2023-03-11 01:05:06,2025-03-01 04:09:06
3336,"Rings Ramos, Robinson and Payne oQ-564",40,2955.49,2021-07-05 19:16:57,2025-03-25 12:22:28
3337,"Rings Mcmillan, Foley and Cox vz-962",40,1262.34,2023-07-12 15:54:39,2025-08-17 17:43:12
3338,Rings Kim Ltd xb-807,40,4848.67,2020-05-14 19:46:48,2025-05-18 08:42:04
3339,Rings Bell-Carpenter Qk-967,40,3289.63,2023-01-15 14:07:12,2025-08-24 04:23:40
3340,"Rings Williams, Jennings and Nelson bd-122",40,2603.21,2020-04-09 01:41:38,2025-04-13 12:58:55
3341,Rings James and Sons vu-840,40,393.66,2023-07-19 01:13:16,2025-07-10 21:42:51
3342,Rings Pruitt-Cooper mX-085,40,636.3,2020-07-27 19:26:20,2025-08-05 22:22:09
3343,Rings Rose-Cohen Er-932,40,4498.21,2024-03-29 10:27:42,2025-03-16 23:25:51
3344,"Rings Coleman, Allen and Hale rM-107",40,559.15,2020-12-17 19:02:18,2025-06-25 16:53:56
3345,"Rings Swanson, Klein and Hamilton el-246",40,1696.96,2019-01-22 10:17:46,2025-01-23 07:09:20
3346,"Rings Wilson, Wong and Raymond ie-243",40,138.38,2023-07-12 05:36:24,2025-03-13 04:31:19
3347,Rings Roberson Inc vT-631,40,129.67,2019-06-28 05:11:34,2025-01-07 07:32:32
3348,"Rings Jackson, Murphy and Callahan mq-998",40,535.67,2019-06-09 10:58:41,2025-07-14 00:47:51
3349,Rings Kelly-Williams Gc-664,40,1037.44,2020-05-27 06:16:37,2025-06-22 17:54:03
3350,Rings Johnson Inc da-302,40,3497.79,2020-08-02 02:00:29,2025-07-14 17:32:30
3351,Rings Cowan LLC ho-047,40,1417.67,2021-05-26 08:54:26,2025-06-10 22:34:13
3352,"Rings Smith, Shannon and Bryant gW-991",40,2949.83,2020-06-11 18:28:37,2025-01-31 19:47:56
3353,"Rings Valdez, Hunt and Nash Ex-190",40,859.92,2021-11-23 03:59:49,2025-08-20 03:21:58
3354,Rings Travis-Jones rz-247,40,2009.52,2023-08-09 04:38:55,2025-01-22 06:23:23
3355,Rings Davis-Salazar VZ-559,40,4165.88,2023-10-08 05:27:38,2025-02-15 12:56:56
3356,Rings Brown Group AU-434,40,3445.29,2020-03-16 12:22:57,2025-08-21 05:10:30
3357,Rings Williams-Pittman lh-877,40,289.3,2023-03-26 13:17:33,2025-06-07 10:24:17
3358,"Rings Williams, Jones and Herring TI-295",40,3835.79,2022-05-04 09:02:14,2025-02-27 16:34:46
3359,Rings Farley-Robinson kE-345,40,3127.31,2021-11-17 12:07:51,2025-02-02 19:31:54
3360,Rings Anderson-Williams rQ-706,40,2087.35,2022-03-04 11:45:51,2025-07-13 02:51:28
3361,"Rings Rogers, Weber and Herring sq-621",40,2735.36,2023-08-16 18:46:59,2025-04-03 03:47:26
3362,Rings Montgomery-Patterson CO-542,40,2922.34,2023-09-14 05:21:59,2025-06-15 09:05:20
3363,"Rings Allison, Johnson and Fletcher Vo-995",40,2467.74,2020-06-17 21:37:30,2025-06-25 06:46:36
3364,Rings Chen Inc jY-649,40,1054.51,2022-07-14 01:16:34,2025-07-17 06:09:01
3365,"Rings Burns, Navarro and Smith lb-917",40,490.69,2023-09-30 22:14:54,2025-02-01 04:11:43
3366,Rings Scott Ltd ia-719,40,1374.54,2019-08-14 23:36:57,2025-01-21 16:21:07
3367,Rings Liu Group hF-298,40,3017.23,2021-03-15 16:14:41,2025-06-04 17:44:02
3368,Rings Tucker Inc tk-751,40,4196.9,2022-07-25 15:30:30,2025-02-24 20:41:33
3369,Rings Dixon LLC md-652,40,635.03,2019-11-13 02:40:25,2025-06-10 23:11:09
3370,Rings Munoz Group MR-138,40,49.63,2024-01-02 22:00:37,2025-04-13 21:29:31
3371,"Rings Robinson, Wilson and Gonzalez zX-465",40,3354.86,2023-09-13 00:47:57,2025-03-16 11:11:58
3372,Rings Nelson Ltd wB-279,40,239.37,2021-08-20 21:50:28,2025-03-02 20:57:24
3373,"Rings Francis, Gates and Cuevas Qj-506",40,1373.11,2020-04-26 17:07:19,2025-03-03 23:26:37
3374,Rings Perry Group Rq-023,40,3169.41,2024-06-04 19:54:43,2025-02-24 16:24:00
3375,Rings Johnson-Bell sG-635,40,4201.44,2022-11-14 06:18:46,2025-07-30 11:42:32
3376,Necklaces Perez and Sons TA-016,41,1458.02,2021-03-11 02:13:36,2025-07-16 14:00:34
3377,"Necklaces Miller, Anthony and Mitchell Un-292",41,3125.48,2023-08-21 10:09:43,2025-05-01 07:47:16
3378,Necklaces Reed-Olson hm-089,41,4584.16,2021-12-19 15:35:58,2025-07-22 18:06:07
3379,"Necklaces Gallegos, Alexander and Logan MB-724",41,87.39,2019-04-06 19:42:50,2025-06-20 08:28:50
3380,Necklaces Wood-Bell lv-938,41,762.45,2024-12-26 07:25:37,2025-06-19 04:43:14
3381,Necklaces Massey-Lane Or-333,41,2545.31,2020-04-21 00:01:06,2025-02-19 09:25:25
3382,Necklaces Smith Inc Xk-573,41,3300.03,2023-05-04 20:56:25,2025-05-11 16:10:58
3383,Necklaces Lara-Ward Jv-482,41,3095.4,2023-06-16 12:21:50,2025-03-08 01:07:09
3384,Necklaces Ford-Smith Ke-581,41,2540.17,2021-05-05 18:23:51,2025-05-05 13:20:17
3385,Necklaces Martin-Stewart xP-013,41,4251.01,2023-08-21 03:19:05,2025-08-30 08:37:00
3386,"Necklaces Maddox, Jones and Anderson zA-774",41,3895.58,2019-02-27 08:53:48,2025-06-15 01:38:01
3387,Necklaces Arnold-Davis kA-243,41,1148.07,2020-11-11 05:49:13,2025-06-24 11:40:20
3388,Necklaces King-Smith Jv-164,41,2729.28,2021-12-29 19:54:20,2025-06-13 13:59:44
3389,Necklaces Ferguson-Cook Hf-721,41,2001.72,2020-03-27 19:12:49,2025-06-03 20:52:33
3390,Necklaces Myers and Sons pO-865,41,3725.79,2020-03-01 17:51:32,2025-05-11 19:17:48
3391,Necklaces Hernandez Group aM-381,41,3472.76,2023-04-11 18:57:46,2025-03-14 04:14:37
3392,Necklaces Cruz-Chavez Xj-875,41,2487.0,2022-02-06 20:11:15,2025-02-22 10:41:12
3393,"Necklaces Mcdonald, Porter and Cordova LT-440",41,4368.14,2022-01-26 08:33:29,2025-02-27 23:05:08
3394,Necklaces Williams-Shannon wK-267,41,2988.11,2022-09-20 11:52:22,2025-03-25 11:32:07
3395,"Necklaces Nash, Wagner and Houston fz-546",41,4619.82,2021-09-13 14:49:50,2025-07-30 13:05:25
3396,Necklaces Thompson-Jordan lJ-542,41,4775.63,2021-10-13 21:09:28,2025-08-25 20:21:08
3397,"Necklaces Jackson, Reyes and Hernandez ow-599",41,4088.13,2020-12-26 01:47:07,2025-03-03 19:22:16
3398,"Necklaces Pena, Hudson and Smith vJ-630",41,1093.73,2023-02-15 14:29:37,2025-04-08 14:34:09
3399,"Necklaces Reed, Manning and Ramos Yx-829",41,3192.49,2022-08-30 18:36:14,2025-04-30 10:44:36
3400,"Necklaces Brown, Bruce and Hardin dF-686",41,789.01,2024-01-29 16:12:06,2025-04-25 06:38:58
3401,Necklaces Richardson-Meyers Dp-559,41,3484.27,2022-02-14 19:47:33,2025-02-20 06:03:01
3402,Necklaces Lin PLC ke-276,41,2871.76,2020-01-28 20:17:43,2025-02-19 21:53:23
3403,"Necklaces Bernard, Jones and Brooks Hk-165",41,1253.58,2021-12-23 11:35:35,2025-07-19 07:42:15
3404,"Necklaces Cook, Vasquez and Chang Dp-035",41,1554.4,2021-02-04 09:28:49,2025-07-08 23:17:56
3405,"Necklaces Savage, Young and Bates Tt-357",41,205.44,2020-11-09 22:21:21,2025-02-16 18:40:00
3406,"Necklaces Benson, Savage and Ortega pY-767",41,4214.27,2023-08-07 03:37:13,2025-07-08 21:05:37
3407,Necklaces James Group Px-929,41,2041.48,2024-04-15 12:42:05,2025-01-10 12:39:20
3408,"Necklaces Gross, Gonzalez and Flores rv-839",41,1555.84,2022-03-13 17:51:53,2025-01-24 15:58:13
3409,"Necklaces Torres, Cox and Hamilton Zs-295",41,3897.97,2022-01-30 17:10:20,2025-01-29 19:30:16
3410,"Necklaces Marquez, Ellis and Brown HV-563",41,4098.46,2021-10-19 02:31:07,2025-05-04 12:20:15
3411,Necklaces Huff-West Ij-649,41,2940.83,2021-05-12 00:34:34,2025-01-20 17:30:19
3412,Necklaces Hudson-Williams cc-487,41,116.25,2024-04-15 09:07:44,2025-04-08 06:01:18
3413,"Necklaces Smith, Contreras and Mitchell eA-683",41,2739.5,2022-07-23 20:17:00,2025-05-09 20:04:46
3414,Necklaces Leach-Arias OD-116,41,2195.65,2019-03-26 08:02:17,2025-01-04 01:01:44
3415,Necklaces Wolf Ltd Xr-100,41,3358.36,2019-04-20 23:49:10,2025-04-12 04:16:09
3416,"Necklaces Mendoza, Fisher and Delgado kG-320",41,1651.95,2022-02-26 02:36:06,2025-06-26 11:17:35
3417,Necklaces Robinson Group JX-752,41,1457.67,2020-01-03 22:21:11,2025-03-06 23:55:08
3418,Necklaces Williams Ltd Si-058,41,4072.4,2023-05-19 21:57:10,2025-08-20 14:04:23
3419,Necklaces Olson-Bradley nU-157,41,3172.39,2020-08-26 20:52:16,2025-07-14 05:42:58
3420,Necklaces Lewis-Foster BD-806,41,2712.25,2022-09-12 13:41:39,2025-05-05 00:25:01
3421,"Necklaces Patterson, Kaufman and Rodriguez nn-871",41,4268.93,2019-02-20 07:59:06,2025-03-11 06:50:36
3422,Necklaces Martin-Hernandez TM-693,41,885.99,2021-10-28 15:38:44,2025-05-31 17:59:24
3423,"Necklaces Quinn, Wallace and Mckee Gh-328",41,4431.73,2021-11-30 16:20:53,2025-02-21 13:36:03
3424,Necklaces Warren-Newton aG-990,41,1454.75,2020-11-03 18:25:21,2025-06-18 23:04:18
3425,"Necklaces Palmer, Smith and Clark bS-572",41,4023.71,2021-09-30 23:50:56,2025-05-04 10:28:45
3426,Necklaces Chapman PLC LT-820,41,490.19,2024-08-25 15:14:50,2025-03-10 11:39:07
3427,Necklaces Sexton LLC WL-955,41,1440.78,2019-04-24 18:45:59,2025-02-27 04:07:26
3428,"Necklaces Thomas, Navarro and Saunders OF-458",41,2565.43,2023-10-10 12:16:51,2025-07-05 01:14:43
3429,Necklaces Thomas and Sons ep-238,41,886.42,2020-10-04 03:27:58,2025-08-26 08:39:12
3430,Necklaces Harrington-Chen iQ-572,41,5412.26,2023-07-20 12:14:55,2025-01-28 00:54:04
3431,"Necklaces Vazquez, Nguyen and Pollard Oe-603",41,2370.84,2024-10-24 03:41:17,2025-03-18 05:00:55
3432,Necklaces Johnson-Woods Ue-261,41,4707.9,2023-10-24 07:34:00,2025-05-30 01:20:51
3433,"Necklaces Valdez, Robertson and Ortiz VS-897",41,4682.7,2023-06-13 08:25:10,2025-07-16 08:31:15
3434,Necklaces Barnes-Williams tn-684,41,1432.6,2022-05-07 08:55:42,2025-03-09 19:35:21
3435,Necklaces Skinner Ltd EC-444,41,2703.45,2020-02-11 12:10:35,2025-06-07 07:02:42
3436,Necklaces Ball-Valentine lV-855,41,4061.89,2024-10-08 02:49:29,2025-04-06 21:10:49
3437,"Necklaces Johnson, Bernard and Benjamin MI-349",41,1253.91,2021-06-16 23:19:35,2025-08-22 17:05:57
3438,Necklaces Fritz-Gonzales Kk-086,41,60.12,2022-02-07 21:51:17,2025-06-15 04:20:21
3439,Necklaces Vazquez-Kelly Se-556,41,4328.85,2023-07-05 19:03:52,2025-05-24 06:11:30
3440,Necklaces Curry-Hughes bq-807,41,1179.69,2023-12-28 18:58:37,2025-02-13 03:26:50
3441,"Necklaces Lynn, Taylor and Solis yz-208",41,3840.38,2021-09-25 19:33:10,2025-01-22 17:45:58
3442,Necklaces Williams Group xv-848,41,2061.71,2023-03-24 11:47:29,2025-06-12 01:44:22
3443,Necklaces Schwartz-Thomas Kb-243,41,459.69,2019-04-25 00:17:51,2025-05-20 19:30:10
3444,"Necklaces Evans, Montgomery and Phillips Bb-654",41,2345.37,2019-01-03 14:17:10,2025-06-17 13:30:57
3445,Necklaces Smith-Cook JE-567,41,4427.56,2024-07-31 20:34:48,2025-08-17 03:33:31
3446,"Necklaces Campbell, Crawford and Torres ae-982",41,403.67,2022-06-27 19:07:05,2025-05-01 09:18:23
3447,Necklaces Jenkins Ltd Um-385,41,1042.63,2022-06-12 16:16:35,2025-01-13 12:30:55
3448,"Necklaces Reeves, Ali and Welch zN-788",41,836.44,2024-11-11 07:28:06,2025-04-28 17:37:33
3449,Necklaces Fuller Group bH-816,41,4705.19,2019-10-31 05:49:58,2025-04-30 17:22:12
3450,Necklaces Oneill-Thomas mg-795,41,3162.91,2022-08-27 12:11:03,2025-02-15 13:39:52
3451,"Necklaces Reyes, Wilson and Weeks Km-403",41,3864.4,2023-08-30 21:31:17,2025-01-01 20:25:30
3452,Necklaces Parrish-Davis hx-108,41,549.19,2024-02-25 02:39:53,2025-01-11 23:57:59
3453,"Necklaces Palmer, Mayo and Frazier Xi-805",41,4254.04,2023-03-21 06:11:05,2025-03-18 03:30:42
3454,Necklaces Dean-Howard JD-061,41,4072.7,2024-01-16 03:23:14,2025-08-23 18:14:29
3455,Necklaces Aguilar-Perez rh-730,41,4624.37,2023-09-16 01:55:27,2025-08-21 18:13:39
3456,Necklaces Mcbride-Carpenter IT-736,41,431.57,2022-01-14 00:25:24,2025-01-26 05:55:56
3457,Necklaces Blanchard-Parker oA-711,41,4329.86,2021-12-14 21:25:20,2025-01-25 07:37:31
3458,"Necklaces Snow, Hawkins and Bates ka-208",41,4896.35,2020-12-24 17:29:27,2025-06-02 14:45:22
3459,Necklaces Hopkins Inc Bt-547,41,2482.03,2020-12-06 15:53:08,2025-03-21 01:30:14
3460,Necklaces Hill Group xL-140,41,4916.48,2020-01-04 23:02:14,2025-08-14 16:27:04
3461,Necklaces Sawyer-Holland Xc-567,41,2210.78,2019-11-14 01:26:17,2025-04-14 23:58:34
3462,"Necklaces Clarke, Sullivan and Soto SQ-579",41,3129.65,2022-08-19 20:59:18,2025-01-11 15:04:54
3463,Necklaces Zhang-Tyler Mx-931,41,3686.59,2019-10-02 21:38:02,2025-04-03 13:07:28
3464,Necklaces Brooks-Ruiz jB-821,41,1687.54,2024-09-28 16:30:20,2025-03-08 05:36:28
3465,"Necklaces Ford, Nguyen and Briggs yn-325",41,659.98,2021-01-02 03:15:56,2025-02-06 08:03:42
3466,"Necklaces Taylor, Mosley and Smith eQ-204",41,2057.82,2020-07-16 20:07:40,2025-07-17 13:14:54
3467,Necklaces Brown Ltd JR-590,41,847.14,2019-06-18 21:10:02,2025-07-10 13:57:30
3468,Necklaces Jones Ltd KW-480,41,959.36,2023-05-06 18:40:49,2025-05-16 15:36:48
3469,Necklaces Lawrence-Stanton fx-628,41,1833.74,2021-06-30 10:24:40,2025-04-01 11:12:40
3470,Necklaces Walker and Sons sv-536,41,4193.25,2022-04-23 13:13:24,2025-08-19 21:32:25
3471,"Necklaces Copeland, Mann and Hernandez mU-783",41,4990.39,2023-02-08 05:41:36,2025-01-06 13:43:33
3472,Necklaces Scott Inc Mk-692,41,3628.46,2022-09-05 01:15:25,2025-02-13 07:00:27
3473,Necklaces Olson LLC er-774,41,4143.77,2021-09-26 00:16:27,2025-07-02 00:16:05
3474,Necklaces Greene-Webb It-363,41,4063.36,2019-09-30 08:08:59,2025-06-03 06:06:47
3475,"Necklaces Pratt, Morales and Garcia gW-959",41,1676.97,2021-02-11 02:38:54,2025-05-09 03:46:47
3476,Necklaces Hall-Bishop fC-371,41,3355.64,2020-02-22 02:29:44,2025-05-20 22:02:27
3477,Necklaces Horton-Peterson WI-034,41,322.85,2022-07-08 02:58:13,2025-01-31 23:05:56
3478,"Necklaces Lawrence, Robinson and Torres QX-440",41,3782.32,2019-07-18 14:52:50,2025-01-21 03:57:15
3479,"Necklaces Harper, Kaufman and Lopez HS-063",41,4824.26,2022-08-27 06:52:29,2025-07-13 06:00:32
3480,Necklaces Campbell Group iE-058,41,386.08,2022-01-28 21:03:22,2025-07-07 05:29:35
3481,Necklaces Duffy and Sons Ux-990,41,3487.32,2021-10-16 11:42:05,2025-06-28 13:40:50
3482,"Necklaces Hines, Espinoza and Wang jM-236",41,2363.87,2022-01-07 11:42:55,2025-04-27 17:07:03
3483,Necklaces Olsen PLC FT-181,41,3191.81,2021-03-26 03:19:08,2025-03-30 10:40:06
3484,Necklaces Mueller Ltd uh-771,41,2676.54,2024-09-17 16:15:38,2025-06-29 21:59:52
3485,Necklaces Wright Ltd np-105,41,3951.66,2020-07-01 22:44:17,2025-02-03 11:28:51
3486,"Necklaces Brown, Rodriguez and Dougherty jZ-411",41,3261.63,2020-11-24 15:03:52,2025-04-09 05:52:29
3487,"Necklaces Serrano, Pineda and Brown DK-119",41,1227.61,2022-05-09 03:39:13,2025-08-23 00:50:49
3488,Necklaces Harris-Wilson jW-458,41,735.95,2021-04-30 02:10:24,2025-02-23 16:02:42
3489,Necklaces Rodriguez LLC si-911,41,596.13,2023-06-12 03:30:19,2025-05-05 08:07:49
3490,Necklaces Wilson PLC oN-692,41,4096.71,2024-07-14 10:20:53,2025-03-19 18:50:31
3491,"Necklaces Price, Gilbert and Kline Sw-436",41,3306.7,2024-02-05 09:10:10,2025-04-20 15:58:13
3492,Necklaces Spencer-Hicks On-179,41,3320.9,2021-11-25 06:29:37,2025-03-02 00:19:54
3493,"Necklaces Bishop, Brewer and Sanders yJ-252",41,2427.04,2024-09-20 16:01:44,2025-06-08 14:04:15
3494,"Necklaces Mann, Sawyer and Flores hY-471",41,2931.79,2022-03-07 02:22:15,2025-02-17 01:59:34
3495,"Necklaces Gilbert, Case and Howell uj-942",41,4243.55,2021-12-17 03:22:37,2025-05-08 01:29:51
3496,Necklaces Kelly Inc zw-447,41,3735.32,2023-09-18 19:33:16,2025-05-02 05:45:00
3497,"Necklaces Ward, Gutierrez and King Bg-324",41,3932.85,2021-02-06 04:25:26,2025-07-11 05:15:58
3498,Necklaces Hill Ltd yM-808,41,462.9,2024-05-11 14:31:26,2025-07-02 12:16:32
3499,"Necklaces Lopez, May and Martinez MU-158",41,4120.76,2021-04-07 01:16:00,2025-07-25 08:28:11
3500,"Necklaces Powell, Thomas and Scott IH-336",41,1624.95,2023-09-06 21:03:06,2025-05-08 01:28:58
3501,Necklaces Torres-Hood cV-530,41,1608.83,2023-08-20 21:34:42,2025-05-27 08:10:27
3502,Necklaces Cortez-Wiley tR-883,41,4297.72,2022-03-09 08:25:49,2025-05-31 12:57:28
3503,Necklaces Pierce-Erickson SE-863,41,2038.36,2019-12-26 02:37:23,2025-03-13 04:41:13
3504,Necklaces Barton-Lewis qk-842,41,1581.03,2024-09-01 05:10:34,2025-05-01 00:15:18
3505,Necklaces White PLC op-806,41,1901.85,2019-10-30 04:44:21,2025-01-05 00:55:20
3506,Necklaces Schmidt-Levy RE-082,41,1631.96,2023-03-16 20:18:24,2025-05-07 14:58:56
3507,"Necklaces Gonzalez, Fox and Winters jA-294",41,586.79,2020-04-02 06:38:29,2025-01-26 11:19:03
3508,"Necklaces Barnes, Russo and Smith sa-342",41,2926.86,2020-12-23 10:28:12,2025-04-10 20:06:36
3509,Necklaces Anderson-Dudley Hb-526,41,660.63,2019-10-14 07:37:13,2025-04-09 19:51:10
3510,Necklaces Dominguez-Williams LW-156,41,4322.5,2022-11-12 04:53:51,2025-02-09 17:29:31
3511,"Necklaces Wood, Johnson and Baldwin ZY-817",41,4831.27,2019-07-11 14:28:19,2025-06-20 03:07:15
3512,"Necklaces Adams, Taylor and Castillo wv-899",41,2941.15,2024-04-21 07:51:16,2025-07-04 15:15:18
3513,Necklaces Miller PLC VH-275,41,1730.42,2021-05-12 20:07:05,2025-08-11 21:33:19
3514,Necklaces Johnson-Wallace Dl-354,41,4512.95,2024-04-22 03:56:14,2025-07-16 01:03:55
3515,Necklaces Brown Ltd bu-376,41,2816.8,2021-02-28 16:39:29,2025-04-24 16:42:12
3516,"Necklaces Turner, Cervantes and Osborn Uc-712",41,2422.52,2024-10-19 05:49:30,2025-07-04 10:43:44
3517,Necklaces Martinez Ltd bL-896,41,587.01,2020-12-09 14:14:21,2025-03-10 18:04:13
3518,Necklaces Livingston-Williams RV-143,41,1563.17,2022-06-11 18:14:43,2025-04-19 10:28:41
3519,Necklaces Smith-Hobbs pz-752,41,2172.63,2020-06-27 15:36:36,2025-05-22 05:55:52
3520,Necklaces Kennedy LLC tp-879,41,4515.38,2021-08-04 23:37:14,2025-07-26 00:29:38
3521,Necklaces Campbell PLC FB-601,41,2339.57,2022-04-17 20:24:25,2025-08-21 14:03:08
3522,"Necklaces Phelps, Roth and Cooper Gu-410",41,155.01,2021-10-12 22:38:31,2025-06-14 06:26:31
3523,Necklaces Harrington Group FQ-437,41,3129.88,2022-01-29 17:45:09,2025-04-04 05:27:07
3524,"Necklaces Lane, Butler and Jordan ey-122",41,1066.75,2022-10-26 13:10:02,2025-02-10 07:05:07
3525,Necklaces Garza Inc lS-400,41,2266.83,2019-01-10 23:47:59,2025-07-29 23:56:30
3526,Necklaces Barber PLC oc-441,41,91.66,2024-08-28 16:03:56,2025-04-10 03:24:59
3527,Necklaces Michael-Hernandez XW-474,41,4251.15,2019-01-30 04:51:38,2025-02-07 20:14:01
3528,"Necklaces Richardson, Reeves and Parker sC-316",41,4232.3,2024-11-29 23:19:34,2025-02-28 20:11:30
3529,Necklaces Miller Inc TV-591,41,443.99,2023-11-16 00:04:33,2025-01-28 08:25:09
3530,"Necklaces Houston, Lopez and Terrell ix-697",41,3267.39,2023-01-29 16:59:06,2025-06-19 23:02:51
3531,"Necklaces Rivas, Dixon and Castaneda bo-463",41,4113.03,2023-12-27 06:14:31,2025-08-16 07:27:48
3532,Necklaces Moran Ltd Ay-352,41,1208.48,2020-08-11 19:14:39,2025-03-02 16:04:45
3533,Necklaces Taylor-Lozano xs-318,41,749.1,2021-03-07 10:56:55,2025-05-31 13:17:33
3534,"Necklaces Randall, Collins and Underwood hm-007",41,3591.53,2023-10-01 22:10:49,2025-07-04 17:37:44
3535,"Necklaces Farmer, Williams and Hunter gX-206",41,1985.54,2021-06-27 20:15:30,2025-01-31 10:15:02
3536,"Necklaces Gonzales, Monroe and Thomas Cl-953",41,2398.52,2023-09-20 13:43:41,2025-04-27 01:33:16
3537,"Necklaces Watts, Logan and Johnson bB-067",41,3401.7,2024-12-10 20:57:37,2025-01-22 00:05:21
3538,Necklaces Davidson-Ramirez dA-013,41,3871.96,2019-08-19 11:29:51,2025-01-19 21:12:45
3539,Necklaces Hamilton-Decker XD-058,41,116.27,2022-01-30 01:54:19,2025-03-14 07:52:44
3540,Necklaces Suarez-Arroyo wH-311,41,3801.09,2019-04-22 23:48:13,2025-02-23 04:32:03
3541,Necklaces Massey and Sons er-043,41,3647.46,2019-08-29 03:40:13,2025-08-03 07:43:27
3542,Necklaces Sherman-Boyd xg-165,41,426.97,2023-03-10 20:29:55,2025-07-20 11:56:27
3543,"Necklaces Ibarra, Hicks and Stephens hd-343",41,941.69,2023-12-07 18:58:03,2025-05-29 08:43:13
3544,"Necklaces Mooney, Torres and Curtis rr-378",41,4523.39,2023-06-03 02:36:48,2025-01-23 14:45:49
3545,Necklaces Gonzalez-Richardson oJ-214,41,2989.63,2024-10-23 11:02:37,2025-06-22 16:12:43
3546,Necklaces Dalton-Miller Ov-765,41,2484.33,2020-09-02 08:01:13,2025-03-23 00:05:59
3547,Necklaces Baker-Griffin al-015,41,2143.64,2022-04-13 17:14:47,2025-03-08 02:50:47
3548,"Necklaces Anderson, Bennett and Gonzalez ev-217",41,4382.82,2022-07-01 18:44:33,2025-04-07 06:35:41
3549,Necklaces Evans-Parker Kg-076,41,2348.16,2021-12-08 17:16:57,2025-01-08 14:44:36
3550,Necklaces Jordan Group oP-872,41,4747.27,2023-12-16 20:47:10,2025-05-09 07:27:47
3551,Necklaces Rivera and Sons yy-656,41,234.49,2019-05-22 02:11:39,2025-06-04 02:06:54
3552,Necklaces Powers Inc dQ-831,41,3914.16,2024-05-26 10:19:06,2025-01-04 15:42:36
3553,Necklaces Colon-Haney Rr-654,41,67.81,2020-07-27 15:50:37,2025-03-25 05:12:42
3554,Necklaces Barker Group hP-953,41,4946.6,2021-06-17 12:13:23,2025-03-12 04:59:01
3555,Necklaces Coleman LLC Rv-855,41,548.69,2021-10-09 12:15:04,2025-01-02 18:55:19
3556,Necklaces Garrett-Jordan Se-815,41,834.59,2023-10-25 00:29:04,2025-04-14 17:35:53
3557,Necklaces Davis Ltd ec-289,41,2895.96,2022-02-14 22:24:21,2025-07-22 11:38:04
3558,Necklaces Jarvis Group AU-314,41,1228.02,2021-04-11 22:33:52,2025-02-17 22:41:28
3559,"Necklaces Thomas, Murphy and Jones Oc-797",41,3200.24,2023-01-30 01:53:56,2025-02-14 14:43:53
3560,Necklaces Mays-Adams hR-831,41,601.15,2022-03-18 07:01:43,2025-05-20 01:44:20
3561,"Necklaces Garrett, Brown and Shannon TP-459",41,2868.9,2024-06-23 02:01:05,2025-01-07 00:20:59
3562,Necklaces Medina-Brown yJ-286,41,725.75,2024-01-27 18:06:10,2025-03-19 13:48:50
3563,"Necklaces Perry, Randall and Goodwin pv-374",41,4382.95,2019-03-24 07:29:11,2025-05-30 05:26:47
3564,Necklaces Palmer-Martinez GY-602,41,4662.16,2019-04-02 03:53:27,2025-06-13 15:37:01
3565,Necklaces Garner Ltd fN-288,41,1994.28,2024-10-23 07:53:48,2025-08-23 19:42:10
3566,Necklaces Fischer Group tL-383,41,3477.82,2022-12-12 07:54:52,2025-08-23 13:09:52
3567,Necklaces Bennett PLC bR-712,41,3441.54,2021-06-10 07:16:07,2025-03-13 20:19:36
3568,Necklaces Lee Inc ct-593,41,410.68,2019-03-18 02:20:45,2025-05-02 14:56:12
3569,"Necklaces Ramos, Harris and Goodwin aZ-338",41,3265.09,2022-03-27 05:54:17,2025-08-01 16:59:12
3570,Necklaces Martinez-Fisher MO-864,41,261.16,2022-05-31 18:47:39,2025-01-20 09:44:21
3571,Necklaces Mckee-Warner el-211,41,741.43,2024-12-17 14:00:21,2025-07-07 19:42:54
3572,"Necklaces Adkins, Phillips and Crawford et-559",41,3232.15,2021-06-19 00:07:49,2025-04-25 05:37:43
3573,"Necklaces Chung, Chapman and Thompson qR-299",41,4041.28,2019-04-05 14:25:37,2025-08-02 17:58:37
3574,"Necklaces Schwartz, Ross and Wong oA-618",41,1395.32,2023-12-09 00:18:27,2025-08-07 09:23:22
3575,"Necklaces Stafford, Nelson and Cardenas et-258",41,249.14,2021-03-30 12:26:15,2025-04-28 10:19:51
3576,"Necklaces Lopez, Moore and Curtis bC-979",41,3056.04,2020-04-04 11:21:05,2025-05-20 15:45:58
3577,"Necklaces West, Smith and Hale Lk-115",41,2081.56,2019-05-24 01:39:50,2025-02-12 02:33:29
3578,Necklaces Stewart-Allen wy-977,41,1475.44,2022-07-11 05:51:44,2025-03-05 17:39:18
3579,Necklaces Smith LLC ap-809,41,4233.36,2020-04-15 19:14:58,2025-03-04 09:48:18
3580,Necklaces Kemp Group CX-540,41,1464.43,2022-11-19 23:12:40,2025-06-17 16:16:15
3581,"Necklaces Bell, Thomas and Walker uF-971",41,4679.85,2023-08-12 17:13:18,2025-05-09 01:01:17
3582,Necklaces Gray Inc nS-647,41,2232.99,2021-10-10 04:13:23,2025-04-29 20:28:59
3583,Necklaces Hansen-Alvarez vA-725,41,779.32,2020-04-06 18:43:05,2025-06-24 09:57:27
3584,Necklaces Mcknight-Chen ps-649,41,250.07,2020-02-06 01:32:55,2025-02-28 21:14:53
3585,Necklaces Hunter-Brown Om-323,41,156.86,2024-10-25 17:49:02,2025-08-15 16:41:03
3586,"Necklaces Paul, White and Price tM-812",41,2472.08,2019-03-18 15:58:13,2025-05-08 16:01:24
3587,"Necklaces Macias, Blair and Gutierrez Pa-201",41,1109.75,2019-01-10 17:14:01,2025-05-18 11:14:06
3588,Necklaces Cortez Group vF-448,41,3160.57,2024-07-27 00:38:41,2025-05-10 18:35:23
3589,"Necklaces Smith, Garrett and Daugherty In-637",41,2717.2,2020-11-15 08:23:10,2025-02-07 02:02:08
3590,Necklaces Bernard Ltd in-902,41,3745.13,2019-09-03 22:23:15,2025-02-18 06:09:51
3591,"Necklaces Woods, Thomas and Odom Ux-453",41,4438.74,2022-07-07 21:13:09,2025-06-13 13:55:24
3592,Necklaces Haas-Higgins FJ-989,41,1645.46,2023-07-26 07:34:09,2025-02-12 13:22:53
3593,Necklaces Sanchez-Macias ur-725,41,2662.26,2021-12-02 22:10:05,2025-06-06 14:07:28
3594,Necklaces Hill Inc dl-102,41,4406.98,2024-12-21 02:31:09,2025-01-16 06:10:52
3595,Necklaces Allen-Taylor xc-222,41,2623.94,2024-03-28 23:06:17,2025-07-25 09:31:48
3596,Necklaces Jones Inc EK-418,41,4697.23,2024-07-08 02:38:04,2025-08-11 18:19:55
3597,"Necklaces Meyer, Ayers and Oliver Rp-726",41,1502.9,2024-10-14 22:15:08,2025-08-27 02:53:30
3598,Necklaces Ramirez-Kelly HH-022,41,3391.64,2022-02-23 10:40:45,2025-07-07 16:14:30
3599,Necklaces Webb-Robinson NP-477,41,3541.83,2024-01-16 10:39:42,2025-01-28 09:28:01
3600,Necklaces Sanchez PLC du-864,41,1453.55,2020-05-08 01:45:14,2025-02-03 08:57:05
3601,Necklaces Miller-Leach bK-692,41,2158.66,2019-12-02 09:39:18,2025-01-10 08:14:00
3602,Necklaces Frye-Morris qN-338,41,934.6,2020-10-28 06:01:14,2025-08-14 13:02:54
3603,"Necklaces Butler, Paul and Le UW-696",41,1966.52,2019-10-06 17:57:24,2025-08-15 11:02:02
3604,"Necklaces Lewis, Bush and Moore Oq-077",41,1296.78,2024-12-25 09:53:27,2025-02-14 20:22:33
3605,Necklaces Sellers-Simon ya-889,41,133.04,2023-05-24 21:24:51,2025-06-29 14:03:04
3606,Necklaces Duffy-Roberts qg-725,41,4316.0,2024-04-03 05:55:46,2025-02-18 22:10:47
3607,Necklaces Gray-Wilson tC-722,41,4415.34,2019-06-25 20:32:08,2025-08-20 16:58:30
3608,"Necklaces Powell, Pitts and Page RB-935",41,1026.16,2024-09-22 18:12:15,2025-07-18 01:51:52
3609,"Necklaces Farley, Mcclain and Patel vB-932",41,4040.29,2019-06-29 01:38:04,2025-06-26 22:51:46
3610,Necklaces Sullivan-Weeks yl-250,41,3718.83,2021-08-26 22:15:20,2025-03-26 11:35:35
3611,Necklaces Shaw and Sons ps-052,41,4782.69,2022-09-23 18:53:37,2025-01-21 21:03:53
3612,Necklaces Collins-Smith Dw-982,41,5188.8,2019-02-09 18:06:05,2025-01-26 08:22:29
3613,Necklaces Anderson and Sons Cu-389,41,3417.61,2024-06-10 18:04:43,2025-05-07 12:32:10
3614,Necklaces Parks-White OM-970,41,4472.01,2023-03-20 19:08:11,2025-04-25 02:33:41
3615,Necklaces Hansen LLC Jy-144,41,4298.1,2022-10-15 05:20:45,2025-03-31 09:07:56
3616,"Necklaces Castillo, Mitchell and Cummings lm-944",41,1021.67,2024-10-09 03:12:02,2025-08-26 08:26:59
3617,Necklaces Moody PLC rk-781,41,268.3,2022-01-05 01:50:33,2025-05-02 20:49:22
3618,"Necklaces Maxwell, Smith and Smith Jf-081",41,75.97,2019-12-27 16:12:33,2025-02-26 03:57:25
3619,"Necklaces Hernandez, Mccoy and Merritt Sx-011",41,2318.0,2020-10-28 07:02:31,2025-04-05 20:30:45
3620,Necklaces Washington-Perry SE-691,41,3181.39,2024-09-14 22:25:33,2025-06-28 18:16:52
3621,Necklaces Sanchez-Mullen iQ-802,41,591.36,2024-09-21 19:08:09,2025-03-23 20:25:19
3622,Necklaces Koch PLC Ak-291,41,4329.43,2022-01-15 21:46:31,2025-03-28 10:12:52
3623,"Necklaces Brown, Walker and Mejia Xd-547",41,4005.49,2022-08-13 00:20:21,2025-03-20 17:01:35
3624,Necklaces Smith Inc in-852,41,3728.27,2021-11-08 14:23:50,2025-05-29 04:01:19
3625,Necklaces Stephens Group pa-051,41,3911.58,2019-02-01 22:01:03,2025-01-13 10:03:19
3626,Necklaces Thompson-Ortiz Ke-289,41,2821.65,2019-10-01 21:37:48,2025-01-02 05:06:34
3627,"Necklaces Allison, Pearson and Murphy QR-594",41,1768.23,2021-05-25 22:08:46,2025-08-21 19:06:07
3628,"Necklaces Duncan, Wright and Lopez IA-125",41,942.59,2022-09-22 18:19:16,2025-05-22 23:19:04
3629,Necklaces Welch-Stevens sK-068,41,1305.37,2022-04-28 21:18:52,2025-03-13 21:52:11
3630,Necklaces Jackson Group Jl-450,41,3481.26,2019-03-12 01:12:33,2025-08-05 10:42:49
3631,"Necklaces Sexton, Rogers and Smith Zi-986",41,1653.11,2020-05-31 11:44:41,2025-03-06 10:34:24
3632,Necklaces Vincent LLC Lv-850,41,3367.25,2022-03-29 15:36:13,2025-03-10 07:40:14
3633,"Necklaces Taylor, Cook and Mathis Ru-094",41,2725.39,2024-01-24 21:06:03,2025-08-11 10:51:17
3634,"Necklaces Price, Love and Hoffman tp-474",41,3156.05,2024-10-15 11:05:21,2025-01-03 08:33:40
3635,Necklaces Bean Group hy-406,41,2874.43,2019-06-22 01:01:00,2025-03-14 11:55:59
3636,Necklaces Miller Group uy-828,41,4112.33,2020-07-25 06:55:48,2025-01-20 15:35:40
3637,Necklaces Benton LLC aU-811,41,189.96,2023-09-20 06:45:59,2025-02-07 22:15:08
3638,Necklaces Wagner-Ward ud-673,41,3036.81,2024-12-16 06:24:12,2025-07-12 22:33:28
3639,"Necklaces Riley, Gutierrez and Marshall TB-734",41,715.25,2019-12-09 01:33:45,2025-01-23 05:17:48
3640,"Necklaces Wood, Lee and Moss eW-679",41,3116.67,2021-03-15 04:33:14,2025-02-25 15:27:59
3641,Necklaces Mccoy Inc vK-193,41,4024.87,2022-05-31 22:40:34,2025-02-28 11:17:52
3642,Necklaces Peters Inc Rz-126,41,3078.78,2023-10-29 15:49:39,2025-01-27 02:21:00
3643,"Necklaces Curry, Richards and Lewis cJ-659",41,1571.59,2020-05-13 00:15:11,2025-05-26 22:54:15
3644,Necklaces Mayo LLC Gu-030,41,610.34,2021-03-26 14:15:47,2025-01-05 07:29:34
3645,"Necklaces Gomez, Parker and Chandler qK-944",41,3419.17,2020-12-21 05:09:05,2025-02-22 23:31:01
3646,Necklaces Chambers PLC UB-372,41,2408.48,2021-10-26 01:56:12,2025-05-09 18:44:53
3647,Necklaces Miller PLC Wk-938,41,3939.04,2022-10-15 13:28:36,2025-03-09 01:10:38
3648,"Necklaces Palmer, Navarro and Hanna BW-036",41,574.34,2020-03-20 11:27:13,2025-04-19 04:05:54
3649,Necklaces Nunez LLC zH-965,41,3503.17,2024-02-18 05:15:11,2025-05-20 02:44:17
3650,Necklaces Hardin-Thomas ZL-177,41,1696.08,2024-11-10 06:13:08,2025-01-31 02:53:11
3651,"Necklaces Harris, Molina and Johnson JO-200",41,2212.0,2023-12-28 16:07:54,2025-07-12 04:20:46
3652,"Necklaces Sullivan, Davenport and Clark Zu-589",41,4545.99,2023-02-24 04:19:32,2025-03-29 22:35:17
3653,Necklaces Gray LLC VU-155,41,4801.84,2020-07-06 18:35:11,2025-05-14 00:39:56
3654,"Necklaces Strong, White and Andrade dv-906",41,3249.29,2019-05-01 00:37:31,2025-07-22 20:42:01
3655,Necklaces Lowery-Gould EK-951,41,1794.55,2023-10-21 05:38:03,2025-01-25 21:09:59
3656,Necklaces White-Blankenship iY-587,41,5284.36,2022-03-17 01:01:55,2025-06-30 02:41:54
3657,Necklaces Randall Ltd RS-564,41,800.42,2021-05-13 13:17:24,2025-06-22 17:40:58
3658,Necklaces Wagner-Carrillo UP-884,41,3357.44,2021-03-25 12:16:41,2025-03-22 05:59:53
3659,Necklaces Castillo-Lee Cf-691,41,1666.54,2022-11-15 16:05:04,2025-06-26 02:06:46
3660,Necklaces Briggs LLC yT-468,41,123.54,2019-10-04 14:18:46,2025-07-07 17:08:04
3661,Necklaces Shelton-Walker uq-201,41,1637.0,2019-01-08 09:29:01,2025-04-01 22:51:41
3662,Necklaces Crawford-Garrett fM-686,41,4455.03,2019-09-09 03:43:09,2025-05-30 10:44:19
3663,Necklaces Jimenez-Robinson UV-834,41,711.36,2020-08-29 15:27:27,2025-06-03 18:09:18
3664,Necklaces Conner-Martin wn-678,41,2083.89,2023-04-06 10:22:48,2025-01-06 10:14:12
3665,"Necklaces Martinez, Kerr and Jackson XN-032",41,4315.35,2024-10-31 06:24:20,2025-05-02 04:17:36
3666,Necklaces Barrett and Sons kF-229,41,1027.93,2023-09-21 16:20:57,2025-02-16 20:55:52
3667,"Necklaces Bryant, Mccoy and Chambers su-931",41,3385.73,2022-05-15 02:11:52,2025-07-08 15:02:25
3668,Necklaces Potts Inc jJ-181,41,5167.39,2020-09-28 13:26:00,2025-06-15 02:42:21
3669,Necklaces Larson-Ho cq-461,41,316.41,2020-06-03 12:05:39,2025-01-30 03:23:00
3670,"Necklaces Smith, Warner and Jones zW-029",41,3686.88,2024-01-04 12:28:39,2025-04-10 02:36:23
3671,Necklaces Bullock Ltd Hg-840,41,2931.93,2019-02-02 19:50:37,2025-01-21 05:41:24
3672,Necklaces Wood-Adams jx-585,41,5360.53,2023-07-10 00:33:48,2025-08-24 01:34:35
3673,Necklaces Ortiz-Cowan YM-273,41,219.46,2020-02-09 16:21:45,2025-05-07 07:58:12
3674,"Necklaces Bauer, Andrews and Roberts qq-457",41,4079.27,2022-05-01 06:59:40,2025-08-11 06:43:20
3675,"Necklaces Miller, Johnson and Scott al-982",41,3147.85,2020-02-17 21:43:59,2025-07-17 13:14:27
3676,Necklaces Moore LLC hY-121,41,3823.98,2019-04-24 11:27:18,2025-02-07 14:07:19
3677,Necklaces Wood-Cain ft-543,41,2589.75,2023-04-12 19:35:50,2025-07-18 01:03:50
3678,"Necklaces Lopez, Peterson and Payne nu-969",41,3061.76,2020-02-28 00:09:59,2025-03-10 19:13:08
3679,Necklaces Holloway-Wagner qD-178,41,973.16,2021-01-31 23:46:33,2025-01-19 13:35:17
3680,Necklaces Harmon PLC Vs-958,41,1915.07,2019-12-04 13:04:03,2025-07-05 20:14:46
3681,"Necklaces Fitzpatrick, Harris and Strickland AV-785",41,2489.26,2022-12-21 10:59:29,2025-07-22 18:22:57
3682,Necklaces Santana Inc ij-533,41,150.0,2022-10-27 03:10:01,2025-03-22 11:57:27
3683,Necklaces Smith PLC aJ-046,41,3634.1,2023-10-27 04:22:05,2025-04-15 01:13:18
3684,Necklaces Skinner Inc vB-220,41,2704.28,2021-11-02 23:27:26,2025-01-16 18:59:36
3685,"Necklaces Chavez, Fleming and Patrick Bb-834",41,3788.5,2023-05-10 10:16:42,2025-05-24 22:28:18
3686,Necklaces Blake Group xK-068,41,1278.52,2023-09-14 09:25:48,2025-03-25 04:27:48
3687,Necklaces Huang-Ortiz Qe-049,41,680.7,2023-02-10 10:31:46,2025-05-01 22:04:51
3688,Necklaces Hampton Ltd JV-159,41,2045.14,2021-02-10 11:09:37,2025-06-01 00:07:49
3689,Necklaces Lopez LLC wr-661,41,2741.98,2024-10-06 04:08:04,2025-08-02 06:18:34
3690,Necklaces Pierce-Bates LS-709,41,4259.14,2023-07-14 20:15:47,2025-02-13 19:20:06
3691,Necklaces Foster Inc ju-954,41,4749.81,2020-10-25 10:10:29,2025-05-12 04:23:00
3692,Necklaces Pollard-Cunningham wr-435,41,1787.92,2022-12-17 12:03:08,2025-01-29 07:07:07
3693,"Necklaces Alexander, Ayers and Peters Nk-865",41,2157.33,2022-05-29 12:25:10,2025-08-30 13:34:51
3694,Necklaces Liu LLC AL-317,41,2536.28,2019-09-20 04:14:24,2025-02-25 04:50:37
3695,Necklaces Escobar PLC zn-766,41,2605.72,2019-08-29 20:05:01,2025-06-04 20:59:55
3696,"Necklaces Pacheco, Turner and Anderson DS-839",41,1481.75,2019-10-28 07:29:22,2025-04-24 06:56:26
3697,Necklaces Smith Group Oq-118,41,1222.45,2024-01-06 03:43:56,2025-05-30 12:07:15
3698,Necklaces Freeman-Webb xh-013,41,4228.39,2021-10-19 17:09:30,2025-08-24 08:10:26
3699,Necklaces Norton Ltd bj-854,41,4762.12,2020-01-30 19:45:21,2025-02-07 23:48:05
3700,"Necklaces Henry, Bishop and Robertson rs-571",41,1194.54,2020-03-05 14:32:56,2025-05-03 15:03:09
3701,Necklaces Lucas Inc hj-233,41,2657.39,2022-05-16 01:00:20,2025-06-08 02:20:40
3702,Necklaces Stevens-Miller ce-863,41,1931.65,2020-09-27 06:28:37,2025-05-27 06:45:02
3703,Necklaces Harris-Silva LP-354,41,2222.16,2023-11-06 03:48:19,2025-03-12 05:11:06
3704,Necklaces Sandoval-White Iu-131,41,2888.15,2023-03-10 01:33:17,2025-07-27 08:16:40
3705,"Necklaces Caldwell, Anderson and Taylor We-008",41,3269.52,2019-06-14 16:03:55,2025-01-14 19:48:27
3706,Necklaces Ferguson-Davis Wg-431,41,2048.58,2019-05-23 08:16:46,2025-06-27 18:58:44
3707,"Necklaces King, Mills and Villanueva OK-240",41,192.76,2023-04-15 02:18:02,2025-05-03 18:51:08
3708,"Necklaces Dixon, Howard and Hill Pu-638",41,3865.36,2020-04-16 08:32:34,2025-08-06 21:36:53
3709,"Necklaces Martin, Brooks and Ramos JD-720",41,3399.91,2020-02-19 02:43:11,2025-05-04 00:37:14
3710,"Necklaces Cain, Wong and Becker Rd-462",41,3942.45,2019-01-25 22:39:49,2025-08-10 22:23:18
3711,"Necklaces Stewart, Becker and Golden KJ-657",41,4707.16,2023-08-07 21:41:03,2025-06-16 04:13:51
3712,Necklaces Caldwell-Salas rD-755,41,2473.07,2020-12-06 20:27:28,2025-03-10 22:03:11
3713,"Necklaces Owen, Ortega and Cohen Gp-000",41,647.04,2023-07-11 08:41:05,2025-05-22 21:29:22
3714,Necklaces Ross-Moore Eq-686,41,1344.5,2023-05-05 01:54:34,2025-07-01 04:16:55
3715,"Necklaces Hunter, Guerra and Wilson tQ-822",41,3494.69,2024-05-20 19:07:29,2025-05-07 02:07:27
3716,Necklaces Eaton-Robbins WT-172,41,221.12,2019-06-14 05:47:54,2025-06-25 04:29:24
3717,Necklaces Brown-Riley Vy-038,41,4169.63,2019-03-03 17:04:27,2025-04-01 17:34:57
3718,Necklaces Cantu LLC oS-706,41,3414.26,2022-10-21 03:11:09,2025-07-27 05:35:12
3719,"Necklaces Mcintosh, Williams and Hernandez pN-614",41,2409.17,2019-10-11 20:24:24,2025-01-25 18:33:06
3720,Necklaces Ballard-Graves Ff-426,41,1434.97,2024-12-10 14:03:06,2025-02-05 10:21:28
3721,Necklaces Perez and Sons IN-080,41,1423.0,2024-02-21 05:13:18,2025-06-27 01:49:14
3722,"Necklaces Brown, Hicks and Foster Cu-095",41,86.27,2024-07-22 18:58:21,2025-03-25 21:35:10
3723,Necklaces Graves Ltd Wq-880,41,2571.26,2021-03-07 01:03:11,2025-01-24 09:51:22
3724,Necklaces Fleming-Gallagher Vv-803,41,1644.55,2021-01-10 04:06:03,2025-07-27 16:49:00
3725,Necklaces Jones Group EV-855,41,1797.97,2024-11-06 06:24:25,2025-08-27 12:36:04
3726,"Necklaces Lee, Rhodes and Burke Vd-497",41,661.79,2024-06-29 13:46:37,2025-01-21 07:26:03
3727,Necklaces Phillips-Haley FP-093,41,912.99,2019-04-03 08:59:57,2025-05-20 00:44:55
3728,Necklaces Jones Group bE-416,41,4028.5,2022-04-17 13:26:45,2025-08-05 03:15:34
3729,Necklaces Porter-Aguilar kB-803,41,1331.29,2021-02-28 20:44:07,2025-01-15 11:45:57
3730,Necklaces Riley-Blair ZN-222,41,4477.59,2022-04-01 19:44:47,2024-12-31 14:27:10
3731,Necklaces Hunter-Ponce xh-665,41,1005.7,2024-07-15 13:24:24,2025-03-20 10:04:26
3732,Necklaces Mcintyre Ltd QQ-312,41,1512.81,2024-05-09 10:11:24,2025-08-24 11:54:14
3733,Necklaces Ruiz-Pratt bu-433,41,4581.89,2021-03-20 19:43:06,2025-07-19 04:05:34
3734,Necklaces Peters-Barnes us-608,41,2845.77,2021-05-03 19:30:33,2025-02-02 22:51:41
3735,Necklaces Hartman Ltd RL-398,41,4151.02,2021-09-11 08:37:18,2025-08-06 07:09:38
3736,Necklaces Butler PLC Th-554,41,81.96,2021-07-21 01:41:58,2025-06-13 06:01:57
3737,Necklaces Thomas-Ray uk-695,41,2872.55,2024-02-12 01:52:16,2025-01-15 17:50:54
3738,Necklaces Bell LLC Op-076,41,1570.45,2022-09-21 14:46:52,2025-01-18 06:43:21
3739,Necklaces Reynolds-Reid cF-690,41,1805.95,2022-04-17 00:17:29,2025-07-23 07:19:49
3740,Necklaces Mccullough-Cunningham oZ-980,41,2123.18,2024-09-06 15:50:41,2025-04-08 10:07:45
3741,Necklaces Rose-Webster UO-115,41,4835.8,2024-08-05 06:14:44,2025-06-06 07:22:15
3742,"Necklaces Townsend, Morse and Morales PG-610",41,2649.01,2023-12-24 04:05:11,2025-01-20 02:02:31
3743,Necklaces Camacho Group Ei-986,41,64.77,2020-02-28 00:59:23,2025-06-08 16:03:04
3744,Necklaces Randall-Williams DA-230,41,4361.26,2024-11-21 23:01:41,2024-12-31 20:37:51
3745,"Necklaces Kaufman, Nelson and Johnson Jc-009",41,4729.09,2021-01-02 11:09:14,2025-06-14 06:21:13
3746,Necklaces Wright PLC HO-606,41,2921.06,2022-12-22 18:32:32,2025-03-04 03:28:29
3747,Necklaces Carter Inc AY-311,41,2382.0,2020-10-02 06:18:56,2025-02-02 13:37:20
3748,"Necklaces Thompson, Jackson and Hoffman Vd-837",41,3708.33,2022-04-24 08:10:15,2025-05-24 14:16:51
3749,Necklaces Rivera Ltd fU-340,41,870.29,2024-05-09 21:57:48,2025-06-24 02:35:06
3750,Necklaces Hopkins Ltd Tn-106,41,3010.51,2019-01-07 22:48:30,2025-08-23 14:16:53
3751,"Necklaces Martinez, Salazar and Morris LE-441",41,2888.28,2019-11-20 21:56:17,2025-04-27 12:11:44
3752,Necklaces Thompson Group qG-583,41,4121.51,2022-02-06 04:30:32,2025-03-22 00:58:56
3753,Necklaces Reyes-Jackson YG-999,41,3765.51,2023-07-28 07:19:02,2025-01-07 04:15:26
3754,Necklaces Mendoza-Galvan yP-339,41,2560.85,2019-05-13 11:41:04,2025-06-15 13:18:35
3755,"Necklaces Weber, Chavez and Scott tp-841",41,2107.65,2019-04-28 01:56:59,2025-06-07 17:19:52
3756,Necklaces Dominguez-Pugh HV-848,41,5258.89,2024-04-05 20:22:04,2025-04-17 05:24:04
3757,Necklaces Lucas Group Qr-223,41,2552.83,2023-02-28 04:13:26,2025-03-15 13:57:20
3758,Necklaces Smith Inc QH-808,41,4422.45,2020-01-04 03:04:31,2025-07-27 03:13:38
3759,Necklaces Lewis-Thompson ox-769,41,1797.48,2024-02-14 10:42:22,2025-06-30 14:12:06
3760,"Necklaces Nguyen, Fletcher and Willis aA-667",41,4490.56,2019-04-25 07:27:15,2025-07-05 20:50:52
3761,"Necklaces Long, Peck and Smith hU-402",41,383.72,2024-01-11 19:45:39,2025-03-15 04:14:55
3762,Necklaces Steele-Wilkerson xt-975,41,509.2,2022-06-05 11:41:15,2025-06-26 06:01:40
3763,Necklaces Burns Inc fo-409,41,2402.47,2022-04-01 19:29:56,2025-07-24 12:09:21
3764,Necklaces Smith LLC Sc-290,41,1635.53,2023-04-11 04:19:58,2025-02-21 20:06:00
3765,Necklaces Gonzalez Ltd Oa-019,41,4278.25,2023-01-05 19:03:20,2025-03-13 02:02:28
3766,Necklaces Barker and Sons ZG-161,41,170.5,2022-03-21 14:25:33,2025-04-03 23:40:39
3767,Necklaces Ryan-Marsh tD-221,41,2077.02,2020-05-05 17:44:41,2025-08-07 19:09:29
3768,Necklaces George-Oliver ff-873,41,4351.58,2021-05-04 13:06:45,2025-04-27 04:26:00
3769,Necklaces Wright-White Gg-110,41,1829.33,2024-05-04 16:56:41,2025-04-21 00:30:47
3770,"Necklaces Baker, Wise and Navarro yZ-334",41,3735.75,2019-09-18 16:39:10,2025-07-26 05:45:02
3771,"Necklaces Crawford, Waters and Orozco bx-679",41,1669.46,2021-04-13 07:45:13,2025-01-21 10:50:39
3772,Necklaces Byrd-Gibson ZU-884,41,1807.05,2022-03-03 07:45:55,2025-01-29 17:19:15
3773,Necklaces Schaefer-Lopez XI-030,41,5073.93,2022-01-16 08:43:51,2025-04-06 19:50:33
3774,"Necklaces Petersen, Ryan and Mcdonald pr-218",41,77.08,2019-09-27 13:21:19,2025-02-23 07:36:13
3775,"Necklaces Herrera, Olson and Richardson aL-554",41,4675.85,2020-12-22 02:34:08,2025-03-21 18:43:38
3776,"Necklaces Johnson, Avery and Cox UT-946",41,2488.31,2021-07-03 07:02:35,2025-06-27 05:18:09
3777,"Necklaces Luna, Nguyen and Ramos ck-243",41,1759.59,2020-11-22 02:04:18,2025-07-05 00:40:58
3778,Necklaces Dean-Powell bC-261,41,3506.36,2019-12-22 20:05:56,2025-03-14 03:16:55
3779,Necklaces Anderson Ltd zb-293,41,5291.18,2023-03-02 09:10:47,2025-04-03 13:57:05
3780,Necklaces Vincent Group Vf-620,41,4243.15,2020-05-14 19:54:12,2025-06-15 07:38:11
3781,Necklaces Kim-Williams ky-223,41,2689.66,2022-01-05 04:06:37,2025-01-26 09:36:34
3782,Necklaces Ramirez-Nixon un-532,41,3255.78,2022-07-18 11:08:36,2025-04-18 23:13:45
3783,Necklaces Gonzalez-Chavez EO-895,41,3985.99,2021-03-29 02:23:15,2025-02-21 20:26:25
3784,Necklaces Mendoza-Chaney HK-449,41,3254.01,2020-07-18 22:26:35,2025-05-24 15:14:12
3785,Necklaces Hinton-Nguyen Uv-729,41,300.13,2024-04-27 03:23:19,2025-04-22 05:19:34
3786,Necklaces Ruiz Group qN-354,41,3237.34,2021-06-16 19:25:30,2025-05-27 05:06:01
3787,"Necklaces Kerr, Goodman and Allen xS-469",41,2962.39,2022-11-21 14:33:39,2025-08-10 19:25:01
3788,Necklaces Kelly-Castaneda vY-841,41,460.81,2019-08-20 02:39:04,2025-01-23 06:42:57
3789,"Necklaces Hines, Monroe and Olson aa-156",41,124.53,2021-03-03 21:08:44,2025-05-22 16:28:44
3790,Necklaces Jones-Jackson uz-667,41,1850.03,2021-10-18 03:35:35,2025-08-15 05:53:27
3791,Necklaces Escobar Group OI-896,41,2011.31,2021-08-19 12:52:57,2025-06-29 05:25:43
3792,Necklaces Murphy LLC lg-108,41,2576.09,2020-05-20 12:58:31,2025-03-11 23:06:46
3793,"Necklaces Williams, Jones and Henry Sz-686",41,1794.78,2019-03-27 05:11:21,2025-02-02 13:12:45
3794,Necklaces Barron PLC kQ-540,41,646.74,2020-12-06 11:42:35,2025-06-15 19:18:34
3795,Necklaces Wyatt PLC PI-187,41,1482.27,2023-12-30 23:13:20,2025-07-04 03:32:01
3796,"Parts Garner, White and Casey iJ-694",43,330.01,2024-12-08 14:26:30,2025-06-09 01:06:46
3797,Parts Wagner and Sons Yw-622,43,1279.38,2023-08-28 08:25:07,2025-08-19 00:54:45
3798,Parts Goodman Inc uT-912,43,1640.67,2020-08-18 23:59:15,2025-05-29 19:28:03
3799,Parts Powell LLC FZ-462,43,590.71,2023-04-07 02:00:32,2025-08-18 07:14:24
3800,Parts Franklin-Brooks bF-363,43,128.82,2023-06-27 05:33:47,2025-01-17 16:51:03
3801,Parts Reilly and Sons wl-877,43,1272.73,2024-09-14 13:44:58,2025-04-03 04:22:01
3802,Parts Mendez and Sons GH-098,43,1082.34,2023-01-08 03:09:11,2025-01-23 17:22:00
3803,Parts Vazquez Ltd Jr-299,43,846.93,2021-09-22 01:00:58,2025-07-29 15:55:36
3804,"Parts Hernandez, Simmons and Saunders pz-478",43,1021.51,2023-03-03 08:27:51,2025-07-30 16:21:10
3805,Parts Lee PLC bA-345,43,912.17,2020-07-21 00:09:34,2025-01-03 03:32:41
3806,"Parts Love, Arroyo and Mccullough ij-217",43,1466.55,2022-05-01 17:35:49,2025-06-02 11:51:11
3807,Parts Gonzalez-Hunt ns-501,43,589.02,2021-01-30 22:08:01,2025-08-18 15:43:48
3808,Parts Mccoy-Moreno Sr-876,43,739.03,2022-07-22 01:44:27,2025-03-18 19:36:24
3809,Parts Diaz-Kelley mQ-026,43,1219.83,2019-05-12 19:20:55,2025-04-14 21:20:14
3810,Parts Young-Lopez yQ-619,43,1339.12,2020-11-22 17:08:24,2025-02-15 06:30:47
3811,"Parts Hart, Wade and Lawrence zY-630",43,423.47,2022-08-21 02:16:55,2025-01-15 07:13:20
3812,"Parts Page, Miller and Harris Oe-672",43,1290.46,2024-08-07 22:24:16,2025-01-05 17:33:38
3813,"Parts Johnson, Christensen and Valenzuela rt-325",43,1305.66,2019-02-06 14:59:13,2025-06-21 22:01:40
3814,Parts Owens-Kelley LU-215,43,518.94,2023-11-28 09:50:05,2025-07-09 00:13:36
3815,"Parts Lopez, Baker and Blackwell gw-623",43,170.79,2023-10-01 05:14:57,2025-03-29 23:17:19
3816,"Parts Johnson, Moore and Miller Hh-479",43,799.3,2019-07-26 05:04:09,2025-07-08 01:40:31
3817,"Parts Gardner, James and Winters GI-572",43,397.84,2021-07-16 21:47:54,2025-08-14 07:38:03
3818,"Parts Adams, Mullins and Olson dz-748",43,142.96,2024-07-28 06:08:15,2025-05-21 18:38:00
3819,Parts Escobar PLC lX-660,43,388.8,2019-02-10 10:37:16,2025-08-17 16:17:36
3820,Parts Fitzgerald LLC Cc-672,43,837.6,2021-08-06 19:40:08,2025-08-29 00:26:02
3821,Parts Galloway PLC Ii-286,43,1091.89,2023-11-14 14:39:08,2025-06-14 03:49:43
3822,Parts Schmidt-Solis pd-740,43,126.35,2024-09-28 15:50:37,2025-05-08 23:24:25
3823,"Parts Gray, Brown and Wang Po-089",43,439.59,2020-10-23 07:52:47,2025-07-31 16:31:46
3824,Parts Howard-Williams km-901,43,392.61,2022-12-17 13:51:34,2025-01-17 07:49:52
3825,Parts Hicks-Thompson YC-055,43,546.15,2022-03-15 10:10:03,2025-03-08 04:29:32
3826,Parts Ferguson-Cervantes Yq-013,43,403.42,2021-06-21 23:23:03,2025-04-08 21:57:55
3827,"Parts Andrews, Tucker and Nielsen kU-346",43,528.07,2023-03-02 22:57:32,2025-08-25 05:36:41
3828,"Parts Bowers, Lucero and Chung jB-657",43,204.47,2019-01-24 23:16:24,2025-05-04 16:52:18
3829,Parts Ramirez-Cline Ty-489,43,261.37,2021-12-09 18:56:35,2025-05-29 11:06:54
3830,Parts Hanna Ltd Py-239,43,1238.31,2023-10-07 04:28:57,2025-08-02 14:02:56
3831,"Parts Taylor, Allen and Mckinney Ve-469",43,1364.16,2021-12-14 10:07:49,2025-01-11 14:37:54
3832,Parts Adams-Baker pf-726,43,1430.59,2020-05-26 21:57:49,2025-07-15 06:42:01
3833,"Parts Davis, Moyer and Anderson Su-753",43,904.32,2020-01-09 06:41:40,2025-05-02 20:35:46
3834,Parts Porter Ltd xy-498,43,1189.08,2024-10-05 16:39:58,2025-02-05 20:28:03
3835,Parts Martin LLC OO-440,43,442.22,2023-11-18 10:29:04,2025-01-26 18:02:21
3836,"Parts Russell, Shields and Warren ki-985",43,55.37,2020-04-08 11:53:04,2025-01-19 12:46:31
3837,Parts Henry-Walker RN-450,43,1331.86,2023-08-16 10:53:43,2025-06-18 22:46:28
3838,Parts Richards LLC Nd-611,43,441.23,2020-07-05 20:13:44,2025-04-14 13:09:53
3839,Parts Evans Ltd Mk-296,43,469.56,2024-01-08 09:01:24,2025-07-27 16:08:13
3840,"Parts Mccoy, Pennington and Bailey HX-947",43,836.01,2020-12-20 05:35:35,2025-08-07 19:33:52
3841,Parts Taylor PLC wU-737,43,1358.62,2024-06-27 04:00:34,2025-04-13 21:07:20
3842,Parts Flores-Richardson Vw-789,43,1231.32,2021-01-13 23:50:24,2025-05-13 11:10:34
3843,"Parts Harrell, Garcia and Giles pO-207",43,1558.31,2022-01-23 02:36:16,2025-01-02 15:44:09
3844,Parts Graham Ltd HZ-311,43,144.86,2019-01-30 23:50:09,2025-05-30 12:38:39
3845,Parts Lawrence and Sons Pm-320,43,311.29,2020-08-07 19:52:10,2025-01-15 00:30:55
3846,Parts Walls LLC ZZ-372,43,669.42,2024-03-07 03:01:10,2025-02-24 00:39:28
3847,Parts Jones Group qb-675,43,404.77,2020-05-08 19:49:13,2025-01-26 22:16:27
3848,Parts Holland and Sons yQ-482,43,1065.27,2022-11-22 11:25:14,2025-03-21 00:12:55
3849,Parts Ibarra-Jackson bE-064,43,1578.63,2023-06-04 14:56:37,2025-01-20 22:08:03
3850,"Parts Henry, Nelson and Sawyer jK-535",43,1381.92,2023-11-08 05:26:42,2025-05-04 11:23:05
3851,Parts Nguyen-Reese XF-285,43,1491.36,2019-08-23 05:12:39,2025-06-23 12:37:04
3852,Parts Higgins-Nguyen fl-139,43,977.15,2020-07-28 11:47:05,2025-04-28 10:13:57
3853,Parts Simmons Group Ht-425,43,199.43,2020-03-05 03:25:40,2025-06-03 12:43:02
3854,"Parts Wright, Baxter and Booker cG-992",43,661.72,2019-10-07 03:35:52,2025-01-29 23:16:16
3855,"Parts Valenzuela, Serrano and Hart xv-515",43,1371.62,2022-03-26 04:42:09,2025-02-23 20:42:46
3856,Parts Silva Inc TH-482,43,1066.31,2020-03-06 19:25:06,2025-07-02 05:25:13
3857,Parts Rocha PLC TG-991,43,739.53,2019-03-20 13:11:37,2025-02-26 01:42:54
3858,Parts Adams-Gilbert DE-158,43,897.47,2020-11-29 00:52:32,2025-08-14 22:44:30
3859,Parts Russell-Mccann kb-969,43,598.42,2019-10-27 22:16:02,2025-08-02 22:38:55
3860,Parts Torres Inc gB-264,43,1358.65,2024-08-08 07:58:27,2025-01-19 17:02:49
3861,"Parts Reynolds, Gill and Woods Lr-148",43,757.92,2020-04-01 13:34:19,2025-01-10 15:40:27
3862,"Parts Bruce, Perkins and Lee RM-152",43,1280.94,2024-07-09 17:30:53,2025-03-01 13:27:20
3863,Parts Short PLC aV-696,43,483.8,2020-06-08 19:20:05,2025-07-23 07:19:42
3864,"Parts Carter, Davis and Gentry Yt-043",43,1152.27,2019-05-07 02:37:54,2025-01-17 22:52:08
3865,Parts Rodgers-Nash vJ-706,43,565.56,2023-01-21 15:18:38,2025-03-15 21:53:07
3866,Parts Martin-Moore rM-629,43,852.25,2022-07-11 20:45:40,2025-04-23 11:05:45
3867,Parts Burton-Mueller iW-434,43,1384.86,2024-07-25 09:44:55,2025-06-12 04:27:50
3868,Parts Gibson Inc nL-122,43,1478.53,2021-09-14 20:18:04,2025-07-13 04:17:59
3869,Parts Green-Welch SL-956,43,1591.69,2023-08-29 14:13:54,2025-08-12 00:59:23
3870,Parts French-Johnson Oj-160,43,219.98,2024-10-15 07:24:16,2025-04-26 09:20:18
3871,"Parts Miller, Valenzuela and Gonzalez JT-770",43,372.23,2022-04-14 12:28:04,2025-05-03 08:16:37
3872,Parts Chaney Ltd lE-899,43,1470.31,2021-06-15 18:51:25,2025-03-21 02:39:10
3873,"Parts Nelson, Terry and Leonard ss-665",43,1109.64,2023-10-19 21:24:37,2025-01-13 06:52:30
3874,"Parts Brown, Gomez and Torres JZ-974",43,147.11,2021-03-18 01:48:06,2025-02-12 13:04:52
3875,"Parts Murphy, Smith and Reyes xL-177",43,1084.92,2022-04-20 19:21:36,2025-05-17 03:50:16
3876,"Parts Sullivan, Sullivan and Mcdonald jc-579",43,226.47,2020-12-02 17:19:13,2025-04-21 01:32:01
3877,Parts Baker-Walter wH-151,43,920.66,2021-09-25 03:20:16,2025-08-27 13:37:42
3878,Parts Trevino Ltd HR-588,43,1066.97,2019-09-30 20:35:31,2025-04-26 18:08:49
3879,"Parts Frank, Baker and Hoffman qY-403",43,1209.69,2023-12-18 13:26:03,2025-05-30 16:17:01
3880,"Parts Lewis, Pruitt and Garcia dP-509",43,409.01,2021-01-03 00:20:43,2025-04-15 21:30:21
3881,Parts Mcconnell-Curtis XI-303,43,290.56,2024-02-19 18:15:33,2025-08-22 01:50:50
3882,Parts Jordan-Boone St-827,43,1254.72,2022-02-24 19:00:16,2025-01-05 07:25:35
3883,Parts Love Group NH-334,43,460.14,2022-12-03 15:33:57,2025-07-04 11:27:06
3884,"Parts Castillo, Villegas and Hancock ci-182",43,875.6,2024-06-04 23:55:02,2025-06-27 14:39:47
3885,Parts Schmidt-Adams OC-687,43,712.29,2024-01-22 12:57:08,2025-06-25 04:17:47
3886,Parts Lucero-Mathews at-655,43,607.89,2021-06-12 03:11:42,2025-01-19 20:03:30
3887,Parts Ramos PLC AP-769,43,1079.75,2021-05-14 20:43:06,2025-08-22 16:45:00
3888,Parts Coleman-Fuller rb-914,43,428.8,2020-02-26 12:07:55,2025-07-29 03:08:23
3889,Parts Braun Ltd Ak-860,43,1195.82,2022-04-04 02:24:52,2025-06-12 01:18:17
3890,"Parts Anderson, Robinson and Moses iB-136",43,1400.14,2022-01-18 18:49:45,2025-02-08 08:53:21
3891,Parts Barker-Martin dH-219,43,395.15,2019-07-29 14:28:03,2025-08-03 08:42:13
3892,Parts Hernandez PLC Xn-631,43,825.14,2021-10-21 16:57:30,2025-03-13 09:16:04
3893,"Parts Thomas, Hayes and Andrews To-587",43,178.45,2019-07-05 03:09:02,2025-07-09 16:31:25
3894,"Parts Valdez, Pacheco and Williams Ld-228",43,592.7,2024-07-07 01:27:28,2025-06-09 22:45:40
3895,Parts Rivera-Rodriguez ww-053,43,319.89,2022-04-19 08:40:48,2025-03-26 20:08:58
3896,"Parts English, Anderson and Landry Ni-957",43,1074.3,2024-10-03 11:43:37,2025-04-07 08:58:36
3897,Parts Nguyen and Sons Rg-484,43,132.18,2019-03-11 08:34:07,2025-07-24 15:37:12
3898,Parts Smith-Villanueva Mv-861,43,570.41,2023-03-05 22:37:20,2025-07-24 18:35:08
3899,Parts Robinson Inc Dh-587,43,679.98,2021-01-28 17:16:57,2025-06-28 08:49:00
3900,"Parts Reyes, Bishop and Taylor Cj-383",43,496.46,2021-02-19 21:31:26,2025-05-12 05:40:57
3901,Parts Mcdonald Ltd xh-521,43,1611.0,2023-01-14 06:52:12,2025-07-07 00:36:14
3902,Parts Davis LLC Vi-152,43,1047.24,2022-09-25 23:57:27,2025-02-26 02:26:03
3903,Parts Ho-Cook dm-371,43,1011.72,2019-12-20 05:24:42,2025-04-15 10:11:46
3904,Parts Rivera Group DM-092,43,718.6,2020-04-17 16:48:06,2025-04-02 22:27:06
3905,Parts Martinez Ltd rA-212,43,396.15,2023-02-27 03:39:44,2025-01-29 07:06:36
3906,"Parts Lam, Ramirez and Jackson LB-201",43,1303.63,2019-05-07 13:54:13,2025-07-13 11:10:23
3907,"Parts Holden, Reeves and Hall ap-309",43,148.76,2023-07-23 14:32:04,2025-05-12 02:58:46
3908,Parts Carrillo-Johnson Hk-670,43,804.02,2023-02-06 11:23:13,2025-02-12 14:39:08
3909,Parts Joseph Group Ei-015,43,176.41,2020-10-15 14:49:41,2025-02-14 04:39:32
3910,Parts Perkins-Meadows dm-756,43,1034.04,2020-08-05 10:44:20,2025-06-15 20:04:11
3911,Parts Bowers-George ES-123,43,410.26,2019-05-17 23:29:17,2025-03-13 08:06:45
3912,Parts Ortiz-Fisher dL-643,43,1192.84,2020-08-12 00:18:19,2025-01-11 21:27:19
3913,Parts Carter-Luna Xt-670,43,254.08,2021-06-26 12:08:32,2025-02-17 18:08:22
3914,Parts Keith PLC RK-704,43,1152.16,2022-02-21 22:06:44,2025-05-29 12:53:53
3915,Parts Dunlap Inc Xg-404,43,1230.1,2023-05-23 16:58:32,2025-06-12 05:08:39
3916,Parts Howard-Rodriguez tW-117,43,924.43,2021-04-15 16:48:49,2025-07-07 02:40:41
3917,"Parts Walker, Peterson and Johnson mO-218",43,176.79,2019-02-28 09:44:21,2025-06-08 17:22:56
3918,Parts Cole Inc IC-269,43,830.23,2023-10-03 13:40:23,2025-07-02 22:11:48
3919,Parts Buchanan Ltd SW-468,43,1286.11,2020-09-16 06:50:38,2025-03-13 10:19:47
3920,Parts Cummings Group bX-097,43,319.12,2023-04-02 20:06:14,2025-07-21 03:18:22
3921,Parts Martinez Ltd cR-325,43,1393.32,2022-09-21 11:13:32,2025-01-09 13:18:10
3922,Parts Carter-Ray Qo-074,43,903.12,2019-10-17 19:48:31,2025-08-18 23:37:00
3923,Parts Macias-Lindsey Dj-486,43,1110.85,2019-04-14 15:24:56,2025-06-27 00:26:34
3924,Parts Molina Group qb-749,43,178.33,2019-06-18 05:43:38,2025-07-14 05:30:26
3925,Parts Gonzalez-Gordon xE-595,43,434.86,2021-01-30 04:34:18,2025-03-02 06:06:54
3926,"Parts Franklin, Martinez and Nicholson rz-539",43,857.54,2024-04-14 11:45:05,2025-05-03 19:08:16
3927,Parts Osborne-Melendez Dj-348,43,217.43,2020-01-07 06:35:57,2025-04-22 19:36:33
3928,Parts Craig-Valdez Le-027,43,347.57,2022-03-27 18:55:06,2025-06-28 08:25:34
3929,"Parts Camacho, Horton and Mclaughlin zL-010",43,895.38,2019-11-07 03:37:32,2025-07-31 01:27:49
3930,Parts Ramirez-Mcclain vR-136,43,843.75,2019-02-09 22:28:22,2025-04-01 07:34:34
3931,Parts Hughes PLC HM-911,43,729.67,2020-04-09 17:34:01,2025-07-10 22:13:21
3932,"Parts Sanchez, Frank and Burns bE-713",43,459.43,2023-08-23 06:45:27,2025-07-11 02:09:50
3933,Parts Gross-Ramos Ap-451,43,583.47,2023-08-20 06:38:14,2025-04-20 05:09:51
3934,"Parts Carpenter, Wallace and Lam IQ-442",43,856.12,2021-09-25 04:06:32,2025-03-26 11:47:32
3935,Parts Young-Whitaker Oz-343,43,1316.46,2020-02-23 00:50:40,2025-06-21 17:07:07
3936,"Parts Donaldson, White and Huber Dp-872",43,441.89,2023-03-20 00:27:53,2025-07-20 22:04:13
3937,Parts Zavala-Knox Wm-040,43,752.34,2019-01-28 18:07:03,2025-08-19 19:43:31
3938,Parts Cain-Hernandez yX-564,43,879.35,2023-11-06 06:09:10,2025-03-11 05:53:34
3939,"Parts Adkins, Sullivan and Hickman BV-929",43,1075.34,2019-10-09 07:42:54,2025-03-24 23:28:26
3940,Parts Raymond-Bell wX-917,43,94.31,2024-04-29 08:37:45,2025-06-22 23:40:50
3941,Parts Davis LLC Zi-749,43,970.03,2019-10-02 10:15:43,2025-01-30 14:53:14
3942,Parts White LLC XC-081,43,82.19,2022-09-08 23:28:41,2025-06-30 19:09:40
3943,Parts Johnson PLC zS-324,43,1154.43,2019-12-27 20:47:46,2025-01-21 12:28:41
3944,"Parts Morris, Franklin and White rQ-021",43,138.25,2021-12-30 20:47:46,2025-05-06 07:46:57
3945,Parts Henderson Inc Lm-425,43,387.13,2021-12-26 05:22:32,2025-03-15 16:47:35
3946,Parts Wallace Inc EN-904,43,221.81,2022-04-05 01:24:25,2025-03-21 12:55:16
3947,Parts Obrien-Young Zb-764,43,367.86,2024-03-09 01:44:30,2025-03-19 07:51:55
3948,Parts Rios-Hansen Hq-964,43,186.87,2021-05-20 22:57:43,2025-05-14 05:34:58
3949,"Parts Wright, Rosario and Wilcox in-417",43,756.77,2024-02-23 16:24:33,2025-02-19 16:25:25
3950,Parts Flores-Jacobs Ad-756,43,124.77,2022-05-03 14:44:15,2025-06-22 05:30:12
3951,Parts Freeman-Smith jd-947,43,332.59,2019-04-13 22:18:09,2025-02-22 05:28:01
3952,Parts Poole and Sons XQ-910,43,1266.57,2021-06-06 01:44:10,2025-05-30 16:13:18
3953,"Parts Pugh, Myers and Morales re-337",43,1113.11,2021-01-29 03:23:35,2025-06-25 05:35:50
3954,"Parts Newman, Smith and Escobar tP-994",43,862.84,2022-08-10 22:24:44,2025-08-09 05:52:19
3955,Parts Keith-Reyes wJ-337,43,897.4,2021-11-20 18:19:29,2025-05-03 02:50:45
3956,Parts Henry-Martinez tI-651,43,284.26,2021-06-03 22:30:40,2025-04-18 04:24:41
3957,Parts Scott Ltd AY-416,43,694.4,2020-12-21 04:06:29,2025-05-08 08:17:16
3958,Parts Chavez-Lee dE-550,43,1080.39,2022-11-27 21:06:55,2025-08-26 04:26:45
3959,Parts Smith-Shepherd CM-056,43,314.14,2020-08-02 02:02:40,2025-03-03 19:20:07
3960,"Parts Davis, Hayes and Wilkinson Gt-957",43,223.67,2019-03-14 07:34:54,2025-06-17 18:07:11
3961,"Parts Boyd, Sanchez and Spencer GF-805",43,612.59,2019-03-04 23:04:21,2025-06-11 05:43:28
3962,Parts Morgan-Lawson WN-163,43,74.59,2022-07-03 16:26:03,2024-12-31 02:07:44
3963,Parts Ramos-Spencer rA-215,43,795.04,2024-09-05 18:21:36,2025-08-26 00:40:09
3964,Parts Davis-Mcdonald nv-467,43,642.15,2022-01-05 10:18:00,2025-02-07 08:43:16
3965,Parts Lee-Daniels IA-366,43,506.38,2021-09-17 05:48:26,2025-04-15 09:23:13
3966,Parts Bell-Shaw Cv-147,43,961.11,2021-08-10 10:44:24,2025-06-23 22:11:43
3967,Parts Park-Parker tk-407,43,435.46,2024-10-18 05:02:42,2025-01-19 03:53:12
3968,"Parts Salinas, Solis and Miller fi-210",43,835.58,2020-10-22 05:01:13,2025-06-11 06:22:00
3969,Parts Hammond PLC nN-021,43,510.55,2020-10-18 09:06:54,2025-01-08 22:27:53
3970,"Parts Gonzalez, Brown and Henson mZ-085",43,241.3,2023-08-24 17:40:44,2025-08-22 20:14:03
3971,Parts Aguilar PLC Jm-967,43,502.74,2021-09-23 14:20:38,2025-02-06 17:45:54
3972,"Parts Sparks, Smith and Moore Zq-144",43,243.8,2021-05-04 02:58:40,2025-05-04 00:06:18
3973,Parts Fields-Bishop GS-228,43,1404.26,2024-02-02 12:25:00,2025-06-26 06:04:17
3974,Parts Ward-Ellis gg-837,43,1386.93,2020-02-08 10:55:21,2025-06-16 16:19:14
3975,Parts Sanchez-Gomez Ux-640,43,738.5,2022-02-24 05:22:31,2025-08-26 21:17:25
3976,"Parts Austin, Hess and Gomez Nb-701",43,397.49,2023-08-07 14:53:43,2025-04-20 22:39:08
3977,"Parts Flores, Phillips and Jones nX-185",43,306.33,2020-12-26 07:19:46,2025-03-16 22:42:07
3978,Parts Hubbard-Ramirez OI-016,43,936.42,2021-07-10 12:01:08,2025-03-11 08:00:37
3979,Parts Martin LLC Ld-344,43,203.08,2023-05-24 06:18:46,2025-03-30 05:26:29
3980,Parts Gonzalez Group Iz-874,43,480.47,2023-12-24 20:27:36,2025-03-29 03:08:07
3981,Parts Thomas LLC On-874,43,575.39,2019-03-19 17:40:12,2025-03-18 01:43:37
3982,Parts Harvey and Sons Gf-476,43,939.59,2022-04-06 08:21:05,2025-02-20 05:16:13
3983,Parts Black and Sons TQ-193,43,932.84,2023-11-29 00:18:25,2025-07-16 14:38:50
3984,Parts King Group qK-788,43,551.6,2024-09-19 23:17:58,2025-06-01 10:55:18
3985,Parts Lowe-Morrison NH-184,43,1258.78,2021-09-22 16:44:35,2025-02-05 19:17:42
3986,Parts Bradshaw-Martinez mO-855,43,1049.29,2020-06-03 13:12:12,2025-07-20 06:31:10
3987,"Parts Morrison, Jones and Davis Iq-031",43,691.92,2024-07-13 20:28:48,2025-01-05 02:09:37
3988,Parts Blair-Powell ux-344,43,1071.57,2024-01-17 22:22:52,2025-06-01 03:48:19
3989,Parts Gonzalez-Norris Tn-286,43,452.82,2023-08-10 12:24:19,2025-05-06 07:19:56
3990,Parts Bernard PLC cy-601,43,300.51,2020-11-11 16:07:42,2025-06-19 13:49:33
3991,Parts Duran-Brown dN-516,43,217.38,2024-05-04 13:35:46,2025-08-24 18:49:29
3992,"Parts Valencia, Smith and Mcneil El-962",43,489.19,2020-06-29 10:07:38,2025-05-20 00:22:30
3993,"Parts Johnson, Davis and George Wd-344",43,865.22,2021-05-14 23:45:29,2025-03-18 00:27:30
3994,"Parts Miller, Roberts and Middleton eH-593",43,1377.83,2021-11-02 04:08:19,2025-03-24 07:38:05
3995,Parts Potts Inc IL-072,43,1028.63,2021-08-29 14:59:54,2025-08-15 22:32:03
3996,Parts Vincent Inc SG-692,43,1341.85,2022-05-05 08:04:37,2025-08-11 09:10:30
3997,Parts Knight Inc Pd-055,43,982.59,2022-03-05 02:21:12,2025-08-21 14:56:01
3998,Parts Hubbard-Davis pa-252,43,1143.84,2022-10-19 03:48:24,2025-08-25 22:32:59
3999,"Parts Garcia, Meyer and Horn ZZ-869",43,237.41,2023-01-15 00:46:00,2025-01-23 03:36:45
4000,Parts Cook-Mullen RV-163,43,206.7,2022-04-03 12:34:02,2025-02-13 11:40:34
4001,"Parts Snyder, Mcdaniel and Edwards jI-730",43,128.22,2021-06-06 17:23:16,2025-08-27 19:43:39
4002,"Parts Patterson, Phillips and Ball Gt-705",43,136.88,2022-05-22 06:48:15,2025-03-14 20:54:24
4003,Parts Morrow-Davis xs-719,43,810.54,2021-01-06 05:08:55,2025-04-02 16:03:37
4004,Parts Keller-Acevedo vI-560,43,752.62,2019-03-11 00:21:19,2025-01-28 02:46:08
4005,Parts Brewer-Hawkins It-156,43,422.71,2020-01-21 10:38:58,2025-05-05 09:40:03
4006,Parts Andrade PLC vb-279,43,491.81,2023-02-18 21:45:47,2025-02-28 02:15:27
4007,Parts Murphy-Tran ra-823,43,457.84,2020-12-05 04:10:16,2025-03-09 06:31:31
4008,Parts Taylor-Johnson UE-082,43,1167.82,2020-05-17 07:19:30,2025-06-06 15:06:35
4009,"Parts Espinoza, Benton and Villegas sB-704",43,1258.92,2022-01-26 03:34:33,2025-02-21 00:34:24
4010,Parts Thomas-Jones mo-290,43,744.8,2021-04-23 03:40:52,2025-05-22 04:35:36
4011,Parts Garcia LLC tl-321,43,1449.93,2020-08-06 13:14:46,2025-05-27 11:57:29
4012,Parts Patel-Wallace jP-241,43,1210.95,2019-03-22 09:23:02,2025-04-16 16:22:14
4013,Parts Gonzales Ltd Zt-459,43,1008.67,2023-04-15 23:13:27,2025-06-18 02:42:29
4014,Parts Hunter-Barrett eb-980,43,339.96,2021-11-06 12:30:44,2025-06-17 15:08:12
4015,"Parts Church, Flores and Davis sU-102",43,1187.25,2019-02-21 22:46:53,2025-04-08 04:32:06
4016,Parts Allen-Martinez nm-624,43,1205.73,2024-01-17 08:25:20,2025-02-14 10:54:48
4017,"Parts Crane, Smith and Gilbert dA-396",43,470.32,2022-12-04 00:14:25,2025-04-04 22:00:46
4018,"Parts Harris, Lee and Hernandez Hh-168",43,85.38,2021-11-27 07:57:53,2025-02-22 21:44:57
4019,Parts Wolfe-Blackwell fT-743,43,978.36,2019-08-27 04:07:24,2025-04-02 16:42:40
4020,Parts Stevenson PLC Ly-672,43,1398.12,2022-11-14 13:34:23,2025-05-06 22:02:06
4021,Parts Rogers Group ga-054,43,1284.65,2024-12-25 07:32:02,2025-07-22 09:50:27
4022,Parts Todd PLC GS-575,43,1093.58,2023-06-10 17:01:40,2025-03-03 07:52:49
4023,"Parts Jackson, Cook and Boyd HH-209",43,992.39,2024-08-18 02:28:01,2025-05-27 13:15:35
4024,Parts Guzman PLC iw-047,43,141.99,2022-06-09 17:25:22,2025-01-15 22:06:56
4025,Parts Good-Anthony dQ-914,43,505.9,2023-04-11 09:53:06,2025-08-24 13:55:33
4026,"Parts Powell, Lara and Conway Ab-046",43,1333.79,2021-12-23 16:51:39,2025-07-29 15:09:32
4027,"Parts Smith, Murphy and Griffin AP-395",43,438.82,2021-09-25 16:49:09,2025-05-02 10:32:11
4028,Parts Dalton Inc vY-522,43,1024.81,2019-06-23 09:00:05,2025-06-06 03:04:12
4029,Parts Reynolds and Sons Vp-914,43,1446.82,2020-10-26 23:55:48,2025-03-28 17:57:58
4030,Parts Hall-Wade bs-275,43,1222.56,2022-11-12 14:35:25,2025-08-14 23:31:02
4031,Parts Fuentes LLC cD-739,43,1200.57,2021-08-24 14:12:50,2025-03-18 08:56:33
4032,"Parts Butler, Campbell and Newton pI-846",43,1311.58,2019-07-14 23:57:13,2025-06-29 19:32:36
4033,Parts Hopkins-Edwards Py-885,43,200.58,2021-11-12 20:31:40,2025-08-01 22:46:08
4034,Parts Sanchez Group IP-912,43,630.45,2019-04-24 21:20:20,2025-05-05 22:59:12
4035,Parts Williams Group AY-659,43,201.61,2019-01-07 22:33:11,2025-07-17 00:55:14
4036,Parts Wright-Gomez sB-080,43,1493.17,2024-06-30 16:48:25,2025-02-07 12:14:23
4037,Parts Phillips and Sons Ty-335,43,1026.37,2022-05-23 04:27:52,2025-06-16 13:45:07
4038,Parts Underwood-Stevens fF-579,43,1126.68,2024-12-05 15:05:26,2025-05-28 09:17:17
4039,"Parts Hunt, Pham and Jackson yE-186",43,925.46,2023-08-17 12:07:23,2025-06-14 18:12:53
4040,"Parts Espinoza, Marshall and Brown Sk-617",43,482.84,2024-02-10 08:55:25,2025-05-09 19:53:23
4041,Parts Fuller-Smith oF-408,43,229.86,2022-07-03 21:21:59,2025-02-16 00:30:20
4042,Parts Howard Group Em-835,43,554.69,2021-11-06 08:18:32,2025-07-22 06:49:02
4043,"Parts Ramirez, Walker and Pittman ng-415",43,1138.55,2021-12-14 15:31:12,2025-07-28 10:26:40
4044,Parts Nelson PLC rU-502,43,1102.81,2022-08-03 22:03:53,2025-02-22 22:11:38
4045,Parts Graham and Sons qn-379,43,165.86,2019-07-01 08:38:03,2025-02-18 18:33:44
4046,Parts Wilson Ltd jK-452,43,774.74,2019-10-13 15:21:19,2025-05-27 12:42:02
4047,Parts Horton-Carson UJ-543,43,1253.29,2019-08-28 08:40:03,2025-08-29 11:14:12
4048,Parts Campbell-Nelson zq-662,43,1353.44,2022-05-19 21:10:58,2025-05-03 01:29:59
4049,"Parts King, Young and Coleman ox-723",43,238.28,2019-12-26 17:46:08,2025-02-02 14:32:40
4050,"Parts Gordon, Tran and Martinez Yt-995",43,136.5,2021-07-07 17:35:45,2025-05-21 23:45:27
4051,"Parts Ashley, Anthony and Mueller hL-725",43,1340.41,2020-03-28 02:47:04,2025-05-10 17:24:58
4052,Parts Rice-Todd du-666,43,162.92,2020-12-01 20:13:16,2025-05-20 09:20:48
4053,Parts Romero Group UK-158,43,1463.56,2019-08-18 00:20:53,2025-03-19 12:11:22
4054,Parts Jensen Ltd Cx-947,43,91.67,2020-04-11 03:08:47,2025-08-09 04:23:58
4055,Parts Clements-Johnson Xu-557,43,662.72,2023-08-15 16:46:32,2025-03-20 02:58:56
4056,"Parts Gardner, Henderson and Jones ot-705",43,563.67,2023-02-09 14:40:44,2025-08-22 17:53:54
4057,"Parts Cruz, Walters and Reese Pg-350",43,744.22,2023-07-28 01:56:06,2025-07-29 01:40:39
4058,"Parts Bell, Reed and Snyder UL-849",43,591.59,2022-01-09 22:59:53,2024-12-31 07:01:08
4059,Parts Anderson LLC IH-139,43,1320.26,2021-02-01 15:38:00,2025-03-29 01:23:30
4060,"Parts Johnson, Curtis and Webb hJ-636",43,955.52,2024-02-17 06:43:44,2025-06-29 15:29:49
4061,Parts Roberts-Bowers pv-909,43,355.15,2024-05-05 16:40:28,2025-06-11 20:43:20
4062,Parts Myers-Farrell cA-128,43,455.29,2021-08-21 07:53:53,2025-02-01 14:48:51
4063,Parts Castro LLC IA-607,43,614.29,2021-01-12 05:21:14,2025-06-12 18:38:55
4064,Parts Haley Inc IS-880,43,372.69,2022-01-31 05:00:56,2025-02-02 02:02:25
4065,Parts Rivera-Ellison Zx-448,43,1061.83,2024-03-20 00:21:59,2025-03-15 16:18:27
4066,Parts Townsend LLC Ql-976,43,589.97,2020-05-09 03:58:30,2025-04-05 23:21:25
4067,Parts Nichols Group Iz-370,43,1175.8,2021-08-08 22:14:55,2025-05-10 11:26:23
4068,"Parts Oconnor, Hendrix and Myers bj-225",43,152.73,2019-05-26 02:08:49,2025-08-01 06:09:21
4069,"Parts Wolfe, Ferguson and Harrison rB-760",43,547.29,2020-06-15 18:06:00,2025-05-02 11:23:19
4070,Parts Thomas-Martinez Xa-399,43,976.77,2019-06-09 09:33:12,2025-05-19 17:34:52
4071,Parts Cantrell-Knight dg-628,43,1258.29,2019-06-10 01:17:02,2025-03-15 02:19:35
4072,"Parts Owens, Huffman and Moyer wG-030",43,574.45,2021-09-22 00:04:30,2025-01-29 13:07:18
4073,Parts Harris-Sullivan kT-346,43,731.2,2021-11-28 04:05:23,2025-05-07 01:03:44
4074,"Parts Miller, Ward and Evans QG-310",43,715.92,2022-09-23 17:17:33,2025-03-14 22:05:36
4075,"Parts Thompson, Davis and Sexton UP-113",43,1076.04,2021-10-16 14:47:32,2025-08-17 19:55:34
4076,"Parts Singh, Nash and Martinez Av-194",43,61.82,2020-03-05 08:41:59,2025-07-21 02:54:24
4077,"Parts Wall, Williams and Peterson SB-728",43,1123.93,2019-12-10 02:01:27,2025-01-10 00:35:10
4078,Parts Harris PLC st-940,43,563.96,2020-05-11 23:15:40,2025-04-18 03:47:15
4079,Parts Ortega Group na-562,43,1158.9,2024-07-31 00:24:40,2025-05-05 20:22:42
4080,Parts Ortiz-Barry KS-631,43,1327.01,2022-06-28 10:25:46,2025-06-22 10:20:28
4081,"Parts Ross, Roman and Mcmahon Pd-261",43,1374.6,2020-09-01 13:59:44,2025-04-05 10:04:52
4082,Parts Clayton and Sons gk-165,43,979.84,2021-03-28 09:34:20,2025-07-23 13:21:39
4083,Parts Werner-Nelson HK-335,43,1251.5,2023-12-08 22:59:41,2025-05-27 21:48:01
4084,Parts Floyd and Sons Gk-808,43,893.88,2020-10-09 02:52:35,2025-05-28 02:23:43
4085,Parts Baker-Rodriguez bi-510,43,785.4,2019-01-18 10:28:24,2025-01-25 14:03:37
4086,Parts Diaz Group kB-508,43,1240.71,2024-03-20 00:07:24,2025-06-01 13:10:23
4087,Parts Gilmore and Sons eJ-140,43,227.07,2023-12-05 01:06:42,2025-05-26 02:54:13
4088,Parts Allen-Roberts iH-205,43,968.68,2020-11-01 11:01:46,2025-04-14 13:45:04
4089,Parts Tate Inc xm-911,43,1069.22,2019-04-03 02:18:55,2025-08-19 14:16:38
4090,Parts Robinson-Grant tA-488,43,260.64,2024-08-23 06:18:37,2025-08-10 03:35:43
4091,Parts Palmer-Garrett Fk-863,43,1185.83,2024-07-09 13:27:08,2025-06-30 19:56:22
4092,"Parts Lee, Roberts and Rose Ok-963",43,482.38,2019-02-03 23:12:51,2025-05-01 14:26:58
4093,Parts Bradley Inc II-420,43,371.38,2024-10-09 01:18:40,2025-08-29 16:23:06
4094,Parts Martin Ltd pX-860,43,104.61,2024-03-23 06:50:57,2025-07-23 11:45:06
4095,Parts Holmes-Wagner Xf-364,43,608.79,2019-08-23 20:29:16,2025-06-04 05:52:58
4096,Parts Richards-Stewart Mo-950,43,394.45,2021-06-14 10:19:16,2025-06-11 16:01:32
4097,Parts Garcia Ltd fo-448,43,1204.06,2024-01-22 07:08:53,2025-01-25 18:18:43
4098,Parts Oconnor PLC In-424,43,900.25,2021-12-14 12:24:40,2025-05-28 16:44:53
4099,"Parts Sheppard, Campbell and Sanchez Vt-104",43,759.4,2022-11-20 23:11:14,2025-07-14 01:48:12
4100,Parts Romero-Schaefer xw-847,43,1194.81,2023-11-11 17:23:33,2025-06-11 20:08:07
4101,Parts Pearson Group OB-246,43,913.67,2020-11-22 17:55:34,2025-02-26 02:55:32
4102,Parts Thompson PLC YL-785,43,403.61,2021-08-18 18:29:59,2025-07-26 08:08:53
4103,Parts Barrett-Odom ob-745,43,609.05,2019-05-09 16:49:55,2025-05-17 22:06:02
4104,Parts Ortiz and Sons lS-763,43,494.06,2020-12-05 01:53:41,2025-04-24 01:23:38
4105,Parts Rogers-Rose OX-859,43,1097.44,2020-02-10 14:28:20,2025-02-27 09:47:45
4106,Parts Jackson Group IR-949,43,651.16,2024-09-25 19:13:52,2025-05-02 23:41:45
4107,"Parts Maldonado, House and Martinez ED-818",43,178.43,2024-09-23 04:06:12,2025-02-21 05:34:44
4108,Parts Moss LLC xZ-524,43,436.59,2024-04-08 22:57:29,2025-05-22 21:06:48
4109,Parts Garza-Young Hp-934,43,1104.26,2019-08-12 09:39:06,2025-07-11 22:46:24
4110,"Parts Kim, Diaz and Palmer xe-917",43,981.06,2021-09-05 13:09:07,2025-02-20 21:18:40
4111,Parts Fuller-Estes Vi-992,43,1481.15,2020-02-28 18:39:33,2025-02-25 19:33:26
4112,Parts Spence Group SP-010,43,1055.54,2022-09-14 05:57:56,2025-01-19 00:23:10
4113,"Parts Gutierrez, Garcia and Daugherty Dp-257",43,1531.15,2020-03-23 05:36:11,2025-01-15 12:17:01
4114,Parts Young LLC vm-933,43,607.85,2024-05-14 10:06:05,2025-07-07 17:06:36
4115,Parts Kent Inc xy-528,43,937.64,2020-07-29 05:37:47,2025-01-10 07:39:44
4116,Parts Morales-Webb wl-964,43,861.9,2021-04-24 12:28:43,2025-07-03 10:08:27
4117,Parts Hernandez-Marquez Ne-651,43,548.26,2020-06-24 00:07:57,2025-04-16 15:17:15
4118,"Parts Daniels, Lee and Ruiz Xf-136",43,214.26,2024-09-02 20:47:06,2025-06-25 15:28:04
4119,"Parts Bartlett, Horton and Daniels yh-688",43,89.51,2021-01-26 17:22:51,2025-02-28 02:49:01
4120,Parts Stephens Inc RN-272,43,778.69,2019-08-01 16:10:30,2025-06-11 00:41:23
4121,Parts Ramirez-Curtis Yf-321,43,809.0,2023-08-17 02:50:46,2025-07-06 19:34:47
4122,"Parts Leach, Williamson and Hurst cT-660",43,977.7,2022-05-06 18:12:25,2024-12-31 23:33:34
4123,"Parts Henderson, Soto and Garner PK-711",43,1005.99,2022-04-09 08:29:40,2025-06-01 23:53:54
4124,"Parts Wells, Freeman and Morse uN-081",43,406.9,2022-06-07 21:57:04,2025-02-18 00:19:38
4125,Parts Lara-Hale Pm-087,43,1471.28,2023-03-11 22:05:49,2025-07-06 23:06:20
4126,Parts Romero LLC MI-705,43,351.52,2021-06-18 20:15:16,2025-05-15 05:55:34
4127,Parts Taylor Group Hg-127,43,370.41,2019-05-18 09:19:01,2025-07-12 06:48:31
4128,"Parts Martinez, Morgan and Porter uQ-882",43,1409.88,2020-09-01 02:10:29,2025-01-13 21:20:38
4129,Parts Khan PLC cZ-066,43,1502.39,2020-11-26 02:54:57,2025-04-05 19:04:06
4130,"Parts Johnson, Pena and Murphy Gs-078",43,1092.38,2019-09-07 13:54:30,2025-06-07 10:17:06
4131,Parts Compton-Bailey Gc-774,43,1012.66,2020-01-10 13:37:00,2025-06-11 15:58:26
4132,"Parts Moore, Bauer and Adkins ez-658",43,1010.17,2019-01-02 08:06:52,2025-06-23 11:59:10
4133,Parts Long-Willis Wp-810,43,469.99,2019-07-29 23:39:45,2025-02-17 22:50:44
4134,Parts Warren Group db-054,43,1181.54,2021-06-14 04:25:28,2025-05-14 02:14:51
4135,"Parts Lam, Young and Chen EO-825",43,1177.82,2023-10-05 07:15:32,2025-06-12 22:26:22
4136,"Parts Nicholson, White and Perkins VA-554",43,163.18,2021-03-31 21:19:22,2025-06-07 21:39:14
4137,Parts Williams-Bass GE-869,43,243.03,2023-09-13 03:19:27,2025-03-31 12:01:37
4138,"Parts Gilmore, Valencia and Lopez xL-725",43,406.07,2021-05-22 22:37:26,2025-03-15 12:37:05
4139,"Parts Duarte, Martin and Bell SE-452",43,1484.95,2024-08-10 06:33:19,2025-01-27 03:08:26
4140,Parts Shelton-Wilkerson qY-230,43,1100.32,2023-04-27 07:07:18,2025-08-25 15:35:00
4141,Parts Foster PLC MC-910,43,934.17,2019-09-29 11:09:51,2025-03-06 15:07:56
4142,Parts Hutchinson Ltd Js-973,43,141.87,2021-04-01 16:04:38,2025-05-13 20:11:05
4143,Parts Preston-Tucker iU-880,43,1024.09,2021-11-10 15:41:51,2025-08-18 10:07:16
4144,"Parts Freeman, Stewart and Wilson oA-777",43,344.26,2021-02-12 06:02:41,2025-02-26 08:48:23
4145,"Parts Castro, Stone and Simmons Rh-547",43,184.24,2021-05-26 01:51:45,2025-08-03 15:11:31
4146,Parts Cooper Inc Nb-332,43,1415.77,2020-08-13 17:14:21,2025-02-22 21:48:10
4147,"Parts Williams, Garcia and Dean oe-000",43,410.53,2020-05-17 13:30:05,2025-06-11 17:23:08
4148,Parts Lee-Flores mI-978,43,938.06,2022-03-22 03:16:08,2025-02-28 04:20:33
4149,Parts Petty-Robertson oi-975,43,353.68,2021-08-11 01:36:56,2025-02-23 19:26:25
4150,Parts Owens-Graham IH-974,43,331.04,2020-02-21 03:39:26,2025-03-16 07:05:35
4151,Parts Dickerson Ltd RV-471,43,173.72,2020-05-01 00:04:18,2025-05-12 00:14:18
4152,Parts Torres-Sullivan Am-784,43,822.5,2023-09-26 13:07:05,2025-07-22 08:13:19
4153,Parts Henderson-Cook ri-384,43,282.16,2023-03-27 17:17:49,2025-06-03 01:41:51
4154,"Parts Ortiz, Lamb and Jenkins lm-426",43,980.82,2022-05-29 02:19:49,2025-04-03 15:30:44
4155,Parts Hill-Hodge zM-503,43,861.12,2019-02-04 19:03:43,2025-04-29 06:23:14
4156,Parts Chambers Ltd by-241,43,1258.72,2021-08-15 22:43:40,2025-01-19 16:17:02
4157,"Parts White, Mckee and Thomas Yx-714",43,890.51,2022-03-26 05:13:56,2025-03-28 06:34:28
4158,Parts Vargas-Townsend Vu-964,43,830.06,2024-04-30 15:02:15,2025-08-08 01:18:25
4159,Parts Burgess-Bautista oI-418,43,248.74,2023-09-01 23:31:30,2025-08-26 10:39:18
4160,Parts Goodman Ltd hT-099,43,653.24,2023-11-03 18:10:06,2025-01-28 23:01:04
4161,Parts Sanchez Group ua-103,43,868.99,2021-08-22 23:09:09,2025-04-27 17:56:05
4162,"Parts Davis, Cole and Gardner MT-620",43,944.79,2021-05-24 09:16:21,2025-07-22 06:32:38
4163,Parts Zhang PLC eP-929,43,83.81,2020-05-29 02:54:40,2025-06-23 18:10:43
4164,Parts Murray Group oh-062,43,871.0,2019-03-09 01:54:46,2025-04-20 08:25:14
4165,Parts Bennett Group Uh-769,43,907.27,2021-11-29 01:24:41,2025-02-25 21:50:02
4166,"Parts Thomas, Thompson and Schroeder iE-602",43,501.07,2020-02-24 11:00:37,2025-05-29 11:01:48
4167,"Parts West, Wall and Sanchez Gb-874",43,1157.94,2020-04-27 11:59:13,2025-04-11 09:42:17
4168,Parts Griffin-Warner mW-729,43,501.52,2019-01-13 07:30:22,2025-03-07 01:29:39
4169,Parts Barnes-Jones Ku-550,43,133.5,2020-01-28 11:05:19,2025-01-31 11:06:11
4170,Parts Murphy Group JB-410,43,651.21,2021-01-03 09:18:03,2025-08-17 14:07:50
4171,Parts White Group UR-504,43,763.28,2023-12-23 08:38:33,2025-02-24 07:37:47
4172,Parts Miller-Williams iU-063,43,567.07,2020-03-11 00:13:31,2025-06-20 15:22:16
4173,Parts Sampson Inc ok-035,43,1039.49,2021-07-25 16:49:29,2025-06-24 17:12:29
4174,Parts Williams PLC aF-294,43,975.6,2021-07-17 16:36:56,2025-02-08 07:53:01
4175,Parts Phillips PLC MR-259,43,288.88,2022-09-24 14:18:58,2025-05-13 07:31:22
4176,"Parts Harris, Chavez and Santiago Qx-382",43,666.75,2023-04-04 04:58:56,2025-02-04 11:17:47
4177,Parts Gonzalez-Bowen ST-643,43,638.32,2022-07-06 01:21:44,2025-05-18 01:39:35
4178,Parts Byrd-Lang Po-604,43,279.03,2021-08-28 19:30:16,2025-04-18 05:29:07
4179,"Parts George, Owens and Taylor Dr-623",43,79.78,2022-12-12 00:53:00,2025-02-01 11:15:54
4180,"Parts Carroll, Olson and Horne xf-646",43,253.09,2024-03-05 11:47:45,2025-08-23 04:28:14
4181,"Parts Jimenez, Green and Tucker bT-521",43,409.05,2023-10-01 21:11:49,2025-05-20 19:11:16
4182,Parts Harvey-Finley Sg-595,43,996.16,2022-01-31 10:22:43,2025-02-05 16:20:45
4183,"Parts Douglas, Pineda and Sharp tL-316",43,881.52,2020-02-01 17:25:05,2025-04-17 13:19:05
4184,Parts Anderson PLC Ty-713,43,328.02,2020-02-04 06:10:25,2025-06-12 22:06:40
4185,Parts Wilson-Hicks mZ-580,43,1104.2,2021-02-19 13:43:52,2025-08-04 12:08:10
4186,Parts Crosby LLC vf-712,43,1337.24,2020-12-16 18:04:10,2025-01-14 07:40:22
4187,"Parts Tucker, Roberts and Byrd DN-394",43,1036.11,2021-12-28 08:57:59,2025-03-12 20:59:27
4188,Parts Gonzalez and Sons nO-575,43,624.07,2021-05-20 08:15:32,2025-07-17 11:46:12
4189,Parts Pugh LLC NW-235,43,876.24,2021-10-16 11:24:26,2025-05-06 04:14:11
4190,Parts Hendrix Ltd rC-277,43,210.86,2022-10-13 23:37:51,2025-03-26 12:55:04
4191,"Parts Jones, Butler and Rodriguez ZH-067",43,326.55,2019-02-22 05:17:11,2025-08-29 07:44:10
4192,"Parts Buchanan, Duke and Lindsey bz-683",43,609.85,2024-11-03 09:50:29,2025-05-21 12:21:28
4193,"Parts Leon, Gonzalez and Mccoy BR-639",43,271.03,2023-12-15 07:49:29,2025-06-12 19:35:09
4194,Parts Holloway Group iC-360,43,92.58,2021-04-24 06:23:06,2025-01-22 17:39:13
4195,"Parts Williams, Crawford and Roberson tp-484",43,590.99,2020-10-09 04:52:02,2025-07-02 18:26:28
4196,Parts Macias-Herring Yv-025,43,1158.63,2021-10-27 02:45:25,2025-08-06 10:29:19
4197,"Parts Thomas, Santos and Powell PO-997",43,1280.24,2023-02-24 22:43:09,2025-07-06 16:27:14
4198,Parts Ballard and Sons FK-288,43,1198.6,2020-08-19 16:07:03,2025-01-02 11:14:59
4199,Parts Harris LLC xz-468,43,616.09,2019-10-15 21:02:32,2025-02-02 20:14:41
4200,"Parts Williams, Hunt and Lopez qI-138",43,161.82,2019-06-17 18:53:13,2025-01-22 18:52:36
4201,Parts Burns-Flowers mR-045,43,1355.14,2019-12-23 10:15:12,2025-02-04 22:41:07
4202,Parts Henderson PLC td-153,43,350.82,2024-09-06 01:57:07,2025-03-21 01:10:00
4203,"Parts Molina, Skinner and Chambers sk-134",43,722.64,2023-04-29 09:40:23,2025-03-03 20:25:54
4204,Parts Brown and Sons WX-993,43,877.58,2022-09-13 15:44:23,2025-05-01 03:09:41
4205,Parts Tran Inc YL-722,43,588.85,2023-09-25 21:37:49,2025-06-14 13:39:17
4206,Parts Savage PLC me-712,43,1513.35,2023-07-18 07:19:32,2025-05-12 00:34:17
4207,Parts Byrd-Lamb tk-676,43,1508.99,2020-03-11 11:22:19,2025-07-28 23:43:49
4208,Parts Thompson LLC Fb-921,43,1150.94,2022-07-14 07:43:47,2025-02-26 11:02:11
4209,Parts Young LLC oO-480,43,595.69,2023-05-12 23:06:47,2025-03-16 00:59:39
4210,"Parts Mcguire, Sandoval and Vaughn lt-185",43,1074.61,2022-01-05 19:22:23,2025-01-20 10:04:29
4211,Parts Silva Ltd sE-404,43,1150.81,2022-01-17 04:06:14,2025-06-24 19:19:18
4212,Parts Sawyer-Johnson Az-141,43,1003.45,2019-05-09 11:26:51,2025-07-18 22:01:41
4213,"Parts Ross, Bennett and Bailey zG-149",43,1128.79,2022-12-28 10:47:15,2025-02-15 00:56:08
4214,"Parts Valentine, Holloway and Wells Ru-170",43,823.85,2022-04-19 20:07:03,2025-05-21 12:15:34
4215,"Parts Ford, Richards and Martinez oy-253",43,292.74,2021-04-27 05:24:42,2025-02-09 08:07:29
4216,"Parts Carter, Santos and Pennington OE-082",43,713.83,2023-04-14 11:28:57,2025-07-04 22:47:52
4217,Parts Lee Inc mT-370,43,462.5,2021-11-10 15:51:14,2025-05-17 12:05:11
4218,Parts Lee PLC Vj-059,43,1113.48,2024-07-26 21:31:41,2025-04-20 14:56:39
4219,Parts Mills and Sons mN-735,43,660.05,2020-10-03 20:11:19,2025-08-27 19:04:35
4220,Parts Lucero-Gomez Wy-932,43,1393.05,2020-01-07 16:59:28,2025-01-02 13:15:13
4221,Parts Cole-Pearson Us-092,43,1142.45,2024-10-20 13:54:57,2025-07-29 20:52:11
4222,"Parts Wade, Guerra and Porter kz-862",43,1522.74,2021-04-06 07:57:38,2025-02-03 23:55:37
4223,Parts Nguyen-Kelley dr-849,43,1254.26,2020-12-03 00:36:04,2025-08-02 15:37:26
4224,"Parts Scott, Thomas and Stewart fS-676",43,1364.69,2022-07-29 04:03:00,2025-02-22 08:45:26
4225,Parts Johnson Group oH-897,43,1240.99,2019-07-27 15:10:27,2025-06-08 05:41:46
4226,"Parts Fitzpatrick, Ramsey and Jackson qj-136",43,788.03,2023-02-12 06:43:40,2025-03-14 03:35:33
4227,Parts Norris-Ross eQ-780,43,1270.92,2020-12-01 18:56:40,2025-03-06 14:52:43
4228,"Parts Brady, Gallagher and Harris uD-665",43,1324.0,2024-07-09 20:19:04,2025-07-06 22:46:54
4229,Parts Ward-Burnett cp-209,43,1046.98,2019-09-22 15:18:11,2025-08-16 23:12:33
4230,Parts Gamble Inc vr-026,43,556.58,2021-07-08 04:12:21,2024-12-31 11:12:38
4231,"Parts Bradley, Smith and Escobar be-731",43,1060.25,2023-08-08 12:16:52,2025-03-08 23:38:59
4232,Parts Jones-Baker Ea-429,43,492.38,2024-06-02 10:35:07,2025-04-04 03:54:05
4233,Parts Mitchell Ltd Bs-548,43,291.9,2024-02-18 18:51:52,2025-05-30 06:03:11
4234,"Parts Spencer, Reed and Brown tz-037",43,510.22,2022-03-06 04:03:18,2025-06-18 12:13:31
4235,"Parts Martinez, Curtis and Johnson TX-442",43,853.36,2019-03-19 21:06:01,2025-05-30 15:51:07
4236,Parts Hall-Martinez Yz-364,43,1253.94,2023-06-13 00:04:03,2025-08-08 22:22:29
4237,Parts Smith-Sharp mn-693,43,1357.57,2022-06-14 21:02:53,2025-08-04 00:47:20
4238,Parts Curtis-Clarke oA-155,43,519.46,2024-08-10 03:31:51,2025-07-17 23:52:10
4239,Parts Jensen and Sons Gj-787,43,972.97,2022-06-08 00:52:01,2025-02-02 08:14:08
4240,Parts Rose-Mason dR-773,43,1233.33,2021-03-12 13:36:29,2025-02-08 19:43:32
4241,"Parts Hughes, Duffy and Wolfe Fo-945",43,835.2,2023-04-22 02:53:22,2025-01-04 12:51:47
4242,Parts Austin Group uv-254,43,1123.53,2019-09-16 09:14:36,2025-02-18 09:24:12
4243,"Parts Johnson, Brown and Brooks WJ-364",43,1320.91,2023-07-01 00:34:28,2025-02-02 04:51:24
4244,Parts Wilson Group qz-454,43,597.5,2020-06-07 10:14:07,2025-07-29 12:10:18
4245,Parts Carey Group QC-206,43,454.62,2020-07-09 22:49:16,2025-03-28 05:49:10
4246,Parts Anderson PLC DK-607,43,591.84,2019-01-28 04:38:00,2025-05-30 07:26:59
4247,"Parts Ford, Page and Roach fc-783",43,743.56,2019-12-06 01:02:13,2025-05-04 09:42:27
4248,"Parts Oconnell, Foster and Richards Ew-833",43,1035.85,2023-11-24 06:59:56,2025-01-01 19:17:22
4249,"Parts Graham, Cohen and Phillips Tq-492",43,1376.04,2023-04-29 07:04:25,2025-06-17 11:28:06
4250,Parts Finley-Schroeder Sv-114,43,1009.91,2021-12-27 22:27:31,2025-02-10 04:30:30
4251,"Parts Carter, Cain and Bullock Qh-194",43,711.16,2024-02-24 23:24:19,2025-02-15 15:03:58
4252,Parts Cox-Ray gr-981,43,1303.43,2019-07-18 04:38:47,2025-05-02 19:15:50
4253,"Parts Peterson, Lewis and Martinez Hl-482",43,326.32,2022-11-29 20:19:24,2025-01-04 10:46:01
4254,"Tires Walker, Bradford and Young CJ-208",44,471.53,2024-06-21 14:21:58,2025-08-21 14:57:30
4255,Tires Calderon PLC lh-089,44,925.93,2024-10-16 01:31:09,2025-02-23 14:22:30
4256,Tires Schmidt Inc Ve-887,44,716.88,2020-06-16 05:43:52,2025-03-30 19:26:35
4257,"Tires Ruiz, Rivers and Gutierrez uJ-686",44,766.91,2020-07-04 08:57:38,2025-04-10 02:15:52
4258,Tires Davis Inc rJ-383,44,258.98,2023-06-27 06:33:10,2025-04-09 18:30:22
4259,"Tires Olson, Rivas and Combs Qc-133",44,842.21,2022-11-15 05:16:20,2025-07-12 13:30:48
4260,Tires Martin Ltd yt-639,44,749.87,2022-10-01 01:58:56,2025-04-13 19:28:56
4261,Tires Chang Ltd TC-090,44,608.69,2020-03-30 06:54:35,2025-06-17 00:05:00
4262,Tires Griffith and Sons Py-528,44,1205.14,2022-11-02 02:47:59,2025-08-20 07:12:01
4263,Tires Johnson-Cooper EL-619,44,669.35,2020-04-23 19:55:10,2025-04-10 12:48:30
4264,Tires Jones-Franklin oS-149,44,231.75,2023-01-01 00:10:36,2025-07-16 16:29:32
4265,"Tires Stephens, Perry and Stone Yc-015",44,1166.81,2023-12-13 15:04:50,2025-03-13 06:47:37
4266,"Tires Wood, Branch and Hobbs JL-891",44,247.56,2022-05-06 04:47:17,2025-01-11 11:49:04
4267,Tires Bruce-Horne tZ-014,44,1274.01,2019-10-24 13:35:28,2025-08-11 12:41:38
4268,Tires King-Hanna Va-864,44,298.7,2024-02-12 13:52:40,2025-06-02 11:09:27
4269,Tires Clark-Yang fY-164,44,1094.8,2022-12-21 14:55:17,2025-03-14 07:25:26
4270,"Tires Owen, Williams and Benton Ai-306",44,1361.52,2022-07-22 15:46:55,2025-01-06 08:39:04
4271,Tires Sullivan PLC Ze-078,44,157.06,2022-05-25 11:48:35,2025-05-18 17:00:25
4272,Tires Turner LLC El-653,44,1506.07,2023-06-06 18:35:31,2025-03-24 01:40:36
4273,Tires Newman-Mcclain tY-466,44,1109.79,2022-05-30 13:53:54,2025-03-04 11:38:32
4274,Tires Summers-Schmidt xG-196,44,671.78,2021-11-12 12:19:46,2025-04-13 16:28:57
4275,Tires Good and Sons jq-458,44,1009.39,2023-07-20 00:02:53,2025-02-16 13:37:03
4276,"Tires Hayes, Sutton and Dunn TB-362",44,316.34,2020-12-01 12:49:46,2025-08-18 16:43:09
4277,Tires Vaughan-White Sd-599,44,143.79,2021-11-16 23:14:41,2025-06-27 12:20:19
4278,Tires Floyd and Sons OE-957,44,1398.39,2022-08-29 03:37:34,2025-06-26 12:30:55
4279,Tires Malone Ltd bD-959,44,1353.61,2019-05-10 20:49:42,2025-03-10 23:44:40
4280,Tires Parks and Sons eb-612,44,631.83,2024-11-19 14:22:36,2025-04-06 01:46:56
4281,"Tires Thompson, Olson and Harris mE-365",44,536.99,2024-02-21 09:09:48,2025-04-09 06:58:06
4282,Tires Warren-Warner nB-343,44,193.8,2019-10-01 09:00:52,2025-03-06 16:48:23
4283,"Tires Stanley, Hardy and Stewart Ju-925",44,669.95,2019-11-18 02:41:17,2025-01-30 14:51:21
4284,Tires Kane-Gomez WG-020,44,563.61,2023-09-27 05:35:25,2025-07-14 13:55:29
4285,Tires Rodriguez-Yates Ng-925,44,1415.35,2019-04-28 16:39:16,2025-08-22 21:28:43
4286,Tires Werner-Morgan dg-927,44,146.74,2022-10-20 15:53:17,2025-07-14 21:07:19
4287,Tires Ray Group nu-532,44,332.64,2019-05-16 12:21:02,2025-01-20 14:11:31
4288,Tires Wilson PLC yS-094,44,388.41,2023-05-22 14:15:29,2025-06-15 04:41:05
4289,"Tires Rodriguez, Green and Phillips dC-478",44,54.31,2020-10-16 00:51:54,2025-04-15 05:57:50
4290,Tires Davis-Brooks yF-210,44,1193.88,2019-11-22 08:15:48,2025-05-16 13:10:44
4291,Tires Bradford Ltd RQ-715,44,1144.45,2020-07-08 16:13:35,2025-08-27 04:30:01
4292,Tires Solomon PLC nO-082,44,935.76,2022-06-05 09:55:33,2025-02-15 14:12:49
4293,Tires Moore Ltd cS-134,44,1311.79,2020-08-27 22:05:04,2025-08-12 15:21:06
4294,Tires Fuller and Sons VV-232,44,737.71,2022-09-19 12:30:44,2025-06-07 22:46:39
4295,Tires Hill PLC qg-308,44,1093.15,2020-06-30 23:51:28,2025-02-02 01:53:21
4296,Tires Gross-Bender LG-145,44,840.53,2024-05-13 04:55:54,2025-06-14 09:03:49
4297,Tires Huang-Murphy ul-759,44,451.19,2024-02-04 05:16:07,2025-06-24 18:44:26
4298,Tires Lucas-Hart Hf-075,44,1569.22,2022-01-10 22:00:32,2025-05-25 20:12:54
4299,"Tires Pineda, Porter and Watson cT-129",44,819.8,2021-09-26 19:12:37,2025-08-14 05:55:24
4300,Tires Young-Meadows Vz-103,44,408.99,2021-09-15 22:19:17,2025-08-04 16:41:39
4301,Tires Morris-Mills Lu-541,44,855.38,2021-08-04 14:51:25,2025-01-05 01:23:41
4302,"Tires Walker, Phelps and Sanchez xH-605",44,1333.14,2020-06-28 08:16:33,2025-05-08 14:12:15
4303,Tires Leonard-Cox br-908,44,141.82,2022-10-04 13:04:12,2025-08-01 12:53:09
4304,Tires Obrien Ltd uM-943,44,255.9,2021-05-28 01:04:09,2025-03-18 21:37:06
4305,"Tires Sims, Williams and Brown cy-166",44,867.03,2019-01-19 20:46:48,2025-02-20 19:08:34
4306,Tires Arellano-Lewis oz-972,44,1123.83,2022-08-10 01:29:02,2025-01-10 18:48:25
4307,"Tires Sanchez, Myers and Moore sZ-334",44,516.24,2024-06-29 13:09:01,2025-02-05 12:25:22
4308,Tires Cantu and Sons xV-939,44,296.21,2022-09-02 12:21:11,2025-06-08 15:10:44
4309,Tires Ruiz Ltd qG-259,44,1105.19,2021-09-02 00:14:39,2025-08-11 13:29:34
4310,Tires Perez-Fitzgerald bH-251,44,702.02,2023-08-27 10:42:33,2025-07-11 19:56:43
4311,Tires Barker LLC PT-673,44,835.51,2019-09-19 09:11:48,2025-03-21 23:58:45
4312,"Tires Ballard, Case and Lamb hS-206",44,1321.42,2020-08-09 16:44:28,2025-07-28 00:32:21
4313,Tires Gentry Group YI-065,44,1299.88,2021-08-12 11:19:56,2025-05-10 13:47:30
4314,"Tires Baker, Herman and Young HZ-639",44,1529.95,2020-05-16 17:02:46,2025-03-03 10:37:46
4315,Tires Harrison-Heath sn-213,44,701.44,2021-12-21 15:04:55,2025-06-24 10:41:35
4316,"Tires Merritt, Simmons and Mendez lR-718",44,387.98,2020-12-16 02:26:42,2025-01-12 03:17:38
4317,Tires Jarvis and Sons DT-464,44,728.93,2023-06-28 04:04:45,2025-04-03 06:37:59
4318,"Tires Myers, Yu and Logan Vl-608",44,1094.74,2021-06-08 13:55:27,2025-06-16 18:22:16
4319,Tires Reynolds-Cole mV-209,44,131.03,2019-07-15 01:14:48,2025-05-26 13:41:30
4320,Tires Taylor-Morrison oZ-943,44,709.98,2019-12-06 10:15:26,2025-04-26 10:48:58
4321,Tires Perez and Sons sR-397,44,1122.74,2024-05-12 21:48:18,2025-05-22 03:58:03
4322,Tires Smith LLC IT-619,44,324.31,2021-01-15 13:13:18,2025-05-12 17:23:21
4323,Tires Flowers-Jackson mi-877,44,258.46,2024-09-07 14:31:47,2025-07-17 16:01:09
4324,Tires Payne LLC OV-831,44,934.14,2024-07-09 21:47:57,2025-02-26 04:49:11
4325,Tires Patrick Inc Bx-599,44,838.88,2019-03-14 21:48:48,2025-07-19 11:35:20
4326,"Tires Khan, Krueger and Murphy AS-126",44,702.61,2023-05-26 03:56:36,2025-02-02 20:57:54
4327,"Tires Bender, Wilcox and Kennedy yp-432",44,555.81,2019-02-12 15:23:32,2025-05-13 21:04:51
4328,Tires Barker-Davis TV-886,44,512.07,2019-10-11 08:22:06,2025-05-09 00:53:11
4329,Tires Thomas-Lee NP-638,44,1192.19,2022-05-27 10:08:55,2025-02-27 09:38:37
4330,"Tires Costa, Leon and Allen hl-916",44,994.7,2021-12-25 10:55:08,2025-08-17 18:34:12
4331,"Tires Rojas, Avery and Holmes oR-482",44,786.29,2023-05-18 17:44:17,2025-04-13 02:20:50
4332,Tires Hernandez-Adkins jo-101,44,1169.57,2024-10-15 17:03:51,2025-06-05 08:38:36
4333,"Tires Hopkins, Ho and Turner uK-473",44,482.52,2023-12-21 01:12:24,2025-03-10 16:59:10
4334,Tires Carrillo-Wade Fv-817,44,368.6,2023-09-12 14:04:54,2025-06-07 15:34:31
4335,Tires Williams-Jones PS-738,44,1093.3,2019-10-01 12:00:16,2025-05-04 20:51:04
4336,"Tires Hayden, Gregory and Burton ar-907",44,154.96,2019-10-08 17:57:39,2025-04-22 09:50:45
4337,Tires Bishop-Walters xn-801,44,1158.9,2024-05-21 10:34:29,2025-02-06 01:56:07
4338,Tires Cain Inc LH-726,44,593.93,2022-02-23 07:07:56,2025-04-17 02:13:21
4339,Tires Case-Lindsey hE-677,44,1044.76,2021-04-10 13:11:52,2025-05-13 19:46:27
4340,"Tires Dawson, Proctor and Moore SB-120",44,1077.65,2022-05-26 03:57:04,2025-07-12 22:54:18
4341,"Tires Rivera, Downs and Mendoza uY-627",44,473.18,2024-06-25 12:11:22,2025-01-30 10:57:25
4342,Tires Davis Group Kw-365,44,1518.65,2019-02-12 09:30:20,2025-01-09 14:36:20
4343,"Tires Young, Arnold and Steele gs-248",44,1004.69,2024-08-24 18:23:39,2025-01-21 14:53:24
4344,Tires Johnson Ltd hj-871,44,974.24,2023-09-19 15:20:11,2025-04-18 11:10:03
4345,"Tires Rodriguez, Graham and Cox yH-988",44,1526.89,2022-10-26 03:07:30,2025-01-05 03:39:43
4346,Tires Wong-Jones bl-459,44,1037.92,2024-06-01 05:47:08,2025-04-27 14:43:22
4347,"Tires Griffin, Burke and Jackson Pb-935",44,468.58,2022-06-21 11:21:19,2025-07-17 05:28:45
4348,Tires Roberts-Carter Jv-309,44,1174.99,2019-10-30 01:57:12,2025-05-12 19:07:30
4349,Tires Nguyen-Perez af-700,44,663.58,2023-11-16 20:02:48,2025-06-04 02:22:42
4350,Tires Hunt PLC xC-547,44,1133.8,2022-10-14 09:23:16,2025-02-26 06:26:49
4351,Tires Bender PLC mU-765,44,1098.09,2020-11-28 20:50:35,2025-08-29 07:15:04
4352,Tires King PLC Or-146,44,1146.86,2023-11-15 05:06:13,2025-03-23 17:13:13
4353,Tires Cline-Gonzalez ks-027,44,1171.3,2020-08-15 06:39:38,2025-07-01 04:28:37
4354,Tires Reeves-Townsend CV-816,44,1355.71,2019-01-26 06:56:34,2025-05-20 04:01:28
4355,"Tires Armstrong, Gamble and Hicks JR-374",44,581.63,2021-09-12 15:02:14,2025-02-28 02:12:29
4356,Tires Jones-Johnson pQ-693,44,549.98,2019-01-04 00:35:50,2025-07-21 13:24:23
4357,Tires Bishop Group SM-421,44,1428.15,2023-11-21 02:40:36,2025-05-23 20:44:00
4358,Tires Wood-Cain fR-221,44,393.86,2023-01-08 15:21:38,2025-04-26 23:36:17
4359,Tires Mclaughlin-Castro pw-801,44,100.94,2024-05-04 11:24:33,2025-04-05 04:43:27
4360,Tires Gutierrez-Hancock ah-105,44,387.8,2022-06-21 11:35:06,2025-07-01 20:53:29
4361,Tires Jones-Wiggins uv-977,44,660.67,2023-08-05 03:06:52,2025-03-22 08:13:36
4362,Tires Green Group PV-618,44,670.53,2021-01-25 13:56:12,2025-03-05 16:52:04
4363,Tires Thomas PLC UD-524,44,365.94,2024-05-15 10:06:52,2025-07-06 05:13:59
4364,"Tires Petty, Perez and West vW-471",44,314.98,2022-04-18 03:10:10,2025-06-26 21:25:44
4365,"Tires Maynard, Walters and Cruz gn-407",44,1024.11,2019-04-13 22:56:33,2025-01-05 18:54:29
4366,Tires Alexander LLC pv-050,44,261.12,2024-01-08 07:48:45,2025-05-06 15:40:23
4367,"Tires Sweeney, Martin and Flores qR-136",44,798.28,2022-05-03 08:17:59,2025-08-18 06:48:08
4368,"Tires Gomez, Martin and Fernandez fK-417",44,930.33,2020-11-21 03:39:45,2025-02-13 12:00:26
4369,Tires Brown-Bauer NB-987,44,670.96,2020-05-07 08:47:19,2025-02-01 19:12:10
4370,Tires Rogers PLC mg-892,44,694.84,2024-02-01 08:10:57,2025-05-05 15:19:04
4371,Tires Dunlap LLC ZO-360,44,57.48,2020-01-25 09:15:46,2025-05-21 08:40:22
4372,Tires Mueller-Bishop KJ-514,44,1301.75,2023-02-12 01:33:55,2025-06-26 21:54:41
4373,"Tires Cooper, Jarvis and Parker vP-759",44,948.93,2019-10-31 06:17:51,2025-03-19 03:54:06
4374,"Tires Porter, Martinez and Gutierrez WI-234",44,1128.19,2020-02-19 15:39:54,2025-05-05 14:47:53
4375,"Tires Rosales, Kennedy and Chavez GA-030",44,1299.42,2024-09-18 19:24:44,2025-05-29 20:06:13
4376,Tires Branch-Perez bd-257,44,885.84,2020-03-28 06:12:11,2025-01-03 15:57:10
4377,Tires Bell-Love mM-078,44,245.45,2020-06-30 01:43:49,2025-03-18 15:12:56
4378,"Tires Galloway, Thompson and Gonzales Ex-031",44,136.71,2024-10-11 17:38:39,2025-07-29 16:18:25
4379,Tires Palmer LLC gp-817,44,1066.18,2019-06-15 17:26:22,2025-05-25 14:45:35
4380,Tires Norris PLC Vz-867,44,513.2,2019-10-02 01:50:49,2025-08-27 23:56:42
4381,Tires Hunt LLC XG-600,44,617.03,2023-11-16 22:24:10,2025-01-13 15:49:53
4382,Tires Miles-Rubio jS-429,44,123.26,2020-07-15 12:45:25,2025-03-18 20:36:39
4383,Tires Williams-Randolph ft-994,44,175.28,2020-12-16 19:38:12,2025-01-26 19:50:22
4384,"Tires Rodriguez, Romero and Porter Fm-907",44,865.16,2021-01-27 23:55:24,2025-02-20 08:20:37
4385,"Tires Morgan, Merritt and Hernandez gl-731",44,731.17,2022-09-25 19:49:33,2025-04-08 12:24:54
4386,Tires Parrish PLC VB-045,44,1229.14,2019-10-12 04:22:07,2025-07-09 13:21:19
4387,Tires Colon and Sons Ne-181,44,1068.72,2023-09-12 21:32:02,2025-02-26 13:38:33
4388,Tires Parker Inc GR-792,44,1207.45,2020-08-02 12:55:09,2025-03-30 22:53:45
4389,"Tires Wilson, Sweeney and Sullivan nM-744",44,124.64,2022-10-14 12:41:41,2025-02-02 10:02:56
4390,"Tires Walker, Simon and Gutierrez ap-064",44,463.24,2019-02-23 17:47:55,2025-03-08 12:52:04
4391,Tires Jones-Carroll ty-483,44,328.49,2022-01-03 00:23:49,2025-06-29 22:12:01
4392,"Tires Decker, Bell and Leon IG-401",44,1167.29,2024-12-11 03:14:46,2025-05-26 11:10:31
4393,Tires White Inc wh-732,44,1202.9,2022-04-23 09:07:43,2025-05-12 07:22:22
4394,Tires Hughes LLC oc-477,44,503.15,2020-02-23 14:34:14,2025-02-26 14:39:20
4395,Tires Martinez-Patrick Zk-777,44,1076.49,2019-05-24 08:08:15,2025-04-04 18:46:08
4396,Tires Fox LLC Xn-068,44,641.92,2021-12-01 18:37:09,2025-01-14 10:12:35
4397,Tires Fisher PLC EL-763,44,56.18,2021-07-18 23:51:58,2025-06-20 13:49:15
4398,Tires Taylor PLC bx-351,44,624.09,2024-01-19 02:47:04,2025-02-10 08:35:30
4399,"Tires Jarvis, White and Jackson Fq-850",44,1136.86,2022-02-13 06:04:24,2025-06-15 15:30:35
4400,Tires Vargas Inc Ip-877,44,89.66,2024-09-23 12:56:02,2025-04-23 16:49:45
4401,Tires Ortiz-Lee FL-408,44,1409.19,2022-04-01 05:07:26,2025-03-04 04:11:00
4402,Tires Webb-Smith BA-594,44,957.15,2024-02-28 11:47:28,2025-06-30 10:36:44
4403,Tires Yoder PLC yM-105,44,775.05,2021-01-09 13:33:14,2025-06-16 13:39:25
4404,Tires Porter PLC Ug-598,44,615.9,2023-03-10 06:58:10,2025-03-22 17:04:50
4405,"Tires Huffman, Maddox and Jackson hN-871",44,843.11,2019-01-06 10:22:38,2025-05-18 02:01:01
4406,"Tires Washington, Estrada and Smith rk-872",44,222.14,2023-02-02 13:33:54,2025-04-22 22:15:32
4407,"Tires Perez, Ward and Hamilton hN-414",44,971.68,2020-07-01 04:24:57,2025-03-16 20:00:42
4408,"Tires West, Gray and Casey LD-841",44,72.39,2024-09-09 12:29:17,2025-08-06 15:49:02
4409,"Tires Wilson, Nicholson and Bright UL-510",44,624.87,2023-10-27 12:06:42,2025-07-26 03:49:26
4410,"Tires Andrade, Andrade and Day Ix-796",44,398.6,2024-08-22 06:41:04,2025-04-07 21:33:17
4411,Tires Lin-Cox AG-053,44,1372.18,2022-06-13 11:59:28,2025-04-26 18:21:09
4412,"Tires Keith, Bryan and Thomas CX-204",44,1212.06,2020-07-19 16:11:44,2025-02-12 18:38:04
4413,Tires Carlson-Holden LG-006,44,893.63,2020-04-14 00:10:43,2025-06-11 18:48:33
4414,"Tires Snow, Ryan and Franco TP-654",44,392.31,2020-09-14 14:39:35,2025-05-29 06:39:09
4415,"Tires Pena, Moreno and Martin UG-841",44,222.21,2024-11-18 22:30:59,2025-01-24 07:27:44
4416,Tires White PLC LC-809,44,538.15,2019-05-28 08:12:18,2025-08-03 02:37:15
4417,"Tires Brown, Li and Ross kH-272",44,462.39,2019-09-01 10:11:37,2025-07-22 13:41:41
4418,Tires Wilson Ltd QB-005,44,70.71,2023-01-25 21:52:53,2025-07-23 23:07:57
4419,Tires Hall Group ds-052,44,852.63,2024-12-26 14:00:53,2025-02-17 08:37:59
4420,"Tires Little, Mayer and Morales HW-654",44,665.29,2022-03-26 14:48:18,2025-08-24 21:39:07
4421,Tires Smith-Keller fI-113,44,1547.75,2021-03-05 06:05:05,2025-07-09 04:09:32
4422,Tires Gonzales-Ford it-661,44,662.66,2023-09-16 15:34:32,2025-02-26 08:28:49
4423,"Tires Carter, Ross and Williams kr-585",44,1335.05,2019-07-14 20:06:39,2025-07-23 00:24:45
4424,Tires Garcia-Johns Bk-435,44,850.66,2023-05-12 04:20:16,2025-06-14 01:36:52
4425,Tires Kennedy-Morse bT-666,44,1289.13,2021-06-04 21:56:09,2025-08-29 18:53:05
4426,Tires Jordan-Simon Ua-395,44,52.74,2021-11-03 19:24:17,2025-08-19 00:36:03
4427,"Tires Gamble, Rodriguez and Williams Gf-468",44,377.11,2022-02-06 12:34:48,2025-06-12 14:56:42
4428,Tires Lamb Inc al-958,44,649.53,2021-10-09 05:29:04,2025-02-16 10:31:33
4429,"Tires Shepherd, Tucker and Phillips TX-729",44,216.71,2024-06-24 22:22:05,2025-05-07 01:55:45
4430,Tires Anderson-Velazquez DY-159,44,1488.03,2023-05-22 09:24:03,2025-06-29 00:21:33
4431,Tires Lloyd Group gv-983,44,698.73,2020-01-10 01:33:33,2025-06-22 09:56:36
4432,Tires Fitzgerald PLC Pt-731,44,706.65,2024-08-07 18:17:19,2025-03-07 05:31:20
4433,Tires Valentine-Floyd Ji-493,44,190.12,2020-12-19 13:07:36,2025-01-19 00:57:48
4434,"Tires Boyd, Rodriguez and Lopez mw-067",44,176.47,2019-06-11 22:24:32,2025-06-22 22:49:28
4435,"Tires Combs, Gilmore and Oneal cT-934",44,637.59,2019-05-06 14:13:17,2025-06-11 14:20:44
4436,Tires Sanchez-Moore cS-820,44,347.48,2019-07-24 09:15:50,2025-07-04 21:37:08
4437,"Tires Edwards, Hoffman and Forbes hf-760",44,1339.43,2021-07-06 16:59:36,2025-01-19 22:08:32
4438,"Tires Mills, Hernandez and Waller bA-119",44,991.46,2021-08-30 07:06:21,2025-03-12 05:42:14
4439,Tires Hardin Inc Mq-434,44,574.54,2022-06-10 02:58:18,2025-05-10 06:15:07
4440,Tires Cooley Ltd js-904,44,1609.41,2020-08-27 20:17:36,2025-08-06 14:54:56
4441,"Tires Robinson, Ferguson and Stephens vO-397",44,1053.91,2021-01-01 03:39:56,2025-02-09 00:40:58
4442,Tires Rivera-Berry ZS-320,44,1260.34,2024-03-30 06:54:31,2025-08-13 03:49:59
4443,Tires Middleton-Riggs EQ-335,44,611.27,2022-01-10 11:20:56,2025-01-11 15:59:31
4444,Tires Edwards-Olson Nz-779,44,490.89,2021-04-22 14:17:17,2025-07-20 06:52:44
4445,"Tires Howell, Harrison and Johnson Qq-268",44,955.33,2023-08-15 18:30:50,2025-04-16 18:41:07
4446,Tires George-Dyer cu-103,44,398.04,2023-10-15 17:03:22,2025-01-26 14:59:53
4447,Tires Reeves PLC gQ-669,44,377.01,2019-08-22 11:50:25,2025-05-07 07:26:26
4448,Tires Nelson-Rivera gK-077,44,793.23,2024-04-17 03:03:55,2025-01-28 00:21:03
4449,Tires Thompson-Middleton xZ-315,44,320.84,2020-05-19 04:23:02,2025-01-13 11:12:13
4450,"Tires Guerrero, Miller and Cline cm-374",44,440.25,2022-02-15 11:08:50,2025-06-08 16:21:23
4451,"Tires Jones, Sanchez and House Ck-062",44,211.45,2021-08-10 18:21:54,2025-03-02 22:35:09
4452,Tires Ward and Sons qp-010,44,847.61,2023-07-29 01:12:26,2025-02-12 09:28:55
4453,Tires Shaw-Aguilar AK-476,44,1141.26,2022-04-28 19:00:30,2025-08-08 18:18:42
4454,"Tires Webster, Barker and Owens Zs-087",44,1099.88,2020-01-27 20:08:41,2025-05-01 23:03:23
4455,"Tires Jones, Brown and Wang Vw-167",44,473.6,2020-01-25 21:18:17,2025-04-22 14:14:57
4456,Tires Harris and Sons iT-251,44,585.26,2020-05-27 11:48:19,2025-07-30 10:50:30
4457,"Tires Potter, Bennett and Pearson Ns-769",44,277.62,2019-12-31 14:00:41,2025-08-23 01:24:40
4458,Tires Avery PLC qi-114,44,1090.98,2019-02-01 03:37:51,2025-02-05 02:52:08
4459,Tires Garcia-Henson Gx-819,44,1049.73,2022-08-31 19:08:25,2025-01-24 23:31:46
4460,Tires French Inc KF-304,44,1328.67,2020-12-21 20:03:20,2025-06-08 07:10:11
4461,Tires Jackson-Brown yO-114,44,1087.52,2022-05-21 19:55:26,2025-01-31 16:36:13
4462,Tires Davis Ltd Av-905,44,177.4,2019-02-26 06:27:42,2025-04-14 10:14:18
4463,Tires Aguirre-Hutchinson fe-920,44,1400.9,2019-11-16 00:43:25,2025-04-09 06:04:16
4464,Tires Garza-Ward OR-417,44,1146.24,2019-07-25 12:06:33,2025-03-24 03:10:08
4465,Tires Snyder LLC Qj-305,44,285.7,2024-02-05 06:32:43,2025-08-19 04:18:23
4466,Tires Brooks LLC Sc-175,44,1238.9,2022-09-16 06:32:01,2025-08-26 11:04:29
4467,Tires Jordan LLC cq-322,44,568.62,2019-04-22 14:38:46,2025-05-04 01:01:16
4468,Tires Blevins LLC SE-993,44,507.96,2020-09-04 08:05:01,2025-01-03 23:38:30
4469,Tires Davies-Davis GA-421,44,1404.45,2022-09-05 18:12:33,2025-07-14 09:57:40
4470,Tires Smith Ltd es-063,44,1216.62,2024-05-18 05:09:55,2025-02-11 10:16:07
4471,Tires Jensen-Fuller Et-710,44,727.01,2024-10-24 06:05:53,2025-04-12 20:49:26
4472,"Tires Johnson, Cooper and Pierce UH-976",44,1407.15,2023-12-19 06:02:57,2025-01-04 18:33:24
4473,Tires Howard-Walker Fk-614,44,390.61,2021-10-25 05:44:08,2025-02-17 15:39:25
4474,Tires Crawford Group vt-712,44,257.42,2020-01-22 02:01:10,2025-08-16 19:06:40
4475,"Tires Williams, Nelson and Vaughn Tb-506",44,1056.24,2020-03-09 18:51:00,2025-01-18 12:37:09
4476,Tires Young Inc kQ-430,44,499.8,2020-06-25 17:30:27,2025-03-24 02:44:33
4477,"Tires Barajas, Cordova and Perez Wm-144",44,547.44,2023-10-29 06:54:29,2025-02-25 17:29:23
4478,Tires Mcguire-Smith ba-440,44,112.45,2022-06-24 14:27:13,2025-04-29 09:01:57
4479,Tires Shields PLC vT-792,44,491.55,2019-10-25 18:15:11,2025-02-11 22:05:00
4480,"Tires Hernandez, Spencer and Harris rI-677",44,1076.52,2023-03-06 21:05:02,2025-02-21 06:02:53
4481,Tires Mccoy LLC rt-834,44,1010.34,2024-01-14 10:32:07,2025-07-17 10:23:32
4482,"Tires Butler, Walsh and Todd tW-956",44,283.97,2024-10-31 03:34:27,2025-06-17 18:15:31
4483,"Tires Henderson, Li and Caldwell DT-111",44,545.95,2020-11-06 13:26:07,2025-03-24 04:01:12
4484,Tires Acosta Group BG-319,44,1287.1,2023-05-22 22:42:02,2025-05-04 12:18:50
4485,Tires Washington Inc QO-108,44,159.72,2021-02-04 07:50:20,2025-08-30 05:59:58
4486,"Tires Ryan, Barker and Powers yF-627",44,818.05,2023-01-29 01:11:14,2025-01-26 02:59:15
4487,Tires Woodward-Evans sz-000,44,422.15,2024-07-25 08:19:59,2025-07-12 12:28:57
4488,Tires Aguirre-Parker JM-299,44,1227.71,2022-12-01 00:41:45,2025-06-11 08:31:10
4489,"Tires Jensen, Murillo and Jenkins rK-930",44,249.41,2024-01-20 11:08:05,2025-02-01 14:39:21
4490,Tires Santiago-Mendez cr-193,44,1186.51,2022-08-15 01:04:25,2025-06-30 11:46:34
4491,Tires Smith-Matthews Rz-838,44,876.38,2019-03-11 11:36:53,2025-04-14 08:01:00
4492,Tires Smith PLC zI-476,44,1083.87,2024-07-29 22:10:34,2025-06-13 15:26:39
4493,Tires Hamilton Ltd nB-600,44,524.93,2022-08-08 01:14:55,2025-08-11 09:53:11
4494,Tires Rodriguez Inc br-495,44,67.53,2024-07-12 07:25:25,2025-06-29 20:57:07
4495,Tires Valdez-Wilkinson qY-339,44,694.29,2024-05-30 07:21:10,2025-06-14 10:21:47
4496,Tires Murphy-Waters HT-884,44,515.87,2023-05-05 14:28:40,2025-06-06 03:35:45
4497,"Tires Gallegos, Mann and Fox Sb-428",44,677.55,2024-09-25 13:30:23,2025-02-19 11:36:10
4498,"Tires Carter, Smith and Holloway Ar-240",44,1084.44,2020-01-24 07:48:40,2025-06-03 23:54:18
4499,"Tires Young, Dodson and Green jd-251",44,997.56,2024-10-13 06:36:13,2025-07-23 22:57:19
4500,Tires Dunn Ltd rn-083,44,1336.94,2022-03-01 20:35:01,2025-05-22 00:15:06
4501,Tires Lee-Smith BS-203,44,390.98,2024-11-28 00:08:04,2025-05-16 12:08:05
4502,Tires Baker-Payne co-490,44,604.9,2019-04-17 02:03:04,2025-01-17 08:32:12
4503,"Tires Flores, Yates and Hicks RR-686",44,1395.8,2019-05-05 13:46:18,2025-05-07 04:51:05
4504,Tires Holland-Fernandez gA-050,44,210.19,2022-06-17 00:37:41,2025-04-14 21:06:23
4505,Tires Berg LLC rY-000,44,1376.53,2019-04-10 01:25:37,2025-04-03 02:43:08
4506,Tires Salazar-Pearson iS-914,44,1044.37,2021-03-28 14:04:52,2025-06-13 13:59:57
4507,"Tires Stewart, Hicks and Barnett eG-623",44,762.43,2019-03-02 07:42:47,2025-03-18 19:30:13
4508,"Tires Woods, Escobar and Morris NB-382",44,759.21,2020-10-04 16:39:23,2025-07-25 07:23:43
4509,Tires Mason-Fritz aT-436,44,1061.6,2024-02-18 01:31:17,2025-06-26 15:49:39
4510,Tires King-Jordan aB-846,44,467.45,2022-07-12 07:26:34,2025-08-16 17:09:01
4511,"Tires Gonzalez, Buchanan and Brown ET-906",44,904.91,2021-12-26 02:19:19,2025-04-28 17:35:39
4512,"Tires Haynes, Cooper and Pittman ti-526",44,1065.39,2019-09-02 22:30:46,2025-05-30 04:46:34
4513,Tires Mayo-Alexander WE-085,44,1176.12,2020-01-14 02:22:27,2025-02-20 03:23:09
4514,Tires Saunders Inc mB-528,44,360.38,2021-07-21 06:06:59,2025-07-28 12:04:49
4515,"Tires Hall, Ortiz and Ashley EZ-854",44,174.12,2021-06-16 22:07:01,2025-03-20 09:30:48
4516,Tires Butler-Bell hN-660,44,1538.12,2023-06-15 22:57:16,2025-03-25 15:04:11
4517,Tires Nelson LLC Oy-807,44,1305.32,2021-04-03 09:23:52,2025-08-14 08:15:21
4518,Tires Boyd Inc ps-917,44,876.02,2021-08-22 14:23:36,2025-06-13 01:57:40
4519,"Tires Clark, Davis and Greene ci-010",44,1442.92,2019-10-12 13:15:38,2025-03-19 21:00:39
4520,"Tires Lambert, Campbell and Patel Rm-478",44,219.62,2024-04-23 23:27:22,2025-03-30 06:49:51
4521,"Tires Forbes, Young and Jones zU-827",44,688.01,2019-10-26 12:55:21,2025-06-19 14:41:57
4522,Tires Burke-Martin JY-790,44,997.22,2022-11-28 08:42:42,2025-03-24 09:13:59
4523,Tires Garrison LLC yr-867,44,444.8,2019-08-03 14:02:25,2025-05-07 13:50:15
4524,Tires Bolton LLC Uc-781,44,208.45,2022-08-27 18:22:04,2025-07-04 08:13:00
4525,"Tires Gonzales, Morse and Williamson hU-199",44,696.03,2022-04-10 22:46:12,2025-04-15 10:48:31
4526,Tires Stevenson Inc mc-557,44,684.39,2023-12-04 12:31:25,2025-07-07 16:57:06
4527,Tires Gibbs-Price pm-751,44,874.68,2019-03-27 05:59:30,2025-04-09 07:46:12
4528,Tires Wyatt-Owens cz-814,44,519.55,2020-07-10 10:35:02,2025-08-02 04:50:26
4529,Tires Jones PLC Cb-291,44,841.12,2021-03-01 23:00:06,2025-07-21 20:15:18
4530,Tires Turner-Hess Pu-727,44,72.53,2022-03-14 01:56:00,2025-05-07 21:32:05
4531,Tires Zavala-Mccarthy EO-975,44,1399.91,2023-05-17 02:10:21,2025-08-03 09:38:24
4532,Tires Martinez-Hernandez KJ-425,44,122.05,2021-04-09 06:16:01,2025-06-07 04:55:39
4533,Tires Rodriguez LLC Gs-154,44,1384.89,2019-12-30 17:43:30,2025-04-15 00:53:06
4534,"Tires Hardy, Woods and Mclean fM-302",44,1045.33,2020-02-08 23:39:12,2025-03-11 04:29:44
4535,Tires Barnes-Powers WB-628,44,1032.52,2022-06-27 02:18:35,2025-04-27 08:06:08
4536,Tires Lane-Harris Ux-507,44,417.74,2023-03-19 20:11:57,2025-05-27 05:01:25
4537,Tires Dillon Ltd gH-822,44,390.22,2024-06-19 19:31:48,2025-03-25 22:15:49
4538,"Tires Duran, Perez and Williams YC-858",44,1312.46,2021-01-26 06:18:28,2025-02-22 11:55:50
4539,"Tires Cortez, Page and Taylor jr-129",44,1049.04,2022-08-29 22:19:28,2025-06-14 08:43:29
4540,"Tires King, Burton and Gilbert nP-999",44,1035.28,2019-06-06 19:20:27,2025-05-17 19:57:52
4541,Tires Mccarthy-Bishop Fh-487,44,852.16,2019-08-07 16:20:54,2025-08-16 04:34:27
4542,Tires Cox Inc vL-196,44,61.49,2021-12-28 15:44:35,2025-05-04 04:54:38
4543,Tires Ward-Lee EQ-242,44,352.04,2024-02-03 15:38:12,2025-08-15 16:59:40
4544,Tires Zavala and Sons KL-681,44,615.32,2024-08-07 12:26:32,2025-08-07 21:41:40
4545,Tires Clark-Fleming oT-159,44,1369.14,2020-01-29 08:39:51,2025-03-25 15:14:55
4546,Tires Pearson PLC wQ-464,44,305.15,2020-11-28 19:43:44,2025-04-25 21:35:18
4547,"Tires Freeman, Wilson and Hernandez PM-474",44,309.09,2021-04-30 19:25:43,2025-03-16 23:51:58
4548,Tires Johnson-Malone oA-096,44,967.08,2019-05-20 23:22:17,2025-01-04 00:39:50
4549,Tires Dawson Ltd vU-750,44,571.02,2022-03-21 14:03:38,2025-04-03 17:43:02
4550,Tires Byrd LLC lA-655,44,310.26,2019-04-05 12:14:06,2025-05-29 16:26:45
4551,Tires Ortega-Thomas xb-072,44,519.55,2024-03-09 12:57:18,2025-06-09 10:52:03
4552,Tires Mathews and Sons nt-873,44,328.42,2019-10-23 07:01:26,2025-04-22 00:57:00
4553,Tires Green-Herman wQ-572,44,1284.04,2019-06-05 04:54:59,2025-01-28 05:55:30
4554,Tires Logan-Parker uF-734,44,340.15,2020-03-18 16:50:43,2025-05-02 23:37:46
4555,Tires Williams Ltd Id-358,44,583.62,2021-07-20 06:01:30,2025-06-27 22:00:11
4556,Tires Garcia-Perry gk-902,44,1223.37,2020-02-19 00:51:46,2025-07-12 17:43:18
4557,Tires Alvarez-Medina PK-278,44,1111.79,2020-06-19 17:39:58,2025-05-16 09:04:50
4558,Tires Conley-Little Bb-937,44,826.9,2021-05-24 00:50:13,2025-02-13 19:10:55
4559,Tires Whitney-Phillips Na-790,44,1046.96,2021-04-01 03:57:32,2025-07-28 08:48:17
4560,Tires Bell-Wright ij-735,44,350.73,2024-12-22 01:34:02,2025-06-10 14:24:54
4561,Tires Palmer and Sons rP-224,44,847.58,2022-11-07 00:14:12,2025-08-18 16:35:50
4562,Tires Harris-Ayers iI-430,44,819.22,2020-05-29 12:56:11,2025-06-30 22:32:40
4563,Tires Hansen and Sons sX-905,44,337.42,2021-02-23 22:04:00,2025-07-19 17:46:18
4564,Tires Contreras PLC IP-767,44,1069.44,2023-08-30 20:30:36,2025-05-11 18:44:13
4565,"Tires Stevens, Warren and Maldonado QQ-069",44,887.05,2024-10-09 20:04:49,2025-01-07 08:17:26
4566,Tires Goodman PLC DZ-057,44,173.52,2021-07-20 06:57:58,2025-06-22 03:04:38
4567,Tires Robbins-Vance dw-413,44,1038.02,2019-03-21 00:03:20,2025-05-02 06:57:37
4568,"Tires Perez, Gray and Lee ro-741",44,1080.14,2021-12-02 08:20:50,2025-05-03 23:19:57
4569,"Tires Cooper, Frost and Jackson ps-048",44,395.56,2021-12-30 01:38:32,2025-04-23 09:43:48
4570,Tires Coffey Ltd pE-389,44,1512.6,2021-03-31 07:58:28,2025-01-13 07:06:48
4571,Tires Richard Inc qf-102,44,112.33,2021-03-12 02:49:48,2025-08-18 02:38:54
4572,Tires Brown-Duncan vP-638,44,1186.09,2020-06-26 09:21:39,2025-04-02 05:19:56
4573,Tires Nash Inc ya-471,44,404.84,2024-05-09 04:38:28,2025-03-20 11:39:12
4574,Tires Mason LLC fI-691,44,570.61,2023-05-08 12:43:38,2025-05-17 17:30:08
4575,Tires Melendez-Wong UC-881,44,864.66,2022-05-02 04:48:13,2025-01-14 04:45:48
4576,Tires Woods Group rK-694,44,884.41,2020-07-24 18:14:27,2025-01-09 21:18:56
4577,Tires Lopez-Robinson mZ-820,44,1357.33,2023-01-06 16:17:46,2025-07-19 19:04:50
4578,Tires Hunt-Morales UI-188,44,741.34,2019-12-22 05:31:36,2025-01-10 17:51:49
4579,"Tires Walter, Stephens and Stafford SL-787",44,383.1,2020-05-05 22:02:27,2025-08-27 15:10:13
4580,Tires Jordan-Roach lK-449,44,1218.69,2022-07-25 14:28:36,2025-05-13 03:31:48
4581,"Tires Patel, Garcia and Martin tS-445",44,1500.87,2024-08-26 20:33:49,2025-07-28 03:07:03
4582,Tires Wolfe PLC Zg-085,44,414.66,2024-07-09 13:17:35,2025-01-25 17:26:55
4583,Tires Martinez-Hamilton GK-843,44,152.21,2021-03-10 13:06:06,2025-08-02 03:32:25
4584,Tires Moore Group QC-838,44,1110.3,2024-07-27 20:01:04,2025-07-16 01:01:57
4585,Tires Jones-Gould IQ-860,44,770.06,2021-11-04 18:37:03,2025-01-31 22:24:54
4586,Tires Kelley-Strong Qi-010,44,262.34,2020-05-01 13:12:17,2025-02-07 15:16:45
4587,Tires Mcdonald-Wheeler aM-846,44,994.14,2020-12-26 16:44:41,2025-03-28 16:53:54
4588,Tires Murphy Ltd ke-338,44,913.48,2020-02-25 14:06:46,2025-04-04 13:38:16
4589,Tires Fleming PLC LU-572,44,746.24,2020-04-11 04:35:04,2025-05-02 08:37:31
4590,Tires Oneill-Huang Jg-891,44,1431.34,2020-09-06 21:37:21,2025-07-12 12:13:25
4591,Tires Moss Group WW-568,44,410.72,2019-01-14 03:05:55,2025-08-19 06:59:44
4592,Tires Taylor-Lopez OE-041,44,232.88,2019-05-28 03:17:41,2025-05-27 09:43:35
4593,Tires Walsh-Price Hq-002,44,198.59,2019-09-13 23:40:29,2025-03-25 16:54:07
4594,"Tires Valdez, Wood and Gross WU-254",44,232.63,2024-04-07 22:33:40,2025-01-25 07:42:21
4595,Tires Dawson LLC LO-471,44,760.91,2024-10-08 00:39:26,2025-02-28 09:21:40
4596,Tires Hinton Group sI-605,44,722.78,2019-10-18 23:05:37,2025-04-16 13:49:15
4597,Tires Mckee PLC Na-024,44,1193.57,2020-04-30 15:21:06,2025-03-10 04:51:55
4598,"Tires Welch, York and Davis uh-670",44,1368.49,2019-12-11 16:03:02,2025-08-16 05:36:37
4599,"Tires Sparks, Casey and Daniel gO-725",44,660.44,2022-04-05 09:35:05,2025-04-16 18:25:26
4600,"Tires White, Smith and Haley cG-655",44,701.07,2022-08-10 10:41:38,2025-07-31 12:08:57
4601,Tires Ellis-Brown aN-362,44,194.81,2020-09-26 01:08:23,2025-01-27 19:58:46
4602,Tires Downs-Spencer Fd-101,44,506.69,2019-06-10 08:40:08,2025-04-23 21:43:48
4603,Tires White-Morris fz-034,44,241.33,2024-04-16 01:58:36,2025-07-11 20:48:03
4604,"Tires Ramsey, Anthony and Marsh CW-970",44,1163.42,2021-09-03 02:52:39,2025-05-24 08:12:06
4605,"Tires Hughes, Anderson and Harper PJ-410",44,1135.34,2021-05-19 11:37:10,2025-05-21 19:21:51
4606,Tires Mcneil PLC pl-207,44,486.56,2024-11-19 08:51:52,2025-08-03 11:05:24
4607,Tires Butler Inc iq-824,44,859.47,2020-02-23 23:03:43,2025-04-26 04:34:52
4608,Tires Beard LLC XV-340,44,986.59,2021-06-06 16:40:32,2025-03-02 01:31:27
4609,"Tires Stone, Crawford and Jackson xa-138",44,816.57,2020-02-06 14:02:50,2025-05-04 17:33:01
4610,Tires Haynes Ltd wv-047,44,86.06,2021-11-15 11:44:26,2025-08-29 09:16:52
4611,Tires Harrison Ltd aT-290,44,1273.12,2024-08-14 04:00:25,2025-03-19 08:30:07
4612,Tires Christensen-Pratt rA-193,44,330.47,2021-01-30 04:04:11,2025-07-05 09:47:52
4613,Tires Adams LLC GB-492,44,663.61,2020-05-27 05:53:00,2025-01-07 02:58:38
4614,"Tires Jimenez, Thomas and Morales gO-448",44,892.7,2023-02-11 07:43:29,2025-01-03 13:18:32
4615,Tires Perez Group zB-136,44,67.18,2021-08-26 10:14:03,2025-05-06 14:09:16
4616,Tires Hernandez-Garza Ee-716,44,1289.45,2022-03-04 05:16:50,2025-08-08 10:51:06
4617,"Tires Santana, Williams and Davis Ev-701",44,1426.91,2019-04-30 20:33:53,2025-01-01 19:19:25
4618,Tires Hawkins-Jones ZB-523,44,214.13,2019-06-13 19:59:16,2025-02-04 08:16:38
4619,Tires Moore Group ZD-975,44,1017.86,2020-10-01 06:01:47,2025-05-15 06:59:01
4620,"Tires Clements, Livingston and Gonzalez PL-348",44,217.28,2023-04-24 06:51:41,2025-08-02 18:44:29
4621,Tires Perkins-Patel ML-498,44,1443.63,2023-09-15 06:31:44,2025-06-02 20:31:43
4622,Tires Johnson-Nunez oZ-054,44,222.9,2021-07-02 19:28:42,2025-04-01 03:32:48
4623,Tires White PLC mz-573,44,181.61,2024-10-23 02:27:23,2025-04-09 18:38:14
4624,"Tires Green, Morton and Hopkins zC-058",44,722.93,2021-06-16 22:51:58,2025-06-28 08:03:06
4625,"Tires Townsend, Pitts and Hudson XK-050",44,1159.69,2022-07-15 00:29:21,2025-02-09 09:06:21
4626,Tires Mitchell Inc ky-950,44,1117.51,2020-11-29 07:14:06,2025-06-15 03:30:14
4627,"Tires Ward, Brooks and Richards Rc-264",44,614.37,2024-10-25 07:30:34,2025-04-04 06:07:54
4628,"Tires Duran, Beard and Adams iJ-644",44,1117.58,2019-01-24 16:17:56,2025-02-24 10:23:42
4629,Tires Dickson-Robles ZJ-788,44,150.61,2022-01-27 14:27:03,2025-02-03 14:41:13
4630,Tires Robinson-Cisneros fK-723,44,473.71,2023-08-25 01:26:49,2025-07-08 08:27:47
4631,Tires Ferrell LLC KJ-386,44,324.39,2020-06-11 22:01:27,2025-01-04 07:22:54
4632,"Tires White, Murray and Miller Zq-267",44,396.45,2021-01-02 00:56:22,2025-07-06 09:38:29
4633,Tires Barnes Ltd kn-415,44,432.34,2021-05-20 00:40:52,2025-03-27 02:49:04
4634,"Tires Raymond, Wiggins and Hoffman iD-967",44,731.64,2022-01-16 15:39:38,2025-01-14 16:39:26
4635,Tires Smith-Scott Qd-870,44,1198.14,2022-11-08 19:21:21,2025-01-25 15:58:12
4636,"Tires Harris, Morris and Martin lS-033",44,1352.94,2023-09-30 21:32:44,2025-02-27 06:31:12
4637,Tires Williams LLC fJ-363,44,780.71,2022-07-06 07:30:33,2025-01-12 08:35:26
4638,Tires Jarvis PLC HH-150,44,1369.42,2020-01-11 08:48:16,2025-05-30 18:26:20
4639,Tires Nelson-Wilson nG-117,44,662.44,2020-01-09 05:32:23,2025-01-12 02:04:28
4640,"Tires Medina, Johnson and Harrington xL-998",44,76.83,2024-07-28 22:52:49,2025-08-17 05:23:19
4641,Tires Stephens-Miller vI-012,44,232.37,2020-01-31 22:40:15,2025-08-05 06:05:29
4642,Tires Flores LLC oy-909,44,1069.51,2023-03-05 14:57:16,2025-02-13 07:04:30
4643,Cookware Escobar-Hill DA-213,46,57.97,2024-06-15 15:56:09,2025-08-21 01:23:22
4644,Cookware Carter-Martin if-868,46,252.07,2021-10-09 19:53:25,2025-07-16 14:22:17
4645,"Cookware Hunter, Monroe and Roach ho-130",46,245.59,2021-07-01 18:19:53,2025-01-19 00:22:59
4646,Cookware Johnson and Sons GA-620,46,360.33,2022-06-04 10:44:34,2025-03-07 03:38:43
4647,"Cookware Ramirez, Kemp and Hawkins Dk-277",46,161.15,2019-10-01 08:28:49,2025-05-20 21:20:19
4648,Cookware Nicholson-Payne RV-341,46,130.79,2022-07-17 12:59:25,2025-07-26 14:08:32
4649,Cookware Hendrix-Smith JT-463,46,389.58,2020-07-17 05:47:41,2025-08-12 18:08:56
4650,Cookware Gonzalez-Allen wL-946,46,320.4,2020-10-13 08:22:17,2025-04-15 15:27:09
4651,Cookware Bowers-Lee fO-624,46,306.77,2019-03-09 17:11:28,2025-08-01 18:04:03
4652,Cookware Chung PLC NX-148,46,295.51,2023-11-09 07:09:31,2025-06-28 10:39:51
4653,Cookware Wallace and Sons rs-917,46,209.84,2021-02-09 11:35:16,2025-03-13 03:20:39
4654,"Cookware Blackburn, Vance and Allen ZD-072",46,350.6,2022-05-08 20:29:42,2025-08-09 00:58:49
4655,"Cookware Wagner, Flynn and White yi-285",46,330.42,2019-12-25 02:33:42,2025-08-23 02:24:06
4656,Cookware Robinson PLC hM-804,46,63.38,2020-07-11 04:30:55,2025-08-21 10:31:16
4657,"Cookware Jones, Parker and Torres jp-932",46,229.86,2022-07-23 22:05:55,2025-07-24 17:39:16
4658,Cookware Garcia-Torres ft-463,46,298.42,2020-09-25 08:51:42,2025-07-21 19:56:43
4659,"Cookware Gonzales, Reynolds and Lawson Ku-009",46,376.19,2020-08-15 12:25:22,2025-07-07 01:24:29
4660,Cookware Williamson-Campbell RH-727,46,59.42,2021-05-06 05:44:04,2025-03-26 12:16:33
4661,Cookware Shields-Harris Ma-062,46,364.36,2022-03-24 05:37:10,2025-05-16 01:22:51
4662,"Cookware Jones, Fox and Macdonald fZ-614",46,195.07,2019-11-19 08:37:40,2025-01-08 00:06:44
4663,Cookware Rogers-Mclaughlin oz-052,46,162.17,2023-03-01 08:48:05,2025-06-26 18:36:13
4664,Cookware Garcia-Jones VK-921,46,154.72,2022-05-08 08:05:17,2025-02-01 09:37:26
4665,Cookware Stevens-Patel fx-649,46,20.42,2021-11-19 23:13:44,2025-05-02 04:36:12
4666,Cookware Peterson Group Gf-007,46,239.47,2022-02-10 03:16:37,2025-07-31 08:09:12
4667,Cookware Eaton-Cruz jY-091,46,315.52,2023-04-16 10:59:57,2025-06-30 02:23:11
4668,Cookware Bennett Ltd xy-339,46,244.42,2021-12-14 01:15:43,2025-05-21 06:13:16
4669,Cookware Atkinson LLC pq-106,46,78.71,2023-03-01 11:51:26,2025-03-30 06:33:52
4670,Cookware Castro-Page lA-804,46,365.31,2020-07-06 06:19:57,2025-05-29 08:42:30
4671,Cookware Hamilton Inc dv-213,46,80.32,2019-06-11 23:01:59,2025-01-30 05:15:30
4672,Cookware Gomez Inc HR-975,46,372.63,2021-01-27 09:16:41,2025-01-18 10:46:29
4673,Cookware Schmidt-Cardenas Ad-351,46,47.68,2021-10-07 18:57:09,2025-01-10 02:37:21
4674,Cookware Padilla and Sons fC-937,46,381.58,2023-10-16 12:43:18,2025-01-28 05:39:46
4675,Cookware Phillips and Sons bv-945,46,71.05,2022-08-08 14:45:56,2025-04-28 22:28:57
4676,Cookware Patterson Inc cP-232,46,112.68,2024-09-30 00:03:23,2025-03-25 16:58:22
4677,Cookware Conner LLC gl-813,46,202.45,2020-12-07 23:29:16,2025-01-01 23:39:01
4678,Cookware Brown-Gonzalez tJ-039,46,132.83,2020-09-22 02:05:34,2025-07-27 05:18:50
4679,Cookware Curry Ltd QB-522,46,313.96,2019-04-17 22:41:23,2025-04-23 07:14:54
4680,Cookware Wright-Ortiz JR-799,46,25.9,2024-06-22 12:07:43,2025-02-08 20:21:42
4681,Cookware Jones-Thomas QF-466,46,166.63,2020-10-20 18:17:14,2025-07-27 00:34:53
4682,"Cookware Robinson, Anderson and Smith DA-879",46,180.5,2022-07-26 19:09:46,2025-01-11 11:39:16
4683,"Cookware Kent, Velasquez and Bean Xg-232",46,272.76,2023-03-24 20:38:58,2025-07-10 10:39:47
4684,"Cookware Parker, Schroeder and Jones qs-458",46,73.85,2023-03-14 22:31:42,2025-07-20 12:46:22
4685,Cookware Gutierrez-Briggs jr-665,46,427.02,2021-03-16 21:51:19,2025-06-15 01:58:23
4686,Cookware Fisher-Sanders Gs-422,46,87.73,2021-11-12 22:37:52,2025-01-27 05:26:52
4687,Cookware Nguyen-White JT-061,46,49.16,2023-06-07 06:23:53,2025-08-28 15:57:57
4688,"Cookware Baker, Mcgee and Williamson Fn-378",46,220.86,2023-01-14 14:40:02,2025-07-23 22:00:23
4689,"Cookware Jones, Wilson and Green nG-848",46,173.9,2023-05-20 21:49:23,2025-05-16 09:26:44
4690,"Cookware Mitchell, Lang and Osborne KO-416",46,38.37,2024-10-17 23:30:25,2025-03-02 03:57:57
4691,"Cookware Nichols, Deleon and Hicks rg-165",46,50.84,2021-11-23 00:39:06,2025-07-26 02:34:07
4692,Cookware Perez-Baker eV-118,46,255.69,2019-01-28 07:08:59,2025-06-08 01:23:36
4693,"Cookware Hall, Gardner and Crawford lX-445",46,156.81,2024-10-08 00:44:38,2025-06-21 09:53:39
4694,Cookware Stout and Sons rW-565,46,249.5,2023-11-17 04:44:17,2025-01-09 19:11:44
4695,Cookware Diaz-Roberts xk-504,46,392.64,2020-05-31 18:44:38,2025-02-02 09:07:36
4696,Cookware Young-Tucker yA-320,46,235.37,2023-12-06 20:22:54,2025-02-14 19:33:00
4697,Cookware Knight-Walsh uz-212,46,410.2,2019-02-26 01:32:12,2025-05-17 18:36:56
4698,Cookware Brown-Smith VM-667,46,373.26,2021-07-26 05:44:49,2025-01-07 03:45:40
4699,Cookware Simpson-Andrews BD-527,46,426.68,2021-01-03 11:05:19,2025-06-06 09:08:00
4700,"Cookware Ramirez, Williams and Montoya pP-176",46,150.32,2023-02-21 23:19:56,2025-06-19 17:08:36
4701,Cookware Webb Inc Ws-810,46,92.14,2020-01-27 09:02:00,2025-02-08 02:05:43
4702,"Cookware Velasquez, Wheeler and Mcdaniel bx-002",46,137.09,2019-02-23 09:56:46,2025-01-30 12:35:52
4703,"Cookware Kemp, Lopez and Lewis ve-484",46,350.01,2022-06-16 21:59:59,2025-05-29 02:05:10
4704,"Cookware Moyer, Lamb and Rose xk-909",46,178.06,2023-10-16 06:10:24,2025-08-08 12:44:33
4705,Cookware Murray PLC RU-138,46,207.29,2023-05-02 00:26:20,2025-07-05 18:22:04
4706,Cookware Carter-Bennett FS-131,46,144.89,2019-05-21 11:45:33,2025-06-15 17:08:39
4707,"Cookware Hunter, Hall and Williams IL-013",46,290.18,2020-07-19 01:34:14,2025-03-18 01:11:44
4708,"Cookware Ewing, Elliott and Cross kk-110",46,207.95,2021-03-31 20:56:07,2025-07-19 05:13:43
4709,Cookware Bailey-Lee yp-910,46,302.46,2024-12-30 11:34:02,2025-04-29 01:46:33
4710,Cookware Smith Ltd yf-480,46,330.59,2023-03-02 02:37:18,2025-04-30 05:32:02
4711,Cookware Williams-Coffey EI-702,46,325.43,2020-07-02 03:08:06,2025-04-07 06:32:35
4712,Cookware Anderson-Ortiz Ny-923,46,87.24,2024-03-05 11:04:49,2025-07-13 09:12:58
4713,Cookware Lin Group pn-445,46,90.76,2021-04-23 21:48:21,2025-02-03 03:16:32
4714,Cookware Jones-Lewis DG-278,46,327.84,2024-04-20 18:43:37,2025-06-24 17:39:23
4715,Cookware Velez Group JZ-595,46,109.76,2019-09-01 10:51:07,2025-08-07 17:36:34
4716,Cookware Hansen PLC Qz-237,46,245.12,2022-07-16 17:06:39,2025-03-02 14:16:46
4717,"Cookware Williams, Davis and Mann nW-726",46,96.17,2022-01-10 14:07:45,2025-06-06 22:37:23
4718,Cookware Vaughan-Miles hF-934,46,89.69,2022-12-03 18:14:01,2025-06-03 21:44:01
4719,"Cookware Graves, Bennett and Austin Ph-159",46,141.61,2023-08-09 05:37:55,2025-07-26 17:16:28
4720,Cookware Peck LLC kr-157,46,362.49,2021-10-07 01:07:21,2025-07-28 21:01:42
4721,"Cookware Torres, Murphy and Griffith kG-814",46,339.91,2020-12-18 21:36:39,2025-08-25 19:38:50
4722,"Cookware Holland, Martin and Archer Cp-849",46,147.72,2021-02-10 23:11:30,2025-04-28 06:33:57
4723,Cookware Williams Ltd yH-655,46,31.02,2020-10-27 14:29:57,2025-04-19 06:08:12
4724,"Cookware Taylor, Ballard and Chen KN-800",46,147.52,2024-08-27 09:27:42,2025-01-03 09:10:45
4725,Cookware Howard Group DX-056,46,30.83,2024-03-25 07:17:39,2025-04-17 12:06:58
4726,Cookware Henderson LLC Dq-102,46,329.58,2022-04-22 13:44:20,2025-08-14 17:03:25
4727,Cookware Martinez LLC Qs-983,46,359.06,2024-07-27 02:50:28,2025-03-23 14:56:03
4728,Cookware Green-Jones bd-410,46,347.19,2021-01-20 19:02:13,2025-02-28 11:20:06
4729,"Cookware Baird, Strickland and Ramirez bN-839",46,136.52,2023-10-19 14:57:05,2025-03-01 16:14:31
4730,Cookware Medina Group Fj-144,46,391.2,2023-06-15 15:59:38,2025-05-15 10:42:13
4731,Cookware Palmer PLC yf-294,46,204.05,2019-08-10 10:46:30,2025-04-14 18:26:27
4732,Cookware Riley-Rios FL-077,46,357.01,2019-08-13 14:05:13,2025-02-15 19:28:29
4733,"Cookware Fox, Massey and Dixon UR-349",46,104.73,2019-04-26 14:42:51,2025-01-04 20:29:24
4734,Cookware Carroll Inc qX-638,46,341.79,2023-08-05 07:19:43,2025-06-23 00:56:18
4735,"Cookware Newman, Montes and Marquez pw-598",46,320.87,2020-06-03 17:46:33,2025-02-23 09:01:59
4736,"Cookware Hodges, Howell and Mccarty Km-344",46,34.58,2020-08-31 02:32:34,2025-01-23 00:54:49
4737,Cookware Peterson PLC pS-867,46,217.18,2020-12-29 15:04:19,2025-03-22 18:25:38
4738,Cookware Owens and Sons fq-609,46,220.88,2023-03-13 08:36:57,2025-06-23 01:37:46
4739,Cookware Gonzalez PLC Iw-293,46,304.23,2019-04-11 13:40:38,2025-06-17 08:22:10
4740,Cookware Edwards-Nelson Ek-699,46,370.58,2020-10-14 22:09:33,2025-07-04 12:43:37
4741,Cookware Khan and Sons AU-746,46,57.98,2019-05-08 01:14:49,2025-06-27 17:18:58
4742,"Cookware Ray, Gonzalez and King Xr-779",46,192.76,2020-06-10 14:35:29,2025-08-04 04:27:54
4743,Cookware Ortiz-Young Rf-397,46,297.69,2023-11-24 21:08:55,2025-02-08 08:41:36
4744,Cookware Vaughn PLC Xq-435,46,315.77,2023-02-23 15:18:26,2025-01-25 04:45:43
4745,"Cookware Lindsey, Torres and Hughes vf-869",46,235.75,2024-05-09 17:38:26,2025-02-21 11:20:12
4746,Cookware Wagner-Simpson fl-715,46,310.77,2024-06-19 16:34:13,2025-03-27 05:14:50
4747,Cookware Moreno and Sons jU-786,46,181.16,2022-11-04 03:35:58,2025-02-02 10:58:20
4748,Cookware Stewart-Ruiz NB-393,46,334.15,2021-04-25 19:30:37,2025-01-05 10:41:11
4749,Cookware Lin PLC vO-220,46,277.21,2022-11-07 02:15:11,2025-03-06 04:03:09
4750,Cookware Anderson-Smith eg-458,46,233.99,2019-07-05 03:17:49,2025-06-19 13:31:46
4751,Cookware Sanchez-Palmer jH-741,46,342.74,2022-06-13 00:47:14,2025-03-24 17:38:38
4752,Cookware Robinson-Thompson kL-729,46,244.4,2021-04-19 03:17:45,2025-02-06 11:10:17
4753,"Cookware Anderson, Arnold and Farrell YF-915",46,336.06,2021-11-03 06:31:49,2025-02-10 11:52:23
4754,Cookware Rose Ltd GU-885,46,182.37,2021-07-10 02:44:41,2025-02-15 06:02:10
4755,Cookware Montgomery PLC UB-318,46,13.7,2020-02-09 23:06:25,2025-01-25 07:57:41
4756,Cookware Dickson-Hendricks ee-136,46,338.33,2020-10-13 02:57:33,2025-03-15 15:08:21
4757,Cookware Rodriguez and Sons ci-248,46,188.16,2024-06-12 04:38:56,2025-04-25 08:04:42
4758,Cookware Powell Ltd aC-258,46,126.39,2020-11-19 16:26:58,2025-05-23 03:45:55
4759,"Cookware Lee, Merritt and Price Zj-070",46,38.13,2020-12-28 04:38:58,2025-02-23 01:43:15
4760,"Cookware Mcdaniel, Ramirez and Vega Er-544",46,18.84,2022-10-21 10:51:23,2025-04-17 14:38:27
4761,Cookware Smith and Sons zD-786,46,70.51,2023-01-08 21:17:49,2025-05-05 18:22:14
4762,Cookware Griffin-Ramirez IJ-927,46,342.19,2023-10-26 11:43:41,2025-03-06 15:36:18
4763,Cookware Abbott-Smith mv-731,46,11.88,2023-11-07 20:03:34,2025-08-09 12:15:30
4764,Cookware Bauer-Brown KB-118,46,371.61,2022-09-19 01:11:39,2025-07-20 12:51:17
4765,"Cookware Armstrong, Garcia and Hall mV-087",46,265.47,2022-06-08 16:35:29,2025-08-18 04:17:03
4766,"Cookware Thomas, Gibson and Holland jl-730",46,223.83,2024-07-10 20:43:04,2025-08-10 13:05:15
4767,Cookware Hall Inc jG-860,46,152.2,2022-02-14 15:22:58,2025-08-26 22:13:50
4768,Cookware Smith and Sons Eo-484,46,148.84,2024-03-24 20:45:12,2025-08-26 17:51:55
4769,"Cookware Baker, Palmer and George UK-814",46,318.63,2024-05-09 00:31:08,2025-01-10 22:31:54
4770,Cookware Moody-Miranda jU-926,46,399.43,2021-12-11 14:04:34,2025-01-14 05:32:27
4771,Cookware Fox-Kim nt-860,46,242.87,2023-10-25 03:41:05,2025-08-05 20:26:27
4772,Cookware Dennis-James DB-958,46,72.77,2020-04-24 17:23:40,2025-08-02 17:37:06
4773,"Cookware Davis, Orr and Davis OW-372",46,368.7,2021-07-09 20:51:21,2025-01-05 12:09:06
4774,Cookware Cruz Inc FF-292,46,203.05,2024-10-18 05:02:11,2025-06-11 14:43:43
4775,Cookware Melton-Harris yg-282,46,299.61,2023-04-12 22:07:40,2025-02-18 11:54:07
4776,Cookware Arroyo PLC Si-211,46,203.71,2021-08-23 18:42:15,2024-12-31 10:22:28
4777,Cookware Gonzalez-Wells xy-055,46,244.86,2020-08-01 13:44:15,2025-07-19 20:57:33
4778,"Cookware Scott, Smith and Garcia zZ-191",46,119.54,2024-01-25 21:47:29,2025-05-20 04:09:54
4779,Cookware Salinas-Roberts Zt-856,46,289.68,2023-02-03 01:21:32,2025-07-15 22:49:54
4780,Cookware Davis-Meyers yi-136,46,345.46,2020-05-03 17:26:59,2025-07-19 12:07:27
4781,"Cookware Smith, Medina and Wells Ia-929",46,129.0,2020-07-10 19:13:10,2025-03-01 18:05:38
4782,Cookware Walters PLC AA-930,46,261.77,2024-05-19 02:40:24,2025-01-23 04:28:12
4783,Cookware Reyes-Ferguson DH-423,46,241.99,2019-03-10 13:48:30,2025-01-08 01:56:57
4784,Cookware Wright Group fE-654,46,172.38,2020-04-07 10:06:35,2025-02-13 01:52:49
4785,"Cookware Riley, Maldonado and Baker Ad-852",46,198.72,2021-12-18 19:07:52,2025-04-17 09:43:09
4786,Cookware Jones-Ferrell Vp-489,46,201.05,2019-01-25 13:42:50,2025-01-07 09:48:35
4787,"Cookware Hill, Fox and Smith QU-652",46,178.34,2023-07-10 08:46:33,2025-06-22 05:16:13
4788,"Cookware Powell, Travis and George Fp-760",46,40.09,2022-04-14 18:30:23,2025-04-09 19:05:14
4789,"Cookware Stephens, Martin and Gates EA-371",46,363.96,2020-06-11 07:25:36,2025-03-28 05:23:56
4790,"Cookware Jones, Turner and Todd vA-618",46,273.27,2019-08-17 21:34:28,2025-08-28 09:27:17
4791,Cookware Mccoy-Dillon VL-810,46,101.36,2023-01-22 22:50:39,2025-06-06 01:06:20
4792,Cookware Rowe-Rodriguez pU-788,46,189.64,2022-03-14 19:14:52,2025-07-31 04:36:49
4793,"Cookware Hanson, Delacruz and Fitzpatrick cf-083",46,363.9,2019-10-07 19:55:50,2025-03-05 23:42:39
4794,Cookware Chandler Inc XI-325,46,310.58,2022-12-26 06:15:14,2025-06-19 06:00:39
4795,Cookware Reid PLC Sm-477,46,161.38,2019-09-13 10:45:52,2025-02-25 22:19:43
4796,"Cookware Jordan, Calderon and Johnson iW-810",46,32.18,2024-02-25 23:55:36,2025-08-29 04:59:31
4797,"Cookware Kelly, Johnson and Davis vn-656",46,251.47,2021-07-14 16:41:49,2025-02-11 03:25:28
4798,"Cookware Delacruz, Arnold and Chavez Oh-588",46,184.27,2024-07-18 21:52:44,2025-04-26 04:20:36
4799,Cookware Harding and Sons YL-576,46,161.83,2024-01-23 23:07:26,2025-05-30 09:17:41
4800,Cookware Rivera and Sons od-635,46,64.69,2021-02-06 22:03:16,2025-02-03 02:25:52
4801,Cookware Perry-Williams Hq-860,46,242.71,2021-07-16 19:34:41,2025-01-20 21:06:47
4802,Cookware Hernandez-Leonard gd-534,46,18.55,2022-09-18 07:26:39,2025-08-11 18:04:42
4803,Cookware Perry-Frost Kb-547,46,204.57,2019-01-17 14:24:50,2025-03-11 16:51:05
4804,Cookware Carter Inc tu-104,46,63.15,2024-12-10 20:48:24,2025-02-01 00:10:21
4805,Cookware Webb-Campbell Sv-091,46,58.17,2024-05-08 21:07:00,2025-01-26 13:02:42
4806,"Cookware Sanchez, Salinas and Meadows ke-557",46,73.39,2024-09-07 08:47:49,2025-04-15 04:29:15
4807,Cookware Rivers PLC XO-766,46,15.88,2020-11-17 16:44:46,2025-06-08 05:35:53
4808,Cookware Cooper Group Vw-858,46,45.08,2024-04-13 11:40:50,2025-07-24 01:34:36
4809,"Cookware Fletcher, Prince and Fitzgerald GT-034",46,214.41,2024-10-08 13:55:08,2025-07-15 18:37:44
4810,Cookware Pittman-Castillo IQ-713,46,23.21,2020-01-22 03:00:33,2025-05-04 21:48:06
4811,"Cookware Le, Robbins and Gonzales YC-070",46,155.22,2022-08-10 15:17:39,2025-02-25 19:05:37
4812,"Cookware Perez, King and Jones aK-919",46,270.96,2019-03-27 10:10:47,2025-02-23 17:15:26
4813,Cookware Ortiz-Moody tW-540,46,164.61,2024-12-05 13:43:02,2025-05-15 19:52:23
4814,Cookware Johnson and Sons dN-141,46,198.61,2021-01-20 13:19:49,2025-01-08 04:47:15
4815,"Cookware Hernandez, Hamilton and Hensley dp-542",46,222.59,2019-01-14 16:09:46,2025-05-11 05:59:18
4816,Cookware Walker Inc MW-430,46,70.61,2024-09-19 08:34:17,2025-06-12 17:29:42
4817,Cookware Odom-Reyes HG-385,46,94.32,2020-10-18 09:31:11,2025-03-30 04:10:09
4818,"Cookware Wagner, Fox and Haynes xe-834",46,222.01,2023-06-22 03:07:38,2025-05-11 14:08:05
4819,"Cookware Larsen, Bender and Jackson ng-193",46,259.55,2022-10-28 23:48:54,2025-03-24 18:32:16
4820,"Cookware Hernandez, Brown and Jackson ew-786",46,352.65,2019-05-28 23:55:42,2025-02-25 22:42:49
4821,Cookware Johnson-Byrd hP-815,46,178.15,2020-02-12 13:38:05,2025-02-17 01:54:42
4822,Cookware Floyd-Kelley nz-256,46,261.27,2019-01-02 19:49:12,2025-01-15 05:12:10
4823,Cookware Thornton and Sons Qs-466,46,306.44,2021-03-15 12:20:41,2025-03-03 20:03:01
4824,Cookware Owens LLC MX-761,46,219.62,2020-12-31 01:34:19,2025-01-05 06:22:56
4825,Cookware Porter-Norman CJ-846,46,405.09,2023-07-06 22:17:17,2025-01-25 07:30:38
4826,Cookware Johnson-Friedman VG-633,46,269.38,2024-10-31 17:49:46,2025-04-27 09:16:40
4827,"Cookware Morales, Moore and Wilkerson CP-122",46,159.82,2023-01-22 10:49:29,2025-04-25 14:01:57
4828,Cookware Erickson LLC AN-164,46,191.95,2020-04-10 18:42:42,2025-04-05 11:12:16
4829,Cookware Cruz-Morgan Xt-177,46,264.89,2021-03-18 20:25:38,2025-03-05 03:06:39
4830,"Cookware Smith, Perry and Stevens Pf-057",46,39.62,2020-02-24 02:49:56,2025-02-22 03:19:50
4831,Cookware Sims-Potts KJ-758,46,367.03,2022-10-13 20:54:17,2025-07-26 11:40:44
4832,Cookware Hoffman PLC yk-056,46,108.03,2022-03-20 03:49:53,2025-04-10 15:16:18
4833,Cookware Walters-Scott GU-828,46,284.82,2023-07-08 15:47:42,2025-04-24 01:58:43
4834,Cookware Chavez-Nash Ix-436,46,360.9,2020-06-11 07:18:38,2025-07-01 06:23:35
4835,Cookware Walker-Reid EZ-090,46,348.47,2024-01-15 05:10:12,2025-03-13 09:44:35
4836,Cookware Gilmore-Kelly FS-306,46,312.24,2021-11-30 23:50:51,2025-08-12 01:29:06
4837,Cookware Reid Ltd MO-126,46,317.36,2020-01-10 00:38:53,2025-05-31 08:21:08
4838,Cookware Gibbs-Ellis JG-635,46,199.1,2023-08-30 07:24:51,2025-02-05 19:17:03
4839,"Cookware Spencer, Snow and Roberts MY-311",46,398.36,2024-10-08 12:54:35,2025-01-21 13:51:06
4840,Cookware Gaines Ltd qP-537,46,234.9,2019-03-12 07:59:45,2025-01-01 21:13:10
4841,"Cookware Barker, Carr and Santiago By-224",46,207.7,2024-09-19 12:26:58,2025-02-22 17:31:54
4842,Cookware Smith-Young Vk-524,46,29.23,2024-08-17 15:31:58,2025-05-04 15:05:01
4843,Cookware Stewart LLC GE-343,46,41.63,2020-07-25 00:18:14,2025-07-30 13:44:31
4844,Cookware Hull-Martin ra-903,46,344.48,2023-12-20 11:08:44,2025-05-22 13:36:11
4845,Cookware Carrillo Ltd ra-570,46,271.91,2020-09-28 08:07:18,2025-01-31 22:53:06
4846,Cookware Li Inc AE-630,46,119.38,2023-10-03 08:27:17,2025-03-03 13:56:59
4847,"Cookware Baker, Miller and Watkins SP-001",46,434.46,2022-04-10 22:56:42,2025-03-04 17:03:04
4848,Cookware Savage-Russell Dz-581,46,255.72,2019-04-20 06:08:15,2025-02-25 08:28:01
4849,"Cookware Wyatt, Miller and Washington hJ-390",46,345.65,2024-02-25 14:19:08,2025-02-01 16:03:58
4850,Cookware Shannon LLC xo-938,46,172.06,2022-11-06 14:29:42,2025-01-14 18:33:51
4851,Cookware Alvarez-Williams ca-729,46,130.58,2024-10-21 06:10:09,2025-02-08 07:09:56
4852,"Cookware Roberts, Fitzgerald and Marshall zB-533",46,350.16,2019-01-12 14:23:53,2025-08-17 21:04:00
4853,Cookware Cox and Sons CG-041,46,144.18,2021-10-24 11:10:54,2025-06-05 04:29:30
4854,Cookware Russell-Johnson nl-710,46,376.13,2023-12-04 02:44:28,2025-03-18 10:04:42
4855,"Cookware Johnson, Ruiz and Thompson Qh-788",46,381.03,2022-07-01 13:40:40,2025-02-17 13:55:04
4856,Cookware Ward and Sons ll-986,46,334.99,2020-04-19 14:44:33,2025-01-19 13:50:03
4857,Cookware Miller LLC uV-691,46,373.43,2024-03-28 16:57:02,2025-02-05 08:12:11
4858,Cookware Castillo and Sons TF-086,46,42.98,2021-10-11 08:51:42,2025-03-30 07:56:38
4859,"Cookware Kennedy, Robbins and Griffin CB-661",46,261.82,2019-10-12 06:32:03,2025-08-28 02:27:37
4860,Cookware Cole Inc gm-025,46,329.01,2021-03-04 03:09:40,2025-02-09 22:04:59
4861,Cookware Rogers PLC av-923,46,10.56,2024-12-25 15:54:39,2025-07-13 03:15:41
4862,Cookware Alvarado LLC SH-072,46,55.05,2024-03-01 00:07:11,2025-01-13 02:32:42
4863,Cookware Mclaughlin PLC fs-581,46,115.34,2020-05-28 11:23:55,2025-01-02 17:32:17
4864,Cookware Castaneda PLC Sm-552,46,210.68,2020-04-02 06:07:50,2025-08-08 02:40:41
4865,"Cookware Lynch, Smith and Holt YB-310",46,284.8,2021-01-28 20:54:26,2025-03-05 17:43:33
4866,Cookware Frye-Spence Rb-070,46,59.93,2024-01-29 16:37:26,2025-05-18 08:38:14
4867,"Cookware Washington, Tyler and Harris Da-019",46,96.75,2019-03-23 03:41:37,2025-04-22 02:41:34
4868,"Cookware Sanders, Russell and Wells HB-226",46,96.46,2022-12-29 01:22:38,2025-01-09 06:09:49
4869,Cookware Ramirez-Nelson Ti-445,46,104.07,2022-06-10 09:01:30,2025-04-21 07:18:27
4870,"Cookware Burke, Norris and Garcia Uf-312",46,331.47,2021-03-07 13:26:12,2025-02-24 23:25:01
4871,Cookware Stephens-Hancock kG-881,46,117.91,2023-07-23 00:22:37,2025-07-11 18:42:48
4872,Cookware Adkins Inc dV-246,46,232.85,2023-07-15 02:30:27,2025-01-02 08:34:25
4873,"Cookware Taylor, Jones and King hh-755",46,224.48,2020-12-30 03:15:12,2025-03-31 03:16:14
4874,"Cookware Chavez, Parsons and Hart wG-515",46,247.18,2023-01-28 03:52:26,2025-07-27 06:41:08
4875,Cookware Dyer-Ramirez rS-179,46,305.6,2022-07-11 06:33:34,2025-05-19 13:28:52
4876,"Cookware Strickland, Simmons and West rG-413",46,344.41,2024-01-07 19:06:22,2025-01-01 13:16:16
4877,"Cookware King, Anderson and George my-301",46,135.01,2023-10-04 20:28:04,2025-05-04 13:06:54
4878,Cookware Cain Inc YH-249,46,397.2,2022-06-30 14:14:49,2025-07-17 07:53:15
4879,"Cookware Webb, Rowland and Wagner nY-668",46,278.6,2020-05-14 21:39:44,2025-07-10 18:57:36
4880,Cookware Jackson-Marks Bb-695,46,310.63,2022-05-18 00:39:21,2025-01-27 18:38:54
4881,Cookware Johnson Inc bm-429,46,63.14,2020-07-10 08:07:27,2025-02-23 02:34:26
4882,Cookware Hall-Gray tF-339,46,148.35,2021-02-06 19:35:42,2025-02-12 08:45:09
4883,Cookware Davis Ltd tA-838,46,281.81,2021-11-05 09:14:55,2025-04-15 19:04:31
4884,Cookware Wyatt-Bryan yN-910,46,259.2,2022-04-20 00:53:29,2025-08-15 10:42:20
4885,"Cookware Bradley, Murphy and Knapp Ol-102",46,77.09,2022-10-24 18:29:05,2025-03-18 00:28:45
4886,"Cookware Wang, Gonzalez and Dunn Nd-402",46,206.89,2019-01-01 07:40:37,2025-02-22 16:16:40
4887,Cookware English Group Wl-968,46,171.39,2024-02-02 01:28:56,2025-05-10 02:32:35
4888,"Cookware Salazar, Golden and Moore hW-187",46,358.25,2023-08-17 20:03:42,2025-05-14 10:07:19
4889,"Cookware Jackson, Blake and Hartman ff-727",46,342.97,2020-07-03 16:28:25,2025-03-10 07:57:08
4890,Cookware Lewis Group cz-618,46,163.84,2021-08-23 12:05:32,2025-03-13 00:44:22
4891,Cookware Chan LLC Fk-319,46,178.17,2024-08-12 10:02:38,2025-02-26 03:33:01
4892,Cookware Reed Ltd aW-163,46,20.6,2020-05-26 04:39:35,2025-01-19 04:13:19
4893,Cookware Mosley Ltd YE-667,46,115.2,2024-03-12 03:18:29,2025-08-08 01:20:36
4894,Cookware Cox-Johnson mL-836,46,113.15,2024-01-08 19:47:58,2025-04-06 21:38:57
4895,Cookware King-Fisher Et-380,46,267.58,2019-01-29 10:41:22,2025-02-28 03:43:03
4896,Cookware Phillips-Tate rN-668,46,182.95,2019-06-25 14:36:27,2025-01-24 06:52:01
4897,Cookware Rivera Group rG-878,46,146.14,2021-07-03 21:34:40,2025-03-10 15:40:32
4898,Cookware Fleming Inc ex-557,46,101.97,2024-07-13 20:09:00,2025-01-31 07:21:23
4899,Cookware Fox and Sons Be-914,46,252.47,2021-09-27 06:32:22,2025-01-05 22:55:29
4900,Cookware Murray-Velasquez nx-717,46,53.62,2019-01-18 01:29:06,2025-07-17 18:13:50
4901,"Cookware Roberts, Kelly and Melendez Zb-869",46,293.79,2024-11-24 14:54:10,2025-03-31 17:42:27
4902,Cookware Osborne-Lewis XK-141,46,283.74,2019-01-01 22:41:38,2025-05-06 10:07:10
4903,"Cookware Tapia, Robinson and Johnson JO-478",46,164.1,2024-02-11 17:41:01,2025-08-02 06:19:57
4904,Cookware Barton Ltd sa-998,46,284.02,2022-10-01 23:34:34,2025-03-11 10:09:45
4905,"Cookware Walker, Patrick and Davis vZ-783",46,135.17,2020-12-27 08:39:22,2025-04-26 00:13:08
4906,"Cookware Weber, Escobar and Jimenez RO-623",46,243.29,2024-08-06 09:18:33,2025-02-14 15:19:19
4907,Cookware Brewer Group WJ-738,46,216.39,2021-10-05 09:59:04,2025-03-24 16:11:39
4908,Cookware Mclean-Cervantes SW-128,46,401.48,2024-12-30 01:51:44,2025-01-16 06:11:05
4909,"Cookware Torres, Williams and Nelson TX-184",46,398.87,2021-03-21 15:38:22,2025-05-13 06:53:18
4910,Cookware Johnson Inc IK-738,46,227.39,2021-07-26 16:19:45,2025-06-14 19:31:35
4911,Cookware Mckee-Kent En-440,46,125.63,2022-05-02 23:17:15,2025-01-17 04:50:31
4912,"Cookware Jordan, Evans and Rodriguez pp-805",46,167.92,2020-12-19 06:31:14,2025-08-19 22:04:20
4913,"Cookware Valentine, Freeman and Gray KJ-851",46,20.39,2020-08-10 11:22:55,2025-04-14 00:37:02
4914,Cookware Martin-Soto ih-615,46,283.36,2022-03-12 21:42:04,2025-04-13 23:08:20
4915,Cookware Shepherd Inc tG-833,46,401.24,2024-01-13 07:00:25,2025-04-18 14:15:46
4916,Cookware Gutierrez Inc bb-956,46,299.11,2022-05-12 01:50:10,2025-01-31 10:19:07
4917,"Cookware White, Carter and Richards UI-694",46,150.79,2021-04-14 15:24:57,2025-02-03 20:45:37
4918,Cookware Johnson-Ellis Cn-159,46,205.1,2022-09-14 05:54:51,2025-07-22 09:50:15
4919,Cookware Williams-Wade Yj-669,46,100.02,2021-03-03 05:39:39,2025-08-16 21:06:27
4920,Cookware Gibson-Evans Rg-775,46,137.03,2021-01-30 18:47:43,2025-04-26 21:05:47
4921,Cookware Smith-Shannon Dv-021,46,11.71,2024-05-29 02:54:49,2025-04-12 18:52:30
4922,"Cookware Richards, Osborn and Kelly VF-253",46,103.87,2023-01-04 13:47:59,2025-03-18 07:49:09
4923,Cookware George Ltd UQ-824,46,293.04,2021-09-04 03:12:48,2025-06-08 09:33:29
4924,"Cookware Jones, Williams and Russell wC-032",46,15.24,2022-04-15 11:34:35,2025-03-14 20:41:04
4925,Cookware Smith Ltd KY-157,46,174.83,2023-11-26 06:34:10,2025-06-21 01:17:19
4926,Cookware Allen-Nelson lT-243,46,300.65,2023-12-18 21:25:35,2025-01-09 20:49:40
4927,Cookware Wilson Inc ht-202,46,198.65,2024-04-14 17:10:11,2025-07-14 06:06:01
4928,Cookware Martinez-Gamble bF-289,46,173.27,2019-12-30 06:24:31,2025-05-20 00:00:07
4929,Cookware Manning Inc qt-502,46,219.79,2023-02-18 08:22:42,2025-05-02 12:57:32
4930,Cookware Aguirre-Oneill rG-101,46,284.39,2020-05-30 12:57:39,2025-01-30 17:39:34
4931,Cookware Larsen Inc Yz-808,46,235.74,2020-01-11 20:44:57,2025-05-23 00:42:02
4932,Cookware Owens Group mR-098,46,312.76,2021-09-20 06:26:53,2025-02-23 09:33:55
4933,"Cookware Lester, Deleon and Wood Em-989",46,58.53,2020-09-12 06:56:34,2025-04-09 07:21:29
4934,Cookware Hill-Murphy ND-603,46,187.21,2023-12-09 22:43:08,2025-05-03 08:08:48
4935,"Cookware Simon, Walton and Washington Yf-747",46,40.26,2019-04-12 02:28:02,2025-06-25 04:09:27
4936,Cookware Marshall Inc Vo-277,46,123.21,2020-02-26 12:20:12,2025-01-31 14:56:53
4937,"Cookware Phillips, Hicks and Marshall ZT-962",46,213.79,2021-07-15 14:15:08,2025-06-04 01:27:04
4938,Cookware Burton and Sons yx-661,46,249.33,2023-03-30 06:35:31,2025-03-18 15:54:46
4939,"Cookware Lopez, Greer and Lewis vZ-395",46,95.47,2021-01-31 01:01:10,2025-04-17 18:36:12
4940,Cookware Thomas-Hendrix Xc-893,46,153.6,2021-06-23 17:48:18,2025-01-09 14:11:53
4941,Cookware Marshall LLC Wu-393,46,308.17,2024-08-30 07:54:23,2025-05-26 22:21:45
4942,Cookware Moreno Group wL-948,46,74.61,2021-08-28 00:57:03,2025-07-15 23:12:21
4943,Cookware Wagner-Reyes yx-137,46,63.83,2024-10-15 00:19:47,2025-07-13 20:23:21
4944,Cookware Welch-Cooke nw-741,46,63.4,2023-02-01 22:54:34,2025-04-26 23:27:22
4945,Cookware Francis-Pacheco mc-279,46,188.74,2022-03-26 11:57:41,2025-07-06 12:59:53
4946,"Cookware Johnson, Osborne and Middleton du-335",46,223.97,2024-02-13 18:34:38,2025-06-25 10:46:20
4947,"Cookware Williams, Peterson and Erickson jk-221",46,45.09,2020-03-18 09:48:08,2025-03-06 16:47:51
4948,Cookware White-Wilson AV-690,46,341.53,2021-04-10 11:16:42,2025-06-09 09:22:17
4949,Cookware Lane Ltd yG-575,46,41.79,2021-01-25 05:10:53,2025-03-04 09:05:08
4950,"Cookware Washington, Booth and Lyons qX-923",46,189.28,2019-11-08 13:27:06,2025-04-08 16:42:13
4951,Cookware Brown LLC Fu-901,46,10.34,2024-04-18 23:51:25,2025-08-13 11:26:50
4952,"Cookware Davis, Gordon and Davidson iE-086",46,170.78,2023-05-21 03:26:26,2025-08-30 16:42:40
4953,"Cookware Newman, Ross and Roberts CQ-809",46,125.75,2024-07-26 15:16:17,2025-04-17 21:52:42
4954,"Cookware Schwartz, Shaw and Buchanan bE-270",46,145.8,2022-07-16 07:06:07,2025-07-25 08:25:19
4955,Cookware Wright-Robinson PB-422,46,261.89,2023-09-17 11:59:36,2025-01-20 13:54:57
4956,Cookware Booth and Sons Mn-591,46,299.02,2022-08-30 15:32:14,2025-08-30 15:06:11
4957,Cookware Lee-Matthews FN-687,46,23.03,2021-05-13 07:12:07,2025-02-05 12:45:56
4958,"Cookware Allison, Clark and Greer Qj-642",46,111.62,2021-11-27 01:31:29,2025-01-27 15:28:55
4959,Cookware Hartman-Rodriguez DO-103,46,310.83,2022-02-22 10:26:03,2025-06-11 18:12:21
4960,"Cookware Kaufman, Wilson and Jones Qp-505",46,126.88,2022-02-19 06:36:05,2025-03-24 14:34:58
4961,Cookware Vasquez Group Ju-568,46,163.26,2020-07-26 02:05:35,2025-07-15 16:54:26
4962,Cookware Green-Rosales fl-157,46,360.65,2024-07-07 16:42:15,2025-07-14 00:53:20
4963,Cookware Heath-Jones rf-689,46,184.6,2024-05-12 16:15:33,2025-08-05 10:52:24
4964,Cookware Hawkins and Sons OP-432,46,224.23,2020-10-29 14:51:50,2025-04-07 04:23:25
4965,Cookware Peterson LLC Kp-510,46,51.17,2021-10-13 18:54:53,2025-04-17 08:13:15
4966,Cookware Perez PLC KZ-184,46,245.04,2019-01-05 19:41:39,2025-08-06 03:55:56
4967,Cookware Griffin Group MU-630,46,224.82,2023-03-15 01:40:17,2025-05-05 12:27:24
4968,Cookware Cole-Newman CW-013,46,263.85,2021-05-01 02:25:19,2025-01-29 09:56:37
4969,"Cookware Robbins, Mccormick and Snyder cn-125",46,291.73,2024-06-28 03:59:09,2025-08-27 11:24:46
4970,Cookware Butler-Elliott nj-063,46,265.39,2024-07-21 16:20:42,2025-03-17 19:38:17
4971,Cookware Goodwin-Schneider qd-164,46,100.74,2020-12-19 05:39:07,2025-02-19 17:41:13
4972,Cookware Lowe-Murphy dc-297,46,85.87,2020-07-29 01:55:07,2025-07-15 17:05:40
4973,Cookware Hill Group ga-332,46,52.61,2019-10-06 07:16:58,2025-05-25 00:15:49
4974,Cookware Garrett and Sons IA-972,46,229.02,2020-02-18 21:46:18,2025-06-04 12:56:27
4975,Cookware Spencer PLC WD-689,46,47.21,2024-04-21 20:11:16,2025-05-28 09:26:08
4976,"Cookware Moss, Johnston and Johnson Ht-126",46,321.45,2023-11-05 19:38:21,2025-01-12 00:57:59
4977,Cookware Gregory-Bradley ov-791,46,243.42,2022-05-07 18:35:35,2025-08-25 02:36:17
4978,Cookware Pruitt-Daniel Dk-017,46,324.34,2020-09-13 14:31:44,2025-06-20 00:35:20
4979,Cookware Smith LLC jQ-430,46,55.27,2020-07-30 08:52:14,2025-06-28 01:07:27
4980,Cookware Mitchell-Moore Ek-023,46,314.14,2022-04-26 14:39:42,2025-04-30 10:19:09
4981,"Cookware Young, Atkins and Hahn al-793",46,24.63,2022-08-23 17:30:22,2025-04-24 12:35:34
4982,Cookware Hester Inc oD-748,46,371.36,2023-10-07 06:50:02,2025-02-08 01:46:11
4983,"Cookware Powell, Jones and Clayton fP-512",46,423.97,2023-09-09 13:43:13,2025-01-07 12:42:35
4984,Cookware Alexander LLC Uu-726,46,58.0,2021-01-04 13:32:50,2025-07-19 19:00:59
4985,Cookware Daniel-Tran Eu-064,46,45.71,2022-01-29 13:36:30,2025-01-19 16:50:52
4986,Cookware Hernandez and Sons dy-870,46,94.15,2023-05-09 20:15:06,2025-08-26 16:57:38
4987,Cookware Charles Inc Wz-075,46,14.71,2023-09-11 16:12:20,2025-05-10 19:13:52
4988,"Cookware Walton, Lee and Nguyen Pn-367",46,231.07,2023-12-05 23:09:45,2025-08-05 08:16:03
4989,Cookware Chambers-Rodriguez du-363,46,384.93,2019-03-27 00:18:12,2025-02-13 11:46:28
4990,"Cookware Jones, Anderson and Thompson bE-783",46,310.45,2019-06-27 17:27:42,2025-08-03 08:44:47
4991,"Cookware Marshall, Dyer and Gonzales zz-367",46,153.9,2019-11-14 15:55:16,2025-07-17 03:29:11
4992,Cookware Walton Inc xf-361,46,74.08,2023-04-24 19:58:05,2025-08-21 03:06:16
4993,"Cookware Ponce, Young and Steele Zo-352",46,333.81,2022-05-23 04:01:34,2025-08-15 11:10:38
4994,Cookware Taylor-Martin zK-897,46,202.33,2019-10-18 01:18:38,2025-04-25 00:15:54
4995,Cookware Ford-Romero HW-293,46,87.25,2021-06-08 18:32:52,2025-06-16 11:13:15
4996,Cookware Crawford Inc Af-489,46,364.91,2023-05-03 20:22:52,2025-06-17 19:44:38
4997,"Cookware Anderson, Grant and Garcia eo-928",46,141.7,2019-06-15 22:26:03,2025-01-05 00:50:24
4998,Cookware Rush Group zk-849,46,137.87,2022-07-23 11:31:37,2025-07-31 16:02:34
4999,"Cookware George, Rodriguez and Bird Td-220",46,83.32,2023-09-24 12:41:25,2025-05-03 13:45:22
5000,Cookware Williamson Inc NF-749,46,22.84,2022-12-06 02:19:47,2025-08-28 01:21:23
5001,"Cookware Hobbs, White and Mejia ES-603",46,20.27,2023-12-16 00:47:55,2025-06-21 21:41:19
5002,Cookware Gibson and Sons bh-132,46,282.23,2019-04-02 21:27:53,2025-07-02 21:59:29
5003,Cookware Fisher-Kennedy UE-116,46,80.23,2022-09-07 07:02:02,2025-01-15 12:47:58
5004,Cookware Cisneros and Sons bK-571,46,152.2,2023-08-15 03:24:16,2025-05-27 20:36:18
5005,"Cookware Mccann, Shelton and Kirby wm-345",46,239.05,2020-08-17 00:20:17,2025-08-18 07:54:33
5006,"Cookware Simmons, Smith and Washington lq-680",46,180.45,2022-05-22 04:38:52,2025-01-29 14:52:26
5007,Cookware Huang PLC HI-052,46,255.78,2021-09-28 06:57:31,2025-01-11 03:08:40
5008,Cookware Evans-Logan te-135,46,98.08,2019-02-21 11:16:01,2025-03-04 23:22:05
5009,"Cookware Willis, Moore and Skinner zK-676",46,59.77,2022-03-06 05:33:09,2025-01-27 02:09:56
5010,"Cookware Christensen, Porter and Davidson as-853",46,25.54,2020-05-01 08:52:05,2025-03-12 13:25:28
5011,"Cookware Underwood, Cherry and Lynch kW-473",46,166.8,2020-07-04 23:04:54,2025-03-28 10:41:01
5012,"Cookware Chandler, Price and Hall nX-348",46,145.39,2024-02-24 03:25:49,2025-05-27 03:53:24
5013,"Cookware Brown, Hendrix and Hill Og-277",46,148.58,2020-11-17 06:22:13,2025-07-26 09:31:11
5014,Cookware Zavala-Harris ps-031,46,170.71,2024-09-11 21:19:55,2025-08-14 15:10:14
5015,Cookware Wallace Inc By-963,46,380.51,2019-02-09 12:39:39,2025-07-20 06:40:57
5016,"Cookware Larson, Lopez and Tucker aG-715",46,183.48,2019-02-04 22:45:55,2025-06-10 05:02:31
5017,"Cookware Brown, Medina and Davis At-881",46,38.18,2022-05-23 01:21:56,2025-04-04 09:14:11
5018,"Cookware Williams, Franklin and Taylor Ta-337",46,161.53,2023-07-31 08:44:12,2025-05-26 17:08:54
5019,Cookware Torres-Hall QH-819,46,306.05,2020-04-13 07:10:12,2025-03-07 22:35:20
5020,"Cookware Miller, Barnett and Nelson RN-165",46,111.45,2019-03-19 05:46:15,2025-08-08 04:49:02
5021,"Cookware Johnson, Garcia and Jackson qk-413",46,287.89,2024-04-23 00:08:18,2025-02-24 13:17:12
5022,"Cookware Adams, Gonzalez and Smith Hm-736",46,202.74,2022-02-12 12:34:12,2025-03-10 16:21:02
5023,"Cookware Johnson, Little and Moore tj-265",46,229.2,2021-06-15 12:08:51,2025-07-19 10:53:36
5024,Cookware Mejia-Tapia qn-556,46,11.66,2021-04-25 03:29:33,2025-01-01 06:52:38
5025,Cookware Roth Ltd ol-691,46,74.14,2023-03-13 23:37:12,2025-07-19 16:53:21
5026,"Cookware West, Jimenez and Neal iI-573",46,281.67,2023-12-01 12:18:17,2025-04-25 21:15:07
5027,Cookware Oliver PLC LY-066,46,331.6,2024-09-19 07:09:52,2025-05-27 23:05:59
5028,"Cookware Garrett, Williams and Robertson Dq-563",46,327.79,2024-05-09 11:56:05,2025-02-17 23:09:06
5029,"Cookware Hall, Rhodes and Delgado uT-027",46,84.16,2021-02-08 15:46:23,2025-03-29 19:55:01
5030,"Cookware Bell, Gomez and Reese st-797",46,331.04,2021-07-28 10:11:20,2025-05-15 23:39:44
5031,Cookware Bridges Group UG-746,46,313.25,2022-08-22 19:29:20,2025-01-21 23:35:33
5032,Cookware Collins Inc GU-640,46,188.12,2023-08-20 15:54:17,2025-04-05 09:40:42
5033,Cookware Vazquez-Dawson HH-519,46,260.55,2019-02-18 19:08:55,2025-02-04 23:44:49
5034,Cookware Chung-Jenkins UR-234,46,272.02,2019-07-13 21:21:03,2025-01-14 09:08:45
5035,Cookware Meadows Inc KN-394,46,196.35,2019-08-30 16:18:04,2025-05-04 11:54:17
5036,"Cookware Martinez, Martinez and Edwards Ra-804",46,191.42,2022-05-04 06:13:29,2025-06-15 11:20:33
5037,Cookware Parker Ltd Sc-586,46,353.83,2022-08-27 11:51:06,2025-04-12 11:54:54
5038,Cookware Ortiz PLC Co-070,46,25.85,2024-12-01 20:53:11,2025-07-29 02:56:44
5039,Cookware Holden LLC VM-539,46,296.43,2020-07-09 16:00:12,2025-04-23 03:45:11
5040,Cookware Olson LLC kO-284,46,215.48,2022-05-02 10:50:18,2025-07-26 12:43:43
5041,Cookware Olson Group pK-557,46,186.48,2022-10-23 00:12:22,2025-07-19 02:31:43
5042,"Cookware Ward, Duran and Smith hg-001",46,227.5,2023-02-12 09:58:21,2025-07-21 01:31:46
5043,"Cookware Carter, Roman and Cantrell Rm-039",46,20.69,2020-12-21 15:46:49,2025-02-12 16:53:43
5044,Cookware Castillo and Sons Mw-451,46,158.89,2023-03-09 05:02:53,2025-04-12 09:59:03
5045,"Cookware Clark, Olson and Morse IJ-020",46,314.12,2024-05-23 16:09:28,2025-01-15 15:53:40
5046,Cookware Cook and Sons gr-224,46,154.7,2019-01-29 21:22:51,2025-07-16 13:19:32
5047,Cookware Miller-Olsen OS-064,46,330.07,2022-06-07 06:45:26,2025-07-31 16:45:02
5048,Cookware Bell-Garcia Gs-919,46,94.95,2019-03-16 05:40:04,2025-08-08 17:01:15
5049,Cookware Smith-Ortiz cx-101,46,88.21,2023-03-29 13:27:35,2025-04-26 03:16:55
5050,"Cookware Anderson, Johnson and Davis Ca-648",46,173.51,2024-08-15 21:22:21,2025-07-01 19:10:40
5051,Cookware Barnes-Hernandez jy-695,46,328.04,2023-04-12 20:47:53,2025-06-24 05:24:19
5052,"Cookware Romero, Kent and Taylor jU-763",46,20.28,2020-09-03 23:49:12,2025-02-18 17:40:49
5053,Cookware Carr-Johnson LZ-887,46,380.83,2019-08-18 17:18:41,2025-05-20 04:34:10
5054,Cookware Jones Inc Ur-669,46,184.55,2023-09-15 02:13:18,2025-04-16 05:16:18
5055,Cookware Lynch Inc KU-902,46,350.67,2019-09-20 13:26:35,2025-08-26 09:06:19
5056,Cookware Moses-Sullivan ag-236,46,38.55,2023-11-15 21:28:03,2025-01-15 02:26:45
5057,Cookware Stein LLC tJ-301,46,319.65,2023-01-30 20:28:32,2025-05-01 22:30:31
5058,Cookware Parks-Price Ke-496,46,315.16,2022-09-22 19:32:11,2025-04-10 06:38:23
5059,Cookware Davis-Flores TL-677,46,288.81,2023-07-14 09:34:45,2025-08-08 23:36:53
5060,Cookware Skinner-Vasquez ti-533,46,349.13,2024-06-03 02:14:50,2025-07-19 00:11:00
5061,Cookware Hunter-Ali zL-134,46,312.54,2024-11-01 19:55:44,2025-05-14 15:17:29
5062,"Cookware Nunez, Graves and Wright un-133",46,231.94,2022-07-09 03:36:43,2025-05-20 21:10:51
5063,"Cookware Bennett, Krause and Perez sa-144",46,386.68,2022-12-13 09:53:59,2025-05-11 13:41:27
5064,Cookware Watkins Ltd er-739,46,99.46,2020-05-23 22:10:34,2025-03-03 03:42:15
5065,Cookware Green Inc ND-029,46,118.28,2024-06-28 14:46:53,2025-03-28 11:16:43
5066,"Decor Chan, Brown and Thomas iW-407",47,10.03,2022-02-18 13:38:35,2025-03-08 15:01:53
5067,"Decor Garcia, Brooks and Logan MS-843",47,273.68,2019-11-04 01:48:55,2025-05-31 14:10:14
5068,Decor Burns Inc CI-619,47,303.67,2020-07-09 18:40:39,2025-03-06 23:56:24
5069,Decor Rivera Ltd Se-830,47,131.05,2022-05-03 20:31:30,2025-08-08 13:09:35
5070,Decor Lopez-Peters Hr-430,47,111.69,2023-03-29 17:12:37,2025-01-18 16:20:18
5071,Decor Freeman-Meyer aJ-934,47,218.75,2022-02-11 05:40:23,2025-08-07 21:51:50
5072,"Decor Collins, Barnes and Ortiz ZQ-285",47,78.43,2022-10-21 09:49:19,2025-07-18 22:09:19
5073,Decor Davis-Brown Rk-577,47,18.75,2021-01-10 03:01:10,2025-04-10 05:35:27
5074,Decor Jackson LLC vP-200,47,61.64,2019-03-28 20:39:19,2025-06-25 08:38:30
5075,Decor Morrison PLC Eq-147,47,397.78,2020-03-29 05:48:39,2025-07-28 13:43:18
5076,"Decor Ball, Hall and James Rq-270",47,94.84,2022-11-24 01:08:27,2025-03-19 12:23:29
5077,"Decor Guzman, Anderson and Gill al-783",47,272.12,2019-06-25 23:56:56,2025-03-22 00:02:56
5078,Decor Miller-Smith HI-652,47,231.56,2022-10-23 03:44:54,2025-07-03 23:43:04
5079,Decor Floyd-Richardson du-222,47,283.16,2024-06-25 05:15:51,2025-04-12 05:24:00
5080,Decor Bowen and Sons Sv-267,47,344.69,2021-06-16 23:43:10,2025-02-27 07:09:54
5081,"Decor Moore, Ross and Garcia ZL-923",47,392.01,2021-09-01 11:00:39,2025-06-07 16:35:38
5082,Decor Kelley-Gregory KC-531,47,415.42,2024-10-24 03:34:04,2025-08-07 22:53:34
5083,Decor Scott-Cooper Fc-478,47,100.17,2023-12-17 21:41:05,2025-02-28 21:36:09
5084,Decor Rogers Inc MI-415,47,187.25,2023-08-31 04:40:55,2025-08-11 21:19:49
5085,"Decor Calderon, Bradley and Winters em-818",47,201.66,2021-01-02 21:03:34,2025-05-15 09:51:30
5086,"Decor Watson, Montgomery and Johnson ar-628",47,243.6,2020-08-24 11:55:46,2025-05-10 00:48:13
5087,Decor Taylor-Sanchez EN-009,47,289.4,2021-11-07 16:45:07,2025-03-02 02:39:19
5088,"Decor Haney, Maddox and Kidd ap-037",47,30.57,2023-09-17 05:10:06,2025-04-14 18:43:54
5089,"Decor Russell, Perez and Johnson vo-379",47,102.56,2019-11-28 01:53:06,2025-02-16 23:31:58
5090,Decor Davila-Rhodes cU-511,47,134.57,2019-03-09 05:09:35,2025-06-16 22:52:11
5091,"Decor Duncan, Silva and Bradshaw fO-301",47,283.0,2020-10-20 02:46:20,2025-06-22 21:32:01
5092,Decor Benton-Jones iX-126,47,51.7,2020-09-18 02:10:46,2025-07-16 08:13:58
5093,"Decor Logan, Clark and Holmes oq-329",47,322.06,2020-12-12 08:59:59,2025-04-14 02:35:18
5094,Decor Park-Carlson CO-735,47,194.15,2019-07-31 04:20:07,2025-07-09 04:56:26
5095,"Decor White, Smith and Davis ib-910",47,298.85,2022-06-07 00:32:03,2025-05-16 12:33:14
5096,Decor Bates-Mills jG-922,47,194.89,2022-12-08 13:55:12,2025-02-01 16:58:16
5097,Decor Holden-Marshall Ud-689,47,19.82,2020-10-26 04:46:19,2025-01-30 03:08:57
5098,"Decor Mendoza, Nelson and Stewart Oi-423",47,248.55,2022-09-04 14:47:36,2025-01-04 11:19:53
5099,Decor Fowler Group tC-630,47,294.5,2022-11-26 17:13:12,2025-02-08 05:09:47
5100,"Decor Walters, Villa and Walker AL-875",47,243.85,2019-03-19 05:07:44,2025-03-27 06:33:59
5101,Decor Taylor Group Fd-572,47,330.09,2020-02-04 23:25:43,2025-06-13 16:44:59
5102,Decor Shepard-Garcia uc-787,47,46.3,2019-02-02 08:43:04,2025-04-20 17:52:06
5103,Decor Cruz Ltd Bd-314,47,262.47,2022-11-03 16:02:47,2025-04-10 02:34:43
5104,Decor Chavez-Ball fZ-846,47,19.67,2020-04-04 13:57:57,2025-02-21 21:11:01
5105,"Decor Powers, Kennedy and Collins Rs-338",47,373.77,2021-09-16 14:42:44,2025-06-18 10:35:40
5106,"Decor Hanson, Morgan and Daniel MR-706",47,352.23,2023-09-17 14:15:30,2025-07-17 02:41:36
5107,"Decor Flores, Duncan and Burke sC-793",47,95.48,2021-10-12 05:59:16,2025-04-16 07:16:45
5108,Decor Walker-Smith zT-744,47,15.78,2022-07-13 07:50:31,2025-03-02 02:12:42
5109,Decor Branch-Edwards bs-048,47,63.69,2023-09-09 08:44:44,2025-05-11 01:38:56
5110,"Decor Murray, Patel and Fernandez EG-685",47,93.79,2022-12-26 14:10:52,2025-06-04 23:49:24
5111,Decor Silva Ltd qT-254,47,162.73,2022-11-03 07:42:33,2025-01-05 15:36:07
5112,Decor Anthony PLC eK-520,47,130.4,2023-01-23 14:15:32,2025-06-17 05:49:32
5113,"Decor Young, Zuniga and Anderson Xn-425",47,107.28,2019-04-18 12:25:41,2025-05-10 03:21:08
5114,Decor Harper LLC Ny-440,47,92.39,2021-04-07 22:25:10,2025-07-04 23:40:28
5115,Decor Stout PLC kH-247,47,380.59,2024-05-06 08:47:43,2025-03-12 11:43:59
5116,Decor Price Ltd vU-419,47,17.74,2022-10-20 13:13:57,2025-01-07 04:52:27
5117,"Decor Hardy, Bush and Boyer aP-822",47,161.36,2019-10-20 21:42:51,2025-03-25 03:17:33
5118,Decor Stein-Lewis Ol-796,47,298.39,2024-07-25 21:43:02,2025-06-06 23:07:32
5119,Decor Henry LLC em-506,47,89.19,2020-09-29 10:31:08,2025-06-30 17:49:55
5120,Decor Watson Group BE-837,47,238.74,2024-01-11 17:01:01,2025-06-05 19:41:38
5121,Decor Rivers-Walker xN-210,47,410.66,2019-10-20 13:52:45,2025-03-11 15:31:00
5122,"Decor Brandt, Williams and Jacobs TR-947",47,256.75,2023-11-26 19:53:08,2025-07-11 09:56:11
5123,Decor White PLC cV-848,47,244.6,2023-01-19 20:09:09,2025-01-20 04:41:11
5124,Decor Howe LLC Vq-701,47,134.65,2023-05-20 08:30:20,2025-04-03 10:36:39
5125,Decor Williams PLC dc-206,47,138.73,2020-05-07 02:29:32,2025-03-17 06:50:24
5126,Decor Clark Inc ot-567,47,122.71,2022-04-13 05:13:35,2025-02-09 22:23:27
5127,Decor Noble-House mC-179,47,279.78,2020-08-24 00:33:16,2025-01-18 22:08:26
5128,Decor Carlson-Santos Hx-877,47,226.97,2019-09-21 16:47:22,2025-05-24 21:23:56
5129,Decor Moody-Vasquez cQ-262,47,310.09,2020-12-04 11:32:16,2025-08-19 13:25:04
5130,Decor Swanson LLC bg-199,47,54.89,2019-12-09 22:38:56,2025-02-21 21:01:25
5131,Decor Pollard-Brown Pr-600,47,242.94,2019-06-13 09:47:33,2025-04-26 08:26:05
5132,Decor Torres Inc xx-583,47,49.13,2019-09-12 14:17:28,2025-01-18 21:43:29
5133,Decor Castillo-Blevins jF-004,47,177.62,2022-02-18 21:08:28,2025-06-02 23:17:51
5134,"Decor Estrada, Manning and Adams Lw-588",47,225.4,2024-06-18 10:41:03,2025-06-16 20:05:28
5135,Decor Marshall-Bryant XU-594,47,258.57,2021-11-07 14:03:06,2025-03-29 10:39:57
5136,Decor White-Patel yH-416,47,401.14,2020-05-23 07:57:27,2025-03-17 02:18:11
5137,Decor Robles Ltd nM-523,47,336.22,2024-04-05 22:40:35,2025-07-18 23:10:11
5138,"Decor White, Graham and Khan jK-384",47,143.89,2021-06-06 02:01:34,2025-03-12 21:37:20
5139,"Decor Smith, Sanchez and Williams Dz-807",47,190.06,2022-01-26 02:54:33,2025-08-09 00:19:15
5140,Decor Holder-Jones dV-495,47,285.47,2021-10-04 04:35:12,2025-06-15 21:36:08
5141,Decor Montgomery and Sons bN-112,47,322.38,2024-05-07 19:58:27,2025-07-05 01:26:10
5142,"Decor Trujillo, Bonilla and Martin ZP-080",47,396.04,2022-03-10 10:34:44,2025-06-02 05:48:07
5143,Decor Vance and Sons eP-092,47,278.06,2019-01-28 01:26:27,2025-03-22 00:57:46
5144,Decor Lucas Inc ia-852,47,54.6,2020-01-15 03:14:03,2025-05-14 05:07:02
5145,Decor Foster-Elliott jI-169,47,204.52,2023-03-19 20:45:02,2025-05-27 06:23:53
5146,Decor Edwards-Anderson oL-311,47,282.97,2022-06-11 22:40:20,2025-06-01 16:48:18
5147,"Decor Murphy, Brown and Bowers UO-832",47,351.02,2021-01-28 15:08:59,2025-01-03 03:03:21
5148,Decor Andrews-Mcbride Sx-689,47,223.26,2024-03-18 08:16:01,2025-06-17 04:50:01
5149,"Decor Jackson, Wilson and Manning Na-467",47,224.48,2023-12-17 11:22:55,2025-01-15 11:27:29
5150,Decor Johnson PLC Ur-833,47,346.87,2019-04-14 22:06:16,2025-06-09 20:30:42
5151,"Decor Young, Dalton and Soto FB-870",47,106.26,2024-12-16 22:34:20,2025-06-28 18:21:41
5152,Decor Hernandez Ltd cQ-679,47,406.79,2019-10-03 03:45:59,2025-01-18 16:47:25
5153,Decor Tucker Group NH-304,47,282.1,2023-08-11 00:15:47,2025-08-13 01:46:49
5154,Decor Walker-Hicks WT-140,47,44.73,2023-01-14 16:57:57,2025-05-19 17:19:24
5155,Decor Fritz and Sons ae-902,47,204.8,2022-08-23 05:40:42,2025-03-13 00:19:28
5156,"Decor Brady, Berry and Lester kp-940",47,247.28,2024-01-18 19:46:03,2025-01-29 18:15:03
5157,"Decor Mcguire, Schaefer and Pollard BJ-206",47,202.17,2023-06-19 16:22:31,2025-02-07 01:03:56
5158,Decor Eaton PLC dI-207,47,313.81,2020-09-19 07:14:46,2025-02-26 23:23:56
5159,"Decor Rodriguez, Coleman and Dalton ic-973",47,84.45,2020-07-15 07:03:17,2025-02-16 06:41:36
5160,Decor Allison LLC Dc-146,47,152.97,2020-03-03 14:13:05,2025-01-12 10:40:46
5161,Decor Anderson-Rodriguez xz-384,47,162.06,2024-09-25 09:28:11,2025-01-30 20:58:59
5162,Decor Brooks PLC hh-469,47,14.99,2019-06-08 10:24:20,2025-08-26 08:58:21
5163,Decor Watson-Lam ZU-661,47,221.17,2023-05-03 11:40:26,2025-08-27 03:59:13
5164,Decor Harrell-Taylor Hi-365,47,123.03,2023-12-30 06:53:54,2025-03-09 21:11:32
5165,Decor Robinson-Weiss PZ-134,47,362.75,2021-12-01 22:31:17,2025-02-15 15:13:51
5166,"Decor Schneider, Christian and Martinez Oi-186",47,212.04,2021-06-06 12:50:48,2025-07-25 07:39:03
5167,"Decor Bautista, Beard and Adams nW-439",47,232.66,2020-11-20 05:42:41,2025-05-03 11:14:41
5168,Decor Kline LLC VG-871,47,282.79,2019-04-05 03:07:57,2025-01-17 16:55:29
5169,Decor Andersen-Murray VJ-044,47,219.42,2024-04-09 16:36:18,2025-01-02 19:26:13
5170,Decor Stokes LLC Re-571,47,168.67,2021-07-18 09:51:54,2025-08-28 10:48:26
5171,"Decor Reynolds, Caldwell and Stevens cI-997",47,267.42,2022-10-29 23:00:08,2025-05-31 04:50:00
5172,"Decor Bryant, Clark and Bruce tM-016",47,258.88,2019-11-08 20:48:17,2025-04-29 13:52:34
5173,"Decor Ray, Anderson and Bennett uG-364",47,78.21,2023-02-04 18:00:51,2025-04-19 08:03:55
5174,Decor Andersen-Morales Wm-487,47,329.62,2020-11-06 10:02:58,2025-07-04 22:01:06
5175,Decor Woodard-Lewis vq-170,47,242.05,2019-01-17 05:09:38,2025-01-08 03:55:16
5176,"Decor Livingston, Bowman and Stewart MK-812",47,213.97,2023-12-14 13:06:43,2025-01-01 18:08:28
5177,"Decor Summers, Collins and Castillo Vo-536",47,334.86,2019-11-07 00:00:12,2025-05-30 22:12:42
5178,"Decor Walters, Anderson and Russo Rh-395",47,343.89,2020-06-23 10:08:15,2025-05-16 21:21:17
5179,"Decor Gonzalez, Cardenas and Stone yv-507",47,134.51,2022-11-10 00:22:50,2025-08-15 20:48:54
5180,"Decor Salinas, Tucker and Barker tq-445",47,379.87,2020-07-29 11:48:10,2025-04-01 02:54:26
5181,Decor Garcia LLC nn-270,47,126.99,2020-12-23 07:47:20,2025-06-28 19:56:02
5182,Decor Bowers and Sons sK-367,47,207.38,2020-07-03 02:46:20,2025-03-08 03:25:54
5183,"Decor Day, Huber and Pugh aK-965",47,174.55,2024-08-01 09:01:55,2025-01-07 11:14:12
5184,Decor Horn-Williams rl-807,47,62.25,2021-10-31 07:14:13,2025-06-18 10:01:47
5185,Decor Berry LLC au-141,47,280.26,2024-01-14 03:43:09,2025-03-09 03:29:24
5186,"Decor Wise, Davies and Boyd Ni-636",47,119.73,2019-09-20 04:20:36,2025-03-16 07:09:55
5187,Decor Lee Inc Ov-301,47,181.84,2021-08-20 08:26:53,2025-01-12 05:42:43
5188,Decor Lewis Inc wz-196,47,249.18,2019-11-05 08:10:14,2025-05-21 15:50:21
5189,Decor Tucker-Chavez mx-771,47,367.8,2021-07-25 10:18:01,2025-07-30 18:48:22
5190,Decor Smith and Sons hX-145,47,177.96,2019-01-05 14:46:20,2025-07-25 07:41:12
5191,Decor Gardner-Bell Rd-581,47,368.93,2024-03-15 00:47:21,2025-07-31 17:16:04
5192,"Decor Carter, Mitchell and Weiss jh-974",47,261.57,2020-11-17 12:07:09,2025-01-28 04:13:55
5193,Decor Mays-Rogers wh-460,47,324.87,2020-01-10 02:21:42,2025-06-01 22:43:57
5194,Decor Morrison-Monroe ND-851,47,262.83,2020-04-25 08:19:20,2025-03-23 20:28:43
5195,Decor Murray LLC my-282,47,228.35,2020-01-22 05:55:06,2025-05-29 17:10:32
5196,Decor Anthony-Simon UZ-786,47,357.38,2022-12-08 23:42:20,2025-06-02 21:28:38
5197,Decor Johnson-Alvarado As-986,47,131.78,2022-01-20 18:39:01,2025-06-29 04:03:55
5198,"Decor Huff, Parker and Aguirre XV-862",47,278.39,2022-11-30 01:33:37,2025-02-11 18:02:19
5199,"Decor Ford, Flores and Callahan jN-376",47,60.27,2021-01-07 20:02:42,2025-01-19 03:43:56
5200,"Decor Atkins, Mays and Gonzalez TM-203",47,47.39,2023-12-11 03:31:38,2025-06-07 00:35:48
5201,Decor Sanchez and Sons ZP-336,47,237.09,2021-03-06 13:38:54,2025-01-19 23:58:54
5202,Decor Kelly and Sons At-662,47,123.95,2019-12-15 16:12:58,2025-01-20 22:08:02
5203,Decor Simpson-Diaz Kw-165,47,226.01,2021-05-30 22:12:16,2025-07-16 21:47:24
5204,"Decor Chambers, Mckay and Kerr aF-441",47,201.12,2021-07-03 20:50:53,2025-04-22 11:56:03
5205,Decor Davila PLC GS-005,47,144.14,2020-06-24 07:44:20,2025-01-23 11:21:11
5206,Decor Monroe-Johnson HA-891,47,348.64,2022-01-21 18:34:18,2025-04-05 08:40:35
5207,Decor Alexander Inc pb-381,47,261.32,2019-02-25 11:06:20,2025-08-07 20:36:59
5208,Decor Vincent Group hk-112,47,308.04,2022-03-03 00:30:36,2025-05-07 22:47:07
5209,Decor Hale-Brown QA-425,47,364.4,2021-03-15 06:19:56,2025-03-01 04:59:22
5210,"Decor Martinez, Dennis and Castro De-616",47,430.68,2021-10-21 14:16:40,2025-01-18 23:06:26
5211,Decor Hernandez Group GO-674,47,205.37,2021-04-28 14:56:14,2025-05-19 05:32:28
5212,Decor Rivera Ltd eP-635,47,269.88,2023-12-22 11:12:27,2025-04-14 23:22:29
5213,Decor Reese Group MW-833,47,239.33,2019-06-05 12:44:52,2025-04-29 20:35:06
5214,Decor Christensen LLC hz-072,47,421.82,2020-04-16 01:53:26,2025-07-25 16:18:14
5215,Decor Berry Inc HN-556,47,65.22,2021-03-08 18:56:05,2025-06-26 09:47:59
5216,Decor Simon and Sons ss-342,47,101.8,2024-07-24 11:32:54,2025-08-15 18:57:06
5217,Decor Romero Inc ti-398,47,85.97,2020-06-22 15:42:46,2025-04-08 16:29:05
5218,Decor Jones and Sons og-297,47,60.77,2023-11-06 20:42:25,2025-03-10 17:16:04
5219,Decor Yang-Dunn aQ-559,47,345.9,2022-03-20 12:29:25,2025-04-03 20:33:48
5220,Decor Johnson-Blair eA-449,47,19.45,2024-01-23 18:40:44,2025-07-08 14:02:17
5221,Decor Fox-Brown iQ-769,47,242.55,2024-04-09 06:48:53,2025-04-27 21:56:02
5222,"Decor Erickson, Bridges and Henderson aa-097",47,262.26,2020-09-17 00:17:47,2025-06-18 05:00:36
5223,Decor Miller-Holmes VZ-742,47,396.89,2022-01-24 01:06:28,2025-06-15 08:03:30
5224,Decor Harrington-Gilbert SC-223,47,27.32,2019-12-15 15:18:54,2025-07-17 14:12:48
5225,Decor Schultz LLC Tr-646,47,70.06,2019-11-04 06:18:38,2025-03-30 15:44:44
5226,Decor Edwards Inc cN-157,47,80.04,2021-04-22 15:03:52,2025-02-24 21:09:59
5227,Decor Phillips and Sons eG-814,47,111.08,2021-12-18 11:37:38,2025-06-20 03:12:16
5228,Decor Hooper and Sons HB-988,47,258.9,2021-01-25 15:00:00,2025-02-26 08:05:19
5229,Decor Jones Inc BE-966,47,26.76,2023-02-07 16:45:55,2025-05-17 13:44:09
5230,Decor Hutchinson and Sons Is-329,47,18.94,2024-09-18 12:34:45,2025-07-26 20:12:41
5231,Decor Lewis and Sons Yg-250,47,205.33,2020-10-22 13:14:10,2025-05-28 17:32:04
5232,"Decor Brown, Rodriguez and Pollard IX-831",47,104.82,2023-08-23 03:20:55,2025-08-19 05:46:12
5233,"Decor Simmons, Hunter and Miller Ku-025",47,70.89,2021-12-13 15:00:22,2025-03-18 12:24:21
5234,Decor Kelly-Huynh DA-326,47,36.02,2019-01-01 15:19:06,2025-05-31 12:36:03
5235,"Decor Jackson, Cantu and Adams rc-926",47,229.85,2024-09-23 13:42:55,2025-03-25 01:43:57
5236,"Decor Simpson, Pham and Harris Zs-815",47,388.46,2019-01-28 21:00:33,2025-05-05 14:55:25
5237,"Decor Rice, Coleman and Huber bh-945",47,15.98,2024-09-07 01:44:33,2025-03-31 08:38:55
5238,"Decor Williams, Alexander and Robinson JL-797",47,257.83,2020-05-09 12:51:18,2025-03-14 19:20:40
5239,Decor Kennedy PLC vA-597,47,163.61,2020-10-13 11:40:50,2025-06-05 03:40:52
5240,"Decor Wells, Sweeney and Martin ii-730",47,58.74,2020-06-12 09:14:54,2025-05-08 19:14:20
5241,Decor Sosa-Reed zA-782,47,165.91,2021-10-26 20:15:30,2025-06-23 05:12:23
5242,Decor Brown and Sons Se-215,47,229.45,2022-03-13 09:30:15,2025-02-27 05:00:21
5243,Decor Mullen PLC rG-459,47,154.96,2023-03-09 03:58:53,2025-06-23 18:30:45
5244,Decor Johnson Group yn-858,47,378.81,2020-10-08 00:19:50,2025-07-16 11:34:23
5245,"Decor Baldwin, Cole and Carter Oa-724",47,31.43,2019-07-27 23:59:38,2025-07-10 14:07:24
5246,"Decor Jackson, Barnett and Myers HK-612",47,188.17,2021-05-29 20:33:48,2025-03-27 15:04:48
5247,"Decor Kelly, Smith and Baldwin BK-908",47,315.29,2022-10-14 00:47:14,2025-06-15 06:05:52
5248,"Decor Reese, Mccoy and Nash fc-735",47,383.49,2022-11-08 01:04:42,2025-04-09 19:37:43
5249,Decor Pham-Taylor gL-665,47,162.79,2019-09-20 09:19:09,2025-01-10 01:15:30
5250,"Decor Smith, Brown and Burnett WE-541",47,281.81,2024-01-01 23:14:50,2025-06-15 06:44:13
5251,"Decor Wheeler, Payne and White tr-863",47,162.16,2023-09-27 04:07:33,2025-07-01 06:24:34
5252,Decor Morales-Bauer Kk-694,47,273.55,2020-05-25 17:08:42,2025-04-26 05:59:49
5253,Decor Clark Group BY-240,47,120.13,2024-04-19 00:20:42,2025-02-20 19:10:50
5254,Decor Murray-Miller pU-392,47,339.01,2019-09-22 02:57:19,2025-03-14 17:13:36
5255,"Decor Baker, Wilson and Burgess eV-167",47,281.19,2021-01-03 03:55:29,2025-02-21 23:54:36
5256,Decor Oconnor PLC AO-791,47,368.29,2021-04-28 21:24:40,2025-04-23 07:08:43
5257,Decor Cox and Sons kb-654,47,335.38,2020-12-29 20:57:10,2025-01-10 09:05:25
5258,Decor Moss Ltd Ln-318,47,35.8,2021-12-04 07:33:22,2025-05-31 00:44:43
5259,Decor Silva-Walker UQ-107,47,283.38,2019-01-27 04:24:15,2025-05-27 13:03:13
5260,Decor Davidson-Martinez Dt-111,47,202.92,2019-06-11 11:23:21,2025-06-23 00:25:48
5261,"Decor Garcia, Carroll and Ponce dY-551",47,193.77,2023-04-05 01:26:56,2025-07-31 00:31:36
5262,Decor Figueroa Ltd WP-833,47,92.14,2020-12-14 02:50:45,2025-02-02 22:31:56
5263,Decor Allen-Norton eU-523,47,10.44,2022-12-08 21:00:42,2025-07-21 22:44:49
5264,Decor Kim and Sons hi-149,47,212.17,2022-11-24 13:47:27,2025-08-26 13:55:01
5265,Decor Smith-Cross PE-994,47,331.35,2021-09-04 18:32:01,2025-03-31 02:02:41
5266,Decor Allen LLC Ug-503,47,187.59,2023-12-05 14:38:55,2025-03-29 00:16:15
5267,"Decor Olson, Russell and Ruiz pG-595",47,326.42,2020-06-03 11:18:41,2025-03-16 06:36:35
5268,"Decor Juarez, Martin and Bell kI-886",47,154.25,2019-10-09 07:27:05,2025-08-24 01:29:34
5269,Decor Hardy-Hoover yg-858,47,347.48,2021-10-29 11:22:24,2025-03-11 06:06:53
5270,Decor Hester Inc ZB-846,47,310.09,2022-09-30 02:00:08,2025-04-10 22:44:01
5271,Decor Werner-Dean Gj-054,47,37.89,2020-11-04 12:22:31,2025-03-25 14:14:32
5272,Decor Jones-Morris Lv-551,47,163.79,2022-04-27 15:08:24,2025-01-17 15:44:55
5273,"Decor Lane, Zimmerman and Carter hY-388",47,376.99,2020-06-10 13:03:57,2025-07-26 11:31:18
5274,"Decor Delgado, Yates and Matthews rO-464",47,267.7,2021-07-12 23:35:50,2025-05-26 18:47:58
5275,Decor Thompson LLC RA-461,47,153.92,2019-11-12 22:58:57,2025-03-20 01:05:24
5276,Decor Dyer Ltd tP-203,47,305.45,2024-03-18 17:48:12,2025-05-27 20:06:36
5277,"Decor Aguilar, Mcdonald and Simon FZ-229",47,366.12,2021-09-27 04:01:37,2025-04-03 01:38:54
5278,"Decor Morris, Montoya and Smith Fr-183",47,232.26,2022-03-12 05:49:26,2025-02-11 07:28:45
5279,Decor Park-Rich VT-885,47,398.19,2021-12-28 11:00:02,2025-07-05 22:26:46
5280,Decor Barton-Robinson ip-160,47,148.13,2021-09-09 00:42:36,2025-06-24 11:39:35
5281,Decor Lindsey-Walker Tu-177,47,161.36,2020-04-10 04:13:52,2025-08-20 03:51:55
5282,Decor Farmer-Terry aN-184,47,71.44,2021-02-13 03:21:06,2025-04-23 10:46:02
5283,Decor Branch and Sons ZJ-912,47,87.79,2023-11-04 23:09:43,2025-08-30 08:32:24
5284,Decor Haynes-Edwards xX-119,47,277.7,2020-04-04 01:57:43,2025-03-16 18:52:07
5285,Decor Simmons-Butler ND-170,47,98.22,2019-10-06 11:35:22,2025-04-29 17:55:50
5286,"Decor Valdez, Patterson and Floyd AO-062",47,92.88,2022-04-27 03:43:10,2025-01-01 08:30:40
5287,"Decor Smith, Gonzalez and Humphrey JQ-627",47,162.43,2024-06-14 15:09:23,2025-03-09 15:11:27
5288,Decor Meyers-Bennett Nl-372,47,398.37,2023-10-30 02:44:35,2025-07-04 05:45:40
5289,"Decor Bryant, Flowers and Sharp Ei-880",47,368.08,2021-12-19 10:41:31,2025-04-16 17:50:43
5290,"Decor Charles, Robinson and Caldwell Rw-305",47,69.48,2019-02-25 15:09:13,2025-03-10 12:18:39
5291,"Decor Murphy, Ryan and Riddle rN-431",47,75.39,2020-11-26 12:19:33,2025-04-15 05:17:10
5292,Decor Ford Ltd oV-849,47,27.6,2019-12-06 13:31:06,2025-04-06 11:41:03
5293,Decor Brewer-Taylor ue-015,47,297.94,2022-06-10 08:05:53,2025-08-28 11:04:09
5294,Decor Jackson PLC Jc-079,47,44.42,2024-04-19 11:07:58,2025-06-26 03:03:03
5295,"Decor Payne, Flowers and Carroll cC-052",47,350.49,2023-12-14 08:30:17,2025-04-30 13:37:39
5296,Decor Decker-Fernandez FR-068,47,29.37,2021-10-05 05:30:09,2025-03-20 20:13:34
5297,Decor Simpson Inc IB-201,47,396.97,2020-04-23 22:53:51,2025-05-06 01:02:31
5298,Decor Diaz-Fletcher cT-764,47,245.4,2023-04-12 05:27:10,2025-07-17 09:14:02
5299,"Decor Larson, Thompson and Vaughn ZR-296",47,434.8,2021-05-29 07:54:24,2025-04-28 10:54:53
5300,"Decor Daniels, Reyes and Mcmillan YV-931",47,323.86,2024-09-24 16:12:18,2025-06-18 08:30:20
5301,"Decor Olson, Anderson and Brady ST-238",47,176.32,2019-04-13 17:09:30,2025-04-20 02:16:51
5302,Decor Harrington LLC mX-780,47,319.71,2020-10-02 15:23:02,2025-08-01 14:14:14
5303,Decor Patterson Ltd gf-328,47,373.2,2021-02-02 05:50:39,2025-05-04 10:59:32
5304,Decor White LLC ad-561,47,195.89,2020-06-17 01:20:48,2025-06-02 05:02:38
5305,Decor Osborne PLC mZ-098,47,257.27,2024-06-01 01:17:09,2025-07-08 00:21:54
5306,"Decor Chambers, Parrish and Beard Ju-724",47,271.91,2019-04-09 04:32:34,2025-01-14 17:22:16
5307,Decor Anderson-Taylor Fs-287,47,156.63,2022-07-10 05:15:25,2025-03-18 16:00:57
5308,Decor Hernandez-Hill Ej-970,47,31.52,2023-05-12 15:46:14,2025-02-18 05:06:39
5309,"Decor Steele, Fox and Dyer xx-729",47,245.15,2023-08-04 03:11:05,2025-03-20 01:50:52
5310,Decor Moreno Ltd wR-091,47,90.19,2020-12-26 06:10:49,2025-06-25 12:08:34
5311,Decor Wright Inc YS-952,47,111.27,2020-08-28 14:06:44,2025-04-20 03:06:50
5312,"Decor Flores, Jordan and Payne dO-256",47,92.78,2021-07-09 07:32:38,2025-05-21 01:18:03
5313,"Decor Schmidt, Sims and Brewer Ww-189",47,36.88,2023-10-11 18:36:31,2025-08-06 17:07:08
5314,Decor Watson Group XP-200,47,375.83,2021-06-20 05:07:51,2025-02-16 17:40:21
5315,"Decor Perkins, Chung and Welch kG-594",47,89.39,2022-12-31 09:19:55,2025-03-20 02:31:40
5316,Decor Jones-Butler JO-597,47,208.26,2021-03-15 00:56:48,2025-06-24 04:16:47
5317,Decor Hoffman Group Kf-245,47,246.37,2024-10-12 09:16:11,2025-01-03 12:21:23
5318,"Decor Murphy, Potter and Collier fV-966",47,189.6,2023-09-27 17:28:18,2025-03-01 19:12:56
5319,"Decor Garcia, Schultz and Fuller ly-847",47,102.9,2020-07-28 11:58:08,2025-04-22 16:58:40
5320,Decor Berger-Summers VF-109,47,140.94,2019-01-16 16:54:37,2025-02-20 07:43:25
5321,Decor Cox LLC pS-308,47,92.6,2022-07-09 21:51:12,2025-08-23 02:53:36
5322,"Decor Aguilar, Guerra and Garcia dd-657",47,341.4,2022-02-13 18:14:03,2025-02-01 03:12:03
5323,Decor Callahan PLC wu-123,47,393.92,2022-02-24 06:14:34,2025-05-25 20:11:25
5324,Decor Powers LLC fe-161,47,227.53,2023-07-29 14:49:49,2025-03-13 09:15:38
5325,"Decor Jackson, Rubio and Phillips AU-426",47,19.57,2019-07-20 05:07:34,2025-04-04 10:17:45
5326,"Decor Warren, Harris and Hanson Ee-706",47,256.89,2021-05-20 00:18:22,2025-02-14 19:22:26
5327,"Decor Harper, Hernandez and Munoz Wu-700",47,322.54,2023-04-26 18:34:59,2025-01-05 22:30:28
5328,Decor Smith and Sons HN-031,47,151.62,2024-09-21 00:35:45,2025-04-05 14:16:22
5329,"Decor Wade, Espinoza and Le Zh-803",47,269.88,2023-02-21 20:44:42,2025-04-04 15:54:33
5330,Decor Davis-Byrd tl-114,47,81.49,2022-08-26 19:27:20,2025-01-30 13:54:05
5331,Decor Lee-Pham gn-218,47,109.36,2019-08-10 06:33:17,2025-04-28 00:59:43
5332,Decor Zimmerman-Marks jN-373,47,249.41,2021-10-13 12:21:26,2025-02-21 04:57:35
5333,"Decor Gallegos, Richardson and Peterson BN-046",47,44.15,2021-11-09 15:00:12,2025-01-29 11:59:47
5334,"Decor Short, Young and Thomas ov-173",47,339.38,2019-03-08 02:17:07,2025-02-06 11:59:02
5335,Decor Andrews Ltd IO-840,47,307.83,2024-05-09 08:54:24,2025-01-11 19:41:17
5336,Decor Walker Group Gx-447,47,61.12,2021-02-13 07:47:13,2025-03-06 05:58:30
5337,"Decor Macias, Gutierrez and Jackson zE-496",47,261.72,2023-10-08 19:02:37,2025-03-15 06:44:27
5338,Decor Watkins Group lM-538,47,310.96,2023-07-17 03:56:00,2025-03-24 22:13:52
5339,"Decor Hudson, Nunez and Morris gz-134",47,47.95,2021-06-17 11:36:32,2025-08-01 10:31:03
5340,Decor Santos-Estrada Ws-609,47,165.26,2022-06-12 08:40:04,2025-06-05 22:54:25
5341,Decor Soto Inc aw-713,47,144.22,2024-05-08 22:56:06,2025-03-11 06:08:51
5342,Decor Perez LLC it-585,47,167.54,2023-10-19 14:20:00,2025-05-31 14:50:04
5343,"Decor Harmon, Yang and Simmons oF-285",47,150.65,2022-05-10 07:15:31,2025-01-15 18:24:28
5344,"Decor Shannon, Wallace and Mcdowell Ve-331",47,342.25,2021-08-05 15:29:07,2025-06-11 04:56:01
5345,Decor Johnson Inc BZ-879,47,301.63,2021-05-19 00:44:06,2025-01-02 01:18:21
5346,Decor Newton-Cisneros oP-720,47,199.66,2022-07-16 11:05:17,2025-02-04 18:29:45
5347,Decor Smith LLC Iv-944,47,165.51,2022-06-25 06:07:35,2025-01-24 17:25:12
5348,"Decor Cook, Roberts and Gonzales rO-898",47,111.62,2020-01-15 00:19:01,2025-01-22 16:08:10
5349,"Decor Miller, Robinson and Myers VH-447",47,84.28,2019-08-06 04:40:28,2024-12-31 08:45:05
5350,Decor Thompson-Roberson ZE-667,47,149.98,2024-11-12 23:13:31,2025-05-06 00:13:04
5351,Decor Tate and Sons VZ-296,47,149.03,2023-12-19 13:55:46,2025-04-13 05:32:04
5352,Decor Jones-Willis UF-323,47,232.21,2024-04-29 03:27:54,2025-08-03 01:32:14
5353,Decor Brown-Rodriguez hC-363,47,308.72,2022-08-06 08:38:41,2025-02-24 20:47:47
5354,"Decor Butler, Rios and Anderson wc-524",47,425.44,2019-02-20 19:44:40,2025-03-23 18:04:56
5355,Decor Jenkins-Dickerson Cf-834,47,93.68,2022-01-14 07:22:24,2025-07-31 02:27:10
5356,"Decor Buchanan, Christensen and Gibson Zh-206",47,153.28,2023-07-02 08:10:25,2025-05-18 20:01:15
5357,Decor Johnson-Ramirez zo-045,47,224.63,2022-10-16 21:03:02,2025-03-25 12:02:11
5358,"Decor Dixon, Ryan and Pittman CU-791",47,189.69,2022-03-13 18:50:47,2025-03-26 06:20:08
5359,Decor Shepherd Group iJ-958,47,46.14,2021-08-07 00:28:01,2025-03-23 02:45:50
5360,"Decor Davidson, Carr and Shelton PY-369",47,104.43,2020-11-26 23:41:30,2025-03-15 17:39:31
5361,Decor Ward-Turner JN-540,47,36.03,2020-09-15 19:26:25,2025-04-03 14:23:36
5362,Decor Goodwin Inc oM-344,47,365.33,2022-12-07 18:48:03,2025-08-05 11:35:51
5363,Decor Johnson LLC ih-443,47,81.49,2024-09-11 03:35:14,2025-02-20 14:09:28
5364,Decor Pena-Rowe Sv-467,47,81.88,2019-01-23 06:37:08,2025-01-03 13:07:22
5365,Decor Bell-Green EA-852,47,205.06,2024-06-22 14:40:14,2025-05-03 14:59:06
5366,Decor Mason and Sons WS-716,47,49.31,2022-11-29 09:26:55,2025-06-07 09:26:24
5367,Decor Booker PLC Yf-408,47,186.52,2024-05-20 04:09:46,2025-04-22 17:28:04
5368,Decor Shepard Group GI-587,47,116.34,2024-10-07 19:28:34,2025-02-04 12:37:25
5369,"Decor Walker, Obrien and Fischer mk-535",47,43.61,2021-07-13 01:02:33,2025-07-15 12:12:35
5370,"Decor Gray, Jordan and Bernard vf-626",47,233.05,2020-03-23 14:11:00,2025-02-08 13:48:42
5371,Decor Macdonald Ltd yO-467,47,392.91,2023-02-12 16:23:13,2025-02-04 08:45:10
5372,Decor Cunningham-Valdez cl-032,47,32.8,2024-05-14 18:17:43,2025-04-05 16:12:11
5373,"Decor Watson, Johnson and Gonzalez Xm-887",47,172.81,2019-09-11 04:37:24,2025-02-04 04:02:45
5374,Decor Hall-Brown mk-510,47,27.52,2022-12-01 08:50:44,2025-04-07 14:51:27
5375,Decor Luna-Ortega bs-881,47,173.86,2023-08-23 20:16:02,2025-01-26 09:16:14
5376,Decor Pena-Padilla OS-579,47,326.34,2021-11-18 00:37:20,2025-06-30 11:03:13
5377,Decor Barton-Norris oI-429,47,139.87,2021-12-21 13:08:20,2025-05-05 04:48:30
5378,"Decor Harris, Hughes and White PN-549",47,29.96,2023-03-08 06:57:55,2025-01-29 13:31:25
5379,Decor Gallagher Inc VZ-639,47,368.64,2023-08-14 01:33:20,2025-08-14 14:56:39
5380,Decor Watts-Payne sX-718,47,77.12,2023-10-20 21:13:11,2025-01-07 00:00:18
5381,Decor Holden-Hamilton co-349,47,403.69,2021-07-03 08:05:29,2025-08-28 18:45:16
5382,"Decor Thompson, Garcia and Hunter lO-832",47,184.56,2022-10-12 00:48:30,2025-08-17 17:27:49
5383,Decor Bridges-Bates yQ-303,47,16.42,2024-01-24 01:07:48,2025-08-12 21:42:24
5384,Decor Harris Group YQ-254,47,12.1,2024-05-16 07:51:43,2025-08-01 02:13:46
5385,"Decor Hughes, Johnson and Gutierrez Qn-401",47,151.92,2020-06-20 21:20:31,2025-06-13 23:11:46
5386,"Decor Fritz, Baker and Willis Vt-607",47,242.46,2024-02-06 12:08:42,2025-05-13 15:54:40
5387,"Decor Fitzpatrick, Smith and Franklin Vp-717",47,58.67,2019-12-10 19:06:43,2025-07-23 02:28:13
5388,Decor Zamora LLC NF-927,47,177.42,2023-06-18 21:27:30,2025-07-26 08:16:48
5389,"Decor Munoz, Ross and Holmes xr-310",47,20.62,2019-03-02 15:08:10,2025-06-13 00:23:20
5390,Decor Thompson-Diaz PT-970,47,38.49,2019-09-12 12:10:35,2025-02-04 09:24:13
5391,Decor Gray-Moore PV-947,47,173.2,2023-03-17 20:30:11,2025-04-13 00:14:38
5392,Decor Walker PLC cY-532,47,244.29,2024-07-17 23:32:46,2025-05-19 07:03:57
5393,"Decor Strickland, Ward and Wright Ei-793",47,189.07,2019-12-12 01:47:09,2025-05-21 11:13:28
5394,"Decor Zhang, Bell and Howard CF-379",47,53.32,2019-08-03 09:05:30,2025-04-10 13:24:09
5395,Decor Cooper and Sons WG-565,47,53.51,2022-06-06 04:18:48,2025-07-27 14:35:54
5396,Decor Johnson-Cowan oL-909,47,193.28,2020-08-29 23:05:30,2025-03-13 23:54:28
5397,Decor Mcclure-Stuart aZ-418,47,47.44,2020-02-26 17:48:57,2025-06-25 17:50:17
5398,"Decor Peterson, Morgan and Price eD-231",47,302.47,2021-03-12 13:17:14,2025-04-20 08:23:02
5399,Decor Hayes Group Xu-168,47,330.63,2023-05-16 22:34:46,2025-08-18 13:40:12
5400,Decor Young Ltd Yz-325,47,51.49,2019-02-08 02:39:28,2025-01-26 10:51:56
5401,"Decor Olson, Brown and Thompson Dk-930",47,164.92,2022-06-12 02:37:55,2025-02-20 17:56:21
5402,Decor Chen and Sons UL-749,47,29.52,2019-03-04 00:05:34,2025-03-01 01:49:17
5403,Decor Morris and Sons Qs-612,47,75.85,2022-12-11 09:58:16,2025-07-10 03:01:04
5404,"Decor Griffin, Lam and Saunders mz-922",47,297.45,2022-11-30 06:08:43,2025-04-20 22:30:58
5405,Decor Davis-King Me-823,47,235.39,2023-06-22 18:14:26,2025-01-20 15:48:14
5406,Decor Reyes-Hall TS-590,47,41.79,2023-12-29 01:48:23,2025-06-14 08:44:53
5407,Decor Wilson-Norris Po-824,47,266.47,2022-05-09 13:19:54,2025-04-01 08:06:34
5408,"Decor Wise, Wright and Martin LV-701",47,345.94,2022-11-18 16:57:58,2025-05-11 12:55:41
5409,Decor Eaton PLC Ty-450,47,109.57,2023-11-14 12:54:59,2025-04-24 01:31:20
5410,Decor Brooks-Macdonald BY-596,47,106.87,2022-10-25 22:29:01,2025-08-14 01:51:38
5411,Decor Rivera-Anderson RX-852,47,118.16,2023-09-12 14:08:10,2025-02-05 12:09:05
5412,"Decor Novak, Zhang and Pugh Gt-350",47,226.07,2021-03-13 02:19:26,2025-08-11 21:09:01
5413,Decor Brown PLC Yb-438,47,14.32,2019-11-10 08:41:14,2025-06-27 10:47:47
5414,Decor Payne Group vM-411,47,139.19,2019-07-01 13:05:02,2025-07-02 16:08:04
5415,Decor Bell-Hunter IB-287,47,200.41,2024-08-26 17:33:31,2025-01-13 09:41:30
5416,Decor Fisher-Rodgers oZ-105,47,119.17,2022-09-30 01:56:41,2025-01-15 16:57:29
5417,Decor Faulkner-Shaffer Kn-303,47,20.53,2024-05-30 14:19:24,2025-05-19 09:50:35
5418,Decor Martinez Ltd sH-957,47,178.04,2023-06-18 03:00:20,2025-05-27 13:22:29
