wh_id,product_id,supplier_id,price,procurement,markup,sales_price,stock_quantity
1,1418,1,145.27,0.38,0.25,181.59,72
2,1418,5,140.14,0.15,0.25,175.18,75
3,1418,4,158.08,0.46,0.25,197.6,62
4,1418,6,140.14,0.4,0.25,175.18,34
5,1418,8,143.56,0.46,0.25,179.45,56
6,1418,10,157.23,0.45,0.25,196.54,81
7,5278,7,399.49,0.34,0.25,499.36,81
8,5278,6,385.55,0.42,0.25,481.94,63
9,5278,1,394.84,0.43,0.25,493.55,14
10,5278,5,390.2,0.1,0.25,487.75,42
11,4002,3,217.64,0.15,0.25,272.05,75
12,4002,10,231.33,0.49,0.25,289.16,23
13,4002,2,229.96,0.41,0.25,287.45,33
14,4002,6,235.43,0.43,0.25,294.29,11
15,4002,7,250.49,0.49,0.25,313.11,37
16,4002,1,257.33,0.48,0.25,321.66,91
17,1850,9,14.06,0.38,0.25,17.58,44
18,1850,1,13.89,0.43,0.25,17.36,64
19,1850,3,13.48,0.11,0.25,16.85,61
20,1850,8,13.07,0.31,0.25,16.34,90
21,1850,6,13.4,0.31,0.25,16.75,43
22,4582,7,688.34,0.43,0.25,860.42,81
23,4582,9,700.78,0.36,0.25,875.97,90
24,4582,5,667.6,0.12,0.25,834.5,85
25,4582,2,655.16,0.35,0.25,818.95,32
26,4582,3,663.46,0.12,0.25,829.32,59
27,804,6,69.13,0.34,0.25,86.41,15
28,804,8,70.82,0.42,0.25,88.52,16
29,804,5,67.01,0.11,0.25,83.76,52
30,804,7,75.91,0.47,0.25,94.89,76
31,804,4,72.95,0.49,0.25,91.19,28
32,4722,2,240.78,0.36,0.25,300.98,13
33,4722,3,231.92,0.12,0.25,289.9,32
34,4722,8,257.03,0.35,0.25,321.29,99
35,4680,1,47.66,0.47,0.25,59.58,77
36,4680,10,46.36,0.41,0.25,57.95,71
37,4680,2,41.96,0.31,0.25,52.45,57
38,4680,6,44.29,0.34,0.25,55.36,10
39,4680,3,39.89,0.13,0.25,49.86,79
40,3473,2,7417.35,0.48,0.25,9271.69,92
41,3473,8,6878.66,0.37,0.25,8598.33,87
42,3473,9,6878.66,0.32,0.25,8598.33,22
43,810,3,31.51,0.13,0.25,39.39,26
44,810,1,34.97,0.35,0.25,43.71,29
45,810,9,35.58,0.4,0.25,44.47,72
46,810,7,35.17,0.38,0.25,43.96,36
47,810,10,34.97,0.36,0.25,43.71,12
48,3985,10,2139.93,0.41,0.25,2674.91,74
49,3985,7,2328.74,0.48,0.25,2910.92,34
50,3985,5,1963.7,0.13,0.25,2454.62,26
51,3985,2,2215.45,0.5,0.25,2769.31,35
52,3985,4,1988.87,0.33,0.25,2486.09,87
53,3227,3,146.48,0.12,0.25,183.1,36
54,3227,6,140.51,0.37,0.25,175.64,33
55,3227,9,139.66,0.31,0.25,174.58,90
56,2949,5,44.12,0.14,0.25,55.15,90
57,2949,2,43.31,0.37,0.25,54.14,64
58,2949,7,40.88,0.3,0.25,51.1,64
59,2949,9,44.94,0.31,0.25,56.18,88
60,2949,3,42.23,0.11,0.25,52.79,47
61,2949,8,44.12,0.32,0.25,55.15,22
62,516,3,248.45,0.14,0.25,310.56,13
63,516,1,275.52,0.42,0.25,344.4,53
64,516,2,258.0,0.4,0.25,322.5,59
65,516,10,261.19,0.41,0.25,326.49,50
66,516,9,283.48,0.39,0.25,354.35,17
67,3731,5,1629.23,0.1,0.25,2036.54,13
68,3731,1,1810.26,0.41,0.25,2262.82,62
69,3731,6,1619.18,0.37,0.25,2023.98,48
70,1759,5,515.8,0.15,0.25,644.75,81
71,1759,8,556.19,0.44,0.25,695.24,61
72,1759,7,584.15,0.48,0.25,730.19,26
73,3293,10,564.24,0.42,0.25,705.3,99
74,3293,8,560.86,0.37,0.25,701.08,60
75,3293,6,591.27,0.42,0.25,739.09,13
76,3293,5,567.62,0.12,0.25,709.52,62
77,526,8,129.39,0.31,0.25,161.74,48
78,526,2,137.85,0.39,0.25,172.31,62
79,526,3,131.93,0.14,0.25,164.91,71
80,526,4,143.77,0.34,0.25,179.71,39
81,526,10,149.69,0.38,0.25,187.11,19
82,526,7,159.84,0.49,0.25,199.8,29
83,1170,4,239.32,0.44,0.25,299.15,71
84,1170,10,204.94,0.32,0.25,256.18,35
85,1170,1,230.06,0.46,0.25,287.58,46
86,1170,3,214.2,0.13,0.25,267.75,63
87,1170,9,216.84,0.31,0.25,271.05,13
88,2557,4,213.1,0.44,0.25,266.38,63
89,2557,5,204.38,0.11,0.25,255.48,55
90,2557,3,206.87,0.13,0.25,258.59,87
91,2557,9,208.12,0.4,0.25,260.15,66
92,755,8,15.42,0.34,0.25,19.27,75
93,755,2,17.91,0.4,0.25,22.39,32
94,755,3,16.32,0.14,0.25,20.4,87
95,755,9,15.52,0.34,0.25,19.4,85
96,755,5,16.92,0.14,0.25,21.15,75
97,2986,10,211.12,0.39,0.25,263.9,52
98,2986,4,195.07,0.38,0.25,243.84,67
99,2986,1,214.82,0.44,0.25,268.52,91
100,2986,3,202.47,0.15,0.25,253.09,24
101,4942,9,127.58,0.49,0.25,159.48,41
102,4942,3,126.84,0.14,0.25,158.55,33
103,4942,8,121.61,0.31,0.25,152.01,49
104,1544,5,226.14,0.1,0.25,282.67,76
105,1544,6,236.04,0.31,0.25,295.05,100
106,1544,7,226.14,0.33,0.25,282.67,42
107,2952,5,141.58,0.1,0.25,176.98,74
108,2952,6,148.36,0.5,0.25,185.45,16
109,2952,9,137.34,0.36,0.25,171.68,12
110,1078,1,97.18,0.42,0.25,121.48,87
111,1078,9,96.59,0.31,0.25,120.74,20
112,1078,6,104.79,0.43,0.25,130.99,55
113,1078,7,103.62,0.5,0.25,129.52,61
114,1916,3,21.98,0.13,0.25,27.48,87
115,1916,8,21.58,0.32,0.25,26.98,81
116,1916,4,23.04,0.4,0.25,28.8,87
117,1916,5,22.91,0.14,0.25,28.64,40
118,2804,4,307.79,0.44,0.25,384.74,42
119,2804,5,273.01,0.15,0.25,341.26,60
120,2804,8,292.14,0.41,0.25,365.17,49
121,2804,9,290.4,0.42,0.25,363.0,21
122,2804,1,307.79,0.43,0.25,384.74,11
123,2804,7,300.83,0.33,0.25,376.04,29
124,680,1,76.49,0.46,0.25,95.61,80
125,680,10,78.32,0.35,0.25,97.9,64
126,680,8,70.99,0.34,0.25,88.74,15
127,680,3,74.2,0.13,0.25,92.75,81
128,680,4,77.86,0.33,0.25,97.32,24
129,1993,4,28.98,0.43,0.25,36.22,39
130,1993,8,28.13,0.31,0.25,35.16,14
131,1993,5,25.92,0.1,0.25,32.4,47
132,1993,3,26.6,0.12,0.25,33.25,99
133,1993,7,31.2,0.44,0.25,39.0,32
134,1993,2,30.18,0.49,0.25,37.72,76
135,5358,6,309.19,0.36,0.25,386.49,31
136,5358,3,311.09,0.13,0.25,388.86,33
137,5358,8,324.37,0.5,0.25,405.46,69
138,5358,2,301.61,0.35,0.25,377.01,10
139,5358,10,316.78,0.44,0.25,395.98,20
140,5358,9,318.68,0.39,0.25,398.35,98
141,2039,4,9.41,0.3,0.25,11.76,37
142,2039,7,9.86,0.49,0.25,12.32,64
143,2039,5,8.78,0.12,0.25,10.98,71
144,2039,3,9.4,0.13,0.25,11.75,70
145,5387,1,102.09,0.36,0.25,127.61,51
146,5387,6,99.15,0.41,0.25,123.94,24
147,5387,4,99.15,0.38,0.25,123.94,67
148,5387,10,104.43,0.47,0.25,130.54,37
149,5387,5,90.94,0.13,0.25,113.68,39
150,89,7,1459.61,0.34,0.25,1824.51,44
151,89,3,1451.12,0.12,0.25,1813.9,90
152,89,2,1459.61,0.47,0.25,1824.51,83
153,910,5,142.41,0.15,0.25,178.01,47
154,910,7,144.08,0.4,0.25,180.1,89
155,910,10,146.6,0.39,0.25,183.25,62
156,3397,4,7113.35,0.36,0.25,8891.69,72
157,3397,9,7031.58,0.37,0.25,8789.48,27
158,3397,3,6704.53,0.15,0.25,8380.66,59
159,3397,2,7235.99,0.38,0.25,9044.99,70
160,1189,8,22.46,0.4,0.25,28.08,46
161,1189,9,23.53,0.45,0.25,29.41,63
162,1189,6,21.12,0.3,0.25,26.4,36
163,2693,5,42.25,0.11,0.25,52.81,81
164,2693,2,46.73,0.41,0.25,58.41,90
165,2693,6,50.92,0.44,0.25,63.65,48
166,2693,7,44.77,0.34,0.25,55.96,27
167,2693,3,48.13,0.15,0.25,60.16,21
168,2693,4,43.09,0.31,0.25,53.86,85
169,1932,5,27.16,0.14,0.25,33.95,48
170,1932,9,27.99,0.43,0.25,34.99,35
171,1932,3,25.83,0.14,0.25,32.29,14
172,1932,10,29.64,0.49,0.25,37.05,10
173,1304,10,67.5,0.37,0.25,84.38,98
174,1304,1,70.29,0.43,0.25,87.86,18
175,1304,4,65.9,0.38,0.25,82.38,85
176,1304,5,63.9,0.15,0.25,79.88,65
177,1304,8,69.5,0.49,0.25,86.88,40
178,2217,5,151.73,0.13,0.25,189.66,94
179,2217,7,151.73,0.37,0.25,189.66,78
180,2217,10,154.42,0.41,0.25,193.02,31
181,2217,4,161.6,0.44,0.25,202.0,22
182,2217,1,156.22,0.49,0.25,195.28,49
183,2217,2,156.22,0.46,0.25,195.28,62
184,5400,10,79.81,0.31,0.25,99.76,63
185,5400,3,84.96,0.12,0.25,106.2,70
186,5400,5,81.87,0.11,0.25,102.34,52
187,5400,7,88.56,0.49,0.25,110.7,24
188,5400,8,82.9,0.37,0.25,103.62,25
189,1550,10,399.04,0.49,0.25,498.8,56
190,1550,8,385.88,0.42,0.25,482.35,49
191,1550,7,388.07,0.42,0.25,485.09,45
192,4334,5,575.02,0.11,0.25,718.78,46
193,4334,10,597.13,0.38,0.25,746.41,70
194,4334,6,615.56,0.32,0.25,769.45,34
195,4334,8,586.07,0.31,0.25,732.59,68
196,4334,7,674.54,0.48,0.25,843.18,53
197,4334,2,659.79,0.5,0.25,824.74,62
198,1370,4,108.02,0.37,0.25,135.02,10
199,1370,3,97.16,0.1,0.25,121.45,88
200,1370,1,107.39,0.45,0.25,134.24,51
201,4750,10,395.44,0.47,0.25,494.3,63
202,4750,8,418.84,0.45,0.25,523.55,90
203,4750,2,383.74,0.41,0.25,479.68,21
204,4750,5,372.04,0.12,0.25,465.05,90
205,4750,3,386.08,0.13,0.25,482.6,26
206,4750,9,411.82,0.43,0.25,514.78,83
207,1079,9,198.46,0.32,0.25,248.08,17
208,1079,6,213.91,0.45,0.25,267.39,90
209,1079,10,203.22,0.35,0.25,254.02,40
210,5390,7,64.66,0.37,0.25,80.82,88
211,5390,1,59.27,0.32,0.25,74.09,32
212,5390,5,60.04,0.11,0.25,75.05,66
213,4862,4,103.49,0.49,0.25,129.36,69
214,4862,7,101.84,0.46,0.25,127.3,15
215,4862,8,93.58,0.45,0.25,116.98,56
216,4862,1,100.19,0.5,0.25,125.24,30
217,4977,8,401.64,0.37,0.25,502.05,94
218,4977,7,389.47,0.32,0.25,486.84,79
219,4977,5,423.55,0.15,0.25,529.44,33
220,4977,10,423.55,0.4,0.25,529.44,90
221,4977,4,438.16,0.41,0.25,547.7,22
222,4721,1,628.83,0.49,0.25,786.04,44
223,4721,9,618.64,0.43,0.25,773.3,55
224,4721,5,533.66,0.13,0.25,667.08,86
225,4721,7,560.85,0.37,0.25,701.06,66
226,4721,6,577.85,0.32,0.25,722.31,84
227,4038,1,1949.16,0.47,0.25,2436.45,84
228,4038,10,1904.09,0.36,0.25,2380.11,19
229,4038,8,1915.36,0.34,0.25,2394.2,93
230,4038,5,1780.15,0.14,0.25,2225.19,21
231,4038,7,1926.62,0.48,0.25,2408.27,84
232,2771,4,136.05,0.41,0.25,170.06,91
233,2771,7,119.44,0.3,0.25,149.3,63
234,2771,8,139.22,0.5,0.25,174.02,65
235,2771,5,136.05,0.14,0.25,170.06,52
236,2771,6,131.31,0.32,0.25,164.14,27
237,2771,1,147.92,0.49,0.25,184.9,39
238,781,5,51.53,0.12,0.25,64.41,33
239,781,10,51.53,0.39,0.25,64.41,32
240,781,7,48.48,0.31,0.25,60.6,26
241,781,6,50.0,0.37,0.25,62.5,55
242,2602,3,167.24,0.1,0.25,209.05,70
243,2602,9,162.29,0.31,0.25,202.86,69
244,2602,4,154.38,0.35,0.25,192.98,94
245,2602,8,163.28,0.32,0.25,204.1,60
246,1331,1,159.76,0.46,0.25,199.7,65
247,1331,10,163.34,0.46,0.25,204.18,53
248,1331,7,139.11,0.35,0.25,173.89,91
249,3896,1,1815.57,0.42,0.25,2269.46,86
250,3896,6,1718.88,0.37,0.25,2148.6,79
251,3896,3,1729.62,0.11,0.25,2162.02,74
252,3896,7,1837.05,0.39,0.25,2296.31,17
253,3896,8,1686.65,0.36,0.25,2108.31,15
254,3896,2,1729.62,0.39,0.25,2162.02,23
255,446,6,412.19,0.3,0.25,515.24,51
256,446,5,409.69,0.12,0.25,512.11,83
257,446,3,397.2,0.11,0.25,496.5,62
258,446,4,437.17,0.5,0.25,546.46,14
259,3841,8,2241.72,0.45,0.25,2802.15,15
260,3841,10,2200.96,0.36,0.25,2751.2,78
261,3841,4,2200.96,0.34,0.25,2751.2,27
262,3841,5,2160.21,0.14,0.25,2700.26,32
263,4667,6,536.38,0.49,0.25,670.48,95
264,4667,7,542.69,0.32,0.25,678.36,77
265,4667,8,520.61,0.31,0.25,650.76,19
266,4667,3,533.23,0.11,0.25,666.54,55
267,4667,9,577.4,0.46,0.25,721.75,50
268,4667,1,517.45,0.37,0.25,646.81,59
269,3788,6,811.03,0.37,0.25,1013.79,67
270,3788,4,746.51,0.41,0.25,933.14,98
271,3788,9,801.81,0.43,0.25,1002.26,46
272,3788,3,783.38,0.13,0.25,979.22,70
273,3788,7,820.24,0.43,0.25,1025.3,52
274,135,4,866.83,0.42,0.25,1083.54,16
275,135,6,856.51,0.34,0.25,1070.64,35
276,135,3,871.99,0.12,0.25,1089.99,100
277,135,5,871.99,0.14,0.25,1089.99,13
278,135,10,846.19,0.34,0.25,1057.74,79
279,2178,1,19.05,0.36,0.25,23.81,92
280,2178,5,16.97,0.11,0.25,21.21,32
281,2178,2,17.08,0.31,0.25,21.35,58
282,3433,4,7539.15,0.31,0.25,9423.94,33
283,3433,6,8147.9,0.44,0.25,10184.88,53
284,3433,1,7913.76,0.37,0.25,9892.2,51
285,3433,3,7258.18,0.14,0.25,9072.72,74
286,3433,5,7632.8,0.14,0.25,9541.0,19
287,3433,7,8663.0,0.46,0.25,10828.75,11
288,3914,9,1785.85,0.32,0.25,2232.31,11
289,3914,4,2062.37,0.49,0.25,2577.96,63
290,3914,7,1935.63,0.48,0.25,2419.54,27
291,3914,6,2004.76,0.48,0.25,2505.95,83
292,3914,8,1924.11,0.36,0.25,2405.14,96
293,3691,9,8359.67,0.47,0.25,10449.59,55
294,3691,4,8834.65,0.47,0.25,11043.31,91
295,3691,3,7694.69,0.1,0.25,9618.36,86
296,3691,1,8122.18,0.41,0.25,10152.72,53
297,3691,5,7979.68,0.1,0.25,9974.6,74
298,3318,7,1191.23,0.49,0.25,1489.04,46
299,3318,3,1046.44,0.14,0.25,1308.05,76
300,3318,1,1158.33,0.44,0.25,1447.91,72
301,2566,1,197.1,0.3,0.25,246.38,88
302,2566,8,215.58,0.46,0.25,269.48,99
303,2566,9,206.96,0.39,0.25,258.7,55
304,4410,3,677.62,0.12,0.25,847.02,79
305,4410,6,669.65,0.41,0.25,837.06,60
306,4410,7,693.56,0.45,0.25,866.95,99
307,4410,2,701.54,0.44,0.25,876.92,93
308,2074,1,17.66,0.37,0.25,22.08,81
309,2074,4,18.47,0.47,0.25,23.09,59
310,2074,10,17.66,0.44,0.25,22.08,28
311,2953,8,207.74,0.48,0.25,259.68,20
312,2953,7,189.67,0.33,0.25,237.09,49
313,2953,2,184.03,0.42,0.25,230.04,85
314,2953,1,188.54,0.38,0.25,235.68,48
315,2953,5,196.45,0.14,0.25,245.56,57
316,2953,10,177.25,0.36,0.25,221.56,37
317,2007,1,23.85,0.47,0.25,29.81,38
318,2007,7,22.26,0.4,0.25,27.83,73
319,2007,5,21.86,0.15,0.25,27.32,95
320,1496,6,625.4,0.31,0.25,781.75,67
321,1496,10,662.85,0.5,0.25,828.56,58
322,1496,5,632.89,0.13,0.25,791.11,29
323,1496,1,666.59,0.5,0.25,833.24,83
324,2173,6,25.7,0.36,0.25,32.12,31
325,2173,2,24.18,0.3,0.25,30.22,28
326,2173,1,24.64,0.32,0.25,30.8,16
327,3517,8,933.35,0.36,0.25,1166.69,49
328,3517,1,1003.79,0.49,0.25,1254.74,71
329,3517,10,974.44,0.44,0.25,1218.05,83
330,3517,5,986.18,0.14,0.25,1232.72,61
331,4796,9,55.67,0.43,0.25,69.59,44
332,4796,2,54.38,0.37,0.25,67.98,87
333,4796,5,53.42,0.15,0.25,66.78,93
334,4796,1,55.99,0.5,0.25,69.99,15
335,4796,7,54.38,0.37,0.25,67.98,44
336,4796,3,51.81,0.1,0.25,64.76,12
337,3418,6,7371.04,0.43,0.25,9213.8,93
338,3418,10,7004.53,0.49,0.25,8755.66,38
339,3418,5,6923.08,0.13,0.25,8653.85,56
340,3418,4,6800.91,0.35,0.25,8501.14,85
341,323,8,276.36,0.4,0.25,345.45,50
342,323,10,305.54,0.42,0.25,381.92,21
343,323,4,303.82,0.49,0.25,379.78,52
344,323,2,312.4,0.43,0.25,390.5,70
345,323,9,279.79,0.42,0.25,349.74,70
346,323,3,278.07,0.12,0.25,347.59,51
347,1453,6,109.52,0.32,0.25,136.9,44
348,1453,2,127.89,0.48,0.25,159.86,61
349,1453,1,115.88,0.31,0.25,144.85,18
350,1453,7,129.31,0.45,0.25,161.64,47
351,4021,4,1965.51,0.32,0.25,2456.89,91
352,4021,6,2119.67,0.44,0.25,2649.59,60
353,4021,3,2196.75,0.15,0.25,2745.94,65
354,4021,9,2196.75,0.34,0.25,2745.94,88
355,4021,5,2042.59,0.12,0.25,2553.24,94
356,4021,1,2029.75,0.31,0.25,2537.19,87
357,4920,10,234.32,0.39,0.25,292.9,61
358,4920,2,228.84,0.4,0.25,286.05,15
359,4920,3,213.77,0.14,0.25,267.21,39
360,4920,6,254.88,0.47,0.25,318.6,53
361,4920,7,235.69,0.49,0.25,294.61,84
362,1275,10,52.47,0.48,0.25,65.59,19
363,1275,6,47.11,0.41,0.25,58.89,72
364,1275,8,45.7,0.4,0.25,57.12,97
365,1275,9,49.93,0.48,0.25,62.41,11
366,1275,3,48.24,0.12,0.25,60.3,62
367,1275,1,46.55,0.41,0.25,58.19,14
368,513,3,459.87,0.1,0.25,574.84,41
369,513,9,487.57,0.38,0.25,609.46,73
370,513,1,479.26,0.39,0.25,599.08,78
371,513,4,454.33,0.39,0.25,567.91,29
372,513,6,451.56,0.36,0.25,564.45,70
373,2706,3,85.31,0.12,0.25,106.64,51
374,2706,7,89.47,0.45,0.25,111.84,40
375,2706,1,85.31,0.33,0.25,106.64,43
376,2706,4,94.16,0.44,0.25,117.7,47
377,2706,5,82.71,0.13,0.25,103.39,30
378,609,7,16.82,0.45,0.25,21.02,44
379,609,10,14.61,0.36,0.25,18.26,72
380,609,3,15.71,0.14,0.25,19.64,53
381,609,2,16.82,0.47,0.25,21.02,100
382,609,9,15.44,0.46,0.25,19.3,91
383,2598,1,22.2,0.47,0.25,27.75,24
384,2598,7,20.62,0.47,0.25,25.78,57
385,2598,3,20.37,0.14,0.25,25.46,11
386,2598,5,19.76,0.13,0.25,24.7,72
387,2598,10,20.86,0.35,0.25,26.08,47
388,2598,2,19.89,0.34,0.25,24.86,48
389,2765,10,141.95,0.41,0.25,177.44,43
390,2765,1,147.69,0.48,0.25,184.61,42
391,2765,3,141.13,0.13,0.25,176.41,100
392,2186,1,7.37,0.35,0.25,9.21,76
393,2186,10,7.55,0.48,0.25,9.44,54
394,2186,4,7.77,0.43,0.25,9.71,71
395,2186,6,7.41,0.34,0.25,9.26,72
396,2186,7,7.1,0.33,0.25,8.88,77
397,2186,3,7.24,0.15,0.25,9.05,94
398,1717,1,289.12,0.41,0.25,361.4,70
399,1717,6,285.72,0.36,0.25,357.15,58
400,1717,7,260.21,0.31,0.25,325.26,25
401,1717,5,277.21,0.12,0.25,346.51,91
402,636,5,44.48,0.12,0.25,55.6,66
403,636,1,43.91,0.34,0.25,54.89,23
404,636,8,49.58,0.45,0.25,61.97,16
405,1216,5,213.61,0.11,0.25,267.01,43
406,1216,7,199.45,0.31,0.25,249.31,87
407,1216,2,229.05,0.45,0.25,286.31,46
408,1216,9,214.9,0.33,0.25,268.62,70
409,3628,6,1583.55,0.41,0.25,1979.44,97
410,3628,8,1592.98,0.47,0.25,1991.22,59
411,3628,3,1555.27,0.14,0.25,1944.09,11
412,3628,10,1687.24,0.49,0.25,2109.05,65
413,3628,1,1658.96,0.5,0.25,2073.7,51
414,5117,4,259.79,0.33,0.25,324.74,54
415,5117,3,275.93,0.14,0.25,344.91,32
416,5117,7,267.86,0.3,0.25,334.83,79
417,5117,9,279.15,0.35,0.25,348.94,38
418,5117,1,267.86,0.3,0.25,334.83,56
419,4147,10,706.11,0.44,0.25,882.64,18
420,4147,5,702.01,0.14,0.25,877.51,49
421,4147,2,689.69,0.31,0.25,862.11,34
422,4147,3,677.37,0.1,0.25,846.71,59
423,1439,6,78.57,0.32,0.25,98.21,92
424,1439,4,81.35,0.38,0.25,101.69,84
425,1439,7,79.04,0.36,0.25,98.8,80
426,1439,9,79.96,0.48,0.25,99.95,55
427,1439,5,70.72,0.12,0.25,88.4,66
428,1439,10,75.34,0.39,0.25,94.18,89
429,423,9,268.58,0.3,0.25,335.72,66
430,423,1,287.04,0.43,0.25,358.8,76
431,423,2,290.4,0.44,0.25,363.0,50
432,423,3,258.5,0.13,0.25,323.12,65
433,995,8,100.94,0.38,0.25,126.18,40
434,995,2,101.51,0.38,0.25,126.89,75
435,995,9,90.04,0.31,0.25,112.55,18
436,995,5,95.2,0.11,0.25,119.0,60
437,1715,4,599.86,0.46,0.25,749.82,90
438,1715,3,560.58,0.12,0.25,700.72,93
439,1715,2,649.85,0.5,0.25,812.31,81
440,1715,5,610.57,0.15,0.25,763.21,40
441,4880,1,509.43,0.32,0.25,636.79,61
442,4880,8,497.01,0.31,0.25,621.26,92
443,4880,7,549.82,0.39,0.25,687.28,77
444,1111,10,58.17,0.5,0.25,72.71,17
445,1111,1,57.17,0.39,0.25,71.46,58
446,1111,5,57.17,0.13,0.25,71.46,67
447,1111,8,55.51,0.34,0.25,69.39,75
448,1111,6,56.51,0.38,0.25,70.64,35
449,400,7,232.54,0.34,0.25,290.68,39
450,400,1,243.55,0.48,0.25,304.44,84
451,400,10,221.54,0.38,0.25,276.92,86
452,400,5,214.66,0.1,0.25,268.32,50
453,4580,9,2157.08,0.45,0.25,2696.35,29
454,4580,6,1998.65,0.41,0.25,2498.31,29
455,4580,7,2059.59,0.37,0.25,2574.49,75
456,4580,5,2023.03,0.13,0.25,2528.79,58
457,4580,8,2169.27,0.43,0.25,2711.59,98
458,4478,4,193.41,0.41,0.25,241.76,36
459,4478,5,178.8,0.11,0.25,223.5,100
460,4478,7,196.79,0.47,0.25,245.99,47
461,4478,6,194.54,0.4,0.25,243.18,90
462,1655,5,501.7,0.13,0.25,627.12,38
463,1655,4,477.67,0.39,0.25,597.09,58
464,1655,3,498.7,0.14,0.25,623.38,60
465,5324,8,386.8,0.36,0.25,483.5,87
466,5324,4,420.93,0.49,0.25,526.16,61
467,5324,2,386.8,0.32,0.25,483.5,79
468,5324,3,352.67,0.11,0.25,440.84,61
469,5324,7,409.55,0.42,0.25,511.94,21
470,5324,6,398.18,0.46,0.25,497.72,59
471,1141,5,198.57,0.13,0.25,248.21,12
472,1141,1,203.35,0.44,0.25,254.19,69
473,1141,2,196.18,0.43,0.25,245.23,100
474,1141,3,205.75,0.14,0.25,257.19,73
475,1141,8,214.12,0.42,0.25,267.65,61
476,1385,5,26.6,0.14,0.25,33.25,86
477,1385,6,26.93,0.39,0.25,33.66,40
478,1385,7,27.91,0.36,0.25,34.89,74
479,1385,10,29.88,0.44,0.25,37.35,88
480,1385,9,30.05,0.44,0.25,37.56,97
481,2121,4,19.86,0.42,0.25,24.82,51
482,2121,1,21.07,0.35,0.25,26.34,14
483,2121,3,18.53,0.11,0.25,23.16,68
484,1378,4,147.02,0.49,0.25,183.78,88
485,1378,1,140.49,0.45,0.25,175.61,57
486,1378,7,138.04,0.31,0.25,172.55,39
487,1378,3,135.59,0.14,0.25,169.49,39
488,1378,10,136.41,0.42,0.25,170.51,32
489,2782,9,173.5,0.47,0.25,216.88,71
490,2782,4,168.73,0.45,0.25,210.91,42
491,2782,10,152.53,0.4,0.25,190.66,59
492,2782,2,154.43,0.3,0.25,193.04,86
493,2782,1,153.48,0.38,0.25,191.85,58
494,1510,1,769.07,0.42,0.25,961.34,42
495,1510,7,804.23,0.43,0.25,1005.29,37
496,1510,10,681.18,0.35,0.25,851.47,24
497,5215,10,99.79,0.33,0.25,124.74,73
498,5215,4,118.05,0.41,0.25,147.56,99
499,5215,3,100.44,0.12,0.25,125.55,54
500,5215,9,110.22,0.35,0.25,137.78,88
501,5063,8,630.29,0.31,0.25,787.86,62
502,5063,4,715.36,0.46,0.25,894.2,99
503,5063,2,672.82,0.42,0.25,841.03,19
504,5127,6,492.41,0.4,0.25,615.51,51
505,5127,7,514.8,0.46,0.25,643.5,20
506,5127,8,506.4,0.49,0.25,633.0,64
507,5127,3,486.82,0.14,0.25,608.52,85
508,5127,2,500.81,0.46,0.25,626.01,71
509,4387,10,1966.44,0.46,0.25,2458.05,69
510,4387,8,1945.07,0.48,0.25,2431.34,42
511,4387,1,1795.45,0.43,0.25,2244.31,64
512,4387,3,1763.39,0.11,0.25,2204.24,91
513,4387,9,1731.33,0.36,0.25,2164.16,57
514,352,5,286.04,0.11,0.25,357.55,40
515,352,2,318.83,0.47,0.25,398.54,54
516,352,8,289.68,0.36,0.25,362.1,97
517,352,10,318.83,0.49,0.25,398.54,65
518,352,3,280.57,0.11,0.25,350.71,12
519,2961,5,21.52,0.11,0.25,26.9,84
520,2961,1,21.66,0.36,0.25,27.08,80
521,2961,2,23.86,0.45,0.25,29.82,26
522,2961,6,23.44,0.43,0.25,29.3,84
523,2961,8,24.4,0.49,0.25,30.5,61
524,4740,5,607.75,0.11,0.25,759.69,64
525,4740,1,618.87,0.35,0.25,773.59,34
526,4740,7,581.81,0.32,0.25,727.26,99
527,4740,8,607.75,0.4,0.25,759.69,89
528,871,3,81.6,0.12,0.25,102.0,63
529,871,8,84.15,0.33,0.25,105.19,72
530,871,4,87.21,0.46,0.25,109.01,85
531,2564,8,8.08,0.44,0.25,10.1,72
532,2564,7,7.5,0.35,0.25,9.38,81
533,2564,10,7.5,0.35,0.25,9.38,40
534,1517,9,329.02,0.44,0.25,411.28,58
535,1517,1,325.37,0.43,0.25,406.71,94
536,1517,8,329.02,0.46,0.25,411.28,99
537,1517,5,316.23,0.14,0.25,395.29,15
538,1517,10,294.29,0.37,0.25,367.86,11
539,1517,3,294.29,0.11,0.25,367.86,61
540,864,1,19.98,0.32,0.25,24.98,81
541,864,3,19.48,0.13,0.25,24.35,61
542,864,2,21.73,0.34,0.25,27.16,98
543,864,8,21.86,0.48,0.25,27.32,29
544,864,6,21.98,0.44,0.25,27.48,26
545,3368,3,6715.04,0.15,0.25,8393.8,12
546,3368,8,7554.42,0.45,0.25,9443.02,29
547,3368,1,7134.73,0.44,0.25,8918.41,56
548,3368,4,7218.67,0.45,0.25,9023.34,61
549,2882,10,14.99,0.47,0.25,18.74,94
550,2882,9,15.88,0.4,0.25,19.85,31
551,2882,2,14.18,0.36,0.25,17.73,75
552,2882,6,14.45,0.41,0.25,18.06,65
553,2632,10,222.16,0.36,0.25,277.7,54
554,2632,2,223.46,0.42,0.25,279.32,22
555,2632,8,218.24,0.41,0.25,272.8,10
556,2632,5,222.16,0.12,0.25,277.7,59
557,2632,1,227.38,0.43,0.25,284.23,49
558,741,1,75.27,0.45,0.25,94.09,51
559,741,3,74.82,0.11,0.25,93.52,60
560,741,5,73.45,0.11,0.25,91.81,46
561,741,8,81.2,0.4,0.25,101.5,21
562,741,4,74.82,0.32,0.25,93.52,83
563,741,7,74.36,0.4,0.25,92.95,42
564,2983,5,249.64,0.1,0.25,312.05,15
565,2983,7,272.19,0.43,0.25,340.24,64
566,2983,8,280.24,0.41,0.25,350.3,24
567,2983,9,262.53,0.41,0.25,328.16,89
568,2861,5,207.29,0.14,0.25,259.11,17
569,2861,2,212.05,0.45,0.25,265.06,77
570,2861,10,189.42,0.36,0.25,236.77,62
571,2861,6,206.09,0.34,0.25,257.61,70
572,2861,7,215.63,0.5,0.25,269.54,59
573,2861,9,192.99,0.34,0.25,241.24,11
574,2962,7,99.19,0.36,0.25,123.99,63
575,2962,10,100.4,0.43,0.25,125.5,74
576,2962,4,103.44,0.47,0.25,129.3,58
577,5088,10,50.75,0.36,0.25,63.44,69
578,5088,1,56.25,0.45,0.25,70.31,13
579,5088,5,47.38,0.14,0.25,59.22,13
580,5088,2,48.61,0.38,0.25,60.76,37
581,1582,10,819.82,0.47,0.25,1024.78,49
582,1582,9,800.42,0.4,0.25,1000.52,88
583,1582,3,795.56,0.12,0.25,994.45,82
584,1582,2,761.61,0.34,0.25,952.01,15
585,4496,7,835.71,0.38,0.25,1044.64,43
586,4496,3,799.6,0.13,0.25,999.5,77
587,4496,8,923.41,0.45,0.25,1154.26,91
588,4496,2,892.46,0.46,0.25,1115.58,88
589,4547,10,472.91,0.31,0.25,591.14,24
590,4547,5,488.36,0.11,0.25,610.45,83
591,4547,2,516.18,0.43,0.25,645.22,74
592,4547,8,510.0,0.4,0.25,637.5,36
593,4547,4,516.18,0.36,0.25,645.22,67
594,4547,7,550.18,0.47,0.25,687.72,55
595,2758,8,141.9,0.37,0.25,177.38,90
596,2758,9,150.65,0.44,0.25,188.31,25
597,2758,2,149.78,0.48,0.25,187.22,59
598,730,8,67.62,0.44,0.25,84.52,19
599,730,6,62.76,0.32,0.25,78.45,95
600,730,10,68.43,0.38,0.25,85.54,48
601,3694,7,4058.05,0.37,0.25,5072.56,24
602,3694,10,4260.95,0.35,0.25,5326.19,11
603,3694,6,4413.13,0.46,0.25,5516.41,89
604,3694,4,4489.22,0.47,0.25,5611.52,75
605,3694,3,4210.22,0.13,0.25,5262.78,32
606,1252,1,69.92,0.44,0.25,87.4,25
607,1252,2,76.2,0.45,0.25,95.25,91
608,1252,3,69.92,0.12,0.25,87.4,33
609,1252,6,70.34,0.4,0.25,87.93,56
610,5362,4,664.9,0.48,0.25,831.12,78
611,5362,1,624.71,0.35,0.25,780.89,95
612,5362,3,632.02,0.15,0.25,790.02,11
613,5362,5,602.79,0.13,0.25,753.49,97
614,5362,2,635.67,0.39,0.25,794.59,38
615,3317,1,5749.33,0.36,0.25,7186.66,53
616,3317,3,5407.11,0.1,0.25,6758.89,44
617,3317,4,5920.44,0.35,0.25,7400.55,10
618,3317,8,5852.0,0.39,0.25,7315.0,53
619,3317,6,5817.77,0.41,0.25,7272.21,93
620,3317,5,5817.77,0.11,0.25,7272.21,29
621,5189,3,636.29,0.14,0.25,795.36,64
622,5189,2,621.58,0.43,0.25,776.98,23
623,5189,8,651.01,0.48,0.25,813.76,79
624,5189,10,617.9,0.31,0.25,772.38,86
625,5189,5,599.51,0.1,0.25,749.39,16
626,5189,1,592.16,0.37,0.25,740.2,96
627,599,5,82.44,0.15,0.25,103.05,27
628,599,8,88.71,0.33,0.25,110.89,44
629,599,9,92.36,0.41,0.25,115.45,46
630,599,7,90.79,0.4,0.25,113.49,60
631,599,1,89.23,0.32,0.25,111.54,36
632,278,3,273.74,0.15,0.25,342.18,62
633,278,7,294.27,0.42,0.25,367.84,19
634,278,9,309.67,0.45,0.25,387.09,85
635,278,1,301.12,0.42,0.25,376.4,71
636,4394,10,835.23,0.46,0.25,1044.04,30
637,4394,6,910.7,0.42,0.25,1138.38,68
638,4394,9,870.45,0.38,0.25,1088.06,97
639,2267,4,136.17,0.32,0.25,170.21,29
640,2267,2,143.16,0.44,0.25,178.95,54
641,2267,8,153.63,0.41,0.25,192.04,51
642,2267,3,135.3,0.12,0.25,169.12,34
643,2267,6,145.77,0.43,0.25,182.21,19
644,5018,5,266.52,0.12,0.25,333.15,25
645,5018,7,277.83,0.44,0.25,347.29,39
646,5018,9,253.6,0.32,0.25,317.0,25
647,5018,1,295.6,0.48,0.25,369.5,37
648,5018,6,293.98,0.43,0.25,367.48,34
649,5018,2,277.83,0.34,0.25,347.29,48
650,3261,2,2309.34,0.36,0.25,2886.68,55
651,3261,5,2338.21,0.15,0.25,2922.76,90
652,3261,1,2453.68,0.32,0.25,3067.1,16
653,3261,7,2410.38,0.31,0.25,3012.98,73
654,3261,10,2338.21,0.31,0.25,2922.76,47
655,3261,8,2554.71,0.48,0.25,3193.39,62
656,303,8,133.3,0.36,0.25,166.62,93
657,303,10,121.87,0.39,0.25,152.34,90
658,303,7,128.73,0.4,0.25,160.91,63
659,303,5,116.54,0.11,0.25,145.68,42
660,303,3,129.49,0.13,0.25,161.86,75
661,303,2,127.2,0.4,0.25,159.0,10
662,2441,10,63.52,0.43,0.25,79.4,27
663,2441,9,60.26,0.44,0.25,75.32,37
664,2441,2,56.63,0.33,0.25,70.79,38
665,2441,3,62.8,0.13,0.25,78.5,92
666,2441,7,63.89,0.43,0.25,79.86,43
667,4054,10,157.67,0.45,0.25,197.09,75
668,4054,8,160.42,0.4,0.25,200.52,73
669,4054,9,167.76,0.48,0.25,209.7,14
670,678,1,25.12,0.4,0.25,31.4,49
671,678,2,26.14,0.4,0.25,32.67,59
672,678,9,25.41,0.37,0.25,31.76,79
673,678,3,24.1,0.11,0.25,30.12,27
674,678,8,25.12,0.35,0.25,31.4,78
675,317,10,108.16,0.41,0.25,135.2,60
676,317,8,112.77,0.43,0.25,140.96,89
677,317,4,114.09,0.44,0.25,142.61,58
678,317,7,117.39,0.41,0.25,146.74,28
679,317,6,115.41,0.41,0.25,144.26,58
680,882,1,277.56,0.46,0.25,346.95,56
681,882,3,238.34,0.12,0.25,297.92,62
682,882,7,238.34,0.34,0.25,297.92,22
683,882,2,259.46,0.43,0.25,324.32,26
684,882,5,244.38,0.14,0.25,305.48,38
685,663,2,9.84,0.49,0.25,12.3,36
686,663,9,8.55,0.32,0.25,10.69,60
687,663,10,8.78,0.35,0.25,10.98,82
688,663,6,9.5,0.38,0.25,11.88,23
689,2556,10,11.96,0.32,0.25,14.95,83
690,2556,9,12.18,0.33,0.25,15.22,53
691,2556,2,12.67,0.49,0.25,15.84,75
692,2556,8,13.24,0.48,0.25,16.55,72
693,2556,6,12.89,0.42,0.25,16.11,60
694,2556,4,12.32,0.4,0.25,15.4,36
695,1921,10,25.17,0.47,0.25,31.46,30
696,1921,7,21.75,0.39,0.25,27.19,63
697,1921,3,22.44,0.12,0.25,28.05,87
698,3870,7,347.57,0.35,0.25,434.46,90
699,3870,5,351.97,0.13,0.25,439.96,99
700,3870,8,367.37,0.33,0.25,459.21,100
701,465,9,276.23,0.44,0.25,345.29,95
702,465,7,286.27,0.39,0.25,357.84,70
703,465,5,282.92,0.11,0.25,353.65,59
704,465,1,271.2,0.32,0.25,339.0,18
705,465,2,306.36,0.44,0.25,382.95,10
706,465,6,257.81,0.33,0.25,322.26,63
707,4874,8,407.85,0.39,0.25,509.81,13
708,4874,9,400.43,0.37,0.25,500.54,26
709,4874,3,388.07,0.14,0.25,485.09,62
710,4874,5,385.6,0.11,0.25,482.0,100
711,595,1,45.94,0.42,0.25,57.42,43
712,595,3,41.85,0.13,0.25,52.31,81
713,595,10,42.87,0.42,0.25,53.59,19
714,595,9,39.3,0.32,0.25,49.12,33
715,595,8,43.89,0.39,0.25,54.86,51
716,595,7,43.89,0.35,0.25,54.86,34
717,3688,2,3640.35,0.47,0.25,4550.44,40
718,3688,4,3517.64,0.44,0.25,4397.05,54
719,3688,8,3497.19,0.35,0.25,4371.49,52
720,2688,3,283.47,0.13,0.25,354.34,92
721,2688,7,290.14,0.42,0.25,362.67,100
722,2688,1,283.47,0.45,0.25,354.34,68
723,2688,10,263.47,0.35,0.25,329.34,95
724,2688,6,285.14,0.4,0.25,356.42,96
725,2688,4,305.15,0.49,0.25,381.44,69
726,2410,1,17.25,0.38,0.25,21.56,31
727,2410,8,18.09,0.41,0.25,22.61,32
728,2410,10,19.36,0.45,0.25,24.2,57
729,2410,6,17.03,0.34,0.25,21.29,41
730,2070,3,6.7,0.11,0.25,8.38,14
731,2070,5,6.79,0.14,0.25,8.49,66
732,2070,8,7.83,0.49,0.25,9.79,98
733,2070,2,7.7,0.5,0.25,9.62,43
734,2070,9,7.53,0.43,0.25,9.41,67
735,161,8,999.44,0.33,0.25,1249.3,59
736,161,6,1098.76,0.49,0.25,1373.45,35
737,161,5,974.61,0.13,0.25,1218.26,65
738,161,1,1049.1,0.48,0.25,1311.38,89
739,161,2,1067.72,0.47,0.25,1334.65,58
740,3077,10,2482.26,0.35,0.25,3102.82,72
741,3077,1,2710.69,0.47,0.25,3388.36,46
742,3077,9,2649.78,0.41,0.25,3312.23,83
743,3077,3,2360.43,0.12,0.25,2950.54,77
744,3077,8,2573.63,0.44,0.25,3217.04,12
745,3077,5,2482.26,0.13,0.25,3102.82,54
746,1525,6,641.01,0.33,0.25,801.26,94
747,1525,4,672.86,0.47,0.25,841.08,37
748,1525,3,668.88,0.13,0.25,836.1,59
749,1055,1,29.85,0.46,0.25,37.31,38
750,1055,3,26.8,0.11,0.25,33.5,11
751,1055,8,27.98,0.38,0.25,34.98,60
752,1055,7,27.98,0.37,0.25,34.98,42
753,435,3,290.93,0.13,0.25,363.66,94
754,435,2,275.44,0.38,0.25,344.3,97
755,435,1,299.54,0.36,0.25,374.42,50
756,435,4,284.05,0.43,0.25,355.06,14
757,435,9,299.54,0.37,0.25,374.42,59
758,435,10,277.16,0.33,0.25,346.45,16
759,1821,1,30.42,0.48,0.25,38.03,91
760,1821,5,29.34,0.12,0.25,36.67,44
761,1821,10,30.42,0.36,0.25,38.03,59
762,1821,2,28.43,0.37,0.25,35.54,81
763,1821,6,30.24,0.31,0.25,37.8,84
764,1821,4,29.88,0.35,0.25,37.35,25
765,365,5,115.96,0.1,0.25,144.95,16
766,365,9,130.28,0.48,0.25,162.85,18
767,365,2,117.39,0.35,0.25,146.74,25
768,931,9,200.63,0.34,0.25,250.79,96
769,931,6,218.75,0.46,0.25,273.44,86
770,931,5,212.28,0.12,0.25,265.35,99
771,931,3,205.81,0.13,0.25,257.26,68
772,931,1,232.99,0.43,0.25,291.24,83
773,931,8,217.46,0.31,0.25,271.82,90
774,4164,8,1411.02,0.37,0.25,1763.78,17
775,4164,4,1454.57,0.39,0.25,1818.21,62
776,4164,6,1498.12,0.38,0.25,1872.65,13
777,4164,10,1480.7,0.31,0.25,1850.88,72
778,4164,9,1532.96,0.42,0.25,1916.2,66
779,4164,5,1445.86,0.11,0.25,1807.32,19
780,4270,9,2423.51,0.41,0.25,3029.39,20
781,4270,10,2151.2,0.37,0.25,2689.0,30
782,4270,4,2205.66,0.4,0.25,2757.08,73
783,4270,6,2164.82,0.35,0.25,2706.02,70
784,4270,8,2341.81,0.49,0.25,2927.26,11
785,927,4,192.95,0.36,0.25,241.19,66
786,927,8,187.37,0.41,0.25,234.21,29
787,927,9,173.99,0.34,0.25,217.49,34
788,1736,3,728.09,0.1,0.25,910.11,59
789,1736,9,687.64,0.31,0.25,859.55,53
790,1736,4,782.03,0.45,0.25,977.54,38
791,1736,5,705.62,0.13,0.25,882.02,36
792,1736,2,750.56,0.42,0.25,938.2,46
793,1736,7,782.03,0.38,0.25,977.54,63
794,3523,9,5289.5,0.34,0.25,6611.88,70
795,3523,6,5352.09,0.42,0.25,6690.11,41
796,3523,3,4882.61,0.13,0.25,6103.26,39
797,3523,2,5633.78,0.48,0.25,7042.22,81
798,3523,4,5852.88,0.49,0.25,7316.1,66
799,3523,5,4788.72,0.12,0.25,5985.9,58
800,1074,6,255.36,0.38,0.25,319.2,71
801,1074,8,245.26,0.49,0.25,306.58,25
802,1074,3,246.7,0.13,0.25,308.38,35
803,1074,2,236.6,0.3,0.25,295.75,35
804,1074,1,259.69,0.47,0.25,324.61,49
805,877,10,18.01,0.42,0.25,22.51,89
806,877,5,16.46,0.13,0.25,20.58,65
807,877,3,15.73,0.11,0.25,19.66,64
808,2114,6,25.32,0.36,0.25,31.65,31
809,2114,8,26.07,0.43,0.25,32.59,88
810,2114,1,25.17,0.36,0.25,31.46,17
811,4647,1,283.62,0.46,0.25,354.52,54
812,4647,8,267.51,0.33,0.25,334.39,12
813,4647,7,273.96,0.38,0.25,342.45,21
814,1559,10,771.5,0.43,0.25,964.38,79
815,1559,5,696.98,0.1,0.25,871.22,48
816,1559,4,696.98,0.32,0.25,871.22,83
817,1559,3,683.83,0.1,0.25,854.79,69
818,1559,2,802.18,0.46,0.25,1002.72,19
819,1559,1,753.96,0.49,0.25,942.45,66
820,3364,5,1761.03,0.13,0.25,2201.29,74
821,3364,10,1750.49,0.32,0.25,2188.11,39
822,3364,1,1919.21,0.42,0.25,2399.01,44
823,3557,9,5241.69,0.44,0.25,6552.11,100
824,3557,10,5183.77,0.44,0.25,6479.71,87
825,3557,8,4836.25,0.39,0.25,6045.31,40
826,3557,4,4662.5,0.36,0.25,5828.12,41
827,3548,8,7538.45,0.44,0.25,9423.06,37
828,3548,4,7494.62,0.33,0.25,9368.28,35
829,3548,6,7319.31,0.42,0.25,9149.14,55
830,3548,9,7582.28,0.43,0.25,9477.85,59
831,3548,3,6705.71,0.12,0.25,8382.14,37
832,3548,5,7056.34,0.15,0.25,8820.42,46
833,2000,5,8.11,0.14,0.25,10.14,48
834,2000,4,8.92,0.42,0.25,11.15,21
835,2000,6,8.62,0.33,0.25,10.77,27
836,2000,9,8.36,0.33,0.25,10.45,87
837,392,9,415.98,0.42,0.25,519.98,66
838,392,4,423.54,0.42,0.25,529.43,51
839,392,8,418.5,0.33,0.25,523.12,90
840,392,3,408.42,0.11,0.25,510.52,40
841,255,2,183.53,0.44,0.25,229.41,15
842,255,7,175.97,0.34,0.25,219.96,88
843,255,10,184.61,0.46,0.25,230.76,77
844,255,6,183.53,0.46,0.25,229.41,35
845,4364,10,560.66,0.47,0.25,700.82,72
846,4364,3,538.62,0.14,0.25,673.28,49
847,4364,1,554.36,0.44,0.25,692.95,42
848,4364,9,570.11,0.44,0.25,712.64,45
849,4364,7,541.77,0.34,0.25,677.21,13
850,4364,6,570.11,0.47,0.25,712.64,95
851,916,7,18.74,0.4,0.25,23.42,14
852,916,5,17.82,0.11,0.25,22.28,90
853,916,4,19.21,0.44,0.25,24.01,43
854,916,2,20.13,0.47,0.25,25.16,100
855,916,10,18.05,0.31,0.25,22.56,44
856,4569,10,668.5,0.43,0.25,835.62,77
857,4569,9,735.74,0.48,0.25,919.68,11
858,4569,1,668.5,0.46,0.25,835.62,37
859,4569,7,660.59,0.34,0.25,825.74,85
860,4569,3,660.59,0.12,0.25,825.74,53
861,207,9,705.92,0.34,0.25,882.4,54
862,207,6,766.92,0.41,0.25,958.65,91
863,207,5,714.63,0.15,0.25,893.29,95
864,207,7,736.42,0.39,0.25,920.52,75
865,207,1,692.84,0.31,0.25,866.05,68
866,1183,8,135.79,0.47,0.25,169.74,23
867,1183,3,132.56,0.12,0.25,165.7,78
868,1183,10,142.26,0.4,0.25,177.82,53
869,1183,5,126.09,0.12,0.25,157.61,31
870,1183,6,151.96,0.49,0.25,189.95,88
871,1183,1,143.88,0.48,0.25,179.85,88
872,4259,4,1482.29,0.47,0.25,1852.86,96
873,4259,1,1448.6,0.43,0.25,1810.75,72
874,4259,2,1398.07,0.43,0.25,1747.59,58
875,3713,8,1054.68,0.31,0.25,1318.35,93
876,3713,2,1015.85,0.34,0.25,1269.81,36
877,3713,6,1067.62,0.44,0.25,1334.52,42
878,3713,4,1190.55,0.5,0.25,1488.19,91
879,3713,9,1125.85,0.47,0.25,1407.31,53
880,3713,3,1022.32,0.13,0.25,1277.9,70
881,685,6,47.5,0.38,0.25,59.38,30
882,685,10,47.5,0.5,0.25,59.38,97
883,685,3,46.11,0.11,0.25,57.64,37
884,685,7,48.06,0.37,0.25,60.08,27
885,685,8,48.62,0.39,0.25,60.78,47
886,3515,10,4591.38,0.31,0.25,5739.22,70
887,3515,3,4760.39,0.13,0.25,5950.49,58
888,3515,6,4929.4,0.47,0.25,6161.75,45
889,3515,7,4647.72,0.36,0.25,5809.65,86
890,229,1,271.12,0.32,0.25,338.9,80
891,229,4,253.27,0.32,0.25,316.59,28
892,229,5,258.14,0.12,0.25,322.67,55
893,229,2,271.12,0.35,0.25,338.9,17
894,5317,1,433.61,0.39,0.25,542.01,27
895,5317,10,376.95,0.33,0.25,471.19,49
896,5317,8,406.51,0.33,0.25,508.14,23
897,5317,5,418.83,0.15,0.25,523.54,13
898,5317,9,408.97,0.37,0.25,511.21,66
899,2945,2,171.9,0.37,0.25,214.88,81
900,2945,6,162.08,0.37,0.25,202.6,36
901,2945,1,167.97,0.45,0.25,209.96,49
902,2945,9,167.97,0.32,0.25,209.96,89
903,2945,5,162.08,0.14,0.25,202.6,53
904,2360,3,142.0,0.14,0.25,177.5,24
905,2360,9,141.17,0.43,0.25,176.46,76
906,2360,7,145.32,0.36,0.25,181.65,51
907,2471,4,50.78,0.49,0.25,63.48,21
908,2471,6,47.36,0.32,0.25,59.2,80
909,2471,3,44.51,0.14,0.25,55.64,27
910,2237,2,133.78,0.32,0.25,167.22,50
911,2237,5,145.07,0.11,0.25,181.34,48
912,2237,6,147.68,0.42,0.25,184.6,82
913,2237,4,159.84,0.46,0.25,199.8,16
914,4262,4,2024.64,0.32,0.25,2530.8,46
915,4262,6,2072.84,0.5,0.25,2591.05,31
916,4262,9,2109.0,0.36,0.25,2636.25,20
917,4262,8,2072.84,0.47,0.25,2591.05,82
918,4262,2,2072.84,0.41,0.25,2591.05,100
919,4262,1,2048.74,0.44,0.25,2560.92,65
920,4300,8,711.64,0.41,0.25,889.55,32
921,4300,10,674.83,0.43,0.25,843.54,73
922,4300,5,654.38,0.14,0.25,817.98,80
923,4300,2,650.29,0.36,0.25,812.86,40
924,92,4,1418.74,0.48,0.25,1773.42,92
925,92,2,1340.79,0.37,0.25,1675.99,29
926,92,1,1270.63,0.35,0.25,1588.29,24
927,92,6,1457.72,0.48,0.25,1822.15,79
928,2615,8,325.34,0.47,0.25,406.67,94
929,2615,6,286.52,0.34,0.25,358.15,78
930,2615,3,316.09,0.13,0.25,395.11,73
931,2255,3,67.18,0.11,0.25,83.98,31
932,2255,8,70.4,0.37,0.25,88.0,33
933,2255,4,68.79,0.33,0.25,85.99,15
934,2255,7,63.16,0.37,0.25,78.95,35
935,2255,6,65.98,0.4,0.25,82.48,85
936,2255,5,61.15,0.11,0.25,76.44,31
937,2159,9,4.56,0.35,0.25,5.7,63
938,2159,8,4.59,0.4,0.25,5.74,18
939,2159,4,5.04,0.41,0.25,6.3,84
940,3864,6,1993.43,0.5,0.25,2491.79,44
941,3864,3,1878.2,0.13,0.25,2347.75,70
942,3864,2,1993.43,0.45,0.25,2491.79,45
943,3864,10,2097.13,0.46,0.25,2621.41,93
944,2426,2,110.18,0.39,0.25,137.73,49
945,2426,4,112.75,0.43,0.25,140.94,44
946,2426,1,111.46,0.48,0.25,139.32,53
947,16,8,2138.27,0.49,0.25,2672.84,53
948,16,5,1991.65,0.14,0.25,2489.56,52
949,16,9,2248.24,0.48,0.25,2810.3,34
950,1088,3,93.86,0.11,0.25,117.32,41
951,1088,2,92.74,0.32,0.25,115.92,68
952,1088,5,87.72,0.12,0.25,109.65,11
953,551,7,84.31,0.45,0.25,105.39,42
954,551,6,79.24,0.42,0.25,99.05,78
955,551,5,76.02,0.13,0.25,95.02,23
956,4281,2,912.88,0.46,0.25,1141.1,53
957,4281,3,843.07,0.1,0.25,1053.84,17
958,4281,8,875.29,0.37,0.25,1094.11,63
959,4281,4,891.4,0.31,0.25,1114.25,50
960,4281,5,907.51,0.11,0.25,1134.39,84
961,4281,10,939.73,0.39,0.25,1174.66,78
962,1204,7,101.19,0.36,0.25,126.49,23
963,1204,5,101.19,0.14,0.25,126.49,63
964,1204,4,99.37,0.38,0.25,124.21,22
965,1204,1,99.37,0.39,0.25,124.21,18
966,1204,2,99.97,0.32,0.25,124.96,48
967,1204,10,106.64,0.39,0.25,133.3,21
968,4464,8,2063.23,0.48,0.25,2579.04,31
969,4464,7,1994.46,0.35,0.25,2493.07,29
970,4464,4,1811.06,0.33,0.25,2263.82,49
971,4464,3,1788.13,0.11,0.25,2235.16,62
972,2375,7,95.22,0.42,0.25,119.02,80
973,2375,8,92.51,0.48,0.25,115.64,25
974,2375,10,99.0,0.46,0.25,123.75,14
975,2375,9,97.38,0.42,0.25,121.72,31
976,2291,5,168.44,0.13,0.25,210.55,55
977,2291,3,158.35,0.13,0.25,197.94,86
978,2291,8,179.53,0.45,0.25,224.41,54
979,2291,6,159.36,0.31,0.25,199.2,56
980,3563,1,7538.67,0.34,0.25,9423.34,95
981,3563,5,7188.04,0.12,0.25,8985.05,75
982,3563,7,7100.38,0.31,0.25,8875.48,53
983,3563,3,7319.53,0.13,0.25,9149.41,42
984,3563,6,7012.72,0.4,0.25,8765.9,67
985,5197,3,205.58,0.13,0.25,256.98,17
986,5197,10,230.62,0.49,0.25,288.27,61
987,5197,1,218.75,0.39,0.25,273.44,46
988,5197,8,221.39,0.39,0.25,276.74,60
989,5197,9,212.17,0.33,0.25,265.21,86
990,1480,1,144.67,0.34,0.25,180.84,88
991,1480,4,144.67,0.47,0.25,180.84,15
992,1480,8,141.28,0.34,0.25,176.6,63
993,1398,4,103.57,0.49,0.25,129.46,25
994,1398,7,108.2,0.49,0.25,135.25,46
995,1398,9,107.04,0.5,0.25,133.8,81
996,2892,4,175.32,0.34,0.25,219.15,98
997,2892,3,162.49,0.12,0.25,203.11,100
998,2892,6,188.14,0.42,0.25,235.18,17
999,2892,9,178.52,0.43,0.25,223.15,65
1000,2892,1,182.8,0.41,0.25,228.5,11
1001,2892,7,176.39,0.32,0.25,220.49,96
1002,3224,2,7607.23,0.45,0.25,9509.04,84
1003,3224,4,7695.17,0.45,0.25,9618.96,17
1004,3224,9,7475.31,0.48,0.25,9344.14,100
1005,3224,7,7607.23,0.49,0.25,9509.04,26
1006,3224,1,7519.28,0.46,0.25,9399.1,65
1007,868,7,88.15,0.38,0.25,110.19,45
1008,868,8,94.34,0.44,0.25,117.93,15
1009,868,9,93.82,0.43,0.25,117.28,57
1010,868,4,81.96,0.38,0.25,102.45,80
1011,868,1,86.09,0.41,0.25,107.61,29
1012,868,10,84.03,0.38,0.25,105.04,76
1013,3957,6,1111.04,0.31,0.25,1388.8,99
1014,3957,10,1173.54,0.35,0.25,1466.92,78
1015,3957,7,1222.14,0.45,0.25,1527.68,22
1016,3957,1,1284.64,0.47,0.25,1605.8,86
1017,3957,5,1090.21,0.12,0.25,1362.76,10
1018,3957,2,1277.7,0.47,0.25,1597.12,62
1019,1720,8,454.87,0.39,0.25,568.59,53
1020,1720,7,460.42,0.4,0.25,575.52,44
1021,1720,5,463.19,0.14,0.25,578.99,43
1022,1720,4,493.7,0.46,0.25,617.12,72
1023,1720,10,490.93,0.46,0.25,613.66,97
1024,1429,8,10.07,0.43,0.25,12.59,15
1025,1429,10,10.37,0.39,0.25,12.96,72
1026,1429,6,10.25,0.38,0.25,12.81,76
1027,3417,4,2623.81,0.44,0.25,3279.76,45
1028,3417,10,2580.08,0.45,0.25,3225.1,53
1029,3417,5,2405.16,0.12,0.25,3006.45,83
1030,387,10,343.56,0.33,0.25,429.45,15
1031,387,1,341.52,0.34,0.25,426.9,48
1032,387,3,321.06,0.13,0.25,401.32,83
1033,387,7,335.38,0.34,0.25,419.22,55
1034,387,4,325.16,0.31,0.25,406.45,34
1035,387,5,345.6,0.12,0.25,432.0,86
1036,1064,10,74.51,0.4,0.25,93.14,40
1037,1064,2,73.2,0.44,0.25,91.5,66
1038,1064,8,78.46,0.44,0.25,98.07,99
1039,1572,5,57.05,0.12,0.25,71.31,13
1040,1572,3,63.23,0.15,0.25,79.04,41
1041,1572,10,66.87,0.48,0.25,83.59,14
1042,3856,9,1706.1,0.34,0.25,2132.62,25
1043,3856,4,1844.72,0.49,0.25,2305.9,24
1044,3856,7,1706.1,0.3,0.25,2132.62,63
1045,640,2,75.37,0.33,0.25,94.21,89
1046,640,5,72.17,0.12,0.25,90.21,45
1047,640,10,76.74,0.32,0.25,95.92,57
1048,640,1,76.74,0.37,0.25,95.92,40
1049,5052,9,35.08,0.38,0.25,43.85,85
1050,5052,1,32.45,0.38,0.25,40.56,77
1051,5052,10,34.27,0.4,0.25,42.84,23
1052,5052,7,33.66,0.42,0.25,42.08,59
1053,5052,2,37.52,0.46,0.25,46.9,94
1054,5052,6,34.27,0.47,0.25,42.84,76
1055,2844,1,75.27,0.4,0.25,94.09,77
1056,2844,7,68.12,0.36,0.25,85.15,87
1057,2844,8,68.54,0.3,0.25,85.68,94
1058,2844,6,71.91,0.32,0.25,89.89,47
1059,2844,3,65.6,0.13,0.25,82.0,46
1060,2465,9,65.13,0.31,0.25,81.41,42
1061,2465,5,61.18,0.13,0.25,76.47,91
1062,2465,10,70.26,0.42,0.25,87.82,13
1063,2465,7,74.2,0.48,0.25,92.75,25
1064,395,9,104.32,0.31,0.25,130.4,18
1065,395,10,115.47,0.49,0.25,144.34,14
1066,395,6,103.66,0.38,0.25,129.57,38
1067,395,1,112.85,0.37,0.25,141.06,67
1068,395,8,122.03,0.48,0.25,152.54,31
1069,395,2,118.1,0.4,0.25,147.62,10
1070,1030,6,229.72,0.37,0.25,287.15,35
1071,1030,3,227.03,0.15,0.25,283.79,92
1072,1030,7,210.91,0.31,0.25,263.64,64
1073,1030,1,227.03,0.44,0.25,283.79,83
1074,3007,8,128.31,0.45,0.25,160.39,65
1075,3007,10,118.44,0.44,0.25,148.05,80
1076,3007,3,121.96,0.14,0.25,152.45,17
1077,3007,4,117.74,0.36,0.25,147.17,73
1078,3007,5,109.28,0.1,0.25,136.6,14
1079,3007,9,126.2,0.44,0.25,157.75,33
1080,4749,5,432.45,0.11,0.25,540.56,32
1081,4749,4,460.17,0.46,0.25,575.21,76
1082,4749,6,493.43,0.49,0.25,616.79,74
1083,4749,1,451.85,0.4,0.25,564.81,86
1084,4749,8,446.31,0.32,0.25,557.89,39
1085,1223,2,17.82,0.5,0.25,22.28,35
1086,1223,6,17.1,0.45,0.25,21.38,59
1087,1223,9,18.64,0.48,0.25,23.3,61
1088,1223,8,15.87,0.33,0.25,19.84,40
1089,1223,3,16.69,0.13,0.25,20.86,15
1090,4710,5,558.7,0.11,0.25,698.38,14
1091,4710,10,562.0,0.45,0.25,702.5,73
1092,4710,4,545.47,0.45,0.25,681.84,75
1093,4710,3,542.17,0.13,0.25,677.71,25
1094,4380,3,841.65,0.11,0.25,1052.06,59
1095,4380,6,892.97,0.48,0.25,1116.21,24
1096,4380,2,851.91,0.39,0.25,1064.89,82
1097,4380,7,898.1,0.45,0.25,1122.62,74
1098,3335,6,6441.6,0.39,0.25,8052.0,82
1099,3335,1,6009.76,0.36,0.25,7512.2,88
1100,3335,8,6081.74,0.44,0.25,7602.17,99
1101,3335,10,6513.57,0.45,0.25,8141.96,11
1102,3335,5,5505.95,0.12,0.25,6882.44,70
1103,313,5,97.19,0.15,0.25,121.49,99
1104,313,4,90.82,0.37,0.25,113.52,55
1105,313,1,98.34,0.34,0.25,122.93,73
1106,313,9,103.55,0.49,0.25,129.44,78
1107,337,8,156.47,0.32,0.25,195.59,75
1108,337,3,159.46,0.11,0.25,199.32,38
1109,337,4,167.43,0.46,0.25,209.29,15
1110,4940,2,267.26,0.37,0.25,334.08,44
1111,4940,10,270.34,0.48,0.25,337.92,31
1112,4940,5,248.83,0.15,0.25,311.04,26
1113,4940,8,242.69,0.36,0.25,303.36,70
1114,3820,1,1415.54,0.36,0.25,1769.42,80
1115,3820,7,1432.3,0.33,0.25,1790.38,80
1116,3820,2,1382.04,0.3,0.25,1727.55,91
1117,3820,6,1315.03,0.32,0.25,1643.79,58
1118,1113,10,191.52,0.33,0.25,239.4,92
1119,1113,1,190.35,0.4,0.25,237.94,11
1120,1113,3,200.86,0.14,0.25,251.08,33
1121,1113,9,178.67,0.31,0.25,223.34,46
1122,1113,4,209.04,0.48,0.25,261.3,90
1123,1722,6,64.96,0.45,0.25,81.2,89
1124,1722,7,63.39,0.34,0.25,79.24,27
1125,1722,2,68.48,0.44,0.25,85.6,20
1126,1722,1,68.48,0.39,0.25,85.6,30
1127,1722,5,61.04,0.14,0.25,76.3,50
1128,1722,3,62.61,0.13,0.25,78.26,55
1129,664,10,80.31,0.45,0.25,100.39,55
1130,664,8,78.06,0.44,0.25,97.58,43
1131,664,9,74.9,0.4,0.25,93.62,17
1132,664,7,78.06,0.42,0.25,97.58,52
1133,664,3,70.84,0.12,0.25,88.55,39
1134,664,6,74.45,0.34,0.25,93.06,47
1135,5012,10,247.16,0.4,0.25,308.95,57
1136,5012,4,231.17,0.37,0.25,288.96,28
1137,5012,9,244.26,0.32,0.25,305.32,17
1138,3797,4,2098.18,0.4,0.25,2622.72,35
1139,3797,9,2264.5,0.4,0.25,2830.62,93
1140,3797,3,2123.77,0.13,0.25,2654.71,65
1141,4658,8,516.27,0.37,0.25,645.34,45
1142,4658,7,522.24,0.43,0.25,652.8,56
1143,4658,6,525.22,0.45,0.25,656.53,43
1144,4658,4,513.28,0.37,0.25,641.6,66
1145,4658,5,465.54,0.13,0.25,581.93,89
1146,3980,4,811.99,0.43,0.25,1014.99,33
1147,3980,8,802.38,0.44,0.25,1002.98,57
1148,3980,6,831.21,0.49,0.25,1039.01,14
1149,3980,3,792.78,0.12,0.25,990.97,43
1150,444,1,265.12,0.41,0.25,331.4,67
1151,444,8,254.07,0.38,0.25,317.59,32
1152,444,4,246.18,0.34,0.25,307.73,11
1153,444,3,255.65,0.14,0.25,319.56,42
1154,1846,1,24.8,0.37,0.25,31.0,87
1155,1846,7,25.69,0.44,0.25,32.11,73
1156,1846,8,26.73,0.44,0.25,33.41,65
1157,1846,3,23.61,0.11,0.25,29.51,91
1158,1846,6,23.91,0.34,0.25,29.89,80
1159,1846,2,25.54,0.38,0.25,31.92,65
1160,2224,7,25.54,0.46,0.25,31.92,22
1161,2224,4,26.54,0.46,0.25,33.17,73
1162,2224,10,23.55,0.34,0.25,29.44,32
1163,2224,1,25.69,0.4,0.25,32.11,56
1164,3463,3,6193.47,0.15,0.25,7741.84,47
1165,3463,6,6414.67,0.39,0.25,8018.34,35
1166,3463,10,5787.95,0.33,0.25,7234.94,17
1167,2894,5,297.24,0.15,0.25,371.55,89
1168,2894,10,302.55,0.44,0.25,378.19,12
1169,2894,7,297.24,0.42,0.25,371.55,52
1170,3539,9,180.22,0.32,0.25,225.28,46
1171,3539,3,196.5,0.11,0.25,245.62,24
1172,3539,8,195.33,0.48,0.25,244.16,97
1173,3539,2,189.52,0.38,0.25,236.9,27
1174,3539,5,195.33,0.11,0.25,244.16,12
1175,3539,7,203.47,0.4,0.25,254.34,59
1176,859,8,13.61,0.44,0.25,17.01,24
1177,859,9,13.61,0.45,0.25,17.01,69
1178,859,5,11.79,0.14,0.25,14.74,28
1179,859,6,12.63,0.47,0.25,15.79,10
1180,427,10,240.68,0.33,0.25,300.85,65
1181,427,2,262.01,0.43,0.25,327.51,49
1182,427,5,239.16,0.13,0.25,298.95,41
1183,427,3,246.77,0.14,0.25,308.46,38
1184,5375,6,304.26,0.46,0.25,380.32,32
1185,5375,4,278.18,0.32,0.25,347.72,24
1186,5375,3,281.65,0.11,0.25,352.06,79
1187,5375,1,299.04,0.39,0.25,373.8,74
1188,5375,5,299.04,0.13,0.25,373.8,37
1189,1119,3,237.34,0.14,0.25,296.68,97
1190,1119,4,237.34,0.35,0.25,296.68,56
1191,1119,8,256.99,0.36,0.25,321.24,88
1192,1119,1,247.92,0.4,0.25,309.9,87
1193,1119,5,256.99,0.11,0.25,321.24,78
1194,1119,9,258.5,0.42,0.25,323.12,84
1195,3434,8,2277.83,0.36,0.25,2847.29,29
1196,3434,3,2449.75,0.13,0.25,3062.19,41
1197,3434,10,2478.4,0.34,0.25,3098.0,86
1198,3434,1,2478.4,0.38,0.25,3098.0,25
1199,3434,2,2492.72,0.34,0.25,3115.9,63
1200,3434,9,2492.72,0.35,0.25,3115.9,85
1201,5108,1,26.35,0.33,0.25,32.94,70
1202,5108,7,26.98,0.34,0.25,33.72,90
1203,5108,4,27.93,0.42,0.25,34.91,65
1204,4067,5,1904.8,0.13,0.25,2381.0,38
1205,4067,3,1787.22,0.12,0.25,2234.02,36
1206,4067,9,2034.13,0.33,0.25,2542.66,89
1207,4067,6,1904.8,0.34,0.25,2381.0,98
1208,4067,1,2104.68,0.48,0.25,2630.85,64
1209,1778,8,616.51,0.33,0.25,770.64,50
1210,1778,5,638.66,0.15,0.25,798.32,70
1211,1778,7,660.81,0.47,0.25,826.01,43
1212,1017,6,190.3,0.47,0.25,237.88,19
1213,1017,10,185.88,0.31,0.25,232.35,54
1214,1017,9,206.9,0.49,0.25,258.62,12
1215,1017,5,177.02,0.1,0.25,221.28,100
1216,1578,1,58.94,0.33,0.25,73.68,10
1217,1578,10,62.69,0.33,0.25,78.36,60
1218,1578,5,62.32,0.13,0.25,77.9,43
1219,4321,3,1953.57,0.14,0.25,2441.96,47
1220,4321,10,1807.61,0.35,0.25,2259.51,86
1221,4321,4,1987.25,0.43,0.25,2484.06,11
1222,4321,1,2077.07,0.46,0.25,2596.34,82
1223,3299,4,6569.41,0.3,0.25,8211.76,80
1224,3299,8,6844.78,0.44,0.25,8555.98,65
1225,3299,10,6372.72,0.32,0.25,7965.9,28
1226,3299,9,6608.75,0.45,0.25,8260.94,93
1227,3299,6,6608.75,0.32,0.25,8260.94,84
1228,1539,1,271.66,0.44,0.25,339.58,94
1229,1539,2,256.82,0.49,0.25,321.02,60
1230,1539,4,258.3,0.47,0.25,322.88,72
1231,1539,5,234.55,0.15,0.25,293.19,97
1232,5191,7,612.42,0.41,0.25,765.52,97
1233,5191,2,675.14,0.5,0.25,843.92,30
1234,5191,5,601.36,0.15,0.25,751.7,41
1235,5191,1,649.32,0.36,0.25,811.65,50
1236,5191,6,641.94,0.35,0.25,802.42,45
1237,3910,10,1602.76,0.3,0.25,2003.45,43
1238,3910,1,1881.95,0.48,0.25,2352.44,15
1239,3910,6,1768.21,0.46,0.25,2210.26,41
1240,3910,9,1747.53,0.32,0.25,2184.41,40
1241,3910,5,1726.85,0.11,0.25,2158.56,30
1242,3558,9,2063.07,0.41,0.25,2578.84,43
1243,3558,7,2038.51,0.41,0.25,2548.14,31
1244,3558,5,2063.07,0.1,0.25,2578.84,51
1245,3558,1,2198.16,0.43,0.25,2747.7,71
1246,3558,6,1989.39,0.37,0.25,2486.74,74
1247,3558,4,1952.55,0.33,0.25,2440.69,90
1248,1067,2,165.09,0.44,0.25,206.36,85
1249,1067,4,164.16,0.43,0.25,205.2,95
1250,1067,3,151.1,0.13,0.25,188.88,80
1251,1067,6,166.02,0.41,0.25,207.52,34
1252,2937,10,43.41,0.48,0.25,54.26,59
1253,2937,1,43.66,0.41,0.25,54.58,61
1254,2937,4,42.4,0.43,0.25,53.0,92
1255,2954,9,161.46,0.39,0.25,201.82,86
1256,2954,5,144.32,0.14,0.25,180.4,50
1257,2954,10,159.65,0.42,0.25,199.56,81
1258,2954,1,151.54,0.46,0.25,189.42,41
1259,5103,1,419.95,0.38,0.25,524.94,69
1260,5103,2,459.32,0.37,0.25,574.15,62
1261,5103,5,419.95,0.11,0.25,524.94,69
1262,5103,10,448.82,0.44,0.25,561.02,91
1263,2575,1,95.25,0.36,0.25,119.06,56
1264,2575,4,106.73,0.47,0.25,133.41,15
1265,2575,5,96.4,0.11,0.25,120.5,12
1266,3444,8,4127.85,0.48,0.25,5159.81,62
1267,3444,1,3822.95,0.43,0.25,4778.69,43
1268,3444,6,4362.39,0.49,0.25,5452.99,91
1269,2480,10,135.42,0.39,0.25,169.27,84
1270,2480,8,141.91,0.44,0.25,177.39,55
1271,2480,6,137.85,0.4,0.25,172.31,69
1272,2480,7,145.15,0.46,0.25,181.44,47
1273,2480,2,132.18,0.36,0.25,165.23,88
1274,1389,10,117.25,0.47,0.25,146.56,51
1275,1389,4,112.56,0.32,0.25,140.7,64
1276,1389,2,104.52,0.33,0.25,130.65,70
1277,1389,7,112.56,0.37,0.25,140.7,86
1278,1389,1,119.93,0.4,0.25,149.91,60
1279,3999,7,443.96,0.48,0.25,554.95,40
1280,3999,4,365.61,0.33,0.25,457.01,85
1281,3999,9,403.6,0.37,0.25,504.5,41
1282,3999,10,441.58,0.48,0.25,551.98,75
1283,3999,6,422.59,0.43,0.25,528.24,18
1284,3999,2,408.35,0.44,0.25,510.44,81
1285,5032,7,316.04,0.34,0.25,395.05,99
1286,5032,8,344.26,0.44,0.25,430.32,47
1287,5032,5,314.16,0.12,0.25,392.7,13
1288,5032,10,331.09,0.47,0.25,413.86,25
1289,5032,1,312.28,0.43,0.25,390.35,68
1290,2132,4,21.43,0.49,0.25,26.79,36
1291,2132,2,20.14,0.47,0.25,25.18,89
1292,2132,9,18.85,0.32,0.25,23.56,69
1293,2132,10,18.27,0.32,0.25,22.84,41
1294,1488,5,36.02,0.14,0.25,45.03,45
1295,1488,9,38.39,0.41,0.25,47.99,65
1296,1488,3,34.51,0.14,0.25,43.14,23
1297,1488,10,35.81,0.45,0.25,44.76,77
1298,2502,9,17.04,0.31,0.25,21.3,68
1299,2502,6,19.16,0.36,0.25,23.95,55
1300,2502,1,19.83,0.46,0.25,24.79,84
1301,2502,4,19.72,0.41,0.25,24.65,95
1302,2502,7,19.61,0.42,0.25,24.51,82
1303,2502,5,18.94,0.1,0.25,23.68,72
1304,3501,10,2558.04,0.35,0.25,3197.55,24
1305,3501,3,2702.83,0.13,0.25,3378.54,47
1306,3501,7,2863.72,0.5,0.25,3579.65,91
1307,3501,6,2895.89,0.43,0.25,3619.86,25
1308,3501,9,2558.04,0.38,0.25,3197.55,77
1309,3501,5,2541.95,0.15,0.25,3177.44,34
1310,3634,7,5239.04,0.38,0.25,6548.8,17
1311,3634,9,5838.69,0.48,0.25,7298.36,66
1312,3634,5,4828.76,0.12,0.25,6035.95,18
1313,3634,1,5365.28,0.43,0.25,6706.6,21
1314,3634,2,5491.53,0.45,0.25,6864.41,80
1315,3634,4,5523.09,0.49,0.25,6903.86,91
1316,4114,6,1033.34,0.43,0.25,1291.68,47
1317,4114,4,1075.89,0.44,0.25,1344.86,99
1318,4114,2,1118.44,0.48,0.25,1398.05,70
1319,4114,1,1088.05,0.43,0.25,1360.06,24
1320,4114,10,1021.19,0.47,0.25,1276.49,31
1321,776,9,33.47,0.42,0.25,41.84,91
1322,776,8,32.73,0.5,0.25,40.91,24
1323,776,6,32.54,0.46,0.25,40.67,25
1324,776,1,32.54,0.36,0.25,40.67,49
1325,776,10,31.99,0.33,0.25,39.99,72
1326,4196,7,2062.36,0.47,0.25,2577.95,47
1327,4196,2,1992.84,0.35,0.25,2491.05,53
1328,4196,5,1853.81,0.14,0.25,2317.26,92
1329,4196,6,2062.36,0.4,0.25,2577.95,66
1330,578,9,32.87,0.47,0.25,41.09,77
1331,578,8,30.51,0.34,0.25,38.14,11
1332,578,10,29.6,0.31,0.25,37.0,64
1333,4875,9,522.58,0.31,0.25,653.22,76
1334,4875,8,495.07,0.38,0.25,618.84,15
1335,4875,10,537.86,0.49,0.25,672.32,23
1336,3907,7,251.4,0.42,0.25,314.25,90
1337,3907,2,263.31,0.43,0.25,329.14,54
1338,3907,10,258.84,0.35,0.25,323.55,29
1339,4110,7,1608.94,0.43,0.25,2011.18,88
1340,4110,9,1667.8,0.44,0.25,2084.75,42
1341,4110,3,1599.13,0.14,0.25,1998.91,41
1342,4110,5,1648.18,0.11,0.25,2060.22,26
1343,4110,6,1559.89,0.31,0.25,1949.86,71
1344,2904,2,83.96,0.3,0.25,104.95,30
1345,2904,1,87.15,0.39,0.25,108.94,47
1346,2904,6,90.87,0.4,0.25,113.59,61
1347,2828,2,197.91,0.46,0.25,247.39,59
1348,2828,1,188.23,0.48,0.25,235.29,37
1349,2828,8,188.23,0.45,0.25,235.29,47
1350,2828,9,179.63,0.41,0.25,224.54,59
1351,2828,5,165.64,0.13,0.25,207.05,51
1352,2828,4,185.0,0.45,0.25,231.25,43
1353,1772,2,44.02,0.34,0.25,55.03,51
1354,1772,9,43.49,0.33,0.25,54.36,15
1355,1772,5,41.89,0.11,0.25,52.36,65
1356,1772,1,43.76,0.31,0.25,54.7,81
1357,1772,3,40.29,0.11,0.25,50.36,38
1358,4277,10,241.57,0.41,0.25,301.96,84
1359,4277,8,241.57,0.4,0.25,301.96,97
1360,4277,7,253.07,0.45,0.25,316.34,48
1361,4277,3,238.69,0.12,0.25,298.36,67
1362,4277,5,234.38,0.12,0.25,292.98,36
1363,2583,7,314.46,0.4,0.25,393.08,93
1364,2583,3,286.51,0.14,0.25,358.14,15
1365,2583,2,283.01,0.4,0.25,353.76,71
1366,3128,6,1446.48,0.44,0.25,1808.1,14
1367,3128,3,1235.2,0.12,0.25,1544.0,100
1368,3128,9,1292.08,0.31,0.25,1615.1,27
1369,4783,4,416.22,0.39,0.25,520.28,91
1370,4783,9,406.54,0.47,0.25,508.18,70
1371,4783,1,428.32,0.46,0.25,535.4,91
1372,4783,3,372.66,0.12,0.25,465.83,82
1373,4783,8,418.64,0.4,0.25,523.3,27
1374,4783,7,377.5,0.32,0.25,471.88,75
1375,4181,6,679.02,0.38,0.25,848.78,59
1376,4181,7,736.29,0.44,0.25,920.36,75
1377,4181,5,670.84,0.15,0.25,838.55,90
1378,4181,9,683.11,0.45,0.25,853.89,32
1379,3204,1,5535.63,0.42,0.25,6919.54,50
1380,3204,3,5168.63,0.15,0.25,6460.79,40
1381,3204,5,4862.79,0.11,0.25,6078.49,83
1382,3204,2,5199.21,0.47,0.25,6499.01,31
1383,3204,6,5107.46,0.39,0.25,6384.32,14
1384,5389,1,35.26,0.35,0.25,44.08,64
1385,5389,4,32.17,0.34,0.25,40.21,86
1386,5389,7,35.88,0.45,0.25,44.85,49
1387,1364,10,167.42,0.5,0.25,209.27,51
1388,1364,7,156.32,0.35,0.25,195.4,64
1389,1364,1,158.17,0.48,0.25,197.71,87
1390,1364,3,157.25,0.13,0.25,196.56,79
1391,1364,8,161.88,0.47,0.25,202.35,26
1392,504,6,120.45,0.45,0.25,150.56,93
1393,504,3,124.08,0.15,0.25,155.1,31
1394,504,10,119.72,0.44,0.25,149.65,72
1395,504,5,116.82,0.14,0.25,146.02,81
1396,504,1,124.08,0.31,0.25,155.1,96
1397,504,9,116.82,0.36,0.25,146.02,26
1398,2947,2,184.58,0.35,0.25,230.73,53
1399,2947,6,183.44,0.38,0.25,229.3,67
1400,2947,3,197.12,0.14,0.25,246.4,73
1401,1399,2,18.16,0.34,0.25,22.7,23
1402,1399,4,19.78,0.43,0.25,24.72,64
1403,1399,10,19.78,0.41,0.25,24.72,74
1404,1399,6,18.51,0.34,0.25,23.14,49
1405,1511,2,371.21,0.3,0.25,464.01,34
1406,1511,4,395.66,0.5,0.25,494.58,48
1407,1511,3,344.53,0.13,0.25,430.66,38
1408,1511,9,386.77,0.34,0.25,483.46,96
1409,1511,1,371.21,0.42,0.25,464.01,78
1410,1511,7,355.65,0.32,0.25,444.56,99
1411,2103,9,26.9,0.34,0.25,33.62,64
1412,2103,5,28.58,0.12,0.25,35.72,15
1413,2103,6,28.24,0.32,0.25,35.3,74
1414,2103,8,28.58,0.39,0.25,35.72,61
1415,2103,10,28.07,0.38,0.25,35.09,46
1416,2103,4,27.06,0.32,0.25,33.82,18
1417,2601,8,313.29,0.4,0.25,391.61,66
1418,2601,6,300.16,0.35,0.25,375.2,76
1419,2601,7,330.18,0.38,0.25,412.72,100
1420,2601,4,305.79,0.4,0.25,382.24,62
1421,3735,1,7015.22,0.41,0.25,8769.02,13
1422,3735,5,6890.69,0.11,0.25,8613.36,67
1423,3735,9,6683.14,0.4,0.25,8353.93,16
1424,461,9,427.18,0.42,0.25,533.98,86
1425,461,5,394.51,0.14,0.25,493.14,69
1426,461,10,402.05,0.38,0.25,502.56,74
1427,461,6,429.69,0.34,0.25,537.11,99
1428,461,7,419.64,0.3,0.25,524.55,90
1429,5020,6,180.55,0.3,0.25,225.69,48
1430,5020,3,173.86,0.14,0.25,217.32,40
1431,5020,7,185.01,0.31,0.25,231.26,45
1432,5020,8,181.66,0.4,0.25,227.08,44
1433,3727,4,1689.03,0.46,0.25,2111.29,88
1434,3727,3,1515.56,0.11,0.25,1894.45,69
1435,3727,6,1552.08,0.48,0.25,1940.1,69
1436,4664,1,259.93,0.37,0.25,324.91,88
1437,4664,9,259.93,0.45,0.25,324.91,96
1438,4664,5,261.48,0.13,0.25,326.85,66
1439,4664,3,256.84,0.13,0.25,321.05,14
1440,4664,8,275.4,0.39,0.25,344.25,74
1441,1523,9,232.35,0.32,0.25,290.44,43
1442,1523,7,237.91,0.47,0.25,297.39,41
1443,1523,10,230.96,0.33,0.25,288.7,36
1444,225,2,258.98,0.34,0.25,323.73,17
1445,225,10,288.81,0.46,0.25,361.01,34
1446,225,1,248.0,0.34,0.25,310.0,10
1447,225,6,284.1,0.42,0.25,355.12,75
1448,225,4,240.15,0.31,0.25,300.19,74
1449,225,3,260.55,0.11,0.25,325.69,98
1450,4865,6,461.38,0.31,0.25,576.72,83
1451,4865,4,438.59,0.3,0.25,548.24,42
1452,4865,1,518.34,0.46,0.25,647.93,56
1453,4865,10,475.62,0.44,0.25,594.52,24
1454,4865,7,501.25,0.37,0.25,626.56,52
1455,862,2,15.16,0.42,0.25,18.95,39
1456,862,4,15.54,0.34,0.25,19.42,66
1457,862,7,15.07,0.4,0.25,18.84,33
1458,862,5,16.01,0.11,0.25,20.01,21
1459,862,3,15.44,0.12,0.25,19.3,17
1460,4024,8,247.06,0.42,0.25,308.82,14
1461,4024,5,227.18,0.13,0.25,283.98,27
1462,4024,7,228.6,0.37,0.25,285.75,53
1463,4024,2,249.9,0.41,0.25,312.38,30
1464,39,8,1264.56,0.44,0.25,1580.7,11
1465,39,10,1264.56,0.32,0.25,1580.7,15
1466,39,9,1354.35,0.47,0.25,1692.94,74
1467,39,4,1204.7,0.4,0.25,1505.88,22
1468,39,7,1294.49,0.37,0.25,1618.11,10
1469,39,1,1384.28,0.48,0.25,1730.35,83
1470,149,7,2054.37,0.35,0.25,2567.96,47
1471,149,5,1981.86,0.12,0.25,2477.32,86
1472,149,4,1933.52,0.31,0.25,2416.9,19
1473,149,8,2078.53,0.49,0.25,2598.16,40
1474,5322,3,583.79,0.11,0.25,729.74,19
1475,5322,10,594.04,0.47,0.25,742.55,43
1476,5322,9,587.21,0.41,0.25,734.01,38
1477,5322,1,525.76,0.34,0.25,657.2,21
1478,398,7,47.98,0.48,0.25,59.97,69
1479,398,5,44.8,0.14,0.25,56.0,57
1480,398,1,41.89,0.36,0.25,52.36,75
1481,5237,2,25.25,0.32,0.25,31.56,28
1482,5237,5,25.41,0.12,0.25,31.76,44
1483,5237,9,26.37,0.44,0.25,32.96,92
1484,233,3,180.27,0.13,0.25,225.34,51
1485,233,1,217.25,0.48,0.25,271.56,29
1486,233,6,203.39,0.46,0.25,254.24,84
1487,233,7,206.85,0.5,0.25,258.56,72
1488,233,2,210.32,0.43,0.25,262.9,15
1489,233,8,192.99,0.45,0.25,241.24,99
1490,1653,4,755.93,0.43,0.25,944.91,72
1491,1653,8,828.79,0.44,0.25,1035.99,51
1492,1653,7,819.68,0.44,0.25,1024.6,75
1493,1653,2,755.93,0.42,0.25,944.91,69
1494,1653,1,792.36,0.45,0.25,990.45,56
1495,1653,10,755.93,0.38,0.25,944.91,36
1496,3041,3,4256.31,0.14,0.25,5320.39,18
1497,3041,1,4864.36,0.45,0.25,6080.45,83
1498,3041,6,4947.27,0.48,0.25,6184.09,10
1499,3041,2,4394.51,0.32,0.25,5493.14,99
1500,2785,8,184.83,0.32,0.25,231.04,72
1501,2785,5,182.49,0.11,0.25,228.11,36
1502,2785,7,182.49,0.35,0.25,228.11,37
1503,2785,10,203.55,0.46,0.25,254.44,31
1504,2785,9,202.38,0.5,0.25,252.98,13
1505,2785,1,212.9,0.48,0.25,266.12,84
1506,3761,8,702.21,0.44,0.25,877.76,98
1507,3761,3,648.49,0.12,0.25,810.61,44
1508,3761,9,709.88,0.45,0.25,887.35,43
1509,3761,7,660.0,0.45,0.25,825.0,33
1510,3761,5,613.95,0.11,0.25,767.44,51
1511,3761,4,636.98,0.38,0.25,796.22,76
1512,610,7,65.92,0.34,0.25,82.4,45
1513,610,5,65.08,0.14,0.25,81.35,52
1514,610,9,75.16,0.47,0.25,93.95,44
1515,3500,4,2859.91,0.43,0.25,3574.89,61
1516,3500,3,2713.67,0.12,0.25,3392.09,94
1517,3500,7,3022.41,0.47,0.25,3778.01,41
1518,5148,2,370.61,0.4,0.25,463.26,39
1519,5148,4,388.47,0.35,0.25,485.59,42
1520,5148,8,375.08,0.44,0.25,468.85,54
1521,5148,10,395.17,0.43,0.25,493.96,98
1522,5148,9,386.24,0.45,0.25,482.8,12
1523,3908,5,1278.39,0.14,0.25,1597.99,31
1524,3908,4,1294.47,0.33,0.25,1618.09,75
1525,3908,8,1334.67,0.35,0.25,1668.34,47
1526,3908,2,1262.31,0.33,0.25,1577.89,46
1527,1466,10,34.89,0.43,0.25,43.61,55
1528,1466,6,32.4,0.31,0.25,40.5,26
1529,1466,9,31.06,0.32,0.25,38.82,91
1530,530,7,207.94,0.36,0.25,259.92,21
1531,530,8,226.95,0.48,0.25,283.69,69
1532,530,9,223.15,0.47,0.25,278.94,67
1533,530,4,201.6,0.33,0.25,252.0,88
1534,2826,4,276.69,0.4,0.25,345.86,89
1535,2826,10,276.69,0.45,0.25,345.86,76
1536,2826,9,293.36,0.47,0.25,366.7,92
1537,2826,2,256.69,0.34,0.25,320.86,28
1538,2826,3,263.35,0.12,0.25,329.19,56
1539,2052,6,11.88,0.43,0.25,14.85,21
1540,2052,5,11.6,0.11,0.25,14.5,73
1541,2052,3,11.39,0.14,0.25,14.24,64
1542,2052,8,11.67,0.44,0.25,14.59,40
1543,2052,7,12.02,0.44,0.25,15.02,56
1544,4282,4,335.27,0.39,0.25,419.09,55
1545,4282,9,327.52,0.39,0.25,409.4,21
1546,4282,3,300.39,0.12,0.25,375.49,51
1547,4282,2,319.77,0.37,0.25,399.71,55
1548,4129,3,2358.75,0.15,0.25,2948.44,91
1549,4129,6,2343.73,0.3,0.25,2929.66,55
1550,4129,9,2599.13,0.48,0.25,3248.91,48
1551,4129,8,2388.8,0.37,0.25,2986.0,73
1552,1587,5,700.32,0.11,0.25,875.4,48
1553,1587,6,729.5,0.43,0.25,911.88,85
1554,1587,8,691.99,0.32,0.25,864.99,44
1555,1587,7,742.01,0.49,0.25,927.51,14
1556,1587,2,708.66,0.49,0.25,885.82,81
1557,1587,10,704.49,0.39,0.25,880.61,65
1558,521,9,391.62,0.49,0.25,489.52,39
1559,521,4,358.11,0.41,0.25,447.64,90
1560,521,1,328.79,0.35,0.25,410.99,24
1561,521,5,360.2,0.13,0.25,450.25,86
1562,521,8,341.35,0.32,0.25,426.69,98
1563,1043,6,119.64,0.35,0.25,149.55,57
1564,1043,2,119.64,0.41,0.25,149.55,14
1565,1043,5,113.97,0.11,0.25,142.46,18
1566,884,9,140.74,0.48,0.25,175.92,45
1567,884,2,135.11,0.36,0.25,168.89,66
1568,884,7,144.76,0.46,0.25,180.95,59
1569,884,3,125.46,0.14,0.25,156.82,54
1570,884,8,135.91,0.4,0.25,169.89,47
1571,884,6,128.67,0.39,0.25,160.84,45
1572,1809,1,35.88,0.48,0.25,44.85,66
1573,1809,2,34.88,0.39,0.25,43.6,65
1574,1809,9,32.66,0.35,0.25,40.82,53
1575,1809,6,36.29,0.47,0.25,45.36,72
1576,1809,8,32.86,0.3,0.25,41.08,80
1577,3304,9,6170.71,0.39,0.25,7713.39,18
1578,3304,6,6245.97,0.45,0.25,7807.46,50
1579,3304,10,6283.59,0.43,0.25,7854.49,67
1580,2464,10,89.3,0.39,0.25,111.62,27
1581,2464,2,85.6,0.36,0.25,107.0,62
1582,2464,7,81.9,0.33,0.25,102.38,19
1583,4367,5,1309.18,0.1,0.25,1636.48,12
1584,4367,9,1301.2,0.31,0.25,1626.5,25
1585,4367,4,1381.02,0.39,0.25,1726.28,68
1586,4367,7,1341.11,0.38,0.25,1676.39,10
1587,4367,3,1293.21,0.13,0.25,1616.51,10
1588,2858,2,301.75,0.31,0.25,377.19,89
1589,2858,8,342.12,0.45,0.25,427.65,15
1590,2858,3,326.74,0.11,0.25,408.42,57
1591,2858,6,328.66,0.5,0.25,410.83,17
1592,2858,4,315.21,0.32,0.25,394.01,93
1593,2858,7,334.43,0.37,0.25,418.04,50
1594,540,2,42.25,0.31,0.25,52.81,45
1595,540,3,45.38,0.14,0.25,56.72,59
1596,540,1,44.34,0.35,0.25,55.42,98
1597,2905,2,88.28,0.44,0.25,110.35,64
1598,2905,1,95.15,0.49,0.25,118.94,44
1599,2905,5,90.39,0.11,0.25,112.99,63
1600,2905,8,93.56,0.41,0.25,116.95,11
1601,2905,10,90.92,0.34,0.25,113.65,27
1602,3351,7,2452.57,0.35,0.25,3065.71,57
1603,3351,1,2424.22,0.32,0.25,3030.27,99
1604,3351,3,2239.92,0.14,0.25,2799.9,56
1605,3351,2,2353.33,0.46,0.25,2941.66,73
1606,3351,9,2466.75,0.43,0.25,3083.44,78
1607,3540,7,6613.9,0.39,0.25,8267.38,73
1608,3540,3,6119.75,0.14,0.25,7649.69,54
1609,3540,2,6955.99,0.47,0.25,8694.99,90
1610,3540,6,6689.92,0.38,0.25,8362.4,70
1611,3086,4,519.01,0.33,0.25,648.76,63
1612,3086,3,525.3,0.13,0.25,656.62,55
1613,3086,10,569.34,0.49,0.25,711.68,37
1614,3086,8,512.72,0.34,0.25,640.9,63
1615,3086,6,515.86,0.42,0.25,644.83,44
1616,4173,8,1725.55,0.38,0.25,2156.94,14
1617,4173,5,1642.39,0.13,0.25,2052.99,54
1618,4173,10,1829.5,0.42,0.25,2286.88,60
1619,4173,7,1902.27,0.47,0.25,2377.84,39
1620,4173,3,1683.97,0.12,0.25,2104.96,33
1621,4173,4,1642.39,0.31,0.25,2052.99,44
1622,5335,10,504.84,0.34,0.25,631.05,27
1623,5335,2,514.08,0.42,0.25,642.6,56
1624,5335,5,532.55,0.14,0.25,665.69,81
1625,5335,1,581.8,0.49,0.25,727.25,30
1626,1245,2,9.64,0.39,0.25,12.05,74
1627,1245,10,10.17,0.38,0.25,12.71,31
1628,1245,8,9.88,0.43,0.25,12.35,28
1629,1245,9,9.82,0.35,0.25,12.28,25
1630,1245,3,10.17,0.13,0.25,12.71,88
1631,1245,6,10.77,0.5,0.25,13.46,51
1632,2227,4,106.95,0.46,0.25,133.69,99
1633,2227,1,102.92,0.42,0.25,128.65,50
1634,2227,3,91.42,0.12,0.25,114.28,50
1635,2227,6,103.5,0.5,0.25,129.38,78
1636,2227,7,97.75,0.33,0.25,122.19,17
1637,2227,8,98.9,0.46,0.25,123.62,65
1638,671,3,36.85,0.1,0.25,46.06,91
1639,671,2,35.08,0.32,0.25,43.85,77
1640,671,5,37.07,0.11,0.25,46.34,77
1641,671,4,36.41,0.32,0.25,45.51,70
1642,2290,4,106.54,0.47,0.25,133.18,15
1643,2290,5,94.9,0.1,0.25,118.62,82
1644,2290,6,100.72,0.49,0.25,125.9,90
1645,1158,2,133.32,0.39,0.25,166.65,72
1646,1158,1,131.77,0.49,0.25,164.71,20
1647,1158,10,127.12,0.35,0.25,158.9,62
1648,1158,9,135.64,0.44,0.25,169.55,100
1649,1158,7,132.54,0.32,0.25,165.68,81
1650,1158,3,123.24,0.11,0.25,154.05,67
1651,970,9,191.47,0.34,0.25,239.34,66
1652,970,10,205.65,0.34,0.25,257.06,61
1653,970,7,204.47,0.42,0.25,255.59,63
1654,5295,3,578.31,0.12,0.25,722.89,69
1655,5295,8,595.83,0.43,0.25,744.79,92
1656,5295,1,553.77,0.33,0.25,692.21,54
1657,5295,10,623.87,0.46,0.25,779.84,62
1658,5295,5,567.79,0.11,0.25,709.74,97
1659,4918,7,340.47,0.39,0.25,425.59,60
1660,4918,8,332.26,0.41,0.25,415.32,48
1661,4918,6,346.62,0.49,0.25,433.28,47
1662,4918,5,330.21,0.12,0.25,412.76,33
1663,2971,6,284.26,0.48,0.25,355.32,92
1664,2971,3,272.55,0.13,0.25,340.69,31
1665,2971,2,270.88,0.4,0.25,338.6,12
1666,2971,4,285.93,0.41,0.25,357.41,41
1667,2390,5,40.96,0.13,0.25,51.2,46
1668,2390,10,41.22,0.33,0.25,51.52,92
1669,2390,6,45.31,0.5,0.25,56.64,75
1670,2390,4,46.59,0.5,0.25,58.24,24
1671,2390,1,43.78,0.44,0.25,54.72,23
1672,2390,2,40.19,0.36,0.25,50.24,17
1673,915,6,129.2,0.32,0.25,161.5,39
1674,915,1,126.86,0.3,0.25,158.57,63
1675,915,7,134.65,0.5,0.25,168.31,50
1676,915,2,142.43,0.46,0.25,178.04,30
1677,915,4,137.76,0.43,0.25,172.2,11
1678,1131,2,141.15,0.31,0.25,176.44,94
1679,1131,4,136.11,0.36,0.25,170.14,37
1680,1131,6,146.19,0.4,0.25,182.74,60
1681,1131,7,140.31,0.4,0.25,175.39,71
1682,1131,9,128.55,0.3,0.25,160.69,27
1683,86,6,497.74,0.5,0.25,622.17,61
1684,86,9,514.91,0.49,0.25,643.64,19
1685,86,7,517.77,0.42,0.25,647.21,75
1686,86,2,483.44,0.46,0.25,604.3,70
1687,522,1,65.2,0.34,0.25,81.5,80
1688,522,9,64.8,0.41,0.25,81.0,58
1689,522,5,65.2,0.11,0.25,81.5,53
1690,522,7,60.78,0.31,0.25,75.97,46
1691,522,6,68.83,0.46,0.25,86.04,61
1692,522,10,65.61,0.39,0.25,82.01,81
1693,2299,8,41.03,0.31,0.25,51.29,87
1694,2299,2,45.53,0.47,0.25,56.91,62
1695,2299,10,47.38,0.44,0.25,59.22,33
1696,2299,6,48.97,0.47,0.25,61.21,20
1697,2299,7,44.73,0.4,0.25,55.91,32
1698,4160,7,1090.91,0.4,0.25,1363.64,100
1699,4160,9,1064.78,0.38,0.25,1330.98,92
1700,4160,1,1117.04,0.47,0.25,1396.3,82
1701,4160,6,1071.31,0.34,0.25,1339.14,94
1702,4160,4,1090.91,0.3,0.25,1363.64,47
1703,1479,9,166.56,0.47,0.25,208.2,81
1704,1479,6,155.39,0.35,0.25,194.24,61
1705,1479,5,154.46,0.14,0.25,193.08,78
1706,1479,7,159.12,0.42,0.25,198.9,46
1707,1479,10,143.3,0.33,0.25,179.12,68
1708,1479,2,156.32,0.4,0.25,195.4,55
1709,5158,4,568.0,0.46,0.25,710.0,15
1710,5158,2,517.79,0.43,0.25,647.24,54
1711,5158,7,502.1,0.34,0.25,627.62,83
1712,5158,9,533.48,0.39,0.25,666.85,15
1713,5158,8,561.72,0.5,0.25,702.15,28
1714,5158,6,536.62,0.42,0.25,670.78,49
1715,5207,6,431.18,0.45,0.25,538.98,49
1716,5207,10,405.05,0.33,0.25,506.31,15
1717,5207,1,433.79,0.39,0.25,542.24,87
1718,5207,8,465.15,0.45,0.25,581.44,96
1719,5207,9,423.34,0.41,0.25,529.17,64
1720,4841,5,317.78,0.11,0.25,397.22,74
1721,4841,10,340.63,0.31,0.25,425.79,19
1722,4841,4,348.94,0.3,0.25,436.18,17
1723,4841,3,351.01,0.13,0.25,438.76,49
1724,4179,2,136.42,0.47,0.25,170.52,60
1725,4179,7,130.84,0.41,0.25,163.55,78
1726,4179,1,138.02,0.44,0.25,172.52,82
1727,475,9,505.32,0.34,0.25,631.65,51
1728,475,4,478.57,0.35,0.25,598.21,97
1729,475,10,502.35,0.32,0.25,627.94,46
1730,475,5,469.66,0.13,0.25,587.08,61
1731,475,1,460.74,0.33,0.25,575.92,20
1732,475,6,481.54,0.36,0.25,601.93,83
1733,5380,7,127.25,0.38,0.25,159.06,80
1734,5380,1,123.39,0.35,0.25,154.24,31
1735,5380,9,141.13,0.49,0.25,176.41,38
1736,5380,2,128.79,0.35,0.25,160.99,91
1737,5380,4,145.76,0.49,0.25,182.2,74
1738,607,1,78.71,0.46,0.25,98.39,48
1739,607,4,71.19,0.39,0.25,88.99,84
1740,607,5,68.1,0.14,0.25,85.12,45
1741,607,10,76.94,0.48,0.25,96.18,56
1742,607,2,73.41,0.31,0.25,91.76,41
1743,607,6,70.31,0.3,0.25,87.89,73
1744,1699,1,454.21,0.47,0.25,567.76,79
1745,1699,10,449.17,0.47,0.25,561.46,85
1746,1699,4,441.6,0.41,0.25,552.0,72
1747,1699,6,381.03,0.3,0.25,476.29,68
1748,3857,3,1190.64,0.1,0.25,1488.3,89
1749,3857,10,1183.25,0.32,0.25,1479.06,83
1750,3857,5,1242.41,0.15,0.25,1553.01,98
1751,3857,2,1271.99,0.38,0.25,1589.99,49
1752,3857,4,1257.2,0.42,0.25,1571.5,35
1753,3337,3,2082.86,0.14,0.25,2603.58,29
1754,3337,2,1969.25,0.31,0.25,2461.56,79
1755,3337,4,2171.22,0.35,0.25,2714.02,15
1756,3629,2,2127.75,0.41,0.25,2659.69,53
1757,3629,4,2323.56,0.48,0.25,2904.45,65
1758,3629,8,2284.4,0.39,0.25,2855.5,13
1759,3629,6,2049.43,0.31,0.25,2561.79,68
1760,4695,2,651.78,0.36,0.25,814.72,39
1761,4695,8,647.86,0.43,0.25,809.82,52
1762,4695,9,694.97,0.42,0.25,868.71,31
1763,2183,2,8.01,0.46,0.25,10.01,60
1764,2183,9,7.03,0.33,0.25,8.79,34
1765,2183,5,7.03,0.14,0.25,8.79,64
1766,2183,6,7.7,0.4,0.25,9.62,84
1767,2183,3,6.81,0.13,0.25,8.51,40
1768,2183,7,8.1,0.48,0.25,10.12,21
1769,3872,5,2543.64,0.14,0.25,3179.55,25
1770,3872,3,2470.12,0.1,0.25,3087.65,73
1771,3872,4,2323.09,0.37,0.25,2903.86,86
1772,3872,7,2367.2,0.41,0.25,2959.0,38
1773,3872,6,2573.04,0.37,0.25,3216.3,77
1774,3872,2,2484.82,0.34,0.25,3106.02,32
1775,2964,2,301.78,0.49,0.25,377.22,40
1776,2964,6,264.06,0.41,0.25,330.08,58
1777,2964,8,264.06,0.39,0.25,330.08,56
1778,2964,10,288.66,0.44,0.25,360.83,95
1779,2964,9,267.34,0.32,0.25,334.17,51
1780,2964,1,298.5,0.47,0.25,373.12,38
1781,1115,1,109.08,0.41,0.25,136.35,15
1782,1115,6,115.1,0.44,0.25,143.88,95
1783,1115,3,113.09,0.11,0.25,141.36,55
1784,1889,10,28.98,0.4,0.25,36.22,89
1785,1889,6,29.16,0.36,0.25,36.45,28
1786,1889,3,27.37,0.11,0.25,34.21,66
1787,3643,8,2655.99,0.47,0.25,3319.99,12
1788,3643,5,2483.11,0.15,0.25,3103.89,53
1789,3643,4,2655.99,0.38,0.25,3319.99,32
1790,3643,7,2655.99,0.38,0.25,3319.99,67
1791,3643,9,2640.27,0.38,0.25,3300.34,33
1792,3748,9,5859.16,0.36,0.25,7323.95,80
1793,3748,2,6341.24,0.49,0.25,7926.55,98
1794,3748,1,6489.58,0.49,0.25,8111.98,72
1795,3748,4,6860.41,0.49,0.25,8575.51,64
1796,1094,4,219.27,0.41,0.25,274.09,29
1797,1094,2,227.44,0.4,0.25,284.3,15
1798,1094,1,211.09,0.34,0.25,263.86,38
1799,1094,9,227.44,0.32,0.25,284.3,26
1800,1911,3,17.79,0.1,0.25,22.24,93
1801,1911,6,18.38,0.32,0.25,22.98,84
1802,1911,2,18.96,0.4,0.25,23.7,45
1803,2287,5,94.0,0.11,0.25,117.5,32
1804,2287,6,103.69,0.49,0.25,129.61,66
1805,2287,8,102.55,0.46,0.25,128.19,93
1806,2287,1,100.84,0.42,0.25,126.05,87
1807,2287,7,95.71,0.38,0.25,119.64,82
1808,3140,10,3140.36,0.46,0.25,3925.45,95
1809,3140,7,2936.66,0.48,0.25,3670.82,66
1810,3140,6,2868.76,0.49,0.25,3585.95,62
1811,3140,2,2970.61,0.39,0.25,3713.26,83
1812,3140,3,2648.08,0.14,0.25,3310.1,80
1813,3140,8,2868.76,0.4,0.25,3585.95,93
1814,1422,10,146.84,0.42,0.25,183.55,99
1815,1422,3,133.79,0.14,0.25,167.24,55
1816,1422,1,141.13,0.37,0.25,176.41,42
1817,3457,2,7230.87,0.38,0.25,9038.59,51
1818,3457,7,6797.88,0.35,0.25,8497.35,18
1819,3457,3,6667.98,0.14,0.25,8334.97,52
1820,3457,5,6927.78,0.13,0.25,8659.72,40
1821,575,10,70.37,0.36,0.25,87.96,47
1822,575,8,67.5,0.34,0.25,84.38,15
1823,575,2,65.46,0.34,0.25,81.82,15
1824,2198,1,22.03,0.39,0.25,27.54,40
1825,2198,10,25.61,0.49,0.25,32.01,43
1826,2198,2,23.96,0.47,0.25,29.95,28
1827,2198,8,24.24,0.44,0.25,30.3,33
1828,2198,5,21.21,0.11,0.25,26.51,42
1829,2198,4,22.86,0.34,0.25,28.58,13
1830,3202,6,1308.15,0.43,0.25,1635.19,21
1831,3202,3,1268.51,0.12,0.25,1585.64,99
1832,3202,4,1324.01,0.33,0.25,1655.01,10
1833,2929,5,172.02,0.13,0.25,215.02,60
1834,2929,3,165.57,0.13,0.25,206.96,27
1835,2929,9,192.44,0.42,0.25,240.55,98
1836,2929,2,181.69,0.34,0.25,227.11,94
1837,5359,6,80.28,0.47,0.25,100.35,43
1838,5359,9,76.59,0.36,0.25,95.74,21
1839,5359,5,75.67,0.11,0.25,94.59,26
1840,5359,1,76.59,0.44,0.25,95.74,55
1841,5359,7,78.9,0.33,0.25,98.62,94
1842,2642,9,12.79,0.5,0.25,15.99,95
1843,2642,8,11.32,0.35,0.25,14.15,40
1844,2642,6,11.04,0.32,0.25,13.8,93
1845,2642,10,11.32,0.38,0.25,14.15,41
1846,1590,10,789.13,0.35,0.25,986.41,29
1847,1590,9,834.08,0.41,0.25,1042.6,77
1848,1590,8,889.02,0.44,0.25,1111.28,82
1849,1590,7,874.04,0.4,0.25,1092.55,73
1850,1590,2,834.08,0.4,0.25,1042.6,20
1851,1590,3,849.06,0.11,0.25,1061.32,43
1852,2637,6,175.14,0.33,0.25,218.92,75
1853,2637,4,177.29,0.36,0.25,221.61,19
1854,2637,8,174.07,0.35,0.25,217.59,29
1855,2637,9,165.47,0.3,0.25,206.84,73
1856,2263,6,147.14,0.45,0.25,183.92,65
1857,2263,2,155.07,0.48,0.25,193.84,65
1858,2263,8,142.74,0.3,0.25,178.42,86
1859,818,2,16.55,0.33,0.25,20.69,96
1860,818,10,16.98,0.33,0.25,21.22,21
1861,818,5,16.98,0.13,0.25,21.22,21
1862,818,1,18.46,0.44,0.25,23.08,19
1863,818,8,18.36,0.39,0.25,22.95,88
1864,1153,2,208.02,0.37,0.25,260.03,96
1865,1153,8,224.51,0.48,0.25,280.64,16
1866,1153,10,211.82,0.31,0.25,264.77,58
1867,1153,6,223.24,0.49,0.25,279.05,25
1868,1153,9,205.48,0.39,0.25,256.85,85
1869,1153,1,213.09,0.44,0.25,266.36,95
1870,3366,1,2199.26,0.35,0.25,2749.08,51
1871,3366,2,2432.94,0.4,0.25,3041.18,81
1872,3366,6,2542.9,0.45,0.25,3178.62,68
1873,3366,8,2350.46,0.46,0.25,2938.08,20
1874,3366,3,2213.01,0.11,0.25,2766.26,45
1875,3366,5,2130.54,0.13,0.25,2663.18,30
1876,2621,10,123.7,0.37,0.25,154.62,17
1877,2621,8,127.96,0.4,0.25,159.95,22
1878,2621,2,110.19,0.3,0.25,137.74,17
1879,2621,9,129.38,0.46,0.25,161.72,20
1880,2621,7,133.65,0.49,0.25,167.06,60
1881,2301,3,57.86,0.12,0.25,72.32,82
1882,2301,5,60.04,0.14,0.25,75.05,93
1883,2301,2,64.05,0.4,0.25,80.06,30
1884,2301,6,61.14,0.4,0.25,76.42,42
1885,2301,7,66.23,0.49,0.25,82.79,31
1886,3091,2,1830.56,0.42,0.25,2288.2,44
1887,3091,4,1841.26,0.44,0.25,2301.57,94
1888,3091,8,1991.13,0.48,0.25,2488.91,22
1889,3091,10,1894.78,0.44,0.25,2368.48,49
1890,3091,7,1926.9,0.5,0.25,2408.62,97
1891,838,2,14.93,0.34,0.25,18.66,59
1892,838,9,16.63,0.41,0.25,20.79,56
1893,838,10,17.39,0.44,0.25,21.74,31
1894,838,7,14.27,0.3,0.25,17.84,27
1895,838,8,17.1,0.49,0.25,21.38,61
1896,838,5,16.16,0.12,0.25,20.2,62
1897,3656,2,9723.22,0.45,0.25,12154.02,100
1898,3656,7,8877.72,0.34,0.25,11097.15,28
1899,3656,8,9723.22,0.5,0.25,12154.02,26
1900,1549,2,264.64,0.42,0.25,330.8,45
1901,1549,4,274.44,0.37,0.25,343.05,11
1902,1549,1,259.74,0.36,0.25,324.68,59
1903,1549,8,294.05,0.48,0.25,367.56,19
1904,2405,4,33.73,0.41,0.25,42.16,58
1905,2405,5,32.69,0.12,0.25,40.86,40
1906,2405,9,34.98,0.43,0.25,43.72,13
1907,2405,6,36.23,0.39,0.25,45.29,40
1908,2405,8,34.77,0.46,0.25,43.46,66
1909,4704,10,304.48,0.32,0.25,380.6,13
1910,4704,7,318.73,0.41,0.25,398.41,82
1911,4704,6,286.68,0.37,0.25,358.35,51
1912,4704,8,302.7,0.48,0.25,378.38,65
1913,2635,2,124.32,0.44,0.25,155.4,55
1914,2635,7,125.04,0.45,0.25,156.3,53
1915,2635,8,134.44,0.46,0.25,168.05,38
1916,2635,4,119.98,0.37,0.25,149.98,28
1917,2635,3,125.04,0.14,0.25,156.3,51
1918,2574,1,313.7,0.39,0.25,392.12,23
1919,2574,7,319.27,0.43,0.25,399.09,32
1920,2574,5,302.56,0.14,0.25,378.2,73
1921,2574,8,322.98,0.46,0.25,403.72,87
1922,5190,2,298.97,0.37,0.25,373.71,18
1923,5190,7,302.53,0.47,0.25,378.16,31
1924,5190,6,311.43,0.4,0.25,389.29,20
1925,5190,4,323.89,0.43,0.25,404.86,40
1926,5190,3,293.63,0.12,0.25,367.04,48
1927,5190,1,306.09,0.36,0.25,382.61,83
1928,4626,5,1799.19,0.11,0.25,2248.99,24
1929,4626,7,1810.37,0.39,0.25,2262.96,37
1930,4626,8,1810.37,0.34,0.25,2262.96,57
1931,4626,3,1799.19,0.15,0.25,2248.99,69
1932,4626,10,1933.29,0.46,0.25,2416.61,81
1933,1741,7,155.79,0.47,0.25,194.74,39
1934,1741,1,142.39,0.38,0.25,177.99,62
1935,1741,5,137.37,0.15,0.25,171.71,80
1936,1741,8,139.88,0.45,0.25,174.85,28
1937,1741,4,134.85,0.3,0.25,168.56,98
1938,1741,6,145.74,0.4,0.25,182.18,82
1939,4818,6,386.3,0.38,0.25,482.88,65
1940,4818,9,361.88,0.41,0.25,452.35,17
1941,4818,10,335.24,0.3,0.25,419.05,19
1942,4818,8,386.3,0.43,0.25,482.88,15
1943,4818,1,377.42,0.44,0.25,471.78,76
1944,370,5,251.79,0.14,0.25,314.74,10
1945,370,4,253.25,0.4,0.25,316.56,47
1946,370,10,235.69,0.39,0.25,294.61,88
1947,370,6,260.57,0.42,0.25,325.71,82
1948,659,3,47.49,0.12,0.25,59.36,52
1949,659,1,45.76,0.32,0.25,57.2,53
1950,659,8,44.6,0.32,0.25,55.75,88
1951,3096,9,7541.48,0.41,0.25,9426.85,40
1952,3096,2,7035.91,0.39,0.25,8794.89,96
1953,3096,6,7499.35,0.39,0.25,9374.19,30
1954,3096,3,6993.78,0.13,0.25,8742.22,24
1955,3096,1,7372.96,0.46,0.25,9216.2,55
1956,3096,7,7962.8,0.49,0.25,9953.5,33
1957,3661,5,2619.2,0.14,0.25,3274.0,50
1958,3661,4,2733.79,0.36,0.25,3417.24,44
1959,3661,1,2815.64,0.46,0.25,3519.55,71
1960,802,6,70.23,0.38,0.25,87.79,100
1961,802,10,75.56,0.5,0.25,94.45,67
1962,802,7,72.9,0.32,0.25,91.12,72
1963,5284,4,477.64,0.44,0.25,597.05,21
1964,5284,6,513.74,0.48,0.25,642.17,87
1965,5284,2,505.41,0.48,0.25,631.76,90
1966,5284,1,466.54,0.43,0.25,583.18,77
1967,2885,1,173.12,0.49,0.25,216.4,83
1968,2885,9,159.09,0.36,0.25,198.86,79
1969,2885,4,159.09,0.47,0.25,198.86,15
1970,2885,3,151.6,0.13,0.25,189.5,92
1971,455,6,154.03,0.48,0.25,192.54,44
1972,455,5,143.76,0.14,0.25,179.7,76
1973,455,10,145.47,0.43,0.25,181.84,20
1974,455,9,141.19,0.36,0.25,176.49,91
1975,1440,7,21.71,0.39,0.25,27.14,57
1976,1440,1,21.96,0.41,0.25,27.45,42
1977,1440,3,20.33,0.12,0.25,25.41,93
1978,1440,2,20.21,0.39,0.25,25.26,18
1979,1440,10,21.96,0.48,0.25,27.45,88
1980,1440,9,22.34,0.47,0.25,27.92,30
1981,2437,3,135.79,0.11,0.25,169.74,13
1982,2437,8,136.61,0.43,0.25,170.76,68
1983,2437,9,139.88,0.35,0.25,174.85,29
1984,2437,1,149.69,0.45,0.25,187.11,89
1985,2437,10,140.7,0.48,0.25,175.88,61
1986,4993,6,610.87,0.47,0.25,763.59,76
1987,4993,5,580.83,0.15,0.25,726.04,97
1988,4993,8,530.76,0.37,0.25,663.45,38
1989,4993,4,574.15,0.34,0.25,717.69,85
1990,4993,10,517.41,0.34,0.25,646.76,66
1991,4993,2,514.07,0.33,0.25,642.59,12
1992,183,5,1042.79,0.13,0.25,1303.49,21
1993,183,6,1018.4,0.41,0.25,1273.0,76
1994,183,4,1097.68,0.41,0.25,1372.1,71
1995,611,8,62.99,0.32,0.25,78.74,42
1996,611,5,64.99,0.1,0.25,81.24,96
1997,611,4,70.21,0.42,0.25,87.76,90
1998,611,3,67.0,0.13,0.25,83.75,19
1999,611,7,64.59,0.39,0.25,80.74,59
2000,611,6,65.4,0.42,0.25,81.75,89
2001,2672,7,181.74,0.32,0.25,227.18,78
2002,2672,4,179.61,0.48,0.25,224.51,36
2003,2672,9,185.99,0.46,0.25,232.49,30
2004,2672,10,166.86,0.3,0.25,208.58,62
2005,2672,2,177.49,0.46,0.25,221.86,62
2006,4102,5,653.85,0.12,0.25,817.31,48
2007,4102,2,726.5,0.47,0.25,908.12,32
2008,4102,1,710.35,0.44,0.25,887.94,28
2009,4102,9,694.21,0.44,0.25,867.76,52
2010,4102,10,653.85,0.39,0.25,817.31,38
2011,4102,3,641.74,0.11,0.25,802.18,27
2012,2549,7,73.3,0.43,0.25,91.62,51
2013,2549,9,79.23,0.5,0.25,99.04,78
2014,2549,4,76.27,0.48,0.25,95.34,23
2015,2549,8,70.76,0.4,0.25,88.45,18
2016,2549,1,69.49,0.39,0.25,86.86,48
2017,2549,5,71.61,0.14,0.25,89.51,39
2018,3157,1,2405.13,0.5,0.25,3006.41,20
2019,3157,4,2312.62,0.42,0.25,2890.77,53
2020,3157,6,2365.48,0.48,0.25,2956.85,38
2021,3157,3,2114.4,0.14,0.25,2643.0,27
2022,3157,5,2061.54,0.14,0.25,2576.93,29
2023,3157,9,2272.98,0.39,0.25,2841.22,35
2024,152,5,1794.48,0.12,0.25,2243.1,40
2025,152,4,1891.77,0.45,0.25,2364.71,69
2026,152,3,1826.91,0.14,0.25,2283.64,90
2027,152,6,1956.63,0.47,0.25,2445.79,37
2028,152,7,1837.72,0.42,0.25,2297.15,34
2029,1773,4,85.36,0.42,0.25,106.7,26
2030,1773,7,81.83,0.34,0.25,102.29,41
2031,1773,5,81.32,0.14,0.25,101.65,84
2032,1773,3,77.28,0.11,0.25,96.6,17
2033,1773,6,91.42,0.5,0.25,114.28,38
2034,1773,1,91.42,0.47,0.25,114.28,41
2035,4092,4,820.05,0.45,0.25,1025.06,82
2036,4092,10,762.16,0.36,0.25,952.7,69
2037,4092,5,834.52,0.13,0.25,1043.15,39
2038,3681,10,4306.42,0.48,0.25,5383.02,32
2039,3681,4,4306.42,0.37,0.25,5383.02,94
2040,3681,5,3783.68,0.11,0.25,4729.6,39
2041,523,8,139.08,0.34,0.25,173.85,37
2042,523,6,152.54,0.37,0.25,190.68,13
2043,523,5,142.67,0.1,0.25,178.34,24
2044,523,10,143.57,0.36,0.25,179.46,20
2045,523,2,149.85,0.33,0.25,187.31,96
2046,523,7,142.67,0.32,0.25,178.34,29
2047,4941,1,526.97,0.46,0.25,658.71,77
2048,4941,8,517.73,0.37,0.25,647.16,69
2049,4941,9,545.46,0.39,0.25,681.82,20
2050,4941,10,483.83,0.3,0.25,604.79,73
2051,4941,6,567.03,0.46,0.25,708.79,58
2052,4941,7,545.46,0.39,0.25,681.82,47
2053,4987,6,25.74,0.39,0.25,32.17,62
2054,4987,10,26.77,0.46,0.25,33.46,31
2055,4987,8,24.27,0.39,0.25,30.34,12
2056,3180,8,5843.71,0.43,0.25,7304.64,81
2057,3180,10,5777.68,0.48,0.25,7222.1,67
2058,3180,7,6041.8,0.49,0.25,7552.25,85
2059,3180,2,5711.65,0.44,0.25,7139.56,40
2060,3180,5,5282.45,0.14,0.25,6603.06,20
2061,2404,5,117.96,0.11,0.25,147.45,72
2062,2404,1,113.82,0.4,0.25,142.27,34
2063,2404,4,115.89,0.44,0.25,144.86,97
2064,3425,3,6920.78,0.13,0.25,8650.98,17
2065,3425,8,7081.73,0.4,0.25,8852.16,37
2066,3425,1,6679.36,0.38,0.25,8349.2,55
2067,3425,4,6317.22,0.31,0.25,7896.52,65
2068,4699,6,729.62,0.36,0.25,912.02,22
2069,4699,1,652.82,0.31,0.25,816.03,24
2070,4699,10,729.62,0.39,0.25,912.02,88
2071,4566,3,274.16,0.14,0.25,342.7,91
2072,4566,4,293.25,0.39,0.25,366.56,54
2073,4566,6,303.66,0.5,0.25,379.58,72
2074,4566,1,293.25,0.36,0.25,366.56,15
2075,4566,7,310.6,0.44,0.25,388.25,39
2076,4511,9,1655.99,0.47,0.25,2069.99,14
2077,4511,8,1520.25,0.45,0.25,1900.31,38
2078,4511,3,1529.3,0.14,0.25,1911.62,34
2079,1960,7,18.18,0.45,0.25,22.72,74
2080,1960,3,16.36,0.11,0.25,20.45,59
2081,1960,4,17.68,0.42,0.25,22.1,51
2082,1960,8,17.98,0.49,0.25,22.48,70
2083,1960,1,16.66,0.38,0.25,20.82,43
2084,1960,10,17.88,0.46,0.25,22.35,86
2085,3448,4,1304.85,0.31,0.25,1631.06,100
2086,3448,2,1279.75,0.31,0.25,1599.69,14
2087,3448,8,1455.41,0.47,0.25,1819.26,35
2088,3448,10,1539.05,0.45,0.25,1923.81,77
2089,3448,5,1355.03,0.12,0.25,1693.79,75
2090,5140,1,488.15,0.45,0.25,610.19,62
2091,5140,3,476.73,0.14,0.25,595.91,98
2092,5140,8,479.59,0.45,0.25,599.49,37
2093,5140,9,482.44,0.37,0.25,603.05,56
2094,3669,8,553.72,0.41,0.25,692.15,33
2095,3669,4,566.37,0.47,0.25,707.96,70
2096,3669,10,534.73,0.41,0.25,668.41,54
2097,3669,1,550.55,0.46,0.25,688.19,27
2098,3669,2,560.05,0.4,0.25,700.06,100
2099,2236,4,100.04,0.32,0.25,125.05,20
2100,2236,6,106.14,0.42,0.25,132.68,46
2101,2236,9,109.19,0.47,0.25,136.49,22
2102,2236,1,101.87,0.41,0.25,127.34,11
2103,2236,10,111.02,0.46,0.25,138.78,96
2104,2236,7,110.41,0.45,0.25,138.01,46
2105,1729,9,515.29,0.31,0.25,644.11,81
2106,1729,3,525.14,0.13,0.25,656.42,20
2107,1729,4,567.8,0.45,0.25,709.75,11
2108,4142,5,221.32,0.11,0.25,276.65,41
2109,4142,8,253.95,0.48,0.25,317.44,77
2110,4142,1,249.69,0.48,0.25,312.11,30
2111,4142,3,224.15,0.12,0.25,280.19,19
2112,4142,6,226.99,0.35,0.25,283.74,56
2113,2347,10,96.8,0.44,0.25,121.0,45
2114,2347,4,93.02,0.41,0.25,116.28,53
2115,2347,3,85.99,0.12,0.25,107.49,98
2116,2347,2,95.18,0.47,0.25,118.98,90
2117,2347,6,86.53,0.4,0.25,108.16,46
2118,2347,1,97.88,0.41,0.25,122.35,61
2119,606,7,34.07,0.32,0.25,42.59,76
2120,606,9,39.28,0.42,0.25,49.1,71
2121,606,10,36.46,0.44,0.25,45.58,22
2122,606,5,33.42,0.1,0.25,41.78,29
2123,606,1,38.41,0.45,0.25,48.01,70
2124,2454,7,18.21,0.39,0.25,22.76,42
2125,2454,1,17.8,0.49,0.25,22.25,12
2126,2454,5,17.19,0.13,0.25,21.49,43
2127,2454,3,16.67,0.14,0.25,20.84,67
2128,1580,2,206.83,0.37,0.25,258.54,21
2129,1580,1,223.96,0.48,0.25,279.95,67
2130,1580,7,237.13,0.47,0.25,296.41,78
2131,2531,5,49.86,0.11,0.25,62.32,74
2132,2531,6,53.99,0.38,0.25,67.49,91
2133,2531,7,51.13,0.37,0.25,63.91,75
2134,2531,2,55.9,0.43,0.25,69.88,51
2135,2531,9,53.36,0.32,0.25,66.7,98
2136,2366,2,154.32,0.35,0.25,192.9,64
2137,2366,3,140.04,0.13,0.25,175.05,67
2138,2366,9,154.32,0.33,0.25,192.9,22
2139,2366,8,140.94,0.36,0.25,176.18,57
2140,3269,9,7232.78,0.48,0.25,9040.98,55
2141,3269,6,6630.05,0.43,0.25,8287.56,88
2142,3269,3,6871.14,0.11,0.25,8588.93,43
2143,4087,7,383.75,0.31,0.25,479.69,60
2144,4087,4,415.54,0.43,0.25,519.43,15
2145,4087,2,397.37,0.49,0.25,496.71,54
2146,4087,9,361.04,0.36,0.25,451.3,63
2147,4087,6,395.1,0.38,0.25,493.88,97
2148,4087,3,351.96,0.12,0.25,439.95,12
2149,1596,9,156.24,0.5,0.25,195.3,56
2150,1596,1,135.41,0.32,0.25,169.26,75
2151,1596,4,135.41,0.31,0.25,169.26,87
2152,1596,2,145.82,0.37,0.25,182.27,81
2153,1596,5,147.56,0.12,0.25,184.45,91
2154,1596,8,138.01,0.3,0.25,172.51,25
2155,4737,8,364.86,0.34,0.25,456.08,69
2156,4737,9,382.24,0.39,0.25,477.8,36
2157,4737,7,332.29,0.3,0.25,415.36,59
2158,5275,6,284.75,0.45,0.25,355.94,49
2159,5275,1,261.66,0.36,0.25,327.08,41
2160,5275,5,255.51,0.13,0.25,319.39,35
2161,5275,8,255.51,0.36,0.25,319.39,50
2162,2481,8,90.12,0.34,0.25,112.65,45
2163,2481,3,98.68,0.15,0.25,123.35,28
2164,2481,4,100.39,0.49,0.25,125.49,42
2165,2481,2,101.53,0.41,0.25,126.91,80
2166,2481,1,98.11,0.37,0.25,122.64,51
2167,319,1,315.81,0.32,0.25,394.76,95
2168,319,7,323.75,0.42,0.25,404.69,96
2169,319,10,333.68,0.38,0.25,417.1,75
2170,319,5,317.79,0.15,0.25,397.24,43
2171,319,3,317.79,0.12,0.25,397.24,89
2172,3452,2,977.56,0.49,0.25,1221.95,18
2173,3452,3,867.72,0.14,0.25,1084.65,77
2174,3452,10,944.61,0.4,0.25,1180.76,12
2175,3452,6,955.59,0.36,0.25,1194.49,58
2176,2814,2,247.75,0.42,0.25,309.69,11
2177,2814,1,227.7,0.31,0.25,284.62,17
2178,2814,5,246.32,0.13,0.25,307.9,41
2179,2814,3,247.75,0.14,0.25,309.69,95
2180,2427,5,22.77,0.15,0.25,28.46,44
2181,2427,9,21.06,0.31,0.25,26.32,73
2182,2427,3,20.79,0.1,0.25,25.99,49
2183,2427,1,22.37,0.33,0.25,27.96,10
2184,2427,10,22.5,0.39,0.25,28.12,54
2185,2427,2,22.11,0.31,0.25,27.64,38
2186,4531,4,2365.85,0.34,0.25,2957.31,88
2187,4531,7,2155.86,0.33,0.25,2694.82,42
2188,4531,6,2393.85,0.31,0.25,2992.31,95
2189,4531,10,2435.84,0.47,0.25,3044.8,84
2190,4531,9,2575.83,0.46,0.25,3219.79,39
2191,4531,1,2631.83,0.48,0.25,3289.79,29
2192,714,8,58.82,0.44,0.25,73.53,44
2193,714,10,58.47,0.43,0.25,73.09,15
2194,714,4,56.74,0.37,0.25,70.92,68
2195,714,3,56.4,0.1,0.25,70.5,37
2196,297,4,19.87,0.43,0.25,24.84,58
2197,297,3,18.04,0.1,0.25,22.55,95
2198,297,7,19.87,0.46,0.25,24.84,97
2199,297,1,20.67,0.42,0.25,25.84,79
2200,297,8,18.96,0.34,0.25,23.7,70
2201,1553,6,305.82,0.31,0.25,382.28,36
2202,1553,1,285.92,0.33,0.25,357.4,69
2203,1553,3,300.39,0.12,0.25,375.49,54
2204,1553,4,313.06,0.38,0.25,391.32,21
2205,1553,8,282.3,0.34,0.25,352.88,11
2206,1553,7,325.73,0.43,0.25,407.16,60
2207,2916,6,106.73,0.33,0.25,133.41,87
2208,2916,3,99.7,0.13,0.25,124.62,100
2209,2916,1,103.53,0.32,0.25,129.41,68
2210,2916,4,111.84,0.36,0.25,139.8,76
2211,2916,5,99.06,0.13,0.25,123.82,13
2212,2830,9,59.96,0.31,0.25,74.95,86
2213,2830,1,72.19,0.43,0.25,90.24,46
2214,2830,5,61.54,0.1,0.25,76.92,38
2215,2830,3,65.09,0.15,0.25,81.36,67
2216,2830,7,67.46,0.33,0.25,84.32,93
2217,85,3,1855.57,0.14,0.25,2319.46,99
2218,85,5,1973.01,0.12,0.25,2466.26,44
2219,85,8,2207.89,0.49,0.25,2759.86,24
2220,85,4,2008.24,0.34,0.25,2510.3,63
2221,2234,5,141.89,0.14,0.25,177.36,17
2222,2234,1,156.08,0.42,0.25,195.1,77
2223,2234,4,152.53,0.41,0.25,190.66,51
2224,2234,6,163.17,0.45,0.25,203.96,72
2225,4567,10,1816.54,0.48,0.25,2270.68,50
2226,4567,2,1660.83,0.35,0.25,2076.04,13
2227,4567,5,1660.83,0.12,0.25,2076.04,96
2228,4567,8,1775.01,0.42,0.25,2218.76,47
2229,4567,3,1712.73,0.14,0.25,2140.91,41
2230,3319,4,5322.63,0.49,0.25,6653.29,25
2231,3319,7,5016.73,0.35,0.25,6270.91,67
2232,3319,10,4986.14,0.3,0.25,6232.68,72
2233,3804,3,1736.57,0.14,0.25,2170.71,91
2234,3804,8,1573.13,0.31,0.25,1966.41,99
2235,3804,1,1685.49,0.44,0.25,2106.86,67
2236,3804,4,1573.13,0.33,0.25,1966.41,30
2237,3804,6,1716.14,0.34,0.25,2145.18,24
2238,4541,9,1406.06,0.36,0.25,1757.57,36
2239,4541,7,1406.06,0.44,0.25,1757.57,76
2240,4541,2,1431.63,0.4,0.25,1789.54,19
2241,4541,6,1491.28,0.43,0.25,1864.1,42
2242,3651,9,3428.6,0.32,0.25,4285.75,32
2243,3651,4,3871.0,0.49,0.25,4838.75,30
2244,3651,2,3915.24,0.37,0.25,4894.05,27
2245,2600,2,212.8,0.36,0.25,266.0,82
2246,2600,8,231.19,0.4,0.25,288.99,54
2247,2600,4,220.68,0.34,0.25,275.85,13
2248,3960,5,348.93,0.15,0.25,436.16,88
2249,3960,1,378.0,0.4,0.25,472.5,34
2250,3960,9,369.06,0.37,0.25,461.32,50
2251,3960,10,391.42,0.46,0.25,489.28,51
2252,3960,6,389.19,0.4,0.25,486.49,41
2253,1448,9,74.65,0.32,0.25,93.31,73
2254,1448,8,67.94,0.3,0.25,84.92,88
2255,1448,6,76.44,0.47,0.25,95.55,66
2256,1448,2,75.99,0.48,0.25,94.99,45
2257,4306,4,1910.51,0.42,0.25,2388.14,95
2258,4306,3,1820.6,0.12,0.25,2275.75,63
2259,4306,2,1966.7,0.36,0.25,2458.38,52
2260,4306,6,2045.37,0.45,0.25,2556.71,27
2261,4255,1,1592.6,0.4,0.25,1990.75,79
2262,4255,2,1527.78,0.38,0.25,1909.72,58
2263,4255,6,1601.86,0.45,0.25,2002.32,60
2264,4255,8,1472.23,0.34,0.25,1840.29,92
2265,3703,8,3777.67,0.49,0.25,4722.09,11
2266,3703,5,3577.68,0.12,0.25,4472.1,75
2267,3703,9,3866.56,0.4,0.25,4833.2,60
2268,1618,10,595.21,0.47,0.25,744.01,49
2269,1618,6,601.75,0.49,0.25,752.19,38
2270,1618,7,529.8,0.37,0.25,662.25,69
2271,1618,9,523.26,0.36,0.25,654.08,90
2272,1618,8,572.32,0.46,0.25,715.4,91
2273,574,8,52.3,0.33,0.25,65.38,34
2274,574,7,55.28,0.42,0.25,69.1,84
2275,574,10,58.59,0.41,0.25,73.24,81
2276,574,6,57.92,0.41,0.25,72.4,55
2277,574,1,56.93,0.33,0.25,71.16,27
2278,93,2,649.16,0.35,0.25,811.45,71
2279,93,7,653.3,0.33,0.25,816.62,56
2280,93,10,673.97,0.43,0.25,842.46,81
2281,590,2,93.28,0.46,0.25,116.6,100
2282,590,4,81.42,0.3,0.25,101.78,89
2283,590,5,92.2,0.12,0.25,115.25,20
2284,590,6,88.97,0.42,0.25,111.21,96
2285,590,9,93.28,0.34,0.25,116.6,62
2286,590,10,100.29,0.49,0.25,125.36,14
2287,1879,7,15.56,0.39,0.25,19.45,62
2288,1879,4,14.48,0.34,0.25,18.1,52
2289,1879,5,14.13,0.15,0.25,17.66,67
2290,1879,3,13.59,0.11,0.25,16.99,41
2291,1879,2,16.36,0.47,0.25,20.45,75
2292,1879,6,15.73,0.4,0.25,19.66,79
2293,2201,5,26.35,0.15,0.25,32.94,96
2294,2201,3,26.35,0.11,0.25,32.94,14
2295,2201,8,29.39,0.41,0.25,36.74,76
2296,2201,6,28.21,0.33,0.25,35.26,91
2297,2675,3,286.28,0.1,0.25,357.85,70
2298,2675,2,300.78,0.35,0.25,375.98,18
2299,2675,5,282.66,0.11,0.25,353.33,40
2300,2675,4,311.65,0.47,0.25,389.56,90
2301,2675,6,295.34,0.35,0.25,369.17,48
2302,4,4,685.18,0.45,0.25,856.47,20
2303,4,10,714.25,0.4,0.25,892.81,91
2304,4,3,635.35,0.12,0.25,794.19,100
2305,4,7,776.54,0.49,0.25,970.68,72
2306,4782,9,450.24,0.49,0.25,562.8,55
2307,4782,7,439.77,0.37,0.25,549.71,25
2308,4782,6,408.36,0.31,0.25,510.45,20
2309,4782,8,463.33,0.4,0.25,579.16,83
2310,4853,2,229.25,0.37,0.25,286.56,67
2311,4853,7,245.11,0.36,0.25,306.39,32
2312,4853,5,232.13,0.13,0.25,290.16,47
2313,169,10,1218.63,0.4,0.25,1523.29,19
2314,169,9,1153.73,0.38,0.25,1442.16,87
2315,169,3,1218.63,0.14,0.25,1523.29,48
2316,169,1,1218.63,0.47,0.25,1523.29,37
2317,1292,6,53.93,0.36,0.25,67.41,36
2318,1292,9,61.97,0.49,0.25,77.46,19
2319,1292,3,52.26,0.15,0.25,65.32,97
2320,1292,10,57.28,0.32,0.25,71.6,19
2321,1292,2,51.59,0.31,0.25,64.49,58
2322,1841,9,35.67,0.4,0.25,44.59,85
2323,1841,3,34.48,0.13,0.25,43.1,11
2324,1841,5,32.69,0.1,0.25,40.86,52
2325,1841,1,32.29,0.35,0.25,40.36,96
2326,1841,8,34.48,0.43,0.25,43.1,97
2327,1924,7,14.31,0.43,0.25,17.89,21
2328,1924,2,14.55,0.43,0.25,18.19,58
2329,1924,3,13.04,0.15,0.25,16.3,84
2330,1924,9,12.88,0.37,0.25,16.1,38
2331,3042,9,1386.35,0.42,0.25,1732.94,99
2332,3042,7,1339.36,0.49,0.25,1674.2,19
2333,3042,5,1323.69,0.14,0.25,1654.61,94
2334,3042,2,1362.86,0.45,0.25,1703.57,62
2335,3042,10,1237.54,0.34,0.25,1546.92,47
2336,3042,4,1402.02,0.44,0.25,1752.52,21
2337,2140,2,23.31,0.37,0.25,29.14,99
2338,2140,4,23.44,0.36,0.25,29.3,10
2339,2140,6,23.44,0.36,0.25,29.3,42
2340,4787,9,331.71,0.48,0.25,414.64,88
2341,4787,6,301.39,0.42,0.25,376.74,21
2342,4787,10,319.23,0.43,0.25,399.04,36
2343,4787,8,317.45,0.48,0.25,396.81,15
2344,4787,1,301.39,0.4,0.25,376.74,84
2345,4787,5,306.74,0.13,0.25,383.42,12
2346,3699,5,7238.42,0.12,0.25,9048.02,75
2347,3699,9,8095.6,0.36,0.25,10119.5,72
2348,3699,2,8143.23,0.47,0.25,10179.04,11
2349,3699,3,7571.77,0.11,0.25,9464.71,26
2350,3699,7,8333.71,0.36,0.25,10417.14,86
2351,4508,7,1351.39,0.44,0.25,1689.24,96
2352,4508,3,1252.7,0.13,0.25,1565.88,68
2353,4508,4,1245.1,0.33,0.25,1556.38,53
2354,4508,9,1275.47,0.41,0.25,1594.34,13
2355,4508,2,1396.95,0.48,0.25,1746.19,95
2356,5007,7,439.94,0.37,0.25,549.92,22
2357,5007,2,432.27,0.42,0.25,540.34,77
2358,5007,4,427.15,0.4,0.25,533.94,66
2359,5007,3,419.48,0.11,0.25,524.35,39
2360,5007,5,437.38,0.14,0.25,546.72,83
2361,1126,1,229.73,0.48,0.25,287.16,32
2362,1126,8,221.13,0.49,0.25,276.41,60
2363,1126,6,216.22,0.48,0.25,270.27,100
2364,1081,7,66.95,0.45,0.25,83.69,72
2365,1081,10,66.55,0.32,0.25,83.19,37
2366,1081,2,74.17,0.45,0.25,92.71,17
2367,2294,7,26.53,0.35,0.25,33.16,70
2368,2294,1,29.57,0.46,0.25,36.96,26
2369,2294,6,28.73,0.38,0.25,35.91,75
2370,1917,10,6.25,0.32,0.25,7.81,81
2371,1917,8,6.36,0.44,0.25,7.95,17
2372,1917,7,6.62,0.41,0.25,8.28,41
2373,1917,9,6.36,0.44,0.25,7.95,90
2374,1917,5,5.73,0.13,0.25,7.16,90
2375,1917,3,6.36,0.14,0.25,7.95,64
2376,2709,4,104.23,0.37,0.25,130.29,50
2377,2709,1,95.94,0.35,0.25,119.92,19
2378,2709,2,103.04,0.47,0.25,128.8,99
2379,2709,7,89.42,0.31,0.25,111.78,14
2380,2709,10,101.86,0.36,0.25,127.32,47
2381,2709,6,104.23,0.44,0.25,130.29,92
2382,5179,8,216.56,0.31,0.25,270.7,79
2383,5179,4,212.53,0.31,0.25,265.66,87
2384,5179,10,220.6,0.4,0.25,275.75,48
2385,5179,3,225.98,0.13,0.25,282.47,34
2386,717,5,40.7,0.13,0.25,50.88,92
2387,717,8,43.13,0.45,0.25,53.91,13
2388,717,10,44.6,0.46,0.25,55.75,99
2389,717,4,44.11,0.47,0.25,55.14,59
2390,717,7,39.72,0.3,0.25,49.65,19
2391,717,3,40.45,0.14,0.25,50.56,58
2392,3423,10,7268.04,0.36,0.25,9085.05,16
2393,3423,9,7090.77,0.36,0.25,8863.46,68
2394,3423,7,7223.72,0.36,0.25,9029.65,39
2395,3423,2,7400.99,0.36,0.25,9251.24,39
2396,3423,8,7135.09,0.41,0.25,8918.86,39
2397,2394,10,160.95,0.34,0.25,201.19,76
2398,2394,5,158.12,0.14,0.25,197.65,54
2399,2394,2,144.0,0.31,0.25,180.0,48
2400,2394,3,148.71,0.15,0.25,185.89,85
2401,4697,8,713.75,0.37,0.25,892.19,42
2402,4697,10,730.16,0.39,0.25,912.7,28
2403,4697,6,709.65,0.5,0.25,887.06,81
2404,4697,7,701.44,0.32,0.25,876.8,59
2405,4697,4,734.26,0.47,0.25,917.82,72
2406,4346,4,1899.39,0.49,0.25,2374.24,22
2407,4346,6,1795.6,0.43,0.25,2244.5,81
2408,4346,3,1619.16,0.13,0.25,2023.95,30
2409,4346,2,1619.16,0.35,0.25,2023.95,81
2410,4346,10,1764.46,0.31,0.25,2205.57,52
2411,2966,5,32.99,0.11,0.25,41.24,57
2412,2966,10,33.41,0.34,0.25,41.76,46
2413,2966,3,32.99,0.11,0.25,41.24,60
2414,2966,8,38.24,0.46,0.25,47.8,90
2415,2966,2,35.3,0.36,0.25,44.12,19
2416,1066,8,144.85,0.37,0.25,181.06,64
2417,1066,5,148.34,0.12,0.25,185.42,21
2418,1066,2,147.47,0.47,0.25,184.34,96
2419,1066,7,134.38,0.31,0.25,167.98,66
2420,1066,10,147.47,0.31,0.25,184.34,72
2421,556,2,35.46,0.43,0.25,44.32,10
2422,556,4,35.26,0.4,0.25,44.08,69
2423,556,3,32.67,0.14,0.25,40.84,89
2424,556,1,35.46,0.5,0.25,44.32,99
2425,556,10,34.86,0.39,0.25,43.58,43
2426,282,3,283.53,0.15,0.25,354.41,66
2427,282,8,285.21,0.49,0.25,356.51,16
2428,282,1,266.75,0.34,0.25,333.44,84
2429,282,10,295.28,0.46,0.25,369.1,42
2430,282,7,285.21,0.37,0.25,356.51,35
2431,282,9,283.53,0.33,0.25,354.41,85
2432,4468,2,858.45,0.44,0.25,1073.06,97
2433,4468,1,848.29,0.36,0.25,1060.36,18
2434,4468,7,817.82,0.4,0.25,1022.28,76
2435,665,3,12.85,0.14,0.25,16.06,39
2436,665,10,11.7,0.31,0.25,14.62,62
2437,665,7,12.24,0.35,0.25,15.3,40
2438,665,2,13.08,0.35,0.25,16.35,56
2439,665,5,12.85,0.14,0.25,16.06,18
2440,665,9,13.77,0.47,0.25,17.21,19
2441,1974,3,21.51,0.11,0.25,26.89,79
2442,1974,6,23.9,0.48,0.25,29.88,39
2443,1974,2,22.92,0.36,0.25,28.65,18
2444,1974,5,23.62,0.14,0.25,29.52,72
2445,1974,8,23.34,0.39,0.25,29.18,15
2446,3307,6,2243.55,0.31,0.25,2804.44,76
2447,3307,1,2341.71,0.43,0.25,2927.14,85
2448,3307,2,2552.04,0.47,0.25,3190.05,13
2449,4601,7,338.97,0.41,0.25,423.71,30
2450,4601,10,338.97,0.41,0.25,423.71,18
2451,4601,5,329.23,0.15,0.25,411.54,22
2452,4601,3,309.75,0.14,0.25,387.19,52
2453,4601,6,338.97,0.37,0.25,423.71,83
2454,4601,9,337.02,0.37,0.25,421.28,29
2455,4836,8,537.05,0.36,0.25,671.31,87
2456,4836,4,568.28,0.44,0.25,710.35,68
2457,4836,3,493.34,0.1,0.25,616.67,27
2458,4836,6,571.4,0.43,0.25,714.25,11
2459,4836,9,533.93,0.37,0.25,667.41,24
2460,4836,2,552.66,0.49,0.25,690.82,50
2461,1334,7,78.45,0.42,0.25,98.06,70
2462,1334,5,70.21,0.12,0.25,87.76,82
2463,1334,9,71.08,0.31,0.25,88.85,41
2464,1334,1,71.08,0.42,0.25,88.85,97
2465,1334,2,76.71,0.45,0.25,95.89,84
2466,5015,4,681.11,0.41,0.25,851.39,36
2467,5015,2,578.38,0.31,0.25,722.98,30
2468,5015,1,643.06,0.47,0.25,803.82,83
2469,5015,5,612.62,0.11,0.25,765.78,85
2470,5015,3,593.6,0.11,0.25,742.0,35
2471,5015,9,673.5,0.37,0.25,841.88,60
2472,1374,3,77.96,0.11,0.25,97.45,76
2473,1374,4,77.96,0.32,0.25,97.45,84
2474,1374,10,86.68,0.46,0.25,108.35,12
2475,1374,5,82.06,0.15,0.25,102.58,38
2476,1374,2,92.83,0.47,0.25,116.04,67
2477,2036,6,14.53,0.45,0.25,18.16,89
2478,2036,10,13.9,0.37,0.25,17.38,65
2479,2036,5,13.18,0.12,0.25,16.48,65
2480,2036,2,13.5,0.42,0.25,16.88,61
2481,2036,1,13.58,0.34,0.25,16.98,82
2482,2310,9,105.52,0.35,0.25,131.9,35
2483,2310,10,118.46,0.41,0.25,148.07,86
2484,2310,8,110.97,0.38,0.25,138.71,98
2485,2310,5,113.69,0.12,0.25,142.11,27
2486,2353,8,27.58,0.39,0.25,34.47,21
2487,2353,3,25.68,0.14,0.25,32.1,12
2488,2353,4,28.21,0.38,0.25,35.26,59
2489,2353,6,28.05,0.49,0.25,35.06,75
2490,2353,7,26.79,0.46,0.25,33.49,51
2491,980,9,258.28,0.37,0.25,322.85,50
2492,980,3,247.95,0.12,0.25,309.94,53
2493,980,8,231.72,0.37,0.25,289.65,23
2494,980,5,249.43,0.13,0.25,311.79,63
2495,980,10,256.81,0.45,0.25,321.01,92
2496,980,2,255.33,0.39,0.25,319.16,26
2497,5367,1,311.49,0.38,0.25,389.36,75
2498,5367,6,318.95,0.31,0.25,398.69,18
2499,5367,2,287.24,0.33,0.25,359.05,18
2500,5367,9,315.22,0.39,0.25,394.02,52
2501,5367,3,315.22,0.11,0.25,394.02,93
2502,4921,1,18.62,0.34,0.25,23.28,96
2503,4921,2,19.91,0.35,0.25,24.89,26
2504,4921,4,19.56,0.39,0.25,24.45,63
2505,4921,9,19.44,0.41,0.25,24.3,89
2506,2834,8,200.42,0.36,0.25,250.52,10
2507,2834,2,206.21,0.45,0.25,257.76,100
2508,2834,10,191.15,0.37,0.25,238.94,76
2509,718,10,44.9,0.37,0.25,56.12,53
2510,718,4,51.19,0.42,0.25,63.99,60
2511,718,3,44.04,0.12,0.25,55.05,88
2512,718,8,49.19,0.43,0.25,61.49,56
2513,1818,8,27.96,0.4,0.25,34.95,75
2514,1818,10,27.79,0.34,0.25,34.74,74
2515,1818,4,29.69,0.34,0.25,37.11,76
2516,1818,6,30.38,0.47,0.25,37.98,91
2517,1818,3,28.65,0.12,0.25,35.81,27
2518,1829,10,32.22,0.43,0.25,40.28,31
2519,1829,3,33.2,0.13,0.25,41.5,76
2520,1829,1,31.05,0.32,0.25,38.81,65
2521,1462,6,27.17,0.34,0.25,33.96,72
2522,1462,1,28.65,0.38,0.25,35.81,55
2523,1462,8,27.34,0.45,0.25,34.17,20
2524,1462,2,27.67,0.41,0.25,34.59,23
2525,2784,9,157.31,0.47,0.25,196.64,39
2526,2784,6,142.37,0.36,0.25,177.96,22
2527,2784,7,156.43,0.46,0.25,195.54,18
2528,2784,4,141.49,0.34,0.25,176.86,16
2529,2784,1,137.97,0.36,0.25,172.46,40
2530,2784,5,137.97,0.13,0.25,172.46,31
2531,1157,4,38.06,0.49,0.25,47.58,39
2532,1157,2,36.35,0.32,0.25,45.44,100
2533,1157,6,35.92,0.32,0.25,44.9,29
2534,1157,10,36.77,0.48,0.25,45.96,94
2535,1157,1,36.77,0.39,0.25,45.96,57
2536,1157,7,39.55,0.46,0.25,49.44,36
2537,1248,1,117.99,0.5,0.25,147.49,75
2538,1248,6,110.12,0.41,0.25,137.65,45
2539,1248,8,108.81,0.32,0.25,136.01,47
2540,1248,7,110.78,0.42,0.25,138.48,77
2541,3998,6,2036.04,0.41,0.25,2545.05,12
2542,3998,7,1750.08,0.32,0.25,2187.6,19
2543,3998,2,2070.35,0.43,0.25,2587.94,73
2544,3858,3,1498.77,0.14,0.25,1873.46,39
2545,3858,9,1480.83,0.33,0.25,1851.04,97
2546,3858,10,1480.83,0.43,0.25,1851.04,42
2547,5214,6,725.53,0.4,0.25,906.91,78
2548,5214,1,738.18,0.39,0.25,922.72,81
2549,5214,3,645.38,0.1,0.25,806.72,49
2550,826,4,30.06,0.39,0.25,37.57,68
2551,826,7,28.04,0.39,0.25,35.05,91
2552,826,10,30.23,0.43,0.25,37.79,56
2553,826,3,27.87,0.13,0.25,34.84,51
2554,2099,6,3.68,0.34,0.25,4.6,90
2555,2099,10,3.72,0.42,0.25,4.65,26
2556,2099,7,3.59,0.41,0.25,4.49,17
2557,2099,5,3.44,0.13,0.25,4.3,18
2558,1301,8,132.48,0.35,0.25,165.6,48
2559,1301,9,130.91,0.34,0.25,163.64,17
2560,1301,4,138.0,0.46,0.25,172.5,80
2561,1301,6,143.53,0.44,0.25,179.41,36
2562,1301,3,129.33,0.14,0.25,161.66,60
2563,134,4,555.67,0.48,0.25,694.59,57
2564,134,5,478.82,0.14,0.25,598.52,33
2565,134,6,475.87,0.34,0.25,594.84,94
2566,134,1,484.73,0.34,0.25,605.91,44
2567,134,2,452.22,0.32,0.25,565.28,79
2568,798,3,23.83,0.11,0.25,29.79,71
2569,798,1,23.97,0.42,0.25,29.96,11
2570,798,7,25.26,0.48,0.25,31.58,63
2571,798,9,22.4,0.36,0.25,28.0,72
2572,798,8,25.97,0.45,0.25,32.46,18
2573,1946,5,27.32,0.14,0.25,34.15,42
2574,1946,7,30.8,0.43,0.25,38.5,45
2575,1946,10,27.49,0.34,0.25,34.36,60
2576,2382,6,121.79,0.48,0.25,152.24,46
2577,2382,4,121.79,0.41,0.25,152.24,56
2578,2382,1,116.09,0.32,0.25,145.11,72
2579,1700,9,335.88,0.4,0.25,419.85,75
2580,1700,3,290.33,0.1,0.25,362.91,49
2581,1700,6,328.28,0.33,0.25,410.35,35
2582,2139,7,17.13,0.4,0.25,21.41,68
2583,2139,4,15.64,0.34,0.25,19.55,24
2584,2139,9,17.32,0.36,0.25,21.65,46
2585,3247,1,3230.74,0.34,0.25,4038.42,13
2586,3247,2,3524.44,0.34,0.25,4405.55,41
2587,3247,8,3713.25,0.48,0.25,4641.56,26
2588,3247,7,3461.5,0.43,0.25,4326.88,97
2589,3247,5,3335.63,0.12,0.25,4169.54,77
2590,2045,7,3.98,0.47,0.25,4.97,26
2591,2045,5,3.74,0.11,0.25,4.68,95
2592,2045,9,3.62,0.38,0.25,4.53,95
2593,2520,3,126.07,0.11,0.25,157.59,41
2594,2520,10,122.96,0.37,0.25,153.7,13
2595,2520,7,135.41,0.38,0.25,169.26,65
2596,2520,9,140.85,0.47,0.25,176.06,19
2597,1045,1,150.82,0.49,0.25,188.52,61
2598,1045,4,159.64,0.48,0.25,199.55,20
2599,1045,7,161.41,0.45,0.25,201.76,88
2600,5064,2,156.15,0.35,0.25,195.19,26
2601,5064,9,167.09,0.32,0.25,208.86,13
2602,5064,4,166.1,0.34,0.25,207.62,34
2603,5064,1,157.15,0.36,0.25,196.44,95
2604,5064,3,157.15,0.1,0.25,196.44,11
2605,5064,10,172.07,0.36,0.25,215.09,55
2606,909,9,32.66,0.31,0.25,40.82,94
2607,909,2,35.11,0.38,0.25,43.89,20
2608,909,8,33.06,0.39,0.25,41.32,62
2609,2511,1,71.28,0.5,0.25,89.1,76
2610,2511,7,70.07,0.45,0.25,87.59,89
2611,2511,9,60.81,0.31,0.25,76.01,62
2612,4527,10,1338.26,0.31,0.25,1672.82,42
2613,4527,5,1478.21,0.13,0.25,1847.76,53
2614,4527,3,1486.96,0.13,0.25,1858.7,76
2615,4527,7,1390.74,0.34,0.25,1738.42,95
2616,2554,7,262.97,0.45,0.25,328.71,27
2617,2554,9,247.68,0.41,0.25,309.6,11
2618,2554,10,256.86,0.36,0.25,321.08,45
2619,2554,1,264.5,0.37,0.25,330.62,80
2620,2554,2,262.97,0.46,0.25,328.71,37
2621,202,7,768.68,0.38,0.25,960.85,25
2622,202,9,669.35,0.3,0.25,836.69,60
2623,202,2,760.04,0.36,0.25,950.05,10
2624,202,3,721.17,0.12,0.25,901.46,32
2625,4866,4,104.28,0.49,0.25,130.35,15
2626,4866,3,95.29,0.14,0.25,119.11,39
2627,4866,9,107.87,0.46,0.25,134.84,56
2628,4866,8,97.09,0.31,0.25,121.36,83
2629,1047,7,40.53,0.44,0.25,50.66,49
2630,1047,6,42.64,0.45,0.25,53.3,70
2631,1047,4,41.71,0.42,0.25,52.14,26
2632,1047,8,42.88,0.49,0.25,53.6,65
2633,1047,3,36.55,0.15,0.25,45.69,38
2634,1047,10,36.55,0.32,0.25,45.69,95
2635,1232,1,22.61,0.39,0.25,28.26,72
2636,1232,9,25.58,0.43,0.25,31.98,25
2637,1232,4,23.74,0.31,0.25,29.67,18
2638,3237,1,5373.97,0.31,0.25,6717.46,68
2639,3237,5,5718.45,0.11,0.25,7148.06,53
2640,3237,7,5373.97,0.31,0.25,6717.46,94
2641,3237,10,5718.45,0.45,0.25,7148.06,82
2642,3622,7,7446.62,0.36,0.25,9308.28,64
2643,3622,2,7706.39,0.38,0.25,9632.99,26
2644,3622,1,7663.09,0.45,0.25,9578.86,41
2645,3622,4,7403.33,0.44,0.25,9254.16,38
2646,3622,10,7143.56,0.33,0.25,8929.45,32
2647,2049,7,10.93,0.42,0.25,13.66,97
2648,2049,5,9.85,0.11,0.25,12.31,12
2649,2049,9,9.85,0.4,0.25,12.31,88
2650,2049,6,11.11,0.48,0.25,13.89,26
2651,2049,2,10.33,0.32,0.25,12.91,57
2652,2049,4,9.91,0.4,0.25,12.39,43
2653,1928,10,10.38,0.35,0.25,12.98,61
2654,1928,7,11.61,0.49,0.25,14.51,99
2655,1928,1,10.13,0.34,0.25,12.66,24
2656,1362,2,128.69,0.37,0.25,160.86,84
2657,1362,9,131.13,0.31,0.25,163.91,62
2658,1362,7,133.58,0.35,0.25,166.98,51
2659,1362,1,153.13,0.49,0.25,191.41,66
2660,1362,5,130.32,0.12,0.25,162.9,65
2661,1362,10,133.58,0.32,0.25,166.98,43
2662,1910,5,27.21,0.12,0.25,34.01,56
2663,1910,4,31.39,0.45,0.25,39.24,74
2664,1910,6,31.74,0.44,0.25,39.67,30
2665,1910,8,28.78,0.42,0.25,35.98,88
2666,1910,1,27.73,0.32,0.25,34.66,63
2667,1910,7,29.65,0.38,0.25,37.06,52
2668,1934,9,29.01,0.38,0.25,36.26,77
2669,1934,2,28.19,0.35,0.25,35.24,27
2670,1934,6,28.35,0.42,0.25,35.44,20
2671,4932,3,512.93,0.14,0.25,641.16,87
2672,4932,1,587.99,0.49,0.25,734.99,49
2673,4932,5,500.42,0.12,0.25,625.52,75
2674,4932,7,556.71,0.45,0.25,695.89,48
2675,4932,2,472.27,0.31,0.25,590.34,66
2676,3566,7,6051.41,0.47,0.25,7564.26,11
2677,3566,3,5912.29,0.13,0.25,7390.36,33
2678,3566,6,6225.3,0.4,0.25,7781.62,20
2679,3566,4,5773.18,0.37,0.25,7216.48,90
2680,3566,9,5529.73,0.38,0.25,6912.16,81
2681,1127,3,255.42,0.13,0.25,319.27,94
2682,1127,4,264.28,0.42,0.25,330.35,28
2683,1127,6,267.23,0.44,0.25,334.04,13
2684,1127,9,227.37,0.33,0.25,284.21,74
2685,2204,1,17.65,0.37,0.25,22.06,73
2686,2204,10,17.65,0.33,0.25,22.06,56
2687,2204,5,16.81,0.12,0.25,21.01,24
2688,2204,3,16.38,0.14,0.25,20.47,95
2689,2204,7,17.76,0.31,0.25,22.2,56
2690,3297,2,8525.38,0.36,0.25,10656.72,61
2691,3297,8,8631.29,0.33,0.25,10789.11,39
2692,3297,7,9372.63,0.43,0.25,11715.79,87
2693,3297,3,8843.1,0.14,0.25,11053.88,43
2694,3297,5,8737.2,0.14,0.25,10921.5,84
2695,1589,8,634.25,0.47,0.25,792.81,80
2696,1589,4,644.71,0.49,0.25,805.89,61
2697,1589,6,620.31,0.39,0.25,775.39,87
2698,1589,3,568.04,0.14,0.25,710.05,95
2699,1589,9,575.01,0.37,0.25,718.76,30
2700,3633,10,4851.19,0.41,0.25,6063.99,37
2701,3633,2,4878.45,0.42,0.25,6098.06,54
2702,3633,1,4687.67,0.34,0.25,5859.59,68
2703,3633,8,4578.66,0.35,0.25,5723.32,85
2704,5418,3,286.64,0.14,0.25,358.3,53
2705,5418,7,309.79,0.42,0.25,387.24,90
2706,5418,5,284.86,0.12,0.25,356.08,36
2707,5418,2,295.55,0.38,0.25,369.44,90
2708,403,10,166.58,0.48,0.25,208.23,49
2709,403,1,161.09,0.47,0.25,201.36,99
2710,403,6,151.02,0.41,0.25,188.78,70
2711,403,9,167.5,0.47,0.25,209.38,12
2712,403,4,169.33,0.49,0.25,211.66,33
2713,403,2,155.6,0.31,0.25,194.5,65
2714,538,3,32.82,0.11,0.25,41.02,15
2715,538,6,31.62,0.34,0.25,39.52,44
2716,538,9,35.42,0.47,0.25,44.28,81
2717,538,10,34.62,0.34,0.25,43.28,39
2718,538,4,31.02,0.33,0.25,38.78,38
2719,2762,8,288.29,0.42,0.25,360.36,63
2720,2762,6,284.92,0.31,0.25,356.15,25
2721,2762,1,274.8,0.32,0.25,343.5,37
2722,2762,10,283.23,0.43,0.25,354.04,91
2723,2762,4,279.86,0.33,0.25,349.83,97
2724,5224,7,43.99,0.31,0.25,54.99,14
2725,5224,4,41.53,0.32,0.25,51.91,16
2726,5224,6,47.81,0.46,0.25,59.76,98
2727,4605,2,1930.08,0.46,0.25,2412.6,65
2728,4605,8,1827.9,0.4,0.25,2284.88,45
2729,4605,6,1805.19,0.39,0.25,2256.49,52
2730,4605,3,1748.42,0.13,0.25,2185.52,57
2731,4605,4,2043.61,0.49,0.25,2554.51,66
2732,4605,5,1793.84,0.13,0.25,2242.3,33
2733,505,3,67.73,0.1,0.25,84.66,52
2734,505,9,67.3,0.31,0.25,84.12,45
2735,505,5,68.59,0.12,0.25,85.74,22
2736,505,1,66.44,0.34,0.25,83.05,100
2737,505,8,75.5,0.41,0.25,94.38,34
2738,238,6,98.0,0.41,0.25,122.5,90
2739,238,10,92.78,0.33,0.25,115.98,22
2740,238,2,99.16,0.48,0.25,123.95,82
2741,3544,9,7644.53,0.36,0.25,9555.66,40
2742,3544,3,7870.7,0.14,0.25,9838.38,15
2743,3544,10,7463.59,0.35,0.25,9329.49,74
2744,696,9,38.32,0.45,0.25,47.9,52
2745,696,5,33.89,0.13,0.25,42.36,37
2746,696,7,40.31,0.48,0.25,50.39,47
2747,696,2,36.1,0.31,0.25,45.12,61
2748,3777,7,2780.15,0.34,0.25,3475.19,88
2749,3777,9,2991.3,0.44,0.25,3739.12,51
2750,3777,1,3096.88,0.41,0.25,3871.1,73
2751,3777,3,3026.49,0.14,0.25,3783.11,67
2752,3777,2,2956.11,0.36,0.25,3695.14,33
2753,849,5,70.12,0.13,0.25,87.65,20
2754,849,9,70.12,0.49,0.25,87.65,63
2755,849,2,73.01,0.43,0.25,91.26,55
2756,3650,4,2781.57,0.35,0.25,3476.96,73
2757,3650,2,2798.53,0.37,0.25,3498.16,81
2758,3650,9,2951.18,0.45,0.25,3688.98,76
2759,5351,3,250.37,0.13,0.25,312.96,50
2760,5351,6,251.86,0.42,0.25,314.83,33
2761,5351,9,226.53,0.31,0.25,283.16,24
2762,2147,2,2.69,0.42,0.25,3.36,64
2763,2147,5,2.73,0.12,0.25,3.41,63
2764,2147,8,2.46,0.34,0.25,3.08,82
2765,2147,4,2.8,0.48,0.25,3.5,26
2766,2147,3,2.73,0.13,0.25,3.41,54
2767,1314,6,31.38,0.43,0.25,39.22,41
2768,1314,2,30.8,0.31,0.25,38.5,48
2769,1314,1,35.42,0.49,0.25,44.28,54
2770,1314,8,36.0,0.49,0.25,45.0,67
2771,1314,5,29.45,0.11,0.25,36.81,47
2772,4854,3,635.66,0.11,0.25,794.58,73
2773,4854,4,669.51,0.42,0.25,836.89,33
2774,4854,2,616.85,0.43,0.25,771.06,100
2775,4854,1,631.9,0.46,0.25,789.88,41
2776,4854,7,635.66,0.41,0.25,794.58,33
2777,2878,3,229.48,0.12,0.25,286.85,64
2778,2878,6,265.48,0.38,0.25,331.85,62
2779,2878,4,247.48,0.42,0.25,309.35,99
2780,2878,7,248.98,0.41,0.25,311.22,91
2781,2878,5,250.48,0.14,0.25,313.1,63
2782,913,9,196.35,0.47,0.25,245.44,30
2783,913,10,178.6,0.34,0.25,223.25,89
2784,913,1,185.25,0.39,0.25,231.56,29
2785,913,2,186.36,0.42,0.25,232.95,47
2786,913,6,186.36,0.38,0.25,232.95,90
2787,913,3,175.27,0.14,0.25,219.09,75
2788,4061,2,582.45,0.43,0.25,728.06,72
2789,4061,1,600.2,0.44,0.25,750.25,52
2790,4061,9,617.96,0.5,0.25,772.45,79
2791,3773,1,9437.51,0.48,0.25,11796.89,49
2792,3773,10,8879.38,0.48,0.25,11099.22,49
2793,3773,8,8727.16,0.4,0.25,10908.95,33
2794,3773,6,7813.85,0.32,0.25,9767.31,61
2795,5333,5,71.96,0.12,0.25,89.95,23
2796,5333,1,79.47,0.49,0.25,99.34,79
2797,5333,2,74.61,0.31,0.25,93.26,33
2798,5333,6,69.76,0.34,0.25,87.2,41
2799,1303,10,127.97,0.43,0.25,159.96,47
2800,1303,3,118.88,0.11,0.25,148.6,39
2801,1303,7,126.45,0.45,0.25,158.06,35
2802,1303,9,132.51,0.48,0.25,165.64,33
2803,1303,1,125.7,0.41,0.25,157.12,97
2804,321,5,33.33,0.12,0.25,41.66,27
2805,321,10,36.36,0.31,0.25,45.45,93
2806,321,8,33.97,0.32,0.25,42.46,43
2807,321,4,35.49,0.43,0.25,44.36,54
2808,321,6,38.74,0.44,0.25,48.42,41
2809,762,1,10.61,0.42,0.25,13.26,46
2810,762,10,11.18,0.36,0.25,13.98,64
2811,762,2,12.08,0.5,0.25,15.1,58
2812,762,7,11.37,0.44,0.25,14.21,93
2813,762,9,10.61,0.34,0.25,13.26,81
2814,762,4,10.93,0.33,0.25,13.66,53
2815,2903,8,302.38,0.46,0.25,377.98,65
2816,2903,4,276.46,0.35,0.25,345.58,79
2817,2903,2,300.65,0.36,0.25,375.81,93
2818,2903,10,298.93,0.34,0.25,373.66,20
2819,2903,1,264.37,0.32,0.25,330.46,43
2820,5218,3,103.92,0.12,0.25,129.9,40
2821,5218,8,101.49,0.32,0.25,126.86,78
2822,5218,2,101.49,0.44,0.25,126.86,88
2823,5415,2,344.71,0.39,0.25,430.89,87
2824,5415,10,354.73,0.42,0.25,443.41,74
2825,5415,6,330.68,0.37,0.25,413.35,43
2826,5415,8,344.71,0.39,0.25,430.89,84
2827,5415,5,340.7,0.12,0.25,425.88,20
2828,3711,9,7860.96,0.35,0.25,9826.2,23
2829,3711,4,8237.53,0.41,0.25,10296.91,65
2830,3711,7,8190.46,0.45,0.25,10238.08,58
2831,3711,3,7296.1,0.13,0.25,9120.12,88
2832,3711,6,8237.53,0.48,0.25,10296.91,51
2833,1284,6,144.57,0.43,0.25,180.71,36
2834,1284,9,131.59,0.31,0.25,164.49,37
2835,1284,2,135.05,0.33,0.25,168.81,65
2836,5309,7,421.66,0.48,0.25,527.08,41
2837,5309,6,372.63,0.31,0.25,465.79,62
2838,5309,4,387.34,0.37,0.25,484.17,74
2839,5309,8,414.3,0.31,0.25,517.88,32
2840,4579,1,681.92,0.42,0.25,852.4,62
2841,4579,4,647.44,0.4,0.25,809.3,20
2842,4579,8,662.76,0.35,0.25,828.45,57
2843,4579,9,601.47,0.33,0.25,751.84,16
2844,4579,6,651.27,0.4,0.25,814.09,59
2845,4579,7,678.09,0.38,0.25,847.61,61
2846,3746,8,4907.38,0.4,0.25,6134.22,100
2847,3746,10,5111.85,0.49,0.25,6389.81,50
2848,3746,4,4673.7,0.37,0.25,5842.12,39
2849,3746,2,5082.64,0.4,0.25,6353.3,61
2850,3746,7,4936.59,0.46,0.25,6170.74,91
2851,3746,6,4586.06,0.3,0.25,5732.58,57
2852,2548,9,106.68,0.41,0.25,133.35,23
2853,2548,3,100.05,0.12,0.25,125.06,75
2854,2548,8,105.47,0.43,0.25,131.84,97
2855,2548,5,100.65,0.13,0.25,125.81,86
2856,2548,10,103.06,0.38,0.25,128.82,81
2857,2548,2,98.24,0.39,0.25,122.8,12
2858,3706,1,3748.9,0.44,0.25,4686.12,26
2859,3706,9,3707.93,0.49,0.25,4634.91,82
2860,3706,5,3544.04,0.14,0.25,4430.05,35
2861,4200,10,267.0,0.39,0.25,333.75,79
2862,4200,8,270.24,0.45,0.25,337.8,94
2863,4200,3,258.91,0.13,0.25,323.64,91
2864,4200,9,273.48,0.32,0.25,341.85,79
2865,2999,3,186.63,0.11,0.25,233.29,64
2866,2999,10,200.54,0.41,0.25,250.68,26
2867,2999,1,186.63,0.41,0.25,233.29,69
2868,2999,9,215.61,0.46,0.25,269.51,71
2869,2999,5,177.36,0.12,0.25,221.7,52
2870,5414,10,251.93,0.42,0.25,314.91,63
2871,5414,3,233.84,0.12,0.25,292.3,14
2872,5414,7,253.33,0.42,0.25,316.66,13
2873,5414,6,225.49,0.39,0.25,281.86,78
2874,334,1,213.41,0.39,0.25,266.76,16
2875,334,7,219.84,0.49,0.25,274.8,31
2876,334,3,218.55,0.14,0.25,273.19,18
2877,334,8,242.98,0.49,0.25,303.72,82
2878,5346,1,367.37,0.47,0.25,459.21,85
2879,5346,4,307.48,0.3,0.25,384.35,14
2880,5346,3,337.43,0.14,0.25,421.79,91
2881,5346,9,341.42,0.44,0.25,426.78,75
2882,5346,2,347.41,0.44,0.25,434.26,42
2883,5346,8,305.48,0.3,0.25,381.85,82
2884,5349,4,137.38,0.33,0.25,171.72,44
2885,5349,8,154.23,0.5,0.25,192.79,77
2886,5349,10,145.8,0.46,0.25,182.25,15
2887,5349,1,151.7,0.5,0.25,189.62,29
2888,5349,9,144.12,0.35,0.25,180.15,93
2889,5349,2,135.69,0.31,0.25,169.61,72
2890,3430,4,9958.56,0.46,0.25,12448.2,43
2891,3430,3,8821.98,0.14,0.25,11027.47,95
2892,3430,10,9796.19,0.42,0.25,12245.24,85
2893,4199,9,1108.96,0.48,0.25,1386.2,55
2894,4199,8,998.07,0.33,0.25,1247.59,52
2895,4199,4,1047.35,0.43,0.25,1309.19,80
2896,4199,1,1084.32,0.36,0.25,1355.4,33
2897,4199,3,954.94,0.11,0.25,1193.68,93
2898,1880,10,30.59,0.43,0.25,38.24,29
2899,1880,3,30.04,0.1,0.25,37.55,91
2900,1880,5,30.78,0.13,0.25,38.48,28
2901,2293,9,150.84,0.37,0.25,188.55,74
2902,2293,4,139.76,0.4,0.25,174.7,11
2903,2293,1,151.69,0.46,0.25,189.61,92
2904,2293,5,132.94,0.13,0.25,166.18,18
2905,2293,8,142.32,0.34,0.25,177.9,97
2906,1877,7,17.67,0.47,0.25,22.09,69
2907,1877,9,16.31,0.44,0.25,20.39,46
2908,1877,10,16.31,0.45,0.25,20.39,53
2909,1877,6,17.67,0.48,0.25,22.09,66
2910,1877,1,17.28,0.43,0.25,21.6,45
2911,543,7,72.72,0.35,0.25,90.9,51
2912,543,1,72.72,0.41,0.25,90.9,47
2913,543,3,69.22,0.13,0.25,86.52,66
2914,543,5,69.66,0.13,0.25,87.07,92
2915,543,6,79.3,0.5,0.25,99.12,18
2916,543,2,79.73,0.49,0.25,99.66,43
2917,1873,1,12.85,0.44,0.25,16.06,30
2918,1873,3,11.39,0.11,0.25,14.24,81
2919,1873,9,12.19,0.32,0.25,15.24,56
2920,1473,5,87.99,0.13,0.25,109.99,19
2921,1473,6,89.05,0.36,0.25,111.31,20
2922,1473,2,90.1,0.45,0.25,112.62,90
2923,1473,10,91.68,0.47,0.25,114.6,96
2924,1473,9,98.53,0.5,0.25,123.16,70
2925,1473,3,87.47,0.13,0.25,109.34,73
2926,2515,2,56.62,0.43,0.25,70.77,50
2927,2515,6,48.17,0.31,0.25,60.21,12
2928,2515,5,50.05,0.13,0.25,62.56,65
2929,2515,10,53.8,0.42,0.25,67.25,86
2930,2515,3,48.17,0.13,0.25,60.21,96
2931,2515,8,52.86,0.42,0.25,66.08,30
2932,800,7,28.54,0.31,0.25,35.67,67
2933,800,8,29.6,0.4,0.25,37.0,81
2934,800,1,30.31,0.33,0.25,37.89,49
2935,800,10,29.07,0.42,0.25,36.34,47
2936,800,9,29.25,0.31,0.25,36.56,61
2937,1297,1,12.83,0.47,0.25,16.04,46
2938,1297,5,12.18,0.1,0.25,15.22,69
2939,1297,3,11.96,0.11,0.25,14.95,20
2940,1297,4,12.69,0.45,0.25,15.86,66
2941,1297,7,12.04,0.33,0.25,15.05,83
2942,1297,10,12.69,0.43,0.25,15.86,46
2943,138,4,1700.73,0.48,0.25,2125.91,93
2944,138,2,1740.05,0.46,0.25,2175.06,79
2945,138,10,1513.94,0.32,0.25,1892.43,43
2946,3195,2,7080.79,0.42,0.25,8850.99,62
2947,3195,9,6956.56,0.47,0.25,8695.7,40
2948,3195,5,7080.79,0.12,0.25,8850.99,83
2949,4113,8,2694.82,0.45,0.25,3368.52,14
2950,4113,5,2449.84,0.12,0.25,3062.3,98
2951,4113,9,2679.51,0.41,0.25,3349.39,65
2952,4113,3,2449.84,0.14,0.25,3062.3,42
2953,2278,4,99.13,0.4,0.25,123.91,65
2954,2278,7,97.96,0.32,0.25,122.45,98
2955,2278,2,109.62,0.5,0.25,137.02,86
2956,2278,5,96.79,0.11,0.25,120.99,71
2957,2278,6,95.05,0.36,0.25,118.81,16
2958,3884,3,1339.67,0.11,0.25,1674.59,96
2959,3884,10,1514.79,0.38,0.25,1893.49,46
2960,3884,4,1479.76,0.48,0.25,1849.7,17
2961,4930,4,477.78,0.43,0.25,597.22,16
2962,4930,9,455.02,0.34,0.25,568.78,56
2963,4930,3,452.18,0.11,0.25,565.22,62
2964,4930,2,463.56,0.38,0.25,579.45,88
2965,4930,5,486.31,0.12,0.25,607.89,87
2966,2682,5,75.78,0.11,0.25,94.72,97
2967,2682,1,74.88,0.36,0.25,93.6,55
2968,2682,7,75.33,0.46,0.25,94.16,11
2969,2682,2,77.12,0.48,0.25,96.4,34
2970,2682,8,73.54,0.42,0.25,91.93,45
2971,1108,3,193.37,0.15,0.25,241.71,87
2972,1108,7,209.88,0.46,0.25,262.35,91
2973,1108,6,206.34,0.48,0.25,257.92,55
2974,1108,4,191.01,0.32,0.25,238.76,59
2975,1108,8,198.09,0.38,0.25,247.61,54
2976,1108,2,195.73,0.45,0.25,244.66,16
2977,1912,7,19.32,0.4,0.25,24.15,22
2978,1912,1,19.44,0.4,0.25,24.3,75
2979,1912,6,20.49,0.47,0.25,25.61,34
2980,1903,6,10.25,0.41,0.25,12.81,71
2981,1903,4,9.85,0.49,0.25,12.31,96
2982,1903,10,10.2,0.39,0.25,12.75,81
2983,1903,2,8.99,0.32,0.25,11.24,85
2984,1903,7,10.08,0.45,0.25,12.6,12
2985,405,7,299.46,0.34,0.25,374.32,72
2986,405,6,303.09,0.3,0.25,378.86,35
2987,405,1,328.5,0.46,0.25,410.62,71
2988,4088,9,1559.57,0.34,0.25,1949.46,32
2989,4088,5,1675.82,0.15,0.25,2094.78,33
2990,4088,4,1482.08,0.33,0.25,1852.6,89
2991,4088,7,1646.76,0.33,0.25,2058.45,25
2992,4088,1,1530.51,0.33,0.25,1913.14,33
2993,4648,2,204.03,0.33,0.25,255.04,10
2994,4648,9,224.96,0.45,0.25,281.2,100
2995,4648,4,215.8,0.41,0.25,269.75,94
2996,4648,3,201.42,0.1,0.25,251.77,84
2997,3411,8,4617.1,0.34,0.25,5771.38,74
2998,3411,2,4852.37,0.3,0.25,6065.46,94
2999,3411,6,4705.33,0.31,0.25,5881.66,95
3000,3411,3,4852.37,0.12,0.25,6065.46,62
3001,1118,6,165.41,0.41,0.25,206.76,15
3002,1118,3,154.38,0.12,0.25,192.98,90
3003,1118,7,163.41,0.35,0.25,204.26,88
3004,3250,8,4727.94,0.39,0.25,5909.92,23
3005,3250,6,5141.63,0.36,0.25,6427.04,69
3006,3250,2,5259.83,0.44,0.25,6574.79,75
3007,3478,6,5824.77,0.34,0.25,7280.96,18
3008,3478,5,5900.42,0.14,0.25,7375.52,55
3009,3478,10,6316.47,0.4,0.25,7895.59,72
3010,3478,7,6316.47,0.34,0.25,7895.59,16
3011,763,5,86.97,0.12,0.25,108.71,95
3012,763,9,83.73,0.32,0.25,104.66,45
3013,763,1,95.62,0.37,0.25,119.52,72
3014,763,4,94.54,0.38,0.25,118.18,19
3015,5395,7,89.9,0.37,0.25,112.38,98
3016,5395,10,86.69,0.38,0.25,108.36,37
3017,5395,1,90.97,0.42,0.25,113.71,10
3018,5395,3,82.41,0.13,0.25,103.01,19
3019,5395,9,94.71,0.5,0.25,118.39,64
3020,2349,5,115.5,0.14,0.25,144.38,97
3021,2349,7,120.61,0.45,0.25,150.76,23
3022,2349,10,127.19,0.37,0.25,158.99,46
3023,2349,9,127.92,0.46,0.25,159.9,25
3024,2934,3,207.22,0.14,0.25,259.02,100
3025,2934,5,195.98,0.12,0.25,244.98,83
3026,2934,9,225.94,0.49,0.25,282.42,39
3027,2934,7,205.97,0.43,0.25,257.46,85
3028,2934,4,207.22,0.43,0.25,259.02,41
3029,4688,7,390.92,0.41,0.25,488.65,86
3030,4688,1,386.5,0.42,0.25,483.12,61
3031,4688,9,371.04,0.35,0.25,463.8,58
3032,4758,3,213.6,0.11,0.25,267.0,58
3033,4758,10,218.65,0.42,0.25,273.31,55
3034,4758,6,199.7,0.38,0.25,249.62,73
3035,1969,10,9.56,0.32,0.25,11.95,83
3036,1969,7,11.56,0.47,0.25,14.45,75
3037,1969,5,10.12,0.15,0.25,12.65,100
3038,4053,6,2341.7,0.39,0.25,2927.12,60
3039,4053,3,2356.33,0.15,0.25,2945.41,89
3040,4053,7,2400.24,0.4,0.25,3000.3,74
3041,4053,10,2488.05,0.5,0.25,3110.06,16
3042,4053,4,2488.05,0.45,0.25,3110.06,96
3043,4053,5,2341.7,0.13,0.25,2927.12,60
3044,4298,2,2432.29,0.34,0.25,3040.36,48
3045,4298,4,2604.91,0.44,0.25,3256.14,33
3046,4298,9,2699.06,0.44,0.25,3373.82,58
3047,2184,5,13.61,0.13,0.25,17.01,82
3048,2184,1,14.57,0.36,0.25,18.21,57
3049,2184,9,14.4,0.35,0.25,18.0,98
3050,2184,6,15.28,0.43,0.25,19.1,24
3051,2184,2,14.14,0.38,0.25,17.68,10
3052,3081,4,6772.64,0.38,0.25,8465.8,13
3053,3081,2,6772.64,0.35,0.25,8465.8,75
3054,3081,1,6655.19,0.38,0.25,8318.99,21
3055,3081,5,6498.6,0.15,0.25,8123.25,59
3056,121,8,1127.53,0.32,0.25,1409.41,25
3057,121,4,1333.88,0.45,0.25,1667.35,58
3058,121,3,1186.49,0.14,0.25,1483.11,69
3059,121,5,1193.86,0.11,0.25,1492.32,71
3060,121,2,1363.36,0.48,0.25,1704.2,26
3061,4436,6,597.67,0.37,0.25,747.09,18
3062,4436,1,587.24,0.32,0.25,734.05,39
3063,4436,4,580.29,0.41,0.25,725.36,80
3064,4436,7,549.02,0.34,0.25,686.28,77
3065,1407,1,15.05,0.35,0.25,18.81,75
3066,1407,10,16.89,0.41,0.25,21.11,60
3067,1407,6,18.05,0.5,0.25,22.56,61
3068,1407,3,15.25,0.13,0.25,19.06,99
3069,1407,4,16.79,0.38,0.25,20.99,84
3070,1407,7,15.73,0.32,0.25,19.66,11
3071,814,3,72.27,0.14,0.25,90.34,28
3072,814,6,81.09,0.48,0.25,101.36,79
3073,814,10,75.36,0.32,0.25,94.2,49
3074,814,7,70.51,0.3,0.25,88.14,54
3075,814,5,70.95,0.14,0.25,88.69,40
3076,814,9,68.31,0.3,0.25,85.39,75
3077,1007,4,35.67,0.32,0.25,44.59,74
3078,1007,10,39.99,0.45,0.25,49.99,91
3079,1007,3,36.58,0.14,0.25,45.72,81
3080,1007,5,37.26,0.12,0.25,46.58,17
3081,4443,8,1002.48,0.43,0.25,1253.1,51
3082,4443,5,1008.6,0.13,0.25,1260.75,64
3083,4443,6,1112.51,0.46,0.25,1390.64,50
3084,4443,4,1045.27,0.47,0.25,1306.59,25
3085,4443,2,1057.5,0.34,0.25,1321.88,57
3086,4443,10,984.14,0.34,0.25,1230.18,43
3087,198,9,815.74,0.4,0.25,1019.68,41
3088,198,3,830.58,0.13,0.25,1038.23,27
3089,198,6,860.24,0.48,0.25,1075.3,78
3090,198,5,825.63,0.11,0.25,1032.04,23
3091,198,8,875.07,0.48,0.25,1093.84,62
3092,198,4,855.29,0.36,0.25,1069.11,70
3093,3370,5,82.39,0.11,0.25,102.99,49
3094,3370,2,78.42,0.37,0.25,98.02,62
3095,3370,3,75.44,0.11,0.25,94.3,32
3096,3370,9,82.88,0.36,0.25,103.6,37
3097,3370,4,92.31,0.49,0.25,115.39,37
3098,2010,8,13.89,0.32,0.25,17.36,100
3099,2010,6,14.94,0.45,0.25,18.68,19
3100,2010,3,14.42,0.12,0.25,18.02,56
3101,3824,3,663.51,0.12,0.25,829.39,83
3102,3824,2,663.51,0.45,0.25,829.39,31
3103,3824,7,616.4,0.34,0.25,770.5,34
3104,1333,1,21.19,0.49,0.25,26.49,99
3105,1333,8,20.26,0.42,0.25,25.33,54
3106,1333,5,18.53,0.13,0.25,23.16,78
3107,1333,10,20.5,0.41,0.25,25.62,86
3108,1333,6,18.06,0.35,0.25,22.58,40
3109,3611,7,8369.71,0.36,0.25,10462.14,72
3110,3611,5,7556.65,0.1,0.25,9445.81,79
3111,3611,1,8130.57,0.31,0.25,10163.21,62
3112,3611,9,8178.4,0.44,0.25,10223.0,49
3113,4538,8,2231.18,0.46,0.25,2788.98,32
3114,4538,10,2099.94,0.36,0.25,2624.92,27
3115,4538,1,2270.56,0.44,0.25,2838.2,26
3116,4538,3,2113.06,0.14,0.25,2641.32,99
3117,4724,9,246.36,0.42,0.25,307.95,27
3118,4724,7,262.59,0.45,0.25,328.24,15
3119,4724,1,252.26,0.48,0.25,315.32,32
3120,4724,3,244.88,0.12,0.25,306.1,30
3121,4724,8,247.83,0.41,0.25,309.79,83
3122,4724,4,241.93,0.4,0.25,302.41,20
3123,2117,1,7.5,0.38,0.25,9.38,75
3124,2117,2,7.76,0.48,0.25,9.7,88
3125,2117,5,6.8,0.13,0.25,8.5,50
3126,2117,4,7.5,0.33,0.25,9.38,98
3127,3875,8,1833.51,0.39,0.25,2291.89,60
3128,3875,9,1952.86,0.47,0.25,2441.07,19
3129,3875,3,1681.63,0.1,0.25,2102.04,85
3130,3875,5,1876.91,0.14,0.25,2346.14,81
3131,3875,1,1790.12,0.42,0.25,2237.65,15
3132,3875,10,1790.12,0.35,0.25,2237.65,44
3133,3035,6,3167.97,0.32,0.25,3959.96,65
3134,3035,5,3331.48,0.13,0.25,4164.35,19
3135,3035,1,3740.25,0.46,0.25,4675.31,92
3136,1475,7,123.35,0.32,0.25,154.19,39
3137,1475,1,131.31,0.34,0.25,164.14,99
3138,1475,2,128.92,0.35,0.25,161.15,54
3139,1475,3,132.9,0.14,0.25,166.12,57
3140,1475,9,133.69,0.44,0.25,167.11,81
3141,1475,6,130.51,0.36,0.25,163.14,79
3142,3572,2,5203.76,0.3,0.25,6504.7,40
3143,3572,6,5914.83,0.43,0.25,7393.54,47
3144,3572,9,5268.4,0.34,0.25,6585.5,89
3145,3572,10,5106.8,0.36,0.25,6383.5,39
3146,3572,8,5688.58,0.41,0.25,7110.72,33
3147,3572,7,5526.98,0.36,0.25,6908.72,22
3148,1339,2,46.95,0.47,0.25,58.69,32
3149,1339,9,43.98,0.33,0.25,54.97,84
3150,1339,5,42.36,0.13,0.25,52.95,82
3151,1339,4,45.33,0.46,0.25,56.66,12
3152,1339,3,46.41,0.13,0.25,58.01,98
3153,1339,1,46.14,0.44,0.25,57.68,56
3154,59,10,1158.18,0.43,0.25,1447.72,99
3155,59,2,1172.14,0.44,0.25,1465.18,50
3156,59,4,1186.09,0.33,0.25,1482.61,29
3157,59,7,1214.0,0.38,0.25,1517.5,77
3158,59,8,1165.16,0.34,0.25,1456.45,96
3159,59,6,1207.02,0.36,0.25,1508.78,32
3160,2300,3,92.41,0.14,0.25,115.51,39
3161,2300,2,105.62,0.49,0.25,132.02,60
3162,2300,5,95.86,0.15,0.25,119.82,46
3163,2300,7,95.28,0.4,0.25,119.1,24
3164,2300,10,99.88,0.47,0.25,124.85,19
3165,2300,1,102.17,0.42,0.25,127.71,80
3166,2131,7,26.79,0.32,0.25,33.49,68
3167,2131,3,27.59,0.12,0.25,34.49,63
3168,2131,2,27.27,0.49,0.25,34.09,58
3169,2131,5,26.63,0.13,0.25,33.29,13
3170,2131,6,25.98,0.3,0.25,32.48,28
3171,2131,10,29.35,0.45,0.25,36.69,77
3172,5071,7,358.75,0.3,0.25,448.44,17
3173,5071,6,347.81,0.33,0.25,434.76,84
3174,5071,8,363.13,0.38,0.25,453.91,99
3175,5071,3,336.88,0.14,0.25,421.1,81
3176,652,6,79.52,0.48,0.25,99.4,24
3177,652,1,71.06,0.47,0.25,88.82,12
3178,652,9,71.06,0.46,0.25,88.82,10
3179,1199,3,233.85,0.13,0.25,292.31,56
3180,1199,2,229.65,0.38,0.25,287.06,87
3181,1199,8,257.66,0.47,0.25,322.08,62
3182,1199,6,225.45,0.31,0.25,281.81,20
3183,1199,10,243.65,0.49,0.25,304.56,58
3184,4504,9,338.41,0.31,0.25,423.01,87
3185,4504,2,348.92,0.33,0.25,436.15,20
3186,4504,1,367.83,0.37,0.25,459.79,26
3187,4475,1,1763.92,0.35,0.25,2204.9,20
3188,4475,9,1689.98,0.36,0.25,2112.48,67
3189,4475,4,1890.67,0.45,0.25,2363.34,48
3190,4475,5,1679.42,0.11,0.25,2099.28,58
3191,4475,7,1774.48,0.31,0.25,2218.1,85
3192,4679,4,546.29,0.46,0.25,682.86,41
3193,4679,1,492.92,0.36,0.25,616.15,50
3194,4679,5,530.59,0.12,0.25,663.24,26
3195,863,6,86.49,0.45,0.25,108.11,71
3196,863,8,80.21,0.41,0.25,100.26,10
3197,863,10,86.98,0.46,0.25,108.72,87
3198,1659,1,592.23,0.5,0.25,740.29,34
3199,1659,9,497.34,0.31,0.25,621.67,68
3200,1659,6,605.32,0.45,0.25,756.65,79
3201,1659,8,552.97,0.43,0.25,691.21,71
3202,3793,4,2817.8,0.36,0.25,3522.25,72
3203,3793,9,2979.33,0.33,0.25,3724.16,29
3204,3793,6,2907.54,0.37,0.25,3634.42,66
3205,3793,8,3194.71,0.42,0.25,3993.39,83
3206,3793,7,3248.55,0.42,0.25,4060.69,87
3207,3793,10,3087.02,0.49,0.25,3858.78,34
3208,119,10,939.21,0.38,0.25,1174.01,100
3209,119,2,939.21,0.4,0.25,1174.01,85
3210,119,5,864.5,0.15,0.25,1080.62,43
3211,3436,9,7189.55,0.41,0.25,8986.94,20
3212,3436,10,7230.16,0.47,0.25,9037.7,29
3213,3436,4,6905.21,0.38,0.25,8631.51,35
3214,3436,8,6458.41,0.37,0.25,8073.01,41
3215,3436,3,6905.21,0.14,0.25,8631.51,53
3216,3436,1,6945.83,0.49,0.25,8682.29,58
3217,1035,10,115.99,0.31,0.25,144.99,77
3218,1035,6,123.47,0.31,0.25,154.34,47
3219,1035,3,116.73,0.14,0.25,145.91,78
3220,1035,8,132.45,0.39,0.25,165.56,88
3221,1035,5,115.99,0.12,0.25,144.99,89
3222,5156,7,412.96,0.37,0.25,516.2,14
3223,5156,8,390.7,0.35,0.25,488.38,43
3224,5156,10,430.27,0.38,0.25,537.84,78
3225,5156,5,405.54,0.12,0.25,506.92,62
3226,5156,3,417.9,0.14,0.25,522.38,60
3227,5391,2,310.03,0.46,0.25,387.54,55
3228,5391,10,289.24,0.42,0.25,361.55,54
3229,5391,7,306.56,0.37,0.25,383.2,96
3230,5391,5,284.05,0.15,0.25,355.06,40
3231,2264,1,49.96,0.46,0.25,62.45,15
3232,2264,9,45.39,0.34,0.25,56.74,13
3233,2264,10,50.53,0.39,0.25,63.16,72
3234,2264,6,48.25,0.45,0.25,60.31,63
3235,2264,8,47.11,0.34,0.25,58.89,76
3236,2264,3,44.25,0.12,0.25,55.31,87
3237,2988,3,208.5,0.1,0.25,260.62,57
3238,2988,1,241.28,0.47,0.25,301.6,28
3239,2988,9,225.54,0.46,0.25,281.92,96
3240,858,6,11.64,0.46,0.25,14.55,94
3241,858,9,11.24,0.34,0.25,14.05,43
3242,858,8,11.64,0.42,0.25,14.55,18
3243,858,2,10.92,0.35,0.25,13.65,13
3244,858,1,11.57,0.45,0.25,14.46,36
3245,858,4,11.44,0.38,0.25,14.3,84
3246,2853,2,11.71,0.35,0.25,14.64,28
3247,2853,4,12.82,0.46,0.25,16.02,55
3248,2853,8,11.23,0.4,0.25,14.04,92
3249,1459,4,109.59,0.33,0.25,136.99,85
3250,1459,6,117.28,0.45,0.25,146.6,30
3251,1459,9,108.31,0.35,0.25,135.39,72
3252,1459,8,110.88,0.44,0.25,138.6,80
3253,1459,5,110.88,0.13,0.25,138.6,35
3254,3484,1,4550.12,0.47,0.25,5687.65,70
3255,3484,10,4791.01,0.46,0.25,5988.76,85
3256,3484,7,4924.83,0.44,0.25,6156.04,48
3257,3484,8,4737.48,0.48,0.25,5921.85,84
3258,3484,5,4416.29,0.14,0.25,5520.36,97
3259,3484,4,4603.65,0.46,0.25,5754.56,85
3260,1895,2,20.34,0.4,0.25,25.42,23
3261,1895,4,21.68,0.48,0.25,27.1,78
3262,1895,9,19.49,0.37,0.25,24.36,38
3263,1895,3,19.98,0.12,0.25,24.98,40
3264,1441,8,104.16,0.37,0.25,130.2,25
3265,1441,6,105.37,0.35,0.25,131.71,17
3266,1441,5,102.95,0.1,0.25,128.69,58
3267,3986,2,1888.72,0.46,0.25,2360.9,58
3268,3986,4,1689.36,0.37,0.25,2111.7,21
3269,3986,5,1794.29,0.13,0.25,2242.86,42
3270,3986,1,1773.3,0.39,0.25,2216.62,83
3271,3986,10,1867.74,0.47,0.25,2334.68,89
3272,3986,6,1741.82,0.43,0.25,2177.28,77
3273,4825,4,696.75,0.36,0.25,870.94,56
3274,4825,2,741.31,0.45,0.25,926.64,54
3275,4825,7,712.96,0.48,0.25,891.2,41
3276,4825,8,664.35,0.4,0.25,830.44,65
3277,4825,5,644.09,0.13,0.25,805.11,44
3278,1351,9,140.28,0.36,0.25,175.35,73
3279,1351,5,139.42,0.11,0.25,174.27,32
3280,1351,10,135.97,0.34,0.25,169.96,48
3281,4469,5,2233.08,0.13,0.25,2791.35,11
3282,4469,4,2513.97,0.4,0.25,3142.46,97
3283,4469,8,2401.61,0.36,0.25,3002.01,98
3284,2136,1,14.92,0.39,0.25,18.65,14
3285,2136,5,14.5,0.14,0.25,18.12,41
3286,2136,3,13.49,0.14,0.25,16.86,54
3287,2136,8,14.58,0.45,0.25,18.23,54
3288,2136,4,14.41,0.39,0.25,18.01,87
3289,5060,9,621.45,0.43,0.25,776.81,33
3290,5060,5,537.66,0.11,0.25,672.08,94
3291,5060,3,597.01,0.15,0.25,746.26,56
3292,5060,4,551.63,0.32,0.25,689.54,95
3293,5060,7,593.52,0.48,0.25,741.9,13
3294,5060,2,593.52,0.47,0.25,741.9,18
3295,391,2,124.44,0.43,0.25,155.55,88
3296,391,4,126.6,0.44,0.25,158.25,63
3297,391,1,113.65,0.32,0.25,142.06,81
3298,2413,7,24.64,0.39,0.25,30.8,19
3299,2413,5,21.73,0.11,0.25,27.16,13
3300,2413,1,22.97,0.4,0.25,28.71,76
3301,2413,2,22.28,0.32,0.25,27.85,100
3302,2413,6,22.28,0.39,0.25,27.85,54
3303,3439,2,7142.6,0.31,0.25,8928.25,81
3304,3439,9,6969.45,0.35,0.25,8711.81,52
3305,3439,10,7921.8,0.46,0.25,9902.25,37
3306,3439,4,6969.45,0.4,0.25,8711.81,59
3307,3439,8,7662.06,0.47,0.25,9577.58,41
3308,3439,6,6969.45,0.39,0.25,8711.81,81
3309,3406,3,7164.26,0.13,0.25,8955.33,17
3310,3406,9,7164.26,0.35,0.25,8955.33,60
3311,3406,8,7585.69,0.43,0.25,9482.11,79
3312,3406,6,6784.97,0.36,0.25,8481.21,67
3313,3406,4,7290.69,0.42,0.25,9113.36,93
3314,4537,9,682.88,0.38,0.25,853.6,20
3315,4537,7,655.57,0.31,0.25,819.46,40
3316,4537,8,678.98,0.38,0.25,848.72,23
3317,4537,4,667.28,0.32,0.25,834.1,20
3318,2750,3,296.05,0.13,0.25,370.06,80
3319,2750,6,278.0,0.32,0.25,347.5,45
3320,2750,2,317.72,0.48,0.25,397.15,77
3321,3405,1,361.57,0.39,0.25,451.96,98
3322,3405,9,363.63,0.37,0.25,454.54,23
3323,3405,2,355.41,0.34,0.25,444.26,84
3324,4700,1,252.54,0.44,0.25,315.68,39
3325,4700,3,254.04,0.11,0.25,317.55,23
3326,4700,6,240.51,0.38,0.25,300.64,24
3327,4700,8,257.05,0.4,0.25,321.31,75
3328,4700,5,228.49,0.1,0.25,285.61,35
3329,3301,7,3587.79,0.36,0.25,4484.74,96
3330,3301,4,3545.82,0.3,0.25,4432.28,100
3331,3301,1,3818.58,0.43,0.25,4773.23,50
3332,758,1,67.73,0.46,0.25,84.66,19
3333,758,5,65.45,0.12,0.25,81.81,44
3334,758,10,66.21,0.41,0.25,82.76,66
3335,758,3,60.12,0.14,0.25,75.15,86
3336,758,7,62.4,0.38,0.25,78.0,17
3337,758,6,67.35,0.42,0.25,84.19,60
3338,4139,3,2450.17,0.11,0.25,3062.71,58
3339,4139,10,2702.61,0.49,0.25,3378.26,89
3340,4139,9,2628.36,0.4,0.25,3285.45,96
3341,4139,7,2672.91,0.49,0.25,3341.14,30
3342,4139,8,2583.81,0.37,0.25,3229.76,93
3343,4139,6,2465.02,0.39,0.25,3081.28,26
3344,4310,4,1137.27,0.3,0.25,1421.59,28
3345,4310,8,1158.33,0.35,0.25,1447.91,55
3346,4310,1,1221.51,0.34,0.25,1526.89,99
3347,4310,6,1242.58,0.37,0.25,1553.22,19
3348,4310,10,1228.53,0.43,0.25,1535.66,48
3349,4310,5,1151.31,0.14,0.25,1439.14,52
3350,1359,8,46.6,0.35,0.25,58.25,75
3351,1359,2,52.87,0.45,0.25,66.09,87
3352,1359,9,53.17,0.45,0.25,66.46,87
3353,1359,7,49.88,0.45,0.25,62.35,56
3354,1359,4,48.39,0.32,0.25,60.49,49
3355,2726,1,162.84,0.38,0.25,203.55,20
3356,2726,3,160.85,0.14,0.25,201.06,61
3357,2726,2,154.89,0.35,0.25,193.61,84
3358,3873,2,1930.77,0.44,0.25,2413.46,29
3359,3873,6,1875.29,0.32,0.25,2344.11,48
3360,3873,7,1919.68,0.44,0.25,2399.6,78
3361,3873,8,1919.68,0.35,0.25,2399.6,44
3362,3873,5,1731.04,0.11,0.25,2163.8,93
3363,3873,3,1708.85,0.14,0.25,2136.06,10
3364,1151,8,33.24,0.37,0.25,41.55,72
3365,1151,10,32.66,0.43,0.25,40.82,25
3366,1151,6,31.49,0.41,0.25,39.36,93
3367,1151,7,34.6,0.46,0.25,43.25,16
3368,1151,1,30.52,0.36,0.25,38.15,60
3369,1151,2,33.05,0.33,0.25,41.31,31
3370,3919,8,2096.36,0.37,0.25,2620.45,69
3371,3919,4,1980.61,0.3,0.25,2475.76,33
3372,3919,6,1980.61,0.32,0.25,2475.76,18
3373,3712,3,4204.22,0.13,0.25,5255.28,88
3374,3712,4,4228.95,0.43,0.25,5286.19,92
3375,3712,5,4278.41,0.14,0.25,5348.01,65
3376,3712,7,4377.33,0.46,0.25,5471.66,23
3377,3712,6,3882.72,0.33,0.25,4853.4,88
3378,3712,2,3981.64,0.34,0.25,4977.05,10
3379,83,5,1512.43,0.12,0.25,1890.54,74
3380,83,4,1531.22,0.32,0.25,1914.02,49
3381,83,10,1643.95,0.48,0.25,2054.94,33
3382,83,7,1568.8,0.31,0.25,1961.0,85
3383,83,9,1653.34,0.38,0.25,2066.67,83
3384,1943,5,19.42,0.11,0.25,24.28,64
3385,1943,1,21.63,0.44,0.25,27.04,25
3386,1943,8,21.63,0.43,0.25,27.04,89
3387,1943,10,21.02,0.32,0.25,26.28,82
3388,4081,1,2391.8,0.42,0.25,2989.75,26
3389,4081,8,2515.52,0.49,0.25,3144.4,91
3390,4081,7,2501.77,0.44,0.25,3127.21,19
3391,4081,10,2240.6,0.41,0.25,2800.75,71
3392,4081,2,2144.38,0.32,0.25,2680.48,20
3393,4081,4,2199.36,0.38,0.25,2749.2,23
3394,3408,1,2536.02,0.39,0.25,3170.02,11
3395,3408,10,2707.16,0.36,0.25,3383.95,85
3396,3408,4,2536.02,0.31,0.25,3170.02,17
3397,2452,10,133.83,0.44,0.25,167.29,28
3398,2452,5,135.44,0.14,0.25,169.3,69
3399,2452,2,133.83,0.37,0.25,167.29,88
3400,1408,6,64.1,0.41,0.25,80.12,51
3401,1408,1,60.99,0.35,0.25,76.24,20
3402,1408,2,65.66,0.35,0.25,82.07,34
3403,1408,7,60.22,0.31,0.25,75.28,73
3404,330,2,87.9,0.33,0.25,109.88,66
3405,330,9,93.98,0.46,0.25,117.48,55
3406,330,3,92.32,0.12,0.25,115.4,30
3407,330,1,94.53,0.47,0.25,118.16,97
3408,330,8,98.4,0.45,0.25,123.0,13
3409,4735,10,583.98,0.49,0.25,729.98,38
3410,4735,9,545.48,0.42,0.25,681.85,28
3411,4735,8,545.48,0.38,0.25,681.85,36
3412,4735,4,494.14,0.33,0.25,617.67,80
3413,4735,5,542.27,0.13,0.25,677.84,29
3414,3946,9,392.6,0.44,0.25,490.75,44
3415,3946,3,343.81,0.13,0.25,429.76,47
3416,3946,7,383.73,0.42,0.25,479.66,56
3417,3946,6,392.6,0.5,0.25,490.75,75
3418,3946,4,390.39,0.47,0.25,487.99,65
3419,3946,1,357.11,0.31,0.25,446.39,53
3420,4650,5,541.48,0.14,0.25,676.85,85
3421,4650,9,525.46,0.32,0.25,656.82,62
3422,4650,6,560.7,0.44,0.25,700.88,82
3423,4650,1,519.05,0.37,0.25,648.81,39
3424,4650,10,567.11,0.5,0.25,708.89,17
3425,4650,7,586.33,0.44,0.25,732.91,57
3426,2018,10,32.94,0.44,0.25,41.18,34
3427,2018,3,31.67,0.14,0.25,39.59,74
3428,2018,1,31.12,0.44,0.25,38.9,65
3429,2018,4,28.94,0.36,0.25,36.18,61
3430,5274,10,449.74,0.35,0.25,562.17,71
3431,5274,1,412.26,0.33,0.25,515.33,57
3432,5274,7,420.29,0.32,0.25,525.36,15
3433,5274,2,479.18,0.4,0.25,598.98,43
3434,5274,5,431.0,0.11,0.25,538.75,96
3435,3117,9,8239.61,0.45,0.25,10299.51,85
3436,3117,8,8382.49,0.44,0.25,10478.11,47
3437,3117,5,7525.19,0.14,0.25,9406.49,21
3438,3117,3,7810.96,0.11,0.25,9763.7,97
3439,3117,2,8049.1,0.3,0.25,10061.38,63
3440,411,2,455.77,0.43,0.25,569.71,18
3441,411,1,466.13,0.5,0.25,582.66,14
3442,411,7,427.28,0.42,0.25,534.1,64
3443,411,8,422.1,0.31,0.25,527.62,52
3444,411,6,453.18,0.45,0.25,566.48,12
3445,4481,6,1838.82,0.43,0.25,2298.52,78
3446,4481,3,1667.06,0.1,0.25,2083.82,39
3447,4481,1,1636.75,0.41,0.25,2045.94,23
3448,4502,9,1034.38,0.44,0.25,1292.98,69
3449,4502,4,925.5,0.32,0.25,1156.88,48
3450,4502,8,1082.77,0.44,0.25,1353.46,22
3451,4502,1,1022.28,0.49,0.25,1277.85,53
3452,2475,6,141.8,0.3,0.25,177.25,55
3453,2475,8,134.07,0.33,0.25,167.59,68
3454,2475,4,142.66,0.38,0.25,178.32,47
3455,2475,10,135.79,0.33,0.25,169.74,89
3456,2475,7,158.13,0.48,0.25,197.66,44
3457,919,4,210.23,0.39,0.25,262.79,22
3458,919,1,220.42,0.4,0.25,275.52,67
3459,919,7,217.87,0.34,0.25,272.34,49
3460,3671,9,5013.6,0.33,0.25,6267.0,37
3461,3671,6,5160.2,0.43,0.25,6450.25,79
3462,3671,4,4691.09,0.35,0.25,5863.86,97
3463,3671,8,4749.73,0.35,0.25,5937.16,72
3464,3671,7,4925.64,0.45,0.25,6157.05,49
3465,3671,5,5013.6,0.14,0.25,6267.0,49
3466,1360,9,94.59,0.38,0.25,118.24,30
3467,1360,6,89.92,0.3,0.25,112.4,26
3468,1360,5,96.93,0.11,0.25,121.16,46
3469,1360,4,101.01,0.42,0.25,126.26,35
3470,1360,7,96.93,0.31,0.25,121.16,14
3471,1360,10,104.52,0.47,0.25,130.65,29
3472,940,1,169.75,0.33,0.25,212.19,13
3473,940,3,166.68,0.12,0.25,208.35,14
3474,940,2,172.82,0.45,0.25,216.02,50
3475,940,7,183.05,0.44,0.25,228.81,13
3476,1397,9,43.13,0.36,0.25,53.91,100
3477,1397,2,41.9,0.37,0.25,52.38,40
3478,1397,10,39.66,0.37,0.25,49.58,31
3479,1397,3,39.91,0.14,0.25,49.89,37
3480,5399,8,555.46,0.31,0.25,694.32,93
3481,5399,4,535.62,0.38,0.25,669.52,77
3482,5399,10,578.6,0.5,0.25,723.25,14
3483,5399,7,591.83,0.41,0.25,739.79,61
3484,5399,2,601.75,0.47,0.25,752.19,65
3485,1985,7,9.73,0.46,0.25,12.16,77
3486,1985,8,9.61,0.41,0.25,12.01,91
3487,1985,1,9.9,0.5,0.25,12.38,91
3488,1985,10,9.73,0.32,0.25,12.16,11
3489,1985,5,9.9,0.13,0.25,12.38,71
3490,4965,2,78.29,0.3,0.25,97.86,83
3491,4965,3,84.43,0.11,0.25,105.54,29
3492,4965,8,86.99,0.33,0.25,108.74,84
3493,4965,10,96.2,0.49,0.25,120.25,93
3494,4965,6,81.36,0.32,0.25,101.7,31
3495,3983,4,1707.1,0.48,0.25,2133.88,69
3496,3983,5,1595.16,0.12,0.25,1993.95,97
3497,3983,2,1436.57,0.33,0.25,1795.71,32
3498,3983,7,1595.16,0.41,0.25,1993.95,63
3499,3983,10,1707.1,0.5,0.25,2133.88,64
3500,3983,1,1501.87,0.35,0.25,1877.34,99
3501,2993,10,163.46,0.45,0.25,204.32,62
3502,2993,5,156.77,0.13,0.25,195.96,97
3503,2993,9,155.81,0.35,0.25,194.76,48
3504,3462,8,5320.4,0.34,0.25,6650.5,79
3505,3462,10,5101.33,0.35,0.25,6376.66,34
3506,3462,6,5633.37,0.41,0.25,7041.71,58
3507,3462,3,4913.55,0.11,0.25,6141.94,93
3508,3462,2,5727.26,0.45,0.25,7159.08,37
3509,3462,9,5289.11,0.41,0.25,6611.39,67
3510,2992,10,263.28,0.39,0.25,329.1,57
3511,2992,9,271.21,0.35,0.25,339.01,66
3512,2992,6,275.96,0.38,0.25,344.95,32
3513,2992,7,266.45,0.45,0.25,333.06,71
3514,1357,5,18.17,0.1,0.25,22.71,89
3515,1357,3,17.62,0.11,0.25,22.02,47
3516,1357,9,20.63,0.45,0.25,25.79,34
3517,1930,6,20.38,0.49,0.25,25.48,33
3518,1930,8,19.67,0.3,0.25,24.59,36
3519,1930,4,21.45,0.42,0.25,26.81,90
3520,1930,10,18.6,0.37,0.25,23.25,65
3521,2563,8,107.15,0.47,0.25,133.94,64
3522,2563,6,99.42,0.33,0.25,124.28,17
3523,2563,9,102.39,0.35,0.25,127.99,42
3524,2563,2,94.06,0.3,0.25,117.58,44
3525,3061,1,654.97,0.34,0.25,818.71,11
3526,3061,7,726.8,0.46,0.25,908.5,70
3527,3061,9,743.71,0.37,0.25,929.64,58
3528,5368,5,200.1,0.14,0.25,250.12,35
3529,5368,10,196.61,0.49,0.25,245.76,93
3530,5368,3,181.49,0.13,0.25,226.86,59
3531,177,9,1522.94,0.5,0.25,1903.68,33
3532,177,10,1391.22,0.44,0.25,1739.02,38
3533,177,7,1481.78,0.42,0.25,1852.22,84
3534,177,5,1317.14,0.15,0.25,1646.43,99
3535,177,6,1399.46,0.34,0.25,1749.32,68
3536,177,3,1350.06,0.13,0.25,1687.57,99
3537,2893,10,155.57,0.49,0.25,194.46,66
3538,2893,3,153.77,0.12,0.25,192.21,70
3539,2893,9,141.1,0.36,0.25,176.38,36
3540,2893,1,148.34,0.38,0.25,185.42,18
3541,2893,7,151.96,0.43,0.25,189.95,93
3542,2893,5,138.39,0.12,0.25,172.99,23
3543,4144,5,530.16,0.11,0.25,662.7,27
3544,4144,10,543.93,0.33,0.25,679.91,56
3545,4144,2,626.55,0.42,0.25,783.19,72
3546,4144,3,574.91,0.1,0.25,718.64,62
3547,4144,9,557.7,0.41,0.25,697.12,53
3548,4144,4,581.8,0.31,0.25,727.25,85
3549,4095,9,937.54,0.32,0.25,1171.92,41
3550,4095,10,1053.21,0.44,0.25,1316.51,88
3551,4095,2,1071.47,0.38,0.25,1339.34,12
3552,5366,10,79.88,0.39,0.25,99.85,35
3553,5366,5,83.83,0.12,0.25,104.79,83
3554,5366,9,82.35,0.39,0.25,102.94,78
3555,5366,6,82.35,0.41,0.25,102.94,63
3556,5366,8,83.83,0.49,0.25,104.79,31
3557,5366,4,84.32,0.5,0.25,105.4,99
3558,118,6,1546.49,0.31,0.25,1933.11,19
3559,118,1,1564.68,0.49,0.25,1955.85,46
3560,118,4,1400.94,0.31,0.25,1751.18,75
3561,118,8,1510.1,0.45,0.25,1887.62,19
3562,3929,9,1557.96,0.45,0.25,1947.45,63
3563,3929,4,1414.7,0.33,0.25,1768.38,24
3564,3929,8,1593.78,0.47,0.25,1992.22,44
3565,3929,6,1513.19,0.42,0.25,1891.49,22
3566,3929,3,1432.61,0.1,0.25,1790.76,16
3567,5040,3,331.84,0.11,0.25,414.8,23
3568,5040,6,392.17,0.48,0.25,490.21,22
3569,5040,8,368.47,0.36,0.25,460.59,24
3570,5040,10,353.39,0.36,0.25,441.74,35
3571,5040,9,362.01,0.45,0.25,452.51,56
3572,1425,3,162.74,0.13,0.25,203.42,93
3573,1425,8,177.07,0.39,0.25,221.34,55
3574,1425,4,188.32,0.47,0.25,235.4,95
3575,2883,8,335.53,0.45,0.25,419.41,62
3576,2883,7,343.15,0.41,0.25,428.94,80
3577,2883,1,337.43,0.48,0.25,421.79,22
3578,2883,9,325.99,0.38,0.25,407.49,66
3579,675,1,37.18,0.42,0.25,46.48,63
3580,675,9,37.18,0.35,0.25,46.48,67
3581,675,4,38.06,0.38,0.25,47.58,44
3582,675,2,37.62,0.46,0.25,47.02,42
3583,675,8,39.39,0.46,0.25,49.24,87
3584,675,10,36.96,0.34,0.25,46.2,21
3585,2161,4,29.34,0.32,0.25,36.67,14
3586,2161,8,29.7,0.4,0.25,37.12,59
3587,2161,1,30.79,0.35,0.25,38.49,74
3588,2161,2,31.87,0.36,0.25,39.84,20
3589,2161,3,28.07,0.13,0.25,35.09,95
3590,2161,5,29.7,0.13,0.25,37.12,19
3591,4290,10,2137.05,0.48,0.25,2671.31,98
3592,4290,8,2125.11,0.48,0.25,2656.39,34
3593,4290,9,2244.49,0.5,0.25,2805.61,56
3594,4290,6,1934.09,0.41,0.25,2417.61,14
3595,1104,1,177.57,0.46,0.25,221.96,29
3596,1104,9,173.62,0.47,0.25,217.02,56
3597,1104,10,176.58,0.42,0.25,220.73,25
3598,1104,7,167.7,0.41,0.25,209.62,97
3599,1104,5,152.91,0.12,0.25,191.14,95
3600,4543,1,605.51,0.36,0.25,756.89,20
3601,4543,5,563.26,0.11,0.25,704.08,70
3602,4543,6,633.67,0.44,0.25,792.09,69
3603,4543,10,601.99,0.46,0.25,752.49,32
3604,4543,9,637.19,0.43,0.25,796.49,58
3605,4543,3,601.99,0.13,0.25,752.49,29
3606,4044,2,1709.36,0.3,0.25,2136.7,36
3607,4044,6,1985.06,0.49,0.25,2481.32,95
3608,4044,5,1874.78,0.12,0.25,2343.48,48
3609,4044,8,1731.41,0.34,0.25,2164.26,17
3610,2857,7,29.44,0.35,0.25,36.8,71
3611,2857,5,30.0,0.14,0.25,37.5,39
3612,2857,2,31.31,0.45,0.25,39.14,96
3613,2857,1,30.19,0.37,0.25,37.74,22
3614,2857,8,34.12,0.47,0.25,42.65,72
3615,576,7,56.98,0.41,0.25,71.22,37
3616,576,8,58.95,0.43,0.25,73.69,66
3617,576,5,50.76,0.11,0.25,63.45,85
3618,576,4,52.07,0.37,0.25,65.09,67
3619,576,6,60.59,0.46,0.25,75.74,20
3620,1556,5,690.23,0.15,0.25,862.79,88
3621,1556,3,665.72,0.13,0.25,832.15,27
3622,1556,2,706.57,0.49,0.25,883.21,54
3623,1556,9,751.49,0.45,0.25,939.36,40
3624,1556,6,682.06,0.46,0.25,852.58,63
3625,3302,7,9800.65,0.46,0.25,12250.81,53
3626,3302,4,8841.89,0.43,0.25,11052.36,38
3627,3302,6,9268.01,0.49,0.25,11585.01,65
3628,3302,1,8841.89,0.39,0.25,11052.36,71
3629,2570,6,281.11,0.44,0.25,351.39,20
3630,2570,5,263.64,0.1,0.25,329.55,70
3631,2570,4,273.17,0.32,0.25,341.46,13
3632,2570,8,258.88,0.38,0.25,323.6,59
3633,2570,2,273.17,0.33,0.25,341.46,64
3634,2570,10,255.7,0.38,0.25,319.62,14
3635,1125,8,24.74,0.32,0.25,30.92,66
3636,1125,1,27.39,0.41,0.25,34.24,52
3637,1125,5,24.43,0.13,0.25,30.54,12
3638,2081,8,30.47,0.49,0.25,38.09,43
3639,2081,1,30.65,0.33,0.25,38.31,31
3640,2081,3,29.22,0.13,0.25,36.52,47
3641,2081,9,30.29,0.39,0.25,37.86,77
3642,2081,7,28.69,0.36,0.25,35.86,31
3643,2081,4,30.29,0.34,0.25,37.86,52
3644,1057,2,203.53,0.35,0.25,254.41,44
3645,1057,9,196.51,0.42,0.25,245.64,85
3646,1057,3,181.3,0.15,0.25,226.62,60
3647,1057,1,201.19,0.48,0.25,251.49,39
3648,2752,10,266.03,0.5,0.25,332.54,92
3649,2752,4,256.86,0.32,0.25,321.08,100
3650,2752,7,256.86,0.38,0.25,321.08,76
3651,2752,5,247.68,0.12,0.25,309.6,55
3652,2752,1,255.33,0.32,0.25,319.16,57
3653,2752,9,261.44,0.36,0.25,326.8,12
3654,4623,3,305.1,0.11,0.25,381.38,73
3655,4623,1,325.08,0.49,0.25,406.35,65
3656,4623,5,290.58,0.13,0.25,363.22,87
3657,4623,9,310.55,0.4,0.25,388.19,55
3658,4623,7,321.45,0.38,0.25,401.81,10
3659,4623,8,279.68,0.32,0.25,349.6,95
3660,2836,3,219.82,0.11,0.25,274.77,61
3661,2836,7,255.05,0.49,0.25,318.81,11
3662,2836,1,238.14,0.47,0.25,297.67,14
3663,4652,9,493.5,0.34,0.25,616.88,30
3664,4652,8,490.55,0.4,0.25,613.19,47
3665,4652,4,461.0,0.31,0.25,576.25,74
3666,4652,5,458.04,0.13,0.25,572.55,46
3667,4652,3,452.13,0.13,0.25,565.16,40
3668,4652,10,505.32,0.38,0.25,631.65,68
3669,88,5,840.82,0.11,0.25,1051.03,88
3670,88,3,851.33,0.11,0.25,1064.16,22
3671,88,8,898.62,0.33,0.25,1123.28,10
3672,2888,7,329.82,0.42,0.25,412.28,85
3673,2888,6,305.6,0.4,0.25,382.0,33
3674,2888,2,322.37,0.36,0.25,402.96,94
3675,2888,4,303.73,0.43,0.25,379.66,90
3676,2587,5,204.0,0.12,0.25,255.0,43
3677,2587,8,214.74,0.41,0.25,268.42,52
3678,2587,4,198.04,0.38,0.25,247.55,53
3679,3586,3,4029.49,0.15,0.25,5036.86,13
3680,3586,6,4153.09,0.38,0.25,5191.36,55
3681,3586,7,3955.33,0.35,0.25,4944.16,16
3682,3586,9,4251.98,0.38,0.25,5314.98,23
3683,3697,7,1980.37,0.31,0.25,2475.46,18
3684,3697,10,1992.59,0.41,0.25,2490.74,83
3685,3697,6,1968.14,0.4,0.25,2460.18,91
3686,3697,4,2127.06,0.35,0.25,2658.82,18
3687,3697,5,1955.92,0.13,0.25,2444.9,64
3688,3697,9,2102.61,0.41,0.25,2628.26,71
3689,1105,2,102.99,0.48,0.25,128.74,47
3690,1105,8,93.58,0.33,0.25,116.98,38
3691,1105,7,93.02,0.31,0.25,116.28,74
3692,3112,7,6761.11,0.35,0.25,8451.39,59
3693,3112,5,6157.44,0.11,0.25,7696.8,96
3694,3112,8,7284.29,0.46,0.25,9105.36,26
3695,3112,6,7123.31,0.4,0.25,8904.14,40
3696,3112,4,6801.35,0.39,0.25,8501.69,51
3697,2791,9,253.22,0.5,0.25,316.52,25
3698,2791,7,218.39,0.41,0.25,272.99,61
3699,2791,5,203.65,0.1,0.25,254.56,63
3700,2791,10,211.69,0.36,0.25,264.61,51
3701,4131,4,1701.27,0.42,0.25,2126.59,23
3702,4131,9,1620.26,0.32,0.25,2025.32,86
3703,4131,6,1701.27,0.42,0.25,2126.59,33
3704,4131,2,1620.26,0.34,0.25,2025.32,96
3705,969,10,204.44,0.36,0.25,255.55,45
3706,969,2,217.91,0.41,0.25,272.39,100
3707,969,6,203.22,0.34,0.25,254.02,50
3708,969,4,195.87,0.34,0.25,244.84,13
3709,3715,4,5975.92,0.32,0.25,7469.9,29
3710,3715,10,5766.24,0.36,0.25,7207.8,38
3711,3715,6,5871.08,0.35,0.25,7338.85,20
3712,3715,8,6255.5,0.39,0.25,7819.38,74
3713,4811,3,265.43,0.13,0.25,331.79,34
3714,4811,8,246.8,0.32,0.25,308.5,23
3715,4811,6,248.35,0.31,0.25,310.44,68
3716,4811,1,262.32,0.48,0.25,327.9,66
3717,3886,10,1088.12,0.45,0.25,1360.15,53
3718,3886,6,1045.57,0.35,0.25,1306.96,94
3719,3886,4,1112.44,0.48,0.25,1390.55,51
3720,3886,3,948.31,0.14,0.25,1185.39,86
3721,2095,8,10.1,0.48,0.25,12.62,66
3722,2095,1,9.5,0.36,0.25,11.88,82
3723,2095,3,8.51,0.14,0.25,10.64,70
3724,2633,9,117.25,0.39,0.25,146.56,54
3725,2633,3,121.64,0.14,0.25,152.05,68
3726,2633,8,126.77,0.44,0.25,158.46,60
3727,2633,1,121.64,0.31,0.25,152.05,10
3728,4342,10,2536.15,0.43,0.25,3170.19,30
3729,4342,3,2627.26,0.14,0.25,3284.08,33
3730,4342,8,2688.01,0.38,0.25,3360.01,51
3731,2683,3,259.08,0.1,0.25,323.85,45
3732,2683,2,279.01,0.36,0.25,348.76,39
3733,2683,1,279.01,0.39,0.25,348.76,42
3734,2683,10,279.01,0.31,0.25,348.76,78
3735,2683,9,292.3,0.44,0.25,365.38,92
3736,4727,3,585.27,0.14,0.25,731.59,46
3737,4727,4,613.99,0.32,0.25,767.49,28
3738,4727,5,588.86,0.14,0.25,736.08,17
3739,4727,2,606.81,0.44,0.25,758.51,54
3740,4727,1,635.54,0.41,0.25,794.42,50
3741,4727,10,596.04,0.43,0.25,745.05,76
3742,2523,4,138.28,0.45,0.25,172.85,27
3743,2523,2,137.52,0.44,0.25,171.9,23
3744,2523,10,117.66,0.33,0.25,147.07,95
3745,2523,9,123.77,0.38,0.25,154.71,30
3746,2523,8,117.66,0.32,0.25,147.07,76
3747,1215,7,124.52,0.32,0.25,155.65,99
3748,1215,6,132.67,0.49,0.25,165.84,71
3749,1215,3,120.07,0.14,0.25,150.09,18
3750,1215,9,122.3,0.44,0.25,152.88,54
3751,3378,2,7609.71,0.43,0.25,9512.14,29
3752,3378,9,8205.65,0.42,0.25,10257.06,45
3753,3378,8,7426.34,0.31,0.25,9282.92,37
3754,3378,7,7838.91,0.49,0.25,9798.64,57
3755,3378,3,7426.34,0.13,0.25,9282.92,68
3756,3378,4,7930.6,0.43,0.25,9913.25,36
3757,256,2,311.5,0.47,0.25,389.38,22
3758,256,3,285.25,0.13,0.25,356.56,38
3759,256,9,320.25,0.46,0.25,400.31,78
3760,256,1,301.0,0.47,0.25,376.25,43
3761,1882,1,2.2,0.31,0.25,2.75,81
3762,1882,2,2.58,0.44,0.25,3.22,17
3763,1882,3,2.35,0.14,0.25,2.94,15
3764,1882,8,2.67,0.43,0.25,3.34,63
3765,1882,9,2.5,0.49,0.25,3.12,66
3766,1764,1,235.21,0.44,0.25,294.01,78
3767,1764,4,247.52,0.49,0.25,309.4,72
3768,1764,5,222.9,0.14,0.25,278.62,18
3769,1764,9,252.99,0.5,0.25,316.24,76
3770,5364,9,136.74,0.41,0.25,170.92,73
3771,5364,5,125.28,0.11,0.25,156.6,15
3772,5364,3,126.91,0.13,0.25,158.64,28
3773,4574,3,890.15,0.12,0.25,1112.69,12
3774,4574,2,998.57,0.48,0.25,1248.21,92
3775,4574,6,992.86,0.5,0.25,1241.08,51
3776,4574,5,930.09,0.12,0.25,1162.61,71
3777,4574,9,935.8,0.41,0.25,1169.75,55
3778,797,1,26.32,0.43,0.25,32.9,32
3779,797,3,26.96,0.14,0.25,33.7,80
3780,797,10,27.77,0.41,0.25,34.71,58
3781,797,4,28.41,0.39,0.25,35.51,29
3782,797,9,27.77,0.47,0.25,34.71,63
3783,793,1,23.42,0.45,0.25,29.28,29
3784,793,7,24.08,0.47,0.25,30.1,47
3785,793,10,24.35,0.5,0.25,30.44,16
3786,793,2,24.61,0.48,0.25,30.76,74
3787,793,5,21.19,0.11,0.25,26.49,25
3788,793,4,22.5,0.36,0.25,28.12,12
3789,3360,10,3465.0,0.35,0.25,4331.25,16
3790,3360,8,3444.13,0.32,0.25,4305.16,24
3791,3360,2,3506.75,0.37,0.25,4383.44,56
3792,3360,1,3631.99,0.4,0.25,4539.99,52
3793,3360,6,3569.37,0.43,0.25,4461.71,27
3794,3995,3,1697.24,0.15,0.25,2121.55,21
3795,3995,1,1892.68,0.5,0.25,2365.85,37
3796,3995,5,1573.8,0.12,0.25,1967.25,13
3797,3995,2,1882.39,0.47,0.25,2352.99,60
3798,4881,1,110.5,0.42,0.25,138.12,39
3799,4881,8,106.08,0.34,0.25,132.6,67
3800,4881,7,113.02,0.42,0.25,141.28,67
3801,4742,9,304.56,0.33,0.25,380.7,81
3802,4742,7,345.04,0.5,0.25,431.3,47
3803,4742,3,331.55,0.14,0.25,414.44,19
3804,4742,5,327.69,0.11,0.25,409.61,41
3805,4742,1,337.33,0.38,0.25,421.66,55
3806,4742,6,310.34,0.39,0.25,387.92,56
3807,4752,6,439.92,0.5,0.25,549.9,57
3808,4752,1,408.15,0.31,0.25,510.19,39
3809,4752,9,422.81,0.48,0.25,528.51,90
3810,597,7,72.02,0.44,0.25,90.02,85
3811,597,10,69.99,0.48,0.25,87.49,54
3812,597,5,65.1,0.12,0.25,81.38,69
3813,597,2,69.58,0.32,0.25,86.98,29
3814,597,4,71.21,0.43,0.25,89.01,90
3815,597,1,64.29,0.35,0.25,80.36,51
3816,4509,9,1762.26,0.39,0.25,2202.82,16
3817,4509,1,1719.79,0.34,0.25,2149.74,23
3818,4509,2,1857.8,0.39,0.25,2322.25,34
3819,4509,3,1794.1,0.12,0.25,2242.62,18
3820,1396,5,112.64,0.13,0.25,140.8,70
3821,1396,6,119.88,0.46,0.25,149.85,92
3822,1396,1,111.98,0.37,0.25,139.98,98
3823,1396,3,104.07,0.12,0.25,130.09,72
3824,4328,4,901.24,0.5,0.25,1126.55,91
3825,4328,2,819.31,0.35,0.25,1024.14,13
3826,4328,10,814.19,0.32,0.25,1017.74,89
3827,4328,3,798.83,0.11,0.25,998.54,36
3828,4709,2,480.91,0.34,0.25,601.14,77
3829,4709,4,508.13,0.33,0.25,635.16,46
3830,4709,6,550.48,0.49,0.25,688.1,85
3831,4709,9,541.4,0.49,0.25,676.75,48
3832,4709,3,489.99,0.12,0.25,612.49,49
3833,4709,10,508.13,0.4,0.25,635.16,46
3834,322,1,238.05,0.33,0.25,297.56,35
3835,322,10,252.05,0.47,0.25,315.06,59
3836,322,3,239.45,0.13,0.25,299.31,70
3837,322,4,249.25,0.39,0.25,311.56,27
3838,644,3,55.04,0.14,0.25,68.8,39
3839,644,9,56.02,0.32,0.25,70.03,15
3840,644,2,54.05,0.41,0.25,67.56,51
3841,644,4,52.74,0.39,0.25,65.92,33
3842,5096,1,343.01,0.38,0.25,428.76,73
3843,5096,9,354.7,0.47,0.25,443.38,65
3844,5096,2,327.42,0.46,0.25,409.28,35
3845,5096,3,304.03,0.13,0.25,380.04,88
3846,2137,9,6.43,0.37,0.25,8.04,16
3847,2137,4,7.24,0.46,0.25,9.05,23
3848,2137,2,6.55,0.4,0.25,8.19,20
3849,2137,5,6.92,0.14,0.25,8.65,10
3850,1823,3,27.82,0.14,0.25,34.78,83
3851,1823,4,29.48,0.4,0.25,36.85,64
3852,1823,9,27.49,0.31,0.25,34.36,35
3853,1823,7,26.16,0.31,0.25,32.7,82
3854,1823,6,25.67,0.34,0.25,32.09,25
3855,1345,10,66.03,0.43,0.25,82.54,82
3856,1345,3,67.19,0.14,0.25,83.99,37
3857,1345,2,60.98,0.31,0.25,76.22,93
3858,661,7,28.34,0.45,0.25,35.42,57
3859,661,1,27.0,0.32,0.25,33.75,30
3860,661,6,29.01,0.37,0.25,36.26,39
3861,3066,10,8644.91,0.34,0.25,10806.14,82
3862,3066,6,8390.65,0.41,0.25,10488.31,37
3863,3066,9,8746.61,0.4,0.25,10933.26,66
3864,3066,2,8339.79,0.43,0.25,10424.74,62
3865,1697,9,146.98,0.45,0.25,183.72,67
3866,1697,3,133.54,0.11,0.25,166.92,72
3867,1697,4,136.9,0.35,0.25,171.12,30
3868,1193,7,151.79,0.4,0.25,189.74,20
3869,1193,1,143.31,0.38,0.25,179.14,23
3870,1193,10,134.83,0.31,0.25,168.54,91
3871,3809,9,2049.31,0.34,0.25,2561.64,87
3872,3809,8,2232.29,0.46,0.25,2790.36,81
3873,3809,10,1915.13,0.31,0.25,2393.91,61
3874,3809,7,2024.92,0.37,0.25,2531.15,46
3875,1816,1,10.26,0.46,0.25,12.82,70
3876,1816,8,10.14,0.31,0.25,12.68,82
3877,1816,10,9.78,0.34,0.25,12.22,49
3878,1816,3,10.32,0.14,0.25,12.9,82
3879,1816,2,9.24,0.32,0.25,11.55,56
3880,912,2,160.15,0.49,0.25,200.19,40
3881,912,4,145.99,0.41,0.25,182.49,38
3882,912,9,147.76,0.34,0.25,184.7,100
3883,912,7,141.57,0.39,0.25,176.96,34
3884,3420,2,4502.34,0.36,0.25,5627.92,53
3885,3420,1,4827.8,0.44,0.25,6034.75,31
3886,3420,8,4312.48,0.32,0.25,5390.6,52
3887,3554,9,7617.76,0.34,0.25,9522.2,29
3888,3554,6,8161.89,0.41,0.25,10202.36,75
3889,3554,7,8755.48,0.48,0.25,10944.35,64
3890,3554,8,8755.48,0.4,0.25,10944.35,70
3891,487,10,498.98,0.45,0.25,623.72,66
3892,487,5,504.96,0.12,0.25,631.2,42
3893,487,6,513.92,0.46,0.25,642.4,25
3894,4572,10,2063.8,0.45,0.25,2579.75,31
3895,4572,4,1957.05,0.34,0.25,2446.31,76
3896,4572,8,1992.63,0.47,0.25,2490.79,10
3897,4572,3,1945.19,0.14,0.25,2431.49,71
3898,4572,9,1980.77,0.44,0.25,2475.96,40
3899,4572,7,2063.8,0.46,0.25,2579.75,88
3900,3588,3,5341.36,0.14,0.25,6676.7,74
3901,3588,1,5246.55,0.32,0.25,6558.19,43
3902,3588,2,4993.7,0.31,0.25,6242.12,53
3903,432,8,154.83,0.37,0.25,193.54,16
3904,432,6,157.63,0.46,0.25,197.04,63
3905,432,2,162.29,0.48,0.25,202.86,58
3906,432,9,152.03,0.33,0.25,190.04,94
3907,432,4,147.37,0.35,0.25,184.21,27
3908,1513,7,901.11,0.34,0.25,1126.39,68
3909,1513,3,895.87,0.15,0.25,1119.84,57
3910,1513,2,880.15,0.4,0.25,1100.19,94
3911,1437,4,165.14,0.43,0.25,206.42,61
3912,1437,9,157.46,0.4,0.25,196.82,57
3913,1437,5,157.46,0.11,0.25,196.82,55
3914,1437,1,167.06,0.36,0.25,208.82,34
3915,1437,3,153.62,0.12,0.25,192.02,55
3916,4099,8,1222.63,0.31,0.25,1528.29,34
3917,4099,5,1321.36,0.14,0.25,1651.7,23
3918,4099,7,1245.42,0.37,0.25,1556.78,41
3919,555,6,19.6,0.36,0.25,24.5,82
3920,555,5,20.55,0.14,0.25,25.69,28
3921,555,2,18.78,0.34,0.25,23.48,10
3922,5147,8,575.67,0.32,0.25,719.59,10
3923,5147,2,565.14,0.33,0.25,706.42,85
3924,5147,5,579.18,0.12,0.25,723.97,27
3925,5147,9,596.73,0.32,0.25,745.91,12
3926,5147,10,638.86,0.45,0.25,798.58,46
3927,5147,7,617.8,0.48,0.25,772.25,31
3928,936,2,22.24,0.44,0.25,27.8,62
3929,936,3,19.19,0.15,0.25,23.99,96
3930,936,9,19.8,0.36,0.25,24.75,83
3931,936,5,19.55,0.11,0.25,24.44,88
3932,936,7,19.8,0.33,0.25,24.75,63
3933,936,6,19.92,0.35,0.25,24.9,32
3934,4071,1,2063.6,0.42,0.25,2579.5,98
3935,4071,10,2088.76,0.41,0.25,2610.95,81
3936,4071,3,2038.43,0.15,0.25,2548.04,94
3937,795,3,64.99,0.14,0.25,81.24,65
3938,795,7,66.2,0.35,0.25,82.75,64
3939,795,6,69.01,0.33,0.25,86.26,23
3940,795,4,67.4,0.43,0.25,84.25,71
3941,795,2,73.82,0.5,0.25,92.28,91
3942,1899,2,5.64,0.41,0.25,7.05,12
3943,1899,6,5.88,0.38,0.25,7.35,96
3944,1899,10,6.01,0.45,0.25,7.51,16
3945,1899,9,5.81,0.47,0.25,7.26,89
3946,1899,7,5.64,0.47,0.25,7.05,61
3947,1899,4,5.54,0.41,0.25,6.92,58
3948,3741,4,8752.8,0.49,0.25,10941.0,34
3949,3741,8,8559.37,0.41,0.25,10699.21,40
3950,3741,9,8414.29,0.36,0.25,10517.86,13
3951,3741,7,8027.43,0.31,0.25,10034.29,76
3952,3741,1,7785.64,0.32,0.25,9732.05,75
3953,3741,3,8172.5,0.12,0.25,10215.62,99
3954,2398,5,123.19,0.12,0.25,153.99,90
3955,2398,4,120.26,0.3,0.25,150.33,60
3956,2398,2,127.59,0.38,0.25,159.49,62
3957,2398,3,115.86,0.13,0.25,144.82,10
3958,1505,2,503.61,0.38,0.25,629.51,87
3959,1505,9,527.17,0.41,0.25,658.96,32
3960,1505,10,483.0,0.42,0.25,603.75,80
3961,1505,3,468.27,0.14,0.25,585.34,34
3962,3618,7,128.39,0.33,0.25,160.49,15
3963,3618,10,131.43,0.47,0.25,164.29,74
3964,3618,6,135.23,0.48,0.25,169.04,39
3965,3618,9,120.79,0.32,0.25,150.99,27
3966,1036,3,32.21,0.13,0.25,40.26,92
3967,1036,10,33.14,0.39,0.25,41.42,97
3968,1036,6,30.91,0.39,0.25,38.64,17
3969,1085,3,200.87,0.12,0.25,251.09,17
3970,1085,7,231.57,0.5,0.25,289.46,23
3971,1085,10,229.01,0.45,0.25,286.26,84
3972,1085,1,231.57,0.48,0.25,289.46,29
3973,1085,4,207.26,0.41,0.25,259.08,33
3974,1085,5,203.42,0.11,0.25,254.27,44
3975,1887,8,21.47,0.32,0.25,26.84,79
3976,1887,6,23.68,0.42,0.25,29.6,72
3977,1887,2,21.47,0.32,0.25,26.84,84
3978,1887,4,22.16,0.31,0.25,27.7,44
3979,1887,10,22.85,0.38,0.25,28.56,68
3980,780,3,51.48,0.14,0.25,64.35,82
3981,780,2,59.17,0.46,0.25,73.96,83
3982,780,6,58.5,0.49,0.25,73.12,25
3983,780,4,56.5,0.46,0.25,70.62,16
3984,780,10,55.16,0.44,0.25,68.95,78
3985,780,1,57.17,0.34,0.25,71.46,16
3986,3393,3,7120.07,0.11,0.25,8900.09,42
3987,3393,7,7556.88,0.44,0.25,9446.1,41
3988,3393,10,7600.56,0.45,0.25,9500.7,59
3989,3393,9,7687.93,0.4,0.25,9609.91,69
3990,4105,1,1909.55,0.48,0.25,2386.94,32
3991,4105,9,1876.62,0.45,0.25,2345.77,69
3992,4105,2,1876.62,0.45,0.25,2345.77,46
3993,4105,6,1953.44,0.45,0.25,2441.8,30
3994,5035,10,329.87,0.42,0.25,412.34,66
3995,5035,9,333.79,0.49,0.25,417.24,20
3996,5035,8,316.12,0.35,0.25,395.15,99
3997,5035,7,308.27,0.34,0.25,385.34,95
3998,5035,6,339.69,0.4,0.25,424.61,45
3999,1630,10,207.13,0.34,0.25,258.91,95
4000,1630,7,221.02,0.38,0.25,276.28,76
4001,1630,5,194.5,0.13,0.25,243.12,69
4002,1630,8,210.92,0.4,0.25,263.65,93
4003,5257,10,596.98,0.45,0.25,746.22,34
4004,5257,2,553.38,0.37,0.25,691.72,96
4005,5257,4,516.49,0.34,0.25,645.61,97
4006,5257,7,533.25,0.3,0.25,666.56,92
4007,5257,9,560.08,0.34,0.25,700.1,87
4008,5257,6,590.27,0.42,0.25,737.84,67
4009,1687,6,304.18,0.4,0.25,380.22,50
4010,1687,4,302.45,0.38,0.25,378.06,70
4011,1687,7,309.37,0.43,0.25,386.71,63
4012,98,4,1414.93,0.46,0.25,1768.66,53
4013,98,8,1431.1,0.46,0.25,1788.88,72
4014,98,7,1431.1,0.38,0.25,1788.88,86
4015,98,9,1406.84,0.38,0.25,1758.55,78
4016,98,2,1350.25,0.39,0.25,1687.81,83
4017,98,3,1309.82,0.12,0.25,1637.28,82
4018,162,10,964.7,0.34,0.25,1205.88,46
4019,162,3,970.37,0.11,0.25,1212.96,50
4020,162,5,885.25,0.12,0.25,1106.56,79
4021,162,9,998.75,0.5,0.25,1248.44,33
4022,1890,1,17.42,0.43,0.25,21.78,24
4023,1890,10,16.82,0.4,0.25,21.02,41
4024,1890,2,15.9,0.31,0.25,19.88,81
4025,1890,3,17.32,0.14,0.25,21.65,77
4026,324,10,335.17,0.41,0.25,418.96,14
4027,324,1,321.61,0.34,0.25,402.01,13
4028,324,8,335.17,0.39,0.25,418.96,99
4029,324,2,329.36,0.33,0.25,411.7,53
4030,1898,1,18.47,0.33,0.25,23.09,57
4031,1898,9,18.47,0.3,0.25,23.09,79
4032,1898,6,21.73,0.46,0.25,27.16,100
4033,1898,8,20.4,0.34,0.25,25.5,14
4034,1898,10,20.76,0.38,0.25,25.95,21
4035,1898,2,20.88,0.37,0.25,26.1,22
4036,4720,1,598.11,0.38,0.25,747.64,78
4037,4720,7,641.61,0.49,0.25,802.01,31
4038,4720,8,616.23,0.37,0.25,770.29,18
4039,1180,8,60.01,0.47,0.25,75.01,100
4040,1180,9,61.08,0.37,0.25,76.35,14
4041,1180,4,58.22,0.33,0.25,72.78,15
4042,1180,5,60.01,0.11,0.25,75.01,13
4043,1180,2,62.87,0.45,0.25,78.59,79
4044,1180,3,60.01,0.11,0.25,75.01,80
4045,1548,2,636.48,0.34,0.25,795.6,22
4046,1548,4,644.39,0.39,0.25,805.49,61
4047,1548,10,691.83,0.47,0.25,864.79,62
4048,1548,7,735.31,0.48,0.25,919.14,46
4049,672,7,19.9,0.45,0.25,24.88,58
4050,672,4,19.79,0.49,0.25,24.74,30
4051,672,5,18.97,0.12,0.25,23.71,90
4052,672,10,20.14,0.34,0.25,25.18,82
4053,1076,2,169.5,0.39,0.25,211.88,50
4054,1076,10,165.4,0.41,0.25,206.75,10
4055,1076,1,171.56,0.35,0.25,214.45,69
4056,1076,4,170.53,0.33,0.25,213.16,61
4057,1076,8,190.05,0.5,0.25,237.56,53
4058,1076,3,178.75,0.15,0.25,223.44,97
4059,4982,3,609.03,0.12,0.25,761.29,49
4060,4982,8,638.74,0.35,0.25,798.42,81
4061,4982,9,649.88,0.46,0.25,812.35,89
4062,4982,6,664.73,0.41,0.25,830.91,19
4063,4982,4,597.89,0.4,0.25,747.36,50
4064,4982,1,594.18,0.37,0.25,742.72,96
4065,1617,7,447.01,0.33,0.25,558.76,97
4066,1617,10,428.82,0.34,0.25,536.02,12
4067,1617,4,426.22,0.37,0.25,532.78,61
4068,1854,10,29.32,0.4,0.25,36.65,54
4069,1854,8,30.4,0.31,0.25,38.0,62
4070,1854,9,33.28,0.48,0.25,41.6,90
4071,1854,7,30.22,0.41,0.25,37.78,99
4072,1854,5,30.94,0.13,0.25,38.68,84
4073,3701,2,4544.14,0.49,0.25,5680.18,49
4074,3701,1,4889.6,0.46,0.25,6112.0,24
4075,3701,6,4889.6,0.48,0.25,6112.0,38
4076,3701,8,4677.01,0.45,0.25,5846.26,62
4077,3701,10,4863.02,0.43,0.25,6078.78,86
4078,3018,10,3696.13,0.39,0.25,4620.16,26
4079,3018,1,3564.91,0.3,0.25,4456.14,38
4080,3018,9,3455.55,0.32,0.25,4319.44,61
4081,4350,5,1916.12,0.13,0.25,2395.15,79
4082,4350,7,1961.47,0.4,0.25,2451.84,17
4083,4350,3,1927.46,0.15,0.25,2409.32,99
4084,3592,2,2715.01,0.31,0.25,3393.76,64
4085,3592,10,2780.83,0.44,0.25,3476.04,85
4086,3592,7,3093.46,0.5,0.25,3866.82,12
4087,3592,1,3044.1,0.49,0.25,3805.12,59
4088,3565,9,3230.73,0.36,0.25,4038.41,21
4089,3565,7,3071.19,0.32,0.25,3838.99,44
4090,3565,10,3310.5,0.39,0.25,4138.12,68
4091,3565,3,3270.62,0.11,0.25,4088.27,56
4092,3565,8,3470.05,0.44,0.25,4337.56,69
4093,5319,6,181.1,0.44,0.25,226.38,37
4094,5319,4,182.13,0.45,0.25,227.66,81
4095,5319,1,185.22,0.44,0.25,231.52,47
4096,2643,2,83.75,0.42,0.25,104.69,63
4097,2643,10,75.28,0.33,0.25,94.1,61
4098,2643,1,80.46,0.39,0.25,100.57,54
4099,2643,9,82.81,0.38,0.25,103.51,43
4100,2643,6,75.28,0.33,0.25,94.1,58
4101,2643,7,79.51,0.41,0.25,99.39,25
4102,2503,10,101.11,0.5,0.25,126.39,44
4103,2503,1,92.96,0.34,0.25,116.2,99
4104,2503,9,92.96,0.41,0.25,116.2,99
4105,2503,5,84.8,0.11,0.25,106.0,63
4106,2676,1,90.36,0.38,0.25,112.95,84
4107,2676,2,91.95,0.49,0.25,114.94,31
4108,2676,5,83.98,0.14,0.25,104.98,36
4109,2676,3,81.32,0.1,0.25,101.65,30
4110,2676,7,95.14,0.45,0.25,118.92,34
4111,466,7,91.12,0.38,0.25,113.9,68
4112,466,2,96.82,0.33,0.25,121.02,95
4113,466,5,97.95,0.14,0.25,122.44,47
4114,466,9,101.37,0.4,0.25,126.71,49
4115,466,10,92.26,0.41,0.25,115.32,30
4116,1532,5,384.82,0.1,0.25,481.02,60
4117,1532,4,414.96,0.45,0.25,518.7,95
4118,1532,8,394.09,0.44,0.25,492.61,99
4119,1532,9,382.5,0.31,0.25,478.12,45
4120,1532,6,403.37,0.44,0.25,504.21,42
4121,1532,2,408.0,0.4,0.25,510.0,94
4122,2505,1,99.12,0.4,0.25,123.9,50
4123,2505,5,91.76,0.15,0.25,114.7,26
4124,2505,8,92.89,0.33,0.25,116.11,33
4125,4091,9,2181.93,0.49,0.25,2727.41,88
4126,4091,3,1968.48,0.11,0.25,2460.6,88
4127,4091,10,2110.78,0.47,0.25,2638.48,62
4128,5315,9,154.64,0.35,0.25,193.3,75
4129,5315,8,153.75,0.34,0.25,192.19,93
4130,5315,1,150.18,0.44,0.25,187.73,93
4131,5315,4,147.49,0.43,0.25,184.36,12
4132,1786,6,253.05,0.44,0.25,316.31,28
4133,1786,8,231.36,0.3,0.25,289.2,77
4134,1786,4,260.28,0.45,0.25,325.35,91
4135,1786,9,248.71,0.34,0.25,310.89,92
4136,15,1,3001.07,0.4,0.25,3751.34,69
4137,15,8,2933.25,0.48,0.25,3666.56,24
4138,15,6,2848.47,0.31,0.25,3560.59,28
4139,15,9,2865.43,0.41,0.25,3581.79,98
4140,507,5,227.09,0.12,0.25,283.86,46
4141,507,2,238.97,0.46,0.25,298.71,28
4142,507,4,224.45,0.4,0.25,280.56,75
4143,3553,10,105.11,0.32,0.25,131.39,63
4144,3553,7,104.43,0.33,0.25,130.54,23
4145,3553,6,113.24,0.39,0.25,141.55,32
4146,3553,4,111.21,0.37,0.25,139.01,88
4147,3553,3,114.6,0.13,0.25,143.25,15
4148,343,1,409.97,0.41,0.25,512.46,100
4149,343,7,348.47,0.32,0.25,435.59,100
4150,343,6,382.64,0.33,0.25,478.3,52
4151,343,9,382.64,0.45,0.25,478.3,54
4152,343,10,396.3,0.44,0.25,495.38,14
4153,343,4,378.08,0.38,0.25,472.6,29
4154,1785,4,407.0,0.39,0.25,508.75,62
4155,1785,2,372.7,0.39,0.25,465.88,30
4156,1785,7,388.71,0.38,0.25,485.89,73
4157,1785,1,397.85,0.45,0.25,497.31,13
4158,1785,10,390.99,0.42,0.25,488.74,37
4159,1785,3,397.85,0.15,0.25,497.31,85
4160,2719,9,150.7,0.49,0.25,188.38,30
4161,2719,4,150.7,0.48,0.25,188.38,26
4162,2719,5,130.82,0.11,0.25,163.52,29
4163,2719,6,142.42,0.33,0.25,178.02,38
4164,3737,2,4768.43,0.41,0.25,5960.54,100
4165,3737,7,4509.9,0.36,0.25,5637.38,73
4166,3737,10,4710.98,0.36,0.25,5888.72,44
4167,3737,8,5055.69,0.49,0.25,6319.61,95
4168,3737,5,4854.61,0.13,0.25,6068.26,74
4169,3737,1,5141.86,0.41,0.25,6427.32,97
4170,2111,8,6.34,0.47,0.25,7.92,78
4171,2111,9,6.19,0.36,0.25,7.74,100
4172,2111,6,5.83,0.33,0.25,7.29,43
4173,3489,8,1007.46,0.32,0.25,1259.32,98
4174,3489,10,929.96,0.33,0.25,1162.45,94
4175,3489,2,1096.88,0.47,0.25,1371.1,40
4176,3489,7,1013.42,0.47,0.25,1266.77,14
4177,3489,4,1025.34,0.44,0.25,1281.68,92
4178,3489,1,1055.15,0.38,0.25,1318.94,78
4179,3722,3,143.21,0.15,0.25,179.01,55
4180,3722,5,133.72,0.14,0.25,167.15,44
4181,3722,9,149.25,0.4,0.25,186.56,30
4182,3076,10,4282.31,0.43,0.25,5352.89,73
4183,3076,9,4047.02,0.32,0.25,5058.77,58
4184,3076,5,3929.38,0.14,0.25,4911.73,35
4185,3076,2,3905.85,0.43,0.25,4882.31,91
4186,3076,3,4023.49,0.11,0.25,5029.36,70
4187,3076,7,3999.96,0.34,0.25,4999.95,33
4188,2040,2,13.6,0.39,0.25,17.0,74
4189,2040,9,13.14,0.42,0.25,16.42,95
4190,2040,6,14.13,0.48,0.25,17.66,36
4191,1923,4,11.59,0.47,0.25,14.49,64
4192,1923,5,10.65,0.11,0.25,13.31,80
4193,1923,7,11.12,0.37,0.25,13.9,67
4194,1923,1,11.19,0.3,0.25,13.99,76
4195,2350,6,157.68,0.36,0.25,197.1,39
4196,2350,10,176.4,0.39,0.25,220.5,63
4197,2350,3,152.75,0.14,0.25,190.94,75
4198,3413,9,4848.92,0.38,0.25,6061.15,96
4199,3413,3,4602.36,0.11,0.25,5752.95,75
4200,3413,7,4903.7,0.43,0.25,6129.62,92
4201,5397,6,74.01,0.33,0.25,92.51,97
4202,5397,2,83.97,0.48,0.25,104.96,36
4203,5397,4,75.9,0.32,0.25,94.88,92
4204,5397,10,81.6,0.35,0.25,102.0,33
4205,5357,5,384.12,0.14,0.25,480.15,30
4206,5357,8,406.58,0.45,0.25,508.22,53
4207,5357,7,386.36,0.4,0.25,482.95,76
4208,3702,5,3225.86,0.13,0.25,4032.32,73
4209,3702,6,3283.8,0.45,0.25,4104.75,74
4210,3702,1,3438.34,0.45,0.25,4297.92,57
4211,3702,3,3225.86,0.13,0.25,4032.32,84
4212,3702,9,3129.27,0.37,0.25,3911.59,33
4213,5266,6,302.02,0.32,0.25,377.52,13
4214,5266,2,311.4,0.33,0.25,389.25,95
4215,5266,10,333.91,0.39,0.25,417.39,10
4216,1306,7,29.02,0.47,0.25,36.28,67
4217,1306,5,25.89,0.15,0.25,32.36,83
4218,1306,10,29.35,0.44,0.25,36.69,64
4219,1306,8,27.7,0.3,0.25,34.62,40
4220,2386,1,129.25,0.4,0.25,161.56,97
4221,2386,5,124.43,0.15,0.25,155.54,94
4222,2386,10,140.49,0.46,0.25,175.61,93
4223,2386,6,129.25,0.38,0.25,161.56,25
4224,4288,6,664.18,0.38,0.25,830.22,29
4225,4288,3,598.15,0.12,0.25,747.69,13
4226,4288,2,726.33,0.49,0.25,907.91,47
4227,4288,9,648.64,0.33,0.25,810.8,52
4228,3249,5,5916.08,0.1,0.25,7395.1,18
4229,3249,6,5589.43,0.33,0.25,6986.79,61
4230,3249,4,6641.98,0.47,0.25,8302.47,50
4231,3249,1,6678.28,0.46,0.25,8347.85,13
4232,3249,8,6097.56,0.36,0.25,7621.95,82
4233,3249,2,5952.38,0.33,0.25,7440.48,65
4234,2867,1,89.41,0.5,0.25,111.76,77
4235,2867,8,82.64,0.32,0.25,103.3,73
4236,2867,7,79.74,0.44,0.25,99.68,19
4237,2867,5,78.29,0.14,0.25,97.86,95
4238,2867,3,77.81,0.14,0.25,97.26,81
4239,2867,4,83.61,0.4,0.25,104.51,11
4240,179,9,1653.74,0.4,0.25,2067.18,81
4241,179,1,1566.7,0.38,0.25,1958.38,79
4242,179,3,1528.02,0.14,0.25,1910.02,63
4243,179,5,1605.39,0.11,0.25,2006.74,87
4244,179,8,1528.02,0.31,0.25,1910.02,34
4245,179,10,1702.1,0.37,0.25,2127.62,11
4246,3166,6,5565.12,0.38,0.25,6956.4,72
4247,3166,10,5531.8,0.33,0.25,6914.75,43
4248,3166,4,5565.12,0.36,0.25,6956.4,36
4249,3166,3,5398.5,0.15,0.25,6748.12,24
4250,3166,7,6031.66,0.49,0.25,7539.58,52
4251,3166,9,5531.8,0.34,0.25,6914.75,63
4252,2160,3,22.66,0.12,0.25,28.32,25
4253,2160,10,24.64,0.47,0.25,30.8,63
4254,2160,7,22.0,0.39,0.25,27.5,38
4255,1779,7,707.87,0.31,0.25,884.84,16
4256,1779,6,658.2,0.32,0.25,822.75,11
4257,1779,4,724.43,0.36,0.25,905.54,51
4258,1645,2,459.8,0.35,0.25,574.75,77
4259,1645,10,480.04,0.36,0.25,600.05,42
4260,1645,1,526.31,0.48,0.25,657.89,74
4261,1645,3,480.04,0.13,0.25,600.05,93
4262,1645,8,465.58,0.32,0.25,581.98,35
4263,1645,5,442.45,0.12,0.25,553.06,46
4264,176,9,2087.61,0.38,0.25,2609.51,61
4265,176,8,1863.52,0.38,0.25,2329.4,37
4266,176,4,2028.64,0.43,0.25,2535.8,15
4267,176,5,1863.52,0.14,0.25,2329.4,76
4268,176,7,2016.84,0.43,0.25,2521.05,16
4269,3048,5,846.45,0.13,0.25,1058.06,93
4270,3048,6,891.26,0.42,0.25,1114.08,45
4271,3048,3,766.78,0.1,0.25,958.47,16
4272,4513,10,1999.4,0.36,0.25,2499.25,90
4273,4513,6,2034.69,0.49,0.25,2543.36,33
4274,4513,1,2069.97,0.44,0.25,2587.46,91
4275,4513,4,2081.73,0.43,0.25,2602.16,62
4276,4513,2,2105.25,0.46,0.25,2631.56,26
4277,4000,3,353.46,0.14,0.25,441.82,55
4278,4000,7,363.79,0.45,0.25,454.74,23
4279,4000,1,343.12,0.32,0.25,428.9,47
4280,4000,6,316.25,0.31,0.25,395.31,12
4281,4000,2,357.59,0.44,0.25,446.99,55
4282,4682,7,297.82,0.42,0.25,372.28,18
4283,4682,4,299.63,0.37,0.25,374.54,17
4284,4682,8,308.65,0.35,0.25,385.81,70
4285,4682,10,335.73,0.46,0.25,419.66,15
4286,4682,6,292.41,0.35,0.25,365.51,33
4287,4682,9,310.46,0.35,0.25,388.08,35
4288,1537,3,765.87,0.14,0.25,957.34,12
4289,1537,6,825.85,0.43,0.25,1032.31,91
4290,1537,1,747.42,0.32,0.25,934.28,45
4291,1537,8,816.62,0.47,0.25,1020.78,68
4292,261,4,75.6,0.41,0.25,94.5,85
4293,261,3,67.53,0.13,0.25,84.41,57
4294,261,1,71.35,0.37,0.25,89.19,60
4295,5112,7,220.38,0.48,0.25,275.48,33
4296,5112,8,202.12,0.33,0.25,252.65,10
4297,5112,6,207.34,0.36,0.25,259.18,68
4298,5112,10,232.11,0.44,0.25,290.14,18
4299,5112,9,211.25,0.41,0.25,264.06,59
4300,5112,4,211.25,0.32,0.25,264.06,27
4301,5073,1,29.62,0.33,0.25,37.02,15
4302,5073,7,31.13,0.32,0.25,38.91,29
4303,5073,5,31.69,0.14,0.25,39.61,82
4304,5073,4,31.12,0.45,0.25,38.9,100
4305,5073,8,29.62,0.35,0.25,37.02,50
4306,5073,3,31.31,0.14,0.25,39.14,71
4307,2343,6,70.73,0.34,0.25,88.41,71
4308,2343,5,75.06,0.15,0.25,93.82,35
4309,2343,3,70.29,0.14,0.25,87.86,33
4310,497,8,276.09,0.37,0.25,345.11,89
4311,497,10,276.09,0.32,0.25,345.11,39
4312,497,7,305.61,0.46,0.25,382.01,77
4313,497,5,289.98,0.15,0.25,362.48,24
4314,1097,3,96.92,0.12,0.25,121.15,82
4315,1097,5,103.66,0.11,0.25,129.57,58
4316,1097,6,111.64,0.43,0.25,139.55,30
4317,1097,9,106.73,0.45,0.25,133.41,93
4318,2527,5,26.64,0.14,0.25,33.3,66
4319,2527,8,26.49,0.33,0.25,33.11,96
4320,2527,7,29.28,0.49,0.25,36.6,77
4321,2527,1,27.73,0.39,0.25,34.66,76
4322,4318,10,1882.95,0.48,0.25,2353.69,15
4323,4318,8,1926.74,0.45,0.25,2408.43,66
4324,4318,4,1751.58,0.31,0.25,2189.48,35
4325,536,8,30.09,0.45,0.25,37.61,99
4326,536,10,32.92,0.48,0.25,41.15,21
4327,536,5,29.2,0.13,0.25,36.5,100
4328,536,3,27.44,0.11,0.25,34.3,58
4329,1025,10,175.3,0.34,0.25,219.12,71
4330,1025,7,172.15,0.42,0.25,215.19,18
4331,1025,5,173.2,0.12,0.25,216.5,81
4332,1025,1,162.7,0.32,0.25,203.38,63
4333,4135,10,1943.4,0.36,0.25,2429.25,54
4334,4135,1,2037.63,0.37,0.25,2547.04,82
4335,4135,6,1966.96,0.43,0.25,2458.7,93
4336,3372,6,380.6,0.35,0.25,475.75,44
4337,3372,10,414.11,0.39,0.25,517.64,28
4338,3372,1,416.5,0.37,0.25,520.62,61
4339,4381,5,1055.12,0.13,0.25,1318.9,70
4340,4381,2,1067.46,0.39,0.25,1334.32,48
4341,4381,10,1141.51,0.45,0.25,1426.89,98
4342,4381,7,1129.16,0.44,0.25,1411.45,55
4343,4395,3,1733.15,0.11,0.25,2166.44,20
4344,4395,1,1830.03,0.36,0.25,2287.54,34
4345,4395,6,1980.74,0.5,0.25,2475.93,51
4346,3507,5,944.73,0.14,0.25,1180.91,58
4347,3507,2,897.79,0.31,0.25,1122.24,25
4348,3507,3,962.34,0.11,0.25,1202.92,82
4349,3583,1,1387.19,0.49,0.25,1733.99,88
4350,3583,9,1426.16,0.46,0.25,1782.7,19
4351,3583,2,1441.74,0.48,0.25,1802.18,90
4352,3583,4,1239.12,0.31,0.25,1548.9,32
4353,3583,8,1356.02,0.45,0.25,1695.02,57
4354,114,3,383.59,0.15,0.25,479.49,56
4355,114,10,417.58,0.49,0.25,521.98,54
4356,114,1,422.44,0.38,0.25,528.05,76
4357,114,7,410.3,0.35,0.25,512.88,22
4358,114,8,420.01,0.45,0.25,525.01,88
4359,114,9,400.59,0.39,0.25,500.74,12
4360,1109,4,153.43,0.34,0.25,191.79,31
4361,1109,10,153.43,0.35,0.25,191.79,35
4362,1109,8,164.12,0.47,0.25,205.15,36
4363,1109,3,164.12,0.13,0.25,205.15,87
4364,1109,2,156.35,0.31,0.25,195.44,62
4365,1109,9,171.88,0.41,0.25,214.85,100
4366,1863,2,10.19,0.32,0.25,12.74,66
4367,1863,4,11.72,0.38,0.25,14.65,58
4368,1863,1,10.13,0.31,0.25,12.66,46
4369,1863,8,10.59,0.35,0.25,13.24,70
4370,2315,10,28.07,0.32,0.25,35.09,40
4371,2315,1,27.23,0.4,0.25,34.04,14
4372,2315,4,27.73,0.3,0.25,34.66,39
4373,1330,6,166.43,0.32,0.25,208.04,16
4374,1330,3,168.46,0.13,0.25,210.58,45
4375,1330,7,179.62,0.49,0.25,224.52,41
4376,1330,2,169.47,0.34,0.25,211.84,17
4377,1330,9,168.46,0.37,0.25,210.58,67
4378,4500,1,2232.69,0.45,0.25,2790.86,98
4379,4500,4,2312.91,0.46,0.25,2891.14,37
4380,4500,5,2326.28,0.15,0.25,2907.85,99
4381,4500,3,2139.1,0.15,0.25,2673.88,28
4382,4500,2,2286.17,0.41,0.25,2857.71,50
4383,4500,6,2299.54,0.34,0.25,2874.42,27
4384,2213,1,15.97,0.48,0.25,19.96,24
4385,2213,10,14.86,0.43,0.25,18.58,29
4386,2213,5,14.35,0.14,0.25,17.94,10
4387,3016,5,528.43,0.11,0.25,660.54,86
4388,3016,2,574.09,0.44,0.25,717.61,76
4389,3016,7,508.86,0.34,0.25,636.08,62
4390,3016,3,534.95,0.11,0.25,668.69,72
4391,3016,1,580.62,0.44,0.25,725.78,51
4392,3016,4,548.0,0.43,0.25,685.0,64
4393,4985,3,72.68,0.1,0.25,90.85,46
4394,4985,9,71.31,0.31,0.25,89.14,34
4395,4985,5,78.62,0.14,0.25,98.28,96
4396,3750,1,4666.29,0.33,0.25,5832.86,81
4397,3750,3,5087.76,0.13,0.25,6359.7,66
4398,3750,9,5178.08,0.43,0.25,6472.6,51
4399,3750,4,5027.55,0.39,0.25,6284.44,95
4400,682,8,47.38,0.34,0.25,59.22,39
4401,682,5,48.23,0.11,0.25,60.29,21
4402,682,2,51.94,0.42,0.25,64.92,94
4403,682,9,48.52,0.44,0.25,60.65,45
4404,494,8,179.5,0.3,0.25,224.38,11
4405,494,10,204.5,0.45,0.25,255.62,87
4406,494,1,210.18,0.49,0.25,262.73,58
4407,3223,1,6294.11,0.43,0.25,7867.64,44
4408,3223,10,6793.03,0.44,0.25,8491.29,46
4409,3223,3,5871.94,0.1,0.25,7339.92,90
4410,3223,8,6447.62,0.32,0.25,8059.52,12
4411,3223,5,5948.7,0.15,0.25,7435.88,88
4412,5336,5,98.4,0.11,0.25,123.0,15
4413,5336,10,110.02,0.45,0.25,137.52,89
4414,5336,2,111.24,0.48,0.25,139.05,79
4415,5336,6,100.24,0.35,0.25,125.3,25
4416,4556,6,2043.03,0.45,0.25,2553.79,57
4417,4556,5,2043.03,0.14,0.25,2553.79,24
4418,4556,9,1945.16,0.31,0.25,2431.45,27
4419,4556,7,1871.76,0.3,0.25,2339.7,51
4420,4556,4,1920.69,0.36,0.25,2400.86,45
4421,4556,1,2018.56,0.4,0.25,2523.2,50
4422,3860,1,2201.01,0.31,0.25,2751.26,69
4423,3860,5,2296.12,0.15,0.25,2870.15,38
4424,3860,4,2445.57,0.41,0.25,3056.96,42
4425,3860,2,2133.08,0.33,0.25,2666.35,61
4426,1856,3,15.8,0.11,0.25,19.75,41
4427,1856,5,15.11,0.12,0.25,18.89,99
4428,1856,2,15.6,0.38,0.25,19.5,49
4429,1856,4,16.48,0.32,0.25,20.6,47
4430,1856,1,16.58,0.39,0.25,20.72,95
4431,5393,6,325.2,0.47,0.25,406.5,13
4432,5393,9,342.22,0.45,0.25,427.78,24
4433,5393,4,315.75,0.38,0.25,394.69,91
4434,3838,2,728.03,0.43,0.25,910.04,87
4435,3838,9,728.03,0.35,0.25,910.04,89
4436,3838,7,736.85,0.44,0.25,921.06,20
4437,3838,4,789.8,0.43,0.25,987.25,61
4438,3838,10,736.85,0.45,0.25,921.06,68
4439,2177,1,22.84,0.41,0.25,28.55,65
4440,2177,7,21.55,0.32,0.25,26.94,44
4441,2177,3,19.76,0.11,0.25,24.7,70
4442,2941,8,274.71,0.48,0.25,343.39,79
4443,2941,9,259.86,0.49,0.25,324.83,15
4444,2941,2,245.01,0.38,0.25,306.26,76
4445,2941,7,253.92,0.41,0.25,317.4,40
4446,5238,8,458.94,0.47,0.25,573.67,30
4447,5238,7,446.05,0.39,0.25,557.56,89
4448,5238,3,409.95,0.12,0.25,512.44,31
4449,290,6,154.48,0.44,0.25,193.1,40
4450,290,10,141.68,0.41,0.25,177.1,45
4451,290,2,139.97,0.39,0.25,174.96,78
4452,290,4,144.24,0.38,0.25,180.3,66
4453,290,9,139.12,0.39,0.25,173.9,59
4454,290,3,139.97,0.14,0.25,174.96,71
4455,1947,2,3.7,0.31,0.25,4.62,56
4456,1947,3,3.87,0.11,0.25,4.84,85
4457,1947,6,3.7,0.33,0.25,4.62,40
4458,1947,10,4.42,0.49,0.25,5.52,85
4459,1947,4,3.87,0.32,0.25,4.84,43
4460,1947,7,3.87,0.34,0.25,4.84,65
4461,3817,1,640.52,0.33,0.25,800.65,25
4462,3817,4,743.96,0.5,0.25,929.95,86
4463,3817,5,612.67,0.11,0.25,765.84,77
4464,3817,8,720.09,0.42,0.25,900.11,100
4465,4043,1,1946.92,0.4,0.25,2433.65,62
4466,4043,5,1741.98,0.11,0.25,2177.48,82
4467,4043,2,1867.22,0.41,0.25,2334.02,30
4468,4043,8,2038.0,0.49,0.25,2547.5,67
4469,4043,3,1844.45,0.14,0.25,2305.56,63
4470,4043,4,1867.22,0.43,0.25,2334.02,92
4471,1021,1,109.05,0.49,0.25,136.31,49
4472,1021,5,105.33,0.14,0.25,131.66,73
4473,1021,2,105.33,0.41,0.25,131.66,68
4474,1021,7,102.23,0.44,0.25,127.79,21
4475,1021,3,102.85,0.14,0.25,128.56,92
4476,579,9,74.15,0.37,0.25,92.69,57
4477,579,3,76.39,0.12,0.25,95.49,76
4478,579,1,82.64,0.49,0.25,103.3,72
4479,579,8,79.96,0.47,0.25,99.95,21
4480,579,10,83.09,0.46,0.25,103.86,15
4481,962,6,30.38,0.31,0.25,37.98,60
4482,962,5,30.57,0.1,0.25,38.21,73
4483,962,7,32.25,0.44,0.25,40.31,20
4484,962,4,32.99,0.45,0.25,41.24,97
4485,1878,3,3.78,0.15,0.25,4.72,58
4486,1878,2,3.99,0.39,0.25,4.99,77
4487,1878,8,4.23,0.39,0.25,5.29,60
4488,1878,4,4.04,0.42,0.25,5.05,27
4489,3145,4,6112.14,0.39,0.25,7640.18,76
4490,3145,3,6453.81,0.1,0.25,8067.26,34
4491,3145,2,6605.67,0.36,0.25,8257.09,84
4492,3145,8,6453.81,0.37,0.25,8067.26,35
4493,1086,8,40.41,0.41,0.25,50.51,17
4494,1086,3,36.14,0.13,0.25,45.18,49
4495,1086,7,41.98,0.48,0.25,52.47,27
4496,2232,3,49.22,0.12,0.25,61.52,64
4497,2232,8,54.45,0.42,0.25,68.06,23
4498,2232,10,52.6,0.5,0.25,65.75,92
4499,2232,4,51.37,0.3,0.25,64.21,96
4500,2232,7,55.37,0.47,0.25,69.21,22
4501,2232,6,53.83,0.41,0.25,67.29,14
4502,4417,9,786.06,0.37,0.25,982.58,88
4503,4417,1,786.06,0.48,0.25,982.58,69
4504,4417,2,735.2,0.35,0.25,919.0,24
4505,4417,4,735.2,0.37,0.25,919.0,83
4506,4417,10,772.19,0.34,0.25,965.24,88
4507,4417,3,712.08,0.13,0.25,890.1,33
4508,1787,1,29.31,0.32,0.25,36.64,52
4509,1787,7,32.9,0.45,0.25,41.12,23
4510,1787,10,31.96,0.42,0.25,39.95,53
4511,1787,8,34.42,0.5,0.25,43.03,99
4512,1452,4,103.8,0.38,0.25,129.75,37
4513,1452,8,100.05,0.35,0.25,125.06,76
4514,1452,2,100.67,0.32,0.25,125.84,81
4515,1452,10,112.55,0.44,0.25,140.69,43
4516,1372,9,25.03,0.42,0.25,31.29,54
4517,1372,5,22.7,0.11,0.25,28.38,84
4518,1372,4,26.77,0.45,0.25,33.46,69
4519,1372,3,25.03,0.14,0.25,31.29,96
4520,1372,6,23.86,0.41,0.25,29.82,81
4521,4670,2,657.56,0.43,0.25,821.95,94
4522,4670,9,584.5,0.37,0.25,730.62,20
4523,4670,7,628.33,0.34,0.25,785.41,23
4524,4670,8,599.11,0.32,0.25,748.89,57
4525,4670,6,624.68,0.48,0.25,780.85,65
4526,554,5,51.73,0.14,0.25,64.66,91
4527,554,3,53.3,0.11,0.25,66.62,79
4528,554,9,50.79,0.37,0.25,63.49,30
4529,554,7,53.61,0.45,0.25,67.01,60
4530,554,4,52.04,0.37,0.25,65.05,86
4531,554,8,51.73,0.45,0.25,64.66,98
4532,3038,8,6163.34,0.47,0.25,7704.18,57
4533,3038,1,6092.9,0.48,0.25,7616.12,94
4534,3038,6,6445.1,0.46,0.25,8056.38,76
4535,4247,6,1301.23,0.4,0.25,1626.54,13
4536,4247,4,1204.57,0.37,0.25,1505.71,41
4537,4247,1,1338.41,0.46,0.25,1673.01,100
4538,4247,2,1323.54,0.45,0.25,1654.42,78
4539,4247,3,1189.7,0.11,0.25,1487.12,70
4540,4247,8,1197.13,0.39,0.25,1496.41,91
4541,108,10,286.21,0.37,0.25,357.76,87
4542,108,9,311.47,0.48,0.25,389.34,48
4543,108,7,267.69,0.34,0.25,334.61,52
4544,108,1,271.06,0.37,0.25,338.82,18
4545,108,2,272.74,0.38,0.25,340.92,29
4546,108,6,289.58,0.37,0.25,361.98,13
4547,5001,5,34.66,0.11,0.25,43.32,71
4548,5001,10,34.66,0.42,0.25,43.32,45
4549,5001,8,32.03,0.37,0.25,40.04,89
4550,5001,1,33.85,0.4,0.25,42.31,64
4551,1954,8,16.11,0.45,0.25,20.14,49
4552,1954,5,14.5,0.14,0.25,18.12,47
4553,1954,7,14.41,0.35,0.25,18.01,92
4554,1954,6,15.93,0.44,0.25,19.91,37
4555,1954,2,14.59,0.33,0.25,18.24,35
4556,1954,1,15.3,0.48,0.25,19.12,18
4557,746,5,34.17,0.12,0.25,42.71,34
4558,746,10,37.22,0.45,0.25,46.52,67
4559,746,1,33.36,0.42,0.25,41.7,98
4560,746,6,34.98,0.37,0.25,43.72,41
4561,1278,8,83.72,0.48,0.25,104.65,30
4562,1278,4,87.19,0.44,0.25,108.99,23
4563,1278,10,81.25,0.36,0.25,101.56,62
4564,1278,5,83.23,0.11,0.25,104.04,53
4565,2617,4,100.41,0.33,0.25,125.51,29
4566,2617,6,109.6,0.39,0.25,137.0,42
4567,2617,3,105.01,0.1,0.25,131.26,27
4568,1046,1,257.11,0.35,0.25,321.39,78
4569,1046,9,265.25,0.39,0.25,331.56,54
4570,1046,8,265.25,0.3,0.25,331.56,91
4571,1046,5,270.13,0.12,0.25,337.66,93
4572,1046,10,270.13,0.35,0.25,337.66,77
4573,5378,1,52.43,0.47,0.25,65.54,50
4574,5378,5,50.93,0.12,0.25,63.66,88
4575,5378,10,52.73,0.5,0.25,65.91,45
4576,5378,4,52.73,0.42,0.25,65.91,43
4577,5378,3,48.24,0.1,0.25,60.3,86
4578,5378,7,52.73,0.46,0.25,65.91,45
4579,3268,1,4148.06,0.37,0.25,5185.08,72
4580,3268,10,4313.98,0.49,0.25,5392.48,46
4581,3268,6,4361.39,0.45,0.25,5451.74,14
4582,3268,9,4290.28,0.45,0.25,5362.85,13
4583,3268,2,4124.36,0.47,0.25,5155.45,37
4584,3268,8,4124.36,0.44,0.25,5155.45,14
4585,4465,1,471.4,0.4,0.25,589.25,46
4586,4465,7,488.55,0.48,0.25,610.69,16
4587,4465,6,457.12,0.31,0.25,571.4,34
4588,4465,3,465.69,0.14,0.25,582.11,73
4589,4465,4,491.4,0.37,0.25,614.25,99
4590,4465,9,442.84,0.32,0.25,553.55,67
4591,2987,8,334.64,0.49,0.25,418.3,55
4592,2987,4,338.36,0.49,0.25,422.95,91
4593,2987,10,330.92,0.49,0.25,413.65,48
4594,2987,5,295.6,0.15,0.25,369.5,63
4595,2987,2,327.2,0.39,0.25,409.0,82
4596,2823,4,195.71,0.46,0.25,244.64,66
4597,2823,10,184.84,0.49,0.25,231.05,70
4598,2823,7,172.88,0.37,0.25,216.1,92
4599,2823,2,195.71,0.47,0.25,244.64,77
4600,5369,5,70.21,0.13,0.25,87.76,84
4601,5369,1,71.52,0.43,0.25,89.4,10
4602,5369,6,75.01,0.48,0.25,93.76,55
4603,3314,10,7669.37,0.49,0.25,9586.71,84
4604,3314,7,6849.12,0.45,0.25,8561.4,85
4605,3314,2,6931.15,0.34,0.25,8663.94,68
4606,3314,4,7177.22,0.38,0.25,8971.52,19
4607,3314,5,6480.01,0.12,0.25,8100.01,32
4608,637,5,78.04,0.13,0.25,97.55,13
4609,637,7,72.04,0.31,0.25,90.05,86
4610,637,3,71.58,0.14,0.25,89.48,62
4611,637,9,84.97,0.5,0.25,106.21,32
4612,637,6,84.05,0.48,0.25,105.06,27
4613,637,10,78.51,0.44,0.25,98.14,95
4614,1583,8,441.11,0.37,0.25,551.39,47
4615,1583,4,394.68,0.31,0.25,493.35,67
4616,1583,7,446.27,0.37,0.25,557.84,83
4617,1583,10,441.11,0.48,0.25,551.39,41
4618,3819,7,695.95,0.5,0.25,869.94,15
4619,3819,1,618.19,0.39,0.25,772.74,36
4620,3819,5,657.07,0.13,0.25,821.34,58
4621,3819,2,637.63,0.32,0.25,797.04,40
4622,3819,4,719.28,0.45,0.25,899.1,66
4623,3819,6,672.62,0.34,0.25,840.78,48
4624,5102,2,81.49,0.4,0.25,101.86,45
4625,5102,10,80.1,0.45,0.25,100.12,30
4626,5102,1,79.64,0.35,0.25,99.55,82
4627,5102,5,73.15,0.14,0.25,91.44,61
4628,5102,6,83.34,0.49,0.25,104.18,73
4629,5102,8,86.58,0.5,0.25,108.22,86
4630,3745,5,7566.54,0.1,0.25,9458.17,42
4631,3745,9,7613.83,0.4,0.25,9517.29,98
4632,3745,7,7850.29,0.34,0.25,9812.86,74
4633,3745,8,8465.07,0.46,0.25,10581.34,100
4634,4503,9,2330.99,0.33,0.25,2913.74,62
4635,4503,1,2275.15,0.34,0.25,2843.94,79
4636,4503,5,2317.03,0.13,0.25,2896.29,59
4637,4503,2,2386.82,0.37,0.25,2983.52,18
4638,2154,3,23.13,0.13,0.25,28.91,64
4639,2154,2,26.94,0.48,0.25,33.68,59
4640,2154,1,22.55,0.33,0.25,28.19,76
4641,2154,4,25.33,0.36,0.25,31.66,48
4642,217,5,235.7,0.12,0.25,294.62,67
4643,217,1,243.06,0.33,0.25,303.82,91
4644,217,6,271.05,0.44,0.25,338.81,37
4645,217,2,251.9,0.43,0.25,314.88,58
4646,217,10,253.37,0.43,0.25,316.71,94
4647,203,3,1333.27,0.15,0.25,1666.59,47
4648,203,8,1403.44,0.44,0.25,1754.3,43
4649,203,6,1333.27,0.36,0.25,1666.59,80
4650,203,7,1270.89,0.43,0.25,1588.61,15
4651,203,10,1348.86,0.42,0.25,1686.07,37
4652,3708,7,6416.5,0.42,0.25,8020.62,65
4653,3708,3,6725.73,0.15,0.25,8407.16,64
4654,3708,1,6841.69,0.39,0.25,8552.11,29
4655,3708,9,6145.92,0.32,0.25,7682.4,90
4656,3708,2,6725.73,0.35,0.25,8407.16,84
4657,3708,4,6184.58,0.31,0.25,7730.72,70
4658,2975,9,54.67,0.5,0.25,68.34,68
4659,2975,2,55.61,0.43,0.25,69.51,25
4660,2975,3,52.17,0.1,0.25,65.21,14
4661,2975,1,56.86,0.45,0.25,71.08,71
4662,2975,10,52.48,0.4,0.25,65.6,66
4663,1018,1,189.53,0.35,0.25,236.91,85
4664,1018,9,203.15,0.46,0.25,253.94,35
4665,1018,7,204.28,0.49,0.25,255.35,74
4666,1018,5,190.66,0.14,0.25,238.32,89
4667,1018,6,190.66,0.42,0.25,238.32,23
4668,4896,10,301.87,0.38,0.25,377.34,88
4669,4896,3,298.21,0.14,0.25,372.76,19
4670,4896,8,311.02,0.42,0.25,388.78,63
4671,1116,8,92.06,0.35,0.25,115.08,88
4672,1116,3,94.89,0.12,0.25,118.61,17
4673,1116,7,86.98,0.31,0.25,108.72,15
4674,1116,2,98.28,0.46,0.25,122.85,58
4675,1116,10,93.76,0.43,0.25,117.2,79
4676,1116,4,92.63,0.33,0.25,115.79,76
4677,2521,9,116.27,0.42,0.25,145.34,28
4678,2521,2,104.18,0.31,0.25,130.23,62
4679,2521,4,116.95,0.36,0.25,146.19,48
4680,2521,1,114.26,0.36,0.25,142.83,71
4681,2521,6,108.21,0.36,0.25,135.26,17
4682,2521,7,116.27,0.35,0.25,145.34,16
4683,942,10,226.66,0.32,0.25,283.32,13
4684,942,9,255.53,0.48,0.25,319.41,28
4685,942,6,230.99,0.37,0.25,288.74,44
4686,942,1,241.1,0.37,0.25,301.38,44
4687,4756,8,544.71,0.34,0.25,680.89,60
4688,4756,10,554.86,0.43,0.25,693.58,100
4689,4756,7,588.69,0.39,0.25,735.86,61
4690,5186,6,210.72,0.47,0.25,263.4,41
4691,5186,7,205.94,0.35,0.25,257.42,71
4692,5186,9,205.94,0.38,0.25,257.42,24
4693,4019,2,1712.13,0.49,0.25,2140.16,35
4694,4019,6,1800.18,0.5,0.25,2250.22,75
4695,4019,4,1682.78,0.32,0.25,2103.48,90
4696,4019,8,1702.35,0.41,0.25,2127.94,46
4697,4019,3,1526.24,0.14,0.25,1907.8,39
4698,3975,2,1248.06,0.47,0.25,1560.07,31
4699,3975,3,1166.83,0.12,0.25,1458.54,39
4700,3975,7,1307.14,0.38,0.25,1633.93,77
4701,3975,4,1203.75,0.38,0.25,1504.69,75
4702,3975,9,1225.91,0.38,0.25,1532.39,57
4703,3975,8,1358.84,0.44,0.25,1698.55,52
4704,102,9,1574.35,0.39,0.25,1967.94,36
4705,102,10,1465.15,0.38,0.25,1831.44,90
4706,102,3,1537.95,0.14,0.25,1922.44,21
4707,102,1,1592.55,0.4,0.25,1990.69,83
4708,102,6,1437.85,0.34,0.25,1797.31,95
4709,102,4,1519.75,0.36,0.25,1899.69,11
4710,3159,9,501.24,0.42,0.25,626.55,96
4711,3159,7,489.78,0.44,0.25,612.22,80
4712,3159,10,532.74,0.47,0.25,665.92,90
4713,3159,8,495.51,0.48,0.25,619.39,56
4714,3159,3,461.14,0.1,0.25,576.42,30
4715,3159,1,478.32,0.4,0.25,597.9,19
4716,5046,3,255.25,0.14,0.25,319.06,17
4717,5046,1,286.19,0.47,0.25,357.74,91
4718,5046,6,253.71,0.34,0.25,317.14,10
4719,4689,3,300.85,0.15,0.25,376.06,26
4720,4689,4,307.8,0.47,0.25,384.75,93
4721,4689,7,309.54,0.49,0.25,386.92,96
4722,4689,8,307.8,0.42,0.25,384.75,90
4723,103,5,1384.15,0.14,0.25,1730.19,21
4724,103,4,1264.83,0.32,0.25,1581.04,76
4725,103,3,1248.92,0.13,0.25,1561.15,82
4726,5067,6,489.89,0.45,0.25,612.36,22
4727,5067,3,454.31,0.13,0.25,567.89,11
4728,5067,7,481.68,0.37,0.25,602.1,57
4729,5067,9,470.73,0.35,0.25,588.41,48
4730,5067,5,446.1,0.12,0.25,557.62,63
4731,5067,8,514.52,0.48,0.25,643.15,59
4732,280,5,43.22,0.15,0.25,54.02,65
4733,280,3,38.47,0.13,0.25,48.09,93
4734,280,6,42.47,0.45,0.25,53.09,77
4735,280,7,41.72,0.46,0.25,52.15,19
4736,280,4,43.22,0.42,0.25,54.02,56
4737,4392,6,2031.08,0.46,0.25,2538.85,32
4738,4392,2,1996.07,0.43,0.25,2495.09,54
4739,4392,4,2054.43,0.49,0.25,2568.04,23
4740,4392,9,1949.37,0.3,0.25,2436.71,81
4741,4392,7,2101.12,0.45,0.25,2626.4,23
4742,4231,1,1887.24,0.5,0.25,2359.05,46
4743,4231,2,1643.39,0.33,0.25,2054.24,89
4744,4231,4,1887.24,0.4,0.25,2359.05,35
4745,301,8,227.01,0.39,0.25,283.76,54
4746,301,3,218.65,0.13,0.25,273.31,97
4747,301,9,232.58,0.39,0.25,290.73,29
4748,3276,9,2814.31,0.33,0.25,3517.89,53
4749,3276,3,2864.26,0.15,0.25,3580.32,29
4750,3276,4,2514.56,0.3,0.25,3143.2,56
4751,3276,2,2647.78,0.3,0.25,3309.73,81
4752,5385,6,264.34,0.45,0.25,330.42,92
4753,5385,5,250.67,0.13,0.25,313.34,83
4754,5385,10,259.78,0.44,0.25,324.72,19
4755,5385,7,252.19,0.41,0.25,315.24,88
4756,5385,9,278.01,0.49,0.25,347.51,30
4757,5385,4,267.38,0.48,0.25,334.22,87
4758,5311,2,172.47,0.31,0.25,215.59,29
4759,5311,8,189.16,0.36,0.25,236.45,99
4760,5311,5,188.05,0.13,0.25,235.06,45
4761,5311,9,195.84,0.41,0.25,244.8,69
4762,5311,6,176.92,0.34,0.25,221.15,16
4763,1291,2,123.46,0.44,0.25,154.32,86
4764,1291,1,116.85,0.33,0.25,146.06,31
4765,1291,10,119.05,0.34,0.25,148.81,52
4766,1291,5,124.93,0.11,0.25,156.16,89
4767,2652,5,280.44,0.11,0.25,350.55,50
4768,2652,10,287.16,0.39,0.25,358.95,92
4769,2652,9,265.33,0.33,0.25,331.66,74
4770,2652,3,287.16,0.14,0.25,358.95,76
4771,4654,1,582.0,0.38,0.25,727.5,43
4772,4654,5,596.02,0.11,0.25,745.02,19
4773,4654,7,567.97,0.35,0.25,709.96,19
4774,4654,9,620.56,0.49,0.25,775.7,78
4775,1457,3,180.51,0.11,0.25,225.64,90
4776,1457,1,177.32,0.31,0.25,221.65,88
4777,1457,7,172.01,0.37,0.25,215.01,94
4778,4935,5,66.43,0.12,0.25,83.04,18
4779,4935,8,72.87,0.49,0.25,91.09,40
4780,4935,10,68.44,0.48,0.25,85.55,96
4781,4935,7,65.22,0.3,0.25,81.53,15
4782,4935,3,63.61,0.14,0.25,79.51,44
4783,4935,6,69.25,0.45,0.25,86.56,41
4784,1233,3,14.52,0.14,0.25,18.15,91
4785,1233,1,15.31,0.41,0.25,19.14,84
4786,1233,9,16.19,0.48,0.25,20.24,69
4787,1233,2,15.58,0.48,0.25,19.48,84
4788,1233,5,14.7,0.11,0.25,18.38,66
4789,1826,2,25.97,0.46,0.25,32.46,20
4790,1826,10,26.13,0.48,0.25,32.66,44
4791,1826,8,25.97,0.44,0.25,32.46,25
4792,1826,1,25.22,0.33,0.25,31.52,16
4793,3930,7,1383.75,0.38,0.25,1729.69,35
4794,3930,8,1350.0,0.33,0.25,1687.5,38
4795,3930,3,1392.19,0.12,0.25,1740.24,50
4796,1415,5,95.12,0.14,0.25,118.9,42
4797,1415,7,92.92,0.45,0.25,116.15,65
4798,1415,4,97.86,0.38,0.25,122.32,52
4799,1415,3,83.57,0.11,0.25,104.46,90
4800,1415,2,96.21,0.46,0.25,120.26,69
4801,1415,8,97.86,0.43,0.25,122.32,52
4802,2442,7,67.4,0.43,0.25,84.25,93
4803,2442,3,60.55,0.14,0.25,75.69,51
4804,2442,8,71.59,0.49,0.25,89.49,60
4805,2442,10,62.83,0.43,0.25,78.54,73
4806,2442,9,58.26,0.3,0.25,72.82,16
4807,2442,4,63.97,0.34,0.25,79.96,21
4808,1812,5,29.86,0.11,0.25,37.33,79
4809,1812,10,31.3,0.45,0.25,39.12,10
4810,1812,4,29.5,0.38,0.25,36.88,91
4811,1812,6,31.66,0.4,0.25,39.58,31
4812,1812,1,29.68,0.36,0.25,37.1,17
4813,1812,9,31.12,0.49,0.25,38.9,12
4814,4263,7,1151.28,0.49,0.25,1439.1,36
4815,4263,5,1131.2,0.15,0.25,1414.0,24
4816,4263,10,1224.91,0.48,0.25,1531.14,78
4817,2424,7,78.78,0.47,0.25,98.48,97
4818,2424,8,81.54,0.37,0.25,101.93,68
4819,2424,2,72.33,0.34,0.25,90.41,39
4820,2424,5,75.09,0.15,0.25,93.86,95
4821,2424,3,78.32,0.12,0.25,97.9,94
4822,3950,3,205.87,0.14,0.25,257.34,72
4823,3950,5,208.37,0.15,0.25,260.46,78
4824,3950,8,219.6,0.41,0.25,274.5,82
4825,3827,3,881.88,0.1,0.25,1102.35,94
4826,3827,8,871.32,0.37,0.25,1089.15,45
4827,3827,1,950.53,0.4,0.25,1188.16,64
4828,3827,10,934.68,0.38,0.25,1168.35,91
4829,3827,7,897.72,0.32,0.25,1122.15,61
4830,2029,4,20.61,0.38,0.25,25.76,85
4831,2029,7,22.46,0.45,0.25,28.08,29
4832,2029,6,22.95,0.48,0.25,28.69,62
4833,3316,6,8297.13,0.47,0.25,10371.41,23
4834,3316,7,7672.61,0.36,0.25,9590.76,26
4835,3316,3,6914.27,0.15,0.25,8642.84,25
4836,3316,5,6958.88,0.13,0.25,8698.6,66
4837,3316,10,7315.74,0.32,0.25,9144.67,86
4838,5370,9,405.51,0.47,0.25,506.89,99
4839,5370,4,412.5,0.39,0.25,515.62,39
4840,5370,2,417.16,0.48,0.25,521.45,91
4841,5370,8,398.52,0.35,0.25,498.15,74
4842,5370,7,382.2,0.33,0.25,477.75,31
4843,144,5,1443.52,0.12,0.25,1804.4,84
4844,144,3,1509.13,0.11,0.25,1886.41,99
4845,144,7,1490.39,0.34,0.25,1862.99,16
4846,144,4,1621.62,0.47,0.25,2027.02,36
4847,144,10,1724.72,0.45,0.25,2155.9,92
4848,266,8,39.98,0.32,0.25,49.97,50
4849,266,2,43.4,0.4,0.25,54.25,51
4850,266,1,48.13,0.48,0.25,60.16,15
4851,266,5,42.08,0.11,0.25,52.6,74
4852,266,7,44.71,0.43,0.25,55.89,20
4853,266,10,44.18,0.35,0.25,55.22,81
4854,2877,5,208.36,0.11,0.25,260.45,12
4855,2877,10,213.48,0.38,0.25,266.85,92
4856,2877,8,210.92,0.37,0.25,263.65,83
4857,1965,8,25.51,0.3,0.25,31.89,62
4858,1965,9,28.33,0.47,0.25,35.41,92
4859,1965,1,29.74,0.5,0.25,37.17,92
4860,3343,6,7197.14,0.36,0.25,8996.43,73
4861,3343,8,7781.9,0.47,0.25,9727.38,59
4862,3343,5,7062.19,0.1,0.25,8827.74,98
4863,3343,4,7287.1,0.32,0.25,9108.88,95
4864,3343,7,7826.89,0.39,0.25,9783.61,20
4865,5025,1,129.0,0.36,0.25,161.25,75
4866,5025,5,124.56,0.14,0.25,155.7,60
4867,5025,8,126.78,0.4,0.25,158.48,43
4868,5025,3,120.11,0.12,0.25,150.14,40
4869,5025,10,120.11,0.36,0.25,150.14,86
4870,5025,7,123.07,0.44,0.25,153.84,42
4871,1082,5,256.45,0.13,0.25,320.56,37
4872,1082,8,257.94,0.49,0.25,322.42,84
4873,1082,3,244.52,0.13,0.25,305.65,20
4874,1082,10,256.45,0.38,0.25,320.56,21
4875,1082,6,243.03,0.38,0.25,303.79,23
4876,1082,7,235.58,0.34,0.25,294.48,95
4877,1752,4,54.62,0.46,0.25,68.27,67
4878,1752,2,55.27,0.35,0.25,69.09,45
4879,1752,7,55.91,0.42,0.25,69.89,45
4880,1752,10,49.45,0.3,0.25,61.81,36
4881,1752,9,53.33,0.45,0.25,66.66,62
4882,4586,2,422.37,0.4,0.25,527.96,71
4883,4586,4,435.48,0.35,0.25,544.35,23
4884,4586,10,466.97,0.4,0.25,583.71,91
4885,4586,1,464.34,0.41,0.25,580.42,31
4886,4586,5,411.87,0.11,0.25,514.84,10
4887,4586,7,404.0,0.31,0.25,505.0,24
4888,386,4,44.41,0.42,0.25,55.51,24
4889,386,10,42.1,0.31,0.25,52.62,68
4890,386,6,45.44,0.49,0.25,56.8,38
4891,386,7,43.38,0.43,0.25,54.22,52
4892,3612,10,9132.29,0.48,0.25,11415.36,51
4893,3612,3,8924.74,0.14,0.25,11155.92,93
4894,3612,9,9080.4,0.46,0.25,11350.5,98
4895,3612,5,8561.52,0.12,0.25,10701.9,80
4896,3612,1,9236.06,0.39,0.25,11545.08,89
4897,3486,10,5218.61,0.39,0.25,6523.26,80
4898,3486,5,5055.53,0.13,0.25,6319.41,46
4899,3486,3,5446.92,0.13,0.25,6808.65,57
4900,1905,4,2.57,0.38,0.25,3.21,29
4901,1905,5,2.49,0.1,0.25,3.11,97
4902,1905,2,2.52,0.39,0.25,3.15,98
4903,1905,3,2.58,0.11,0.25,3.22,59
4904,1905,6,2.57,0.36,0.25,3.21,63
4905,1905,10,2.54,0.43,0.25,3.18,100
4906,2206,4,3.4,0.4,0.25,4.25,97
4907,2206,2,3.73,0.37,0.25,4.66,88
4908,2206,1,3.69,0.36,0.25,4.61,20
4909,631,4,38.13,0.36,0.25,47.66,14
4910,631,3,38.83,0.15,0.25,48.54,95
4911,631,8,40.23,0.39,0.25,50.29,36
4912,631,1,39.53,0.36,0.25,49.41,47
4913,631,6,40.46,0.42,0.25,50.58,74
4914,2580,10,105.52,0.31,0.25,131.9,18
4915,2580,9,123.1,0.45,0.25,153.88,27
4916,2580,5,108.9,0.13,0.25,136.12,13
4917,4895,6,492.35,0.46,0.25,615.44,62
4918,4895,1,433.48,0.32,0.25,541.85,29
4919,4895,10,430.8,0.37,0.25,538.5,86
4920,4895,2,425.45,0.37,0.25,531.81,34
4921,4895,3,446.86,0.11,0.25,558.58,46
4922,4895,9,444.18,0.34,0.25,555.22,94
4923,5269,7,549.02,0.36,0.25,686.28,43
4924,5269,2,611.56,0.36,0.25,764.45,97
4925,5269,5,555.97,0.13,0.25,694.96,96
4926,2367,10,160.17,0.46,0.25,200.21,85
4927,2367,9,158.44,0.44,0.25,198.05,22
4928,2367,2,144.59,0.37,0.25,180.74,75
4929,2367,5,141.13,0.13,0.25,176.41,57
4930,3296,1,5342.55,0.31,0.25,6678.19,73
4931,3296,7,5532.22,0.44,0.25,6915.28,34
4932,3296,5,5121.26,0.15,0.25,6401.58,70
4933,3296,3,5121.26,0.14,0.25,6401.58,80
4934,1713,10,376.3,0.42,0.25,470.38,29
4935,1713,4,360.9,0.32,0.25,451.12,89
4936,1713,7,352.1,0.31,0.25,440.12,42
4937,1713,8,365.3,0.37,0.25,456.62,12
4938,1713,9,378.5,0.36,0.25,473.12,72
4939,1713,6,354.3,0.4,0.25,442.88,85
4940,787,9,17.88,0.42,0.25,22.35,44
4941,787,7,19.18,0.4,0.25,23.98,44
4942,787,4,18.53,0.32,0.25,23.16,13
4943,143,9,477.44,0.32,0.25,596.8,19
4944,143,10,544.34,0.43,0.25,680.42,66
4945,143,2,492.64,0.31,0.25,615.8,30
4946,143,8,523.05,0.43,0.25,653.81,99
4947,143,7,520.01,0.47,0.25,650.01,10
4948,638,5,25.89,0.11,0.25,32.36,20
4949,638,2,29.1,0.41,0.25,36.38,95
4950,638,1,27.98,0.43,0.25,34.98,19
4951,638,9,25.57,0.39,0.25,31.96,65
4952,638,7,28.14,0.42,0.25,35.17,61
4953,5249,4,263.72,0.38,0.25,329.65,33
4954,5249,1,280.0,0.39,0.25,350.0,73
4955,5249,8,294.65,0.46,0.25,368.31,84
4956,5249,7,288.14,0.44,0.25,360.17,74
4957,5249,10,265.35,0.4,0.25,331.69,60
4958,2500,10,65.59,0.49,0.25,81.99,33
4959,2500,1,65.2,0.45,0.25,81.5,62
4960,2500,9,65.97,0.44,0.25,82.46,13
4961,2197,1,30.64,0.3,0.25,38.3,50
4962,2197,2,34.09,0.3,0.25,42.61,50
4963,2197,10,31.65,0.35,0.25,39.56,63
4964,3662,3,6994.4,0.13,0.25,8743.0,88
4965,3662,2,7796.3,0.44,0.25,9745.38,34
4966,3662,9,7796.3,0.4,0.25,9745.38,69
4967,3662,5,7484.45,0.11,0.25,9355.56,27
4968,3662,6,7484.45,0.45,0.25,9355.56,47
4969,3190,6,8156.65,0.32,0.25,10195.81,37
4970,3190,3,8585.95,0.12,0.25,10732.44,85
4971,3190,2,9176.24,0.31,0.25,11470.3,36
4972,3190,1,9122.57,0.38,0.25,11403.21,14
4973,3190,8,9337.22,0.37,0.25,11671.52,85
4974,5206,9,575.26,0.34,0.25,719.08,98
4975,5206,3,547.36,0.1,0.25,684.2,67
4976,5206,4,540.39,0.31,0.25,675.49,89
4977,5206,6,578.74,0.46,0.25,723.42,80
4978,5206,10,641.5,0.47,0.25,801.88,55
4979,5206,7,554.34,0.35,0.25,692.92,13
4980,4898,6,180.49,0.41,0.25,225.61,56
4981,4898,3,161.11,0.13,0.25,201.39,89
4982,4898,7,180.49,0.37,0.25,225.61,64
4983,4898,2,164.17,0.36,0.25,205.21,98
4984,1202,9,267.04,0.49,0.25,333.8,62
4985,1202,3,253.39,0.11,0.25,316.74,68
4986,1202,6,256.42,0.38,0.25,320.53,10
4987,1753,2,630.18,0.33,0.25,787.72,16
4988,1753,6,702.89,0.38,0.25,878.61,26
4989,1753,10,715.01,0.45,0.25,893.76,64
4990,27,4,833.22,0.46,0.25,1041.53,22
4991,27,9,861.95,0.41,0.25,1077.44,31
4992,27,3,818.85,0.13,0.25,1023.56,36
4993,27,10,794.91,0.36,0.25,993.64,93
4994,27,6,794.91,0.36,0.25,993.64,31
4995,27,8,833.22,0.37,0.25,1041.53,78
4996,3322,8,7716.72,0.42,0.25,9645.9,20
4997,3322,7,7077.21,0.42,0.25,8846.51,10
4998,3322,4,7546.18,0.48,0.25,9432.72,85
4999,3322,10,7460.92,0.44,0.25,9326.15,38
5000,3322,6,7460.92,0.46,0.25,9326.15,30
5001,4645,4,466.62,0.5,0.25,583.28,17
5002,4645,5,388.03,0.13,0.25,485.04,62
5003,4645,7,419.96,0.32,0.25,524.95,66
5004,4645,3,422.41,0.13,0.25,528.01,47
5005,4515,3,296.0,0.14,0.25,370.0,95
5006,4515,5,292.52,0.12,0.25,365.65,24
5007,4515,1,269.89,0.33,0.25,337.36,75
5008,4515,9,327.35,0.49,0.25,409.19,49
5009,4515,7,283.82,0.36,0.25,354.78,99
5010,4515,6,311.67,0.45,0.25,389.59,77
5011,1162,10,89.05,0.4,0.25,111.31,27
5012,1162,2,94.51,0.36,0.25,118.14,76
5013,1162,7,95.6,0.39,0.25,119.5,23
5014,347,1,74.07,0.43,0.25,92.59,16
5015,347,6,77.7,0.49,0.25,97.12,39
5016,347,4,75.88,0.37,0.25,94.85,17
5017,3865,10,1029.32,0.42,0.25,1286.65,28
5018,3865,8,927.52,0.39,0.25,1159.4,95
5019,3865,6,938.83,0.31,0.25,1173.54,27
5020,3865,3,961.45,0.14,0.25,1201.81,97
5021,3865,1,1057.6,0.5,0.25,1322.0,32
5022,3865,5,972.76,0.12,0.25,1215.95,69
5023,5363,8,145.87,0.43,0.25,182.34,92
5024,5363,4,151.57,0.5,0.25,189.46,45
5025,5363,7,140.98,0.4,0.25,176.22,76
5026,508,7,91.65,0.44,0.25,114.56,48
5027,508,4,99.38,0.46,0.25,124.22,97
5028,508,9,91.65,0.45,0.25,114.56,63
5029,1209,8,156.63,0.47,0.25,195.79,72
5030,1209,4,160.24,0.42,0.25,200.3,66
5031,1209,7,158.44,0.38,0.25,198.05,59
5032,191,5,1196.62,0.13,0.25,1495.78,25
5033,191,2,1134.01,0.37,0.25,1417.51,36
5034,191,10,1113.14,0.35,0.25,1391.43,38
5035,191,1,1203.58,0.44,0.25,1504.48,74
5036,2578,6,214.1,0.31,0.25,267.62,30
5037,2578,10,231.07,0.49,0.25,288.84,22
5038,2578,4,221.94,0.33,0.25,277.42,62
5039,2578,1,210.19,0.41,0.25,262.74,27
5040,4705,9,368.98,0.49,0.25,461.22,93
5041,4705,1,362.76,0.38,0.25,453.45,25
5042,4705,4,346.17,0.45,0.25,432.71,38
5043,4705,8,377.27,0.43,0.25,471.59,95
5044,4705,3,321.3,0.14,0.25,401.62,66
5045,512,10,280.76,0.43,0.25,350.95,68
5046,512,6,300.7,0.45,0.25,375.88,66
5047,512,9,300.7,0.46,0.25,375.88,60
5048,512,5,280.76,0.11,0.25,350.95,25
5049,512,7,287.4,0.44,0.25,359.25,65
5050,512,2,277.44,0.38,0.25,346.8,12
5051,2064,1,13.94,0.38,0.25,17.42,57
5052,2064,10,14.27,0.33,0.25,17.84,30
5053,2064,7,14.03,0.31,0.25,17.54,67
5054,2064,2,13.53,0.42,0.25,16.91,34
5055,2064,9,14.19,0.5,0.25,17.74,66
5056,1691,6,495.78,0.3,0.25,619.72,83
5057,1691,5,501.97,0.12,0.25,627.46,26
5058,1691,2,495.78,0.34,0.25,619.72,85
5059,1691,1,520.56,0.46,0.25,650.7,20
5060,1691,4,505.07,0.41,0.25,631.34,68
5061,1691,3,492.68,0.14,0.25,615.85,96
5062,3084,9,1869.78,0.47,0.25,2337.22,13
5063,3084,5,1596.67,0.11,0.25,1995.84,89
5064,3084,1,1733.23,0.44,0.25,2166.54,32
5065,3912,3,1872.76,0.12,0.25,2340.95,38
5066,3912,2,1884.69,0.32,0.25,2355.86,61
5067,3912,9,1872.76,0.34,0.25,2340.95,49
5068,1977,6,5.95,0.41,0.25,7.44,41
5069,1977,9,5.85,0.35,0.25,7.31,98
5070,1977,3,5.71,0.14,0.25,7.14,38
5071,1977,10,6.09,0.46,0.25,7.61,75
5072,1977,5,5.23,0.12,0.25,6.54,55
5073,1977,2,6.22,0.49,0.25,7.78,18
5074,1649,7,907.85,0.4,0.25,1134.81,43
5075,1649,10,833.09,0.35,0.25,1041.36,44
5076,1649,5,838.43,0.12,0.25,1048.04,43
5077,1649,3,902.51,0.12,0.25,1128.14,75
5078,1751,8,539.02,0.32,0.25,673.78,96
5079,1751,9,588.67,0.36,0.25,735.84,20
5080,1751,10,549.66,0.32,0.25,687.08,54
5081,2285,5,38.64,0.13,0.25,48.3,100
5082,2285,6,41.4,0.3,0.25,51.75,37
5083,2285,2,41.65,0.42,0.25,52.06,56
5084,2285,3,40.65,0.13,0.25,50.81,67
5085,1426,2,93.64,0.45,0.25,117.05,78
5086,1426,4,92.57,0.42,0.25,115.71,53
5087,1426,3,81.87,0.12,0.25,102.34,32
5088,1426,9,91.5,0.47,0.25,114.38,72
5089,1426,10,93.11,0.36,0.25,116.39,20
5090,2210,7,17.79,0.5,0.25,22.24,19
5091,2210,4,15.38,0.33,0.25,19.23,86
5092,2210,5,16.05,0.1,0.25,20.06,24
5093,499,7,182.66,0.39,0.25,228.32,37
5094,499,10,200.59,0.46,0.25,250.74,24
5095,499,4,192.74,0.36,0.25,240.92,68
5096,499,5,171.45,0.12,0.25,214.31,78
5097,499,1,193.86,0.42,0.25,242.32,56
5098,499,2,201.71,0.42,0.25,252.14,46
5099,4864,2,370.8,0.42,0.25,463.5,99
5100,4864,6,345.52,0.31,0.25,431.9,87
5101,4864,9,368.69,0.37,0.25,460.86,11
5102,4357,4,2270.76,0.34,0.25,2838.45,81
5103,4357,1,2270.76,0.33,0.25,2838.45,37
5104,4357,3,2213.63,0.12,0.25,2767.04,11
5105,2618,9,314.93,0.36,0.25,393.66,40
5106,2618,5,312.93,0.13,0.25,391.16,50
5107,2618,8,368.74,0.48,0.25,460.92,26
5108,1175,8,50.36,0.45,0.25,62.95,53
5109,1175,6,50.65,0.47,0.25,63.31,77
5110,1175,1,49.21,0.37,0.25,61.51,68
5111,1175,9,47.49,0.31,0.25,59.36,12
5112,1175,7,50.36,0.47,0.25,62.95,57
5113,3274,1,4084.85,0.38,0.25,5106.06,47
5114,3274,7,3641.35,0.31,0.25,4551.69,52
5115,3274,4,4271.59,0.43,0.25,5339.49,94
5116,2305,8,140.75,0.34,0.25,175.94,70
5117,2305,10,137.16,0.31,0.25,171.45,77
5118,2305,2,152.4,0.34,0.25,190.5,32
5119,2305,1,143.44,0.39,0.25,179.3,31
5120,2305,7,140.75,0.32,0.25,175.94,64
5121,3201,7,3009.71,0.39,0.25,3762.14,19
5122,3201,9,3236.86,0.37,0.25,4046.08,99
5123,3201,8,3369.36,0.41,0.25,4211.7,45
5124,3201,2,3388.29,0.4,0.25,4235.36,39
5125,2383,5,115.64,0.1,0.25,144.55,34
5126,2383,6,131.51,0.34,0.25,164.39,25
5127,2383,2,120.93,0.3,0.25,151.16,93
5128,2940,2,27.45,0.46,0.25,34.31,40
5129,2940,1,26.12,0.48,0.25,32.65,80
5130,2940,5,25.38,0.14,0.25,31.72,24
5131,2940,3,24.34,0.13,0.25,30.42,10
5132,2940,6,27.45,0.45,0.25,34.31,60
5133,1145,4,111.5,0.36,0.25,139.38,69
5134,1145,1,114.82,0.46,0.25,143.52,44
5135,1145,6,113.49,0.42,0.25,141.86,10
5136,3596,1,8173.18,0.36,0.25,10216.48,77
5137,3596,2,8126.21,0.48,0.25,10157.76,98
5138,3596,3,7844.37,0.14,0.25,9805.46,97
5139,3596,8,7139.79,0.32,0.25,8924.74,11
5140,3596,9,8126.21,0.47,0.25,10157.76,47
5141,3596,7,8408.04,0.5,0.25,10510.05,73
5142,4702,3,212.49,0.14,0.25,265.61,83
5143,4702,10,224.83,0.35,0.25,281.04,28
5144,4702,7,227.57,0.3,0.25,284.46,25
5145,4702,1,248.13,0.42,0.25,310.16,96
5146,4702,5,224.83,0.13,0.25,281.04,34
5147,4702,8,230.31,0.34,0.25,287.89,80
5148,1024,3,228.22,0.11,0.25,285.27,99
5149,1024,1,234.94,0.48,0.25,293.68,39
5150,1024,4,214.8,0.39,0.25,268.5,13
5151,1024,5,221.51,0.15,0.25,276.89,80
5152,1377,9,93.37,0.44,0.25,116.71,98
5153,1377,2,92.29,0.4,0.25,115.36,29
5154,1377,1,92.29,0.44,0.25,115.36,12
5155,1042,8,135.21,0.36,0.25,169.01,28
5156,1042,3,137.7,0.13,0.25,172.12,96
5157,1042,7,150.97,0.43,0.25,188.71,90
5158,1042,9,141.84,0.33,0.25,177.3,57
5159,4910,4,357.0,0.32,0.25,446.25,96
5160,4910,10,377.47,0.44,0.25,471.84,90
5161,4910,3,352.45,0.13,0.25,440.56,46
5162,4910,8,382.02,0.47,0.25,477.52,41
5163,1285,9,145.51,0.42,0.25,181.89,20
5164,1285,10,134.7,0.33,0.25,168.38,63
5165,1285,2,139.69,0.43,0.25,174.61,90
5166,1285,4,153.0,0.45,0.25,191.25,91
5167,1285,7,136.37,0.31,0.25,170.46,41
5168,5310,2,156.93,0.36,0.25,196.16,89
5169,5310,8,157.83,0.45,0.25,197.29,43
5170,5310,6,154.22,0.31,0.25,192.78,35
5171,5310,9,167.75,0.47,0.25,209.69,100
5172,2694,3,159.55,0.1,0.25,199.44,88
5173,2694,5,158.57,0.12,0.25,198.21,98
5174,2694,2,168.42,0.49,0.25,210.52,32
5175,2694,8,156.6,0.33,0.25,195.75,11
5176,2694,10,167.43,0.37,0.25,209.29,19
5177,3900,8,834.05,0.43,0.25,1042.56,85
5178,3900,6,853.91,0.39,0.25,1067.39,16
5179,3900,2,824.12,0.42,0.25,1030.15,34
5180,3900,10,834.05,0.36,0.25,1042.56,28
5181,3900,7,858.88,0.49,0.25,1073.6,20
5182,3900,4,824.12,0.35,0.25,1030.15,90
5183,4746,9,497.23,0.38,0.25,621.54,50
5184,4746,1,556.28,0.44,0.25,695.35,11
5185,4746,3,515.88,0.11,0.25,644.85,18
5186,4746,4,559.39,0.44,0.25,699.24,73
5187,4378,8,251.55,0.45,0.25,314.44,97
5188,4378,4,248.81,0.48,0.25,311.01,36
5189,4378,9,241.98,0.41,0.25,302.47,34
5190,4378,7,237.88,0.45,0.25,297.35,88
5191,4378,2,255.65,0.48,0.25,319.56,43
5192,4378,1,210.53,0.34,0.25,263.16,64
5193,311,3,134.58,0.11,0.25,168.23,72
5194,311,10,141.4,0.43,0.25,176.75,88
5195,311,8,139.7,0.42,0.25,174.62,14
5196,480,10,420.33,0.47,0.25,525.41,48
5197,480,6,405.84,0.41,0.25,507.3,99
5198,480,1,401.01,0.39,0.25,501.26,57
5199,3830,1,2191.81,0.4,0.25,2739.76,75
5200,3830,7,2241.34,0.45,0.25,2801.68,84
5201,3830,10,1956.53,0.34,0.25,2445.66,81
5202,3830,2,2179.43,0.42,0.25,2724.29,13
5203,3830,6,2129.89,0.37,0.25,2662.36,69
5204,3987,9,1100.15,0.39,0.25,1375.19,76
5205,3987,4,1224.7,0.43,0.25,1530.88,46
5206,3987,10,1224.7,0.43,0.25,1530.88,35
5207,3987,8,1120.91,0.39,0.25,1401.14,33
5208,3987,1,1162.43,0.47,0.25,1453.04,30
5209,3987,6,1203.94,0.38,0.25,1504.93,23
5210,839,4,56.52,0.4,0.25,70.65,70
5211,839,3,52.33,0.13,0.25,65.41,96
5212,839,6,53.94,0.37,0.25,67.42,89
5213,839,1,54.91,0.37,0.25,68.64,53
5214,4242,7,2044.82,0.46,0.25,2556.02,36
5215,4242,4,1999.88,0.49,0.25,2499.85,52
5216,4242,10,1999.88,0.38,0.25,2499.85,89
5217,2613,8,166.7,0.33,0.25,208.38,27
5218,2613,2,161.71,0.38,0.25,202.14,31
5219,2613,10,166.7,0.36,0.25,208.38,51
5220,2613,9,172.69,0.49,0.25,215.86,22
5221,2613,4,166.7,0.33,0.25,208.38,61
5222,5047,10,551.22,0.3,0.25,689.03,72
5223,5047,1,564.42,0.42,0.25,705.52,72
5224,5047,4,528.11,0.36,0.25,660.14,47
5225,5047,8,561.12,0.46,0.25,701.4,48
5226,4628,7,1877.53,0.48,0.25,2346.91,99
5227,4628,10,1899.89,0.47,0.25,2374.86,74
5228,4628,6,2022.82,0.44,0.25,2528.52,33
5229,4628,5,1776.95,0.13,0.25,2221.19,88
5230,4628,1,1911.06,0.37,0.25,2388.82,83
5231,4628,8,1799.3,0.3,0.25,2249.12,17
5232,1286,5,42.82,0.15,0.25,53.52,39
5233,1286,1,45.17,0.38,0.25,56.46,62
5234,1286,4,41.78,0.37,0.25,52.22,68
5235,1286,2,42.56,0.31,0.25,53.2,31
5236,1286,9,43.6,0.33,0.25,54.5,15
5237,1286,7,47.78,0.48,0.25,59.72,49
5238,1907,6,19.2,0.31,0.25,24.0,94
5239,1907,7,22.18,0.45,0.25,27.72,71
5240,1907,5,20.82,0.14,0.25,26.02,58
5241,3625,6,6649.69,0.36,0.25,8312.11,54
5242,3625,9,7001.73,0.46,0.25,8752.16,93
5243,3625,1,6297.64,0.31,0.25,7872.05,65
5244,3625,8,6845.26,0.5,0.25,8556.58,38
5245,3625,2,6493.22,0.3,0.25,8116.52,35
5246,4927,6,361.54,0.45,0.25,451.92,36
5247,4927,7,339.69,0.47,0.25,424.61,53
5248,4927,3,339.69,0.12,0.25,424.61,99
5249,4927,4,319.83,0.38,0.25,399.79,69
5250,4927,2,327.77,0.4,0.25,409.71,78
5251,4927,9,309.89,0.32,0.25,387.36,76
5252,811,2,35.38,0.3,0.25,44.22,25
5253,811,10,40.08,0.49,0.25,50.1,48
5254,811,1,38.96,0.38,0.25,48.7,87
5255,811,8,36.05,0.31,0.25,45.06,48
5256,811,6,36.05,0.4,0.25,45.06,66
5257,1019,10,261.82,0.3,0.25,327.27,46
5258,1019,7,269.95,0.31,0.25,337.44,59
5259,1019,2,292.72,0.47,0.25,365.9,28
5260,1019,3,253.69,0.14,0.25,317.11,35
5261,1019,9,274.83,0.33,0.25,343.54,92
5262,4407,8,1525.54,0.3,0.25,1906.92,42
5263,4407,3,1642.14,0.13,0.25,2052.68,61
5264,4407,2,1632.42,0.38,0.25,2040.52,42
5265,4407,7,1710.16,0.42,0.25,2137.7,64
5266,4407,4,1583.84,0.38,0.25,1979.8,39
5267,4407,9,1593.56,0.41,0.25,1991.95,82
5268,5177,9,569.26,0.39,0.25,711.58,58
5269,5177,4,559.22,0.37,0.25,699.03,54
5270,5177,10,545.82,0.42,0.25,682.28,85
5271,5177,7,579.31,0.37,0.25,724.14,96
5272,5177,8,602.75,0.44,0.25,753.44,49
5273,5177,5,522.38,0.15,0.25,652.98,20
5274,4676,4,179.16,0.36,0.25,223.95,84
5275,4676,1,193.81,0.34,0.25,242.26,26
5276,4676,7,189.3,0.38,0.25,236.62,11
5277,4676,2,203.95,0.5,0.25,254.94,68
5278,2760,10,77.97,0.49,0.25,97.46,23
5279,2760,9,67.91,0.33,0.25,84.89,82
5280,2760,8,74.62,0.45,0.25,93.28,20
5281,1161,7,150.31,0.4,0.25,187.89,95
5282,1161,10,158.36,0.39,0.25,197.95,41
5283,1161,1,151.2,0.31,0.25,189.0,38
5284,1161,3,152.99,0.15,0.25,191.24,21
5285,1161,9,152.99,0.4,0.25,191.24,38
5286,1161,8,158.36,0.49,0.25,197.95,28
5287,4344,9,1782.86,0.48,0.25,2228.57,53
5288,4344,6,1549.04,0.38,0.25,1936.3,61
5289,4344,8,1646.47,0.42,0.25,2058.09,13
5290,4344,2,1646.47,0.35,0.25,2058.09,24
5291,4344,5,1588.01,0.14,0.25,1985.01,95
5292,4344,1,1617.24,0.44,0.25,2021.55,71
5293,3604,9,2139.69,0.43,0.25,2674.61,48
5294,3604,8,2308.27,0.41,0.25,2885.34,62
5295,3604,4,2152.65,0.32,0.25,2690.81,78
5296,3604,3,2191.56,0.11,0.25,2739.45,13
5297,5244,8,602.31,0.35,0.25,752.89,46
5298,5244,5,579.58,0.12,0.25,724.48,42
5299,5244,7,617.46,0.31,0.25,771.82,53
5300,3000,5,230.57,0.11,0.25,288.21,50
5301,3000,9,246.72,0.38,0.25,308.4,26
5302,3000,4,230.57,0.31,0.25,288.21,81
5303,3000,7,270.22,0.46,0.25,337.78,84
5304,1191,1,100.4,0.36,0.25,125.5,28
5305,1191,7,92.68,0.36,0.25,115.85,33
5306,1191,6,104.56,0.38,0.25,130.7,44
5307,3811,3,639.44,0.11,0.25,799.3,84
5308,3811,5,656.38,0.11,0.25,820.48,55
5309,3811,8,770.72,0.44,0.25,963.4,42
5310,3811,2,762.25,0.42,0.25,952.81,15
5311,3811,7,736.84,0.45,0.25,921.05,88
5312,3811,6,762.25,0.47,0.25,952.81,24
5313,4867,10,151.9,0.34,0.25,189.88,67
5314,4867,3,159.64,0.15,0.25,199.55,32
5315,4867,1,161.57,0.38,0.25,201.96,100
5316,549,9,66.6,0.36,0.25,83.25,10
5317,549,6,64.28,0.46,0.25,80.35,20
5318,549,5,62.34,0.11,0.25,77.93,65
5319,3394,4,5498.12,0.46,0.25,6872.65,95
5320,3394,3,5079.79,0.14,0.25,6349.74,18
5321,3394,5,4930.38,0.14,0.25,6162.98,10
5322,3394,8,5079.79,0.5,0.25,6349.74,14
5323,3394,7,5049.91,0.45,0.25,6312.39,90
5324,3394,6,4900.5,0.34,0.25,6125.62,83
5325,3847,6,724.54,0.42,0.25,905.68,60
5326,3847,2,684.06,0.37,0.25,855.08,98
5327,3847,8,671.92,0.37,0.25,839.9,42
5328,3847,1,688.11,0.44,0.25,860.14,89
5329,3847,9,647.63,0.38,0.25,809.54,72
5330,5170,3,273.25,0.13,0.25,341.56,62
5331,5170,6,296.86,0.37,0.25,371.08,16
5332,5170,7,303.61,0.42,0.25,379.51,28
5333,2307,5,94.72,0.11,0.25,118.4,35
5334,2307,10,94.72,0.42,0.25,118.4,13
5335,2307,7,99.37,0.47,0.25,124.21,49
5336,5122,4,477.56,0.49,0.25,596.95,39
5337,5122,8,464.72,0.48,0.25,580.9,26
5338,5122,2,392.83,0.3,0.25,491.04,31
5339,5122,7,446.74,0.49,0.25,558.42,96
5340,5122,9,439.04,0.45,0.25,548.8,17
5341,2381,9,134.95,0.44,0.25,168.69,83
5342,2381,4,127.45,0.37,0.25,159.31,82
5343,2381,1,122.95,0.4,0.25,153.69,13
5344,2381,5,130.45,0.14,0.25,163.06,66
5345,4316,8,632.41,0.32,0.25,790.51,16
5346,4316,5,640.17,0.15,0.25,800.21,69
5347,4316,1,710.0,0.44,0.25,887.5,75
5348,2395,10,113.3,0.39,0.25,141.62,80
5349,2395,5,110.66,0.14,0.25,138.32,55
5350,2395,1,110.0,0.35,0.25,137.5,67
5351,2395,3,106.71,0.12,0.25,133.39,66
5352,799,3,9.69,0.14,0.25,12.11,81
5353,799,9,9.44,0.31,0.25,11.8,93
5354,799,2,10.18,0.41,0.25,12.72,50
5355,799,10,10.12,0.38,0.25,12.65,46
5356,904,8,143.0,0.4,0.25,178.75,55
5357,904,7,143.0,0.38,0.25,178.75,37
5358,904,3,124.42,0.14,0.25,155.52,85
5359,2840,9,129.1,0.33,0.25,161.38,93
5360,2840,3,133.04,0.12,0.25,166.3,71
5361,2840,8,141.7,0.47,0.25,177.12,13
5362,2840,5,127.53,0.1,0.25,159.41,12
5363,2840,2,138.55,0.49,0.25,173.19,97
5364,2417,3,92.28,0.12,0.25,115.35,52
5365,2417,1,95.06,0.44,0.25,118.82,63
5366,2417,10,96.17,0.38,0.25,120.21,93
5367,4624,2,1214.52,0.3,0.25,1518.15,60
5368,4624,5,1192.83,0.13,0.25,1491.04,40
5369,4624,4,1257.9,0.49,0.25,1572.38,57
5370,4624,7,1149.46,0.34,0.25,1436.82,52
5371,1471,1,66.73,0.48,0.25,83.41,65
5372,1471,10,67.11,0.35,0.25,83.89,33
5373,1471,7,64.8,0.42,0.25,81.0,79
5374,1471,2,65.57,0.33,0.25,81.96,49
5375,4545,9,2286.46,0.38,0.25,2858.08,24
5376,4545,2,2149.55,0.3,0.25,2686.94,33
5377,4545,6,2368.61,0.49,0.25,2960.76,49
5378,4545,4,2341.23,0.49,0.25,2926.54,38
5379,3567,7,5850.62,0.35,0.25,7313.28,29
5380,3567,4,6091.53,0.39,0.25,7614.41,73
5381,3567,10,5816.2,0.34,0.25,7270.25,73
5382,3567,6,6057.11,0.46,0.25,7571.39,35
5383,502,5,356.21,0.14,0.25,445.26,19
5384,502,2,383.09,0.35,0.25,478.86,36
5385,502,3,374.13,0.1,0.25,467.66,56
5386,502,10,362.93,0.38,0.25,453.66,78
5387,502,1,383.09,0.41,0.25,478.86,85
5388,502,7,376.37,0.47,0.25,470.46,69
5389,4393,8,2201.31,0.46,0.25,2751.64,76
5390,4393,10,2056.96,0.32,0.25,2571.2,32
5391,4393,1,2032.9,0.31,0.25,2541.12,81
5392,4393,7,2056.96,0.35,0.25,2571.2,70
5393,4393,9,1888.55,0.33,0.25,2360.69,25
5394,359,7,292.91,0.42,0.25,366.14,89
5395,359,10,304.9,0.41,0.25,381.12,22
5396,359,4,274.06,0.37,0.25,342.58,14
5397,359,9,284.34,0.44,0.25,355.42,74
5398,359,5,289.48,0.11,0.25,361.85,64
5399,359,3,256.94,0.1,0.25,321.18,19
5400,4786,3,323.69,0.12,0.25,404.61,44
5401,4786,1,319.67,0.37,0.25,399.59,50
5402,4786,4,347.82,0.38,0.25,434.78,89
5403,4786,2,357.87,0.41,0.25,447.34,12
5404,4786,5,333.74,0.11,0.25,417.18,30
5405,4815,2,385.08,0.36,0.25,481.35,74
5406,4815,9,373.95,0.35,0.25,467.44,22
5407,4815,10,380.63,0.41,0.25,475.79,87
5408,4151,3,271.0,0.12,0.25,338.75,26
5409,4151,7,298.8,0.35,0.25,373.5,18
5410,4151,9,290.11,0.36,0.25,362.64,52
5411,2379,2,32.43,0.32,0.25,40.54,15
5412,2379,4,35.34,0.39,0.25,44.18,27
5413,2379,8,37.21,0.45,0.25,46.51,71
5414,2322,8,87.38,0.4,0.25,109.22,51
5415,2322,5,87.38,0.13,0.25,109.22,62
5416,2322,4,88.39,0.45,0.25,110.49,49
5417,2322,9,88.9,0.44,0.25,111.12,53
5418,2191,10,28.95,0.33,0.25,36.19,65
5419,2191,8,29.32,0.38,0.25,36.65,36
5420,2191,1,30.41,0.34,0.25,38.01,56
5421,2924,3,244.48,0.14,0.25,305.6,16
5422,2924,5,235.25,0.13,0.25,294.06,48
5423,2924,10,235.25,0.32,0.25,294.06,26
5424,5163,9,356.08,0.36,0.25,445.1,42
5425,5163,1,402.53,0.45,0.25,503.16,46
5426,5163,2,382.62,0.44,0.25,478.28,65
5427,1038,3,146.89,0.13,0.25,183.61,46
5428,1038,5,139.86,0.15,0.25,174.82,15
5429,1038,7,137.22,0.34,0.25,171.52,82
5430,1038,9,154.81,0.36,0.25,193.51,29
5431,1038,6,145.13,0.38,0.25,181.41,91
5432,1038,4,162.73,0.49,0.25,203.41,87
5433,4402,1,1713.3,0.45,0.25,2141.62,67
5434,4402,7,1646.3,0.48,0.25,2057.88,25
5435,4402,9,1579.3,0.39,0.25,1974.12,41
5436,4402,2,1627.16,0.49,0.25,2033.95,52
5437,4402,3,1646.3,0.13,0.25,2057.88,72
5438,4402,8,1627.16,0.43,0.25,2033.95,87
5439,883,10,43.59,0.47,0.25,54.49,30
5440,883,6,43.1,0.41,0.25,53.88,68
5441,883,4,43.1,0.37,0.25,53.88,94
5442,883,8,40.9,0.38,0.25,51.12,15
5443,883,7,40.16,0.31,0.25,50.2,55
5444,883,2,37.96,0.32,0.25,47.45,95
5445,4497,9,1090.86,0.37,0.25,1363.57,83
5446,4497,5,1029.88,0.11,0.25,1287.35,25
5447,4497,10,1226.37,0.42,0.25,1532.96,60
5448,2610,4,338.27,0.45,0.25,422.84,63
5449,2610,3,322.9,0.13,0.25,403.62,98
5450,2610,9,320.97,0.44,0.25,401.21,67
5451,2610,8,361.34,0.49,0.25,451.67,54
5452,1900,2,26.38,0.35,0.25,32.98,51
5453,1900,9,29.42,0.5,0.25,36.78,51
5454,1900,6,25.26,0.33,0.25,31.58,33
5455,1393,6,47.28,0.43,0.25,59.1,16
5456,1393,9,43.43,0.34,0.25,54.29,32
5457,1393,8,50.03,0.43,0.25,62.54,21
5458,1393,3,44.53,0.15,0.25,55.66,49
5459,1393,7,47.83,0.43,0.25,59.79,48
5460,1393,5,44.26,0.11,0.25,55.32,63
5461,1708,5,634.19,0.11,0.25,792.74,88
5462,1708,4,665.9,0.38,0.25,832.38,44
5463,1708,2,634.19,0.4,0.25,792.74,34
5464,1708,6,673.83,0.4,0.25,842.29,24
5465,1708,8,681.76,0.48,0.25,852.2,88
5466,1708,7,717.43,0.49,0.25,896.79,17
5467,4128,4,2382.7,0.36,0.25,2978.38,45
5468,4128,5,2326.3,0.11,0.25,2907.88,59
5469,4128,3,2171.22,0.13,0.25,2714.02,96
5470,546,3,22.07,0.11,0.25,27.59,37
5471,546,8,24.04,0.43,0.25,30.05,50
5472,546,5,24.18,0.15,0.25,30.22,36
5473,546,6,25.03,0.47,0.25,31.29,57
5474,546,7,25.73,0.47,0.25,32.16,43
5475,546,4,24.18,0.47,0.25,30.22,49
5476,645,3,12.92,0.13,0.25,16.15,19
5477,645,6,12.69,0.41,0.25,15.86,53
5478,645,9,13.53,0.37,0.25,16.91,44
5479,1604,3,706.11,0.13,0.25,882.64,24
5480,1604,1,706.11,0.48,0.25,882.64,40
5481,1604,4,639.65,0.31,0.25,799.56,65
5482,1604,5,718.57,0.13,0.25,898.21,94
5483,1541,10,329.84,0.36,0.25,412.3,15
5484,1541,1,299.86,0.35,0.25,374.83,46
5485,1541,6,309.23,0.31,0.25,386.54,65
5486,754,4,72.77,0.46,0.25,90.96,68
5487,754,1,69.71,0.3,0.25,87.14,28
5488,754,3,75.4,0.14,0.25,94.25,71
5489,754,7,73.21,0.34,0.25,91.51,99
5490,754,10,77.16,0.39,0.25,96.45,99
5491,754,6,67.95,0.33,0.25,84.94,63
5492,123,5,745.51,0.14,0.25,931.89,38
5493,123,6,821.49,0.49,0.25,1026.86,42
5494,123,7,826.24,0.37,0.25,1032.8,93
5495,123,9,755.01,0.37,0.25,943.76,94
5496,123,1,774.01,0.37,0.25,967.51,16
5497,123,3,764.51,0.14,0.25,955.64,46
5498,1454,8,106.61,0.36,0.25,133.26,40
5499,1454,6,111.88,0.45,0.25,139.85,91
5500,1454,4,105.95,0.31,0.25,132.44,100
5501,2346,5,160.46,0.11,0.25,200.58,98
5502,2346,4,176.11,0.5,0.25,220.14,86
5503,2346,9,151.65,0.32,0.25,189.56,61
5504,56,4,699.28,0.4,0.25,874.1,94
5505,56,1,686.94,0.35,0.25,858.68,85
5506,56,8,719.84,0.49,0.25,899.8,47
5507,56,3,703.39,0.12,0.25,879.24,96
5508,56,7,707.5,0.5,0.25,884.38,47
5509,56,9,691.05,0.41,0.25,863.81,87
5510,3422,1,1399.86,0.36,0.25,1749.82,88
5511,3422,9,1541.62,0.46,0.25,1927.02,47
5512,3422,4,1479.6,0.45,0.25,1849.5,43
5513,1225,9,109.95,0.41,0.25,137.44,65
5514,1225,1,109.32,0.37,0.25,136.65,67
5515,1225,2,116.19,0.49,0.25,145.24,58
5516,1225,6,97.45,0.32,0.25,121.81,22
5517,1225,5,99.33,0.14,0.25,124.16,66
5518,1298,6,135.54,0.49,0.25,169.42,36
5519,1298,5,122.13,0.12,0.25,152.66,28
5520,1298,1,127.34,0.4,0.25,159.18,58
5521,2589,7,167.45,0.49,0.25,209.31,29
5522,2589,5,145.0,0.13,0.25,181.25,33
5523,2589,9,153.42,0.33,0.25,191.77,12
5524,2589,3,150.62,0.1,0.25,188.28,83
5525,2651,10,134.02,0.38,0.25,167.52,100
5526,2651,5,140.72,0.15,0.25,175.9,27
5527,2651,6,154.96,0.48,0.25,193.7,63
5528,1392,8,30.17,0.33,0.25,37.71,90
5529,1392,3,30.96,0.11,0.25,38.7,35
5530,1392,10,34.51,0.35,0.25,43.14,49
5531,1392,7,34.9,0.41,0.25,43.62,43
5532,3530,3,5227.82,0.12,0.25,6534.78,20
5533,3530,5,4966.43,0.12,0.25,6208.04,77
5534,3530,7,5423.87,0.42,0.25,6779.84,68
5535,3530,6,5913.98,0.41,0.25,7392.48,35
5536,3530,10,5423.87,0.38,0.25,6779.84,48
5537,3530,4,5064.45,0.32,0.25,6330.56,20
5538,4744,5,530.49,0.14,0.25,663.11,11
5539,4744,1,521.02,0.44,0.25,651.28,12
5540,4744,9,552.6,0.44,0.25,690.75,44
5541,4744,8,552.6,0.41,0.25,690.75,87
5542,3226,4,2382.79,0.35,0.25,2978.49,96
5543,3226,3,2428.61,0.13,0.25,3035.76,48
5544,3226,7,2428.61,0.34,0.25,3035.76,64
5545,1740,1,367.93,0.44,0.25,459.91,22
5546,1740,3,374.62,0.13,0.25,468.28,66
5547,1740,2,367.93,0.34,0.25,459.91,44
5548,1740,9,354.55,0.38,0.25,443.19,79
5549,1740,4,410.3,0.5,0.25,512.88,20
5550,1740,6,370.16,0.4,0.25,462.7,86
5551,3942,7,144.65,0.39,0.25,180.81,68
5552,3942,3,140.54,0.11,0.25,175.68,73
5553,3942,4,144.65,0.45,0.25,180.81,13
5554,3942,8,144.65,0.36,0.25,180.81,84
5555,3942,9,136.44,0.31,0.25,170.55,78
5556,3942,5,136.44,0.12,0.25,170.55,98
5557,1231,8,151.47,0.4,0.25,189.34,92
5558,1231,2,156.69,0.48,0.25,195.86,77
5559,1231,4,138.41,0.35,0.25,173.01,58
5560,1231,7,158.43,0.49,0.25,198.04,30
5561,1231,1,141.89,0.34,0.25,177.36,39
5562,572,4,33.48,0.34,0.25,41.85,77
5563,572,7,33.08,0.37,0.25,41.35,15
5564,572,8,33.48,0.3,0.25,41.85,94
5565,572,6,36.71,0.44,0.25,45.89,25
5566,572,5,34.69,0.14,0.25,43.36,24
5567,2560,8,251.19,0.44,0.25,313.99,20
5568,2560,3,213.72,0.11,0.25,267.15,75
5569,2560,4,212.33,0.32,0.25,265.41,13
5570,2560,6,262.29,0.5,0.25,327.86,80
5571,2560,2,258.13,0.49,0.25,322.66,97
5572,2560,9,234.54,0.35,0.25,293.18,68
5573,4517,9,2336.52,0.39,0.25,2920.65,37
5574,4517,2,2036.3,0.31,0.25,2545.38,37
5575,4517,1,2062.41,0.36,0.25,2578.01,12
5576,889,9,214.72,0.42,0.25,268.4,61
5577,889,10,243.7,0.5,0.25,304.62,73
5578,889,8,216.04,0.42,0.25,270.05,64
5579,1799,6,892.67,0.46,0.25,1115.84,54
5580,1799,5,867.02,0.14,0.25,1083.78,87
5581,1799,10,784.94,0.31,0.25,981.18,17
5582,1799,1,851.63,0.43,0.25,1064.54,46
5583,129,9,985.57,0.34,0.25,1231.96,80
5584,129,4,1027.64,0.36,0.25,1284.55,86
5585,129,1,985.57,0.34,0.25,1231.96,71
5586,5372,4,58.38,0.47,0.25,72.98,10
5587,5372,1,54.45,0.41,0.25,68.06,29
5588,5372,8,51.5,0.32,0.25,64.38,74
5589,5372,2,54.12,0.32,0.25,67.65,39
5590,5372,3,50.51,0.12,0.25,63.14,16
5591,2207,7,3.38,0.49,0.25,4.22,67
5592,2207,10,3.3,0.42,0.25,4.12,93
5593,2207,4,3.28,0.4,0.25,4.1,71
5594,2207,6,3.36,0.46,0.25,4.2,46
5595,2207,2,3.42,0.45,0.25,4.28,58
5596,2687,7,264.02,0.4,0.25,330.02,86
5597,2687,6,249.02,0.38,0.25,311.28,96
5598,2687,9,277.52,0.49,0.25,346.9,95
5599,2687,4,264.02,0.42,0.25,330.02,91
5600,2687,10,264.02,0.47,0.25,330.02,78
5601,2820,1,193.61,0.43,0.25,242.01,84
5602,2820,6,195.94,0.35,0.25,244.92,23
5603,2820,8,193.61,0.44,0.25,242.01,93
5604,2820,3,193.61,0.13,0.25,242.01,82
5605,1337,4,32.64,0.31,0.25,40.8,12
5606,1337,5,31.31,0.14,0.25,39.14,77
5607,1337,9,33.22,0.47,0.25,41.52,57
5608,1337,1,33.41,0.36,0.25,41.76,100
5609,729,10,17.97,0.32,0.25,22.46,67
5610,729,2,20.09,0.43,0.25,25.11,54
5611,729,7,19.31,0.36,0.25,24.14,69
5612,729,8,18.75,0.47,0.25,23.44,37
5613,729,5,17.07,0.11,0.25,21.34,76
5614,2932,5,327.24,0.11,0.25,409.05,74
5615,2932,1,356.79,0.45,0.25,445.99,35
5616,2932,8,350.46,0.44,0.25,438.08,51
5617,2932,4,382.13,0.41,0.25,477.66,39
5618,436,6,510.79,0.43,0.25,638.49,98
5619,436,10,516.56,0.47,0.25,645.7,12
5620,436,5,458.84,0.11,0.25,573.55,58
5621,436,7,447.3,0.35,0.25,559.12,100
5622,18,8,2680.74,0.35,0.25,3350.92,74
5623,18,6,2618.76,0.36,0.25,3273.45,28
5624,18,3,2510.29,0.13,0.25,3137.86,100
5625,18,7,2448.3,0.33,0.25,3060.38,80
5626,18,4,2525.78,0.31,0.25,3157.23,56
5627,591,8,23.38,0.36,0.25,29.22,84
5628,591,4,22.94,0.37,0.25,28.68,60
5629,591,1,22.94,0.36,0.25,28.68,22
5630,591,3,24.53,0.12,0.25,30.66,44
5631,591,6,24.68,0.34,0.25,30.85,45
5632,4859,10,476.51,0.45,0.25,595.64,12
5633,4859,1,413.68,0.33,0.25,517.1,15
5634,4859,6,424.15,0.41,0.25,530.19,45
5635,4859,2,432.0,0.36,0.25,540.0,31
5636,1611,7,648.33,0.47,0.25,810.41,14
5637,1611,10,666.75,0.42,0.25,833.44,96
5638,1611,9,622.55,0.48,0.25,778.19,76
5639,4590,9,2504.84,0.36,0.25,3131.05,78
5640,4590,8,2433.28,0.43,0.25,3041.6,99
5641,4590,1,2476.22,0.46,0.25,3095.27,93
5642,4590,7,2547.79,0.41,0.25,3184.74,28
5643,4590,10,2232.89,0.31,0.25,2791.11,55
5644,2648,10,84.08,0.43,0.25,105.1,40
5645,2648,2,88.64,0.44,0.25,110.8,83
5646,2648,1,84.08,0.31,0.25,105.1,43
5647,2648,3,78.0,0.11,0.25,97.5,47
5648,2648,5,82.56,0.15,0.25,103.2,60
5649,4634,4,1316.95,0.4,0.25,1646.19,59
5650,4634,5,1192.57,0.12,0.25,1490.71,39
5651,4634,8,1316.95,0.44,0.25,1646.19,56
5652,4460,8,2391.61,0.49,0.25,2989.51,77
5653,4460,9,2205.59,0.42,0.25,2756.99,54
5654,4460,4,2139.16,0.39,0.25,2673.95,13
5655,4460,2,2192.31,0.31,0.25,2740.39,91
5656,4460,1,2245.45,0.39,0.25,2806.81,76
5657,4460,7,2338.46,0.49,0.25,2923.08,76
5658,240,8,130.49,0.31,0.25,163.11,63
5659,240,7,139.7,0.46,0.25,174.62,81
5660,240,10,128.19,0.33,0.25,160.24,92
5661,240,6,120.51,0.35,0.25,150.64,26
5662,240,3,128.96,0.14,0.25,161.2,48
5663,240,2,130.49,0.34,0.25,163.11,13
5664,3918,3,1320.07,0.12,0.25,1650.09,60
5665,3918,9,1295.16,0.31,0.25,1618.95,74
5666,3918,2,1303.46,0.36,0.25,1629.32,70
5667,3918,1,1328.37,0.39,0.25,1660.46,83
5668,3918,4,1494.41,0.49,0.25,1868.01,66
5669,2017,8,5.01,0.35,0.25,6.26,19
5670,2017,9,4.92,0.34,0.25,6.15,99
5671,2017,3,4.95,0.14,0.25,6.19,50
5672,2017,5,5.01,0.14,0.25,6.26,51
5673,3292,1,3440.96,0.49,0.25,4301.2,54
5674,3292,9,3206.35,0.36,0.25,4007.94,48
5675,3292,6,3069.49,0.35,0.25,3836.86,86
5676,3292,8,3519.16,0.43,0.25,4398.95,41
5677,2455,8,13.8,0.4,0.25,17.25,71
5678,2455,5,12.31,0.14,0.25,15.39,80
5679,2455,3,12.23,0.13,0.25,15.29,38
5680,2455,4,14.43,0.49,0.25,18.04,84
5681,2455,2,13.96,0.39,0.25,17.45,83
5682,3113,9,1344.01,0.33,0.25,1680.01,59
5683,3113,6,1414.75,0.42,0.25,1768.44,33
5684,3113,7,1257.55,0.38,0.25,1571.94,14
5685,3113,4,1312.57,0.43,0.25,1640.71,51
5686,3113,1,1406.89,0.44,0.25,1758.61,82
5687,987,10,152.57,0.43,0.25,190.71,15
5688,987,3,143.64,0.12,0.25,179.55,45
5689,987,6,164.16,0.47,0.25,205.2,58
5690,2865,8,142.94,0.44,0.25,178.68,58
5691,2865,5,140.41,0.1,0.25,175.51,71
5692,2865,3,136.21,0.14,0.25,170.26,61
5693,4386,8,2003.5,0.37,0.25,2504.38,24
5694,4386,3,2077.25,0.11,0.25,2596.56,67
5695,4386,6,2052.66,0.41,0.25,2565.82,48
5696,418,9,324.67,0.38,0.25,405.84,27
5697,418,5,296.52,0.12,0.25,370.65,88
5698,418,3,319.04,0.14,0.25,398.8,80
5699,418,7,296.52,0.33,0.25,370.65,60
5700,418,2,334.05,0.49,0.25,417.56,14
5701,2631,8,334.22,0.5,0.25,417.78,61
5702,2631,2,307.27,0.37,0.25,384.09,34
5703,2631,3,296.49,0.15,0.25,370.61,45
5704,5115,8,669.84,0.43,0.25,837.3,37
5705,5115,4,707.9,0.48,0.25,884.88,71
5706,5115,1,601.33,0.35,0.25,751.66,42
5707,3312,3,2472.62,0.13,0.25,3090.77,13
5708,3312,7,2787.61,0.42,0.25,3484.51,76
5709,3312,8,2661.61,0.31,0.25,3327.01,86
5710,3312,1,2756.11,0.42,0.25,3445.14,82
5711,3312,10,2488.37,0.36,0.25,3110.46,16
5712,142,9,921.84,0.47,0.25,1152.3,61
5713,142,6,895.65,0.39,0.25,1119.56,47
5714,142,1,858.98,0.3,0.25,1073.72,97
5715,5048,4,168.06,0.37,0.25,210.08,71
5716,5048,10,162.36,0.47,0.25,202.95,78
5717,5048,3,160.47,0.14,0.25,200.59,10
5718,5048,2,160.47,0.43,0.25,200.59,70
5719,5048,6,167.11,0.45,0.25,208.89,88
5720,5048,5,156.67,0.14,0.25,195.84,28
5721,1217,4,188.85,0.32,0.25,236.06,83
5722,1217,3,175.36,0.14,0.25,219.2,61
5723,1217,9,192.22,0.37,0.25,240.28,98
5724,1217,10,191.1,0.43,0.25,238.88,22
5725,426,6,339.4,0.43,0.25,424.25,32
5726,426,1,341.4,0.36,0.25,426.75,19
5727,426,8,341.4,0.4,0.25,426.75,46
5728,426,4,331.42,0.45,0.25,414.28,58
5729,4585,5,1286.0,0.15,0.25,1607.5,56
5730,4585,1,1386.11,0.48,0.25,1732.64,22
5731,4585,10,1301.4,0.44,0.25,1626.75,19
5732,3374,3,5007.67,0.11,0.25,6259.59,73
5733,3374,5,5324.61,0.1,0.25,6655.76,43
5734,3374,4,5483.08,0.44,0.25,6853.85,66
5735,3374,9,5039.36,0.36,0.25,6299.2,66
5736,3374,2,5261.22,0.44,0.25,6576.52,21
5737,3374,1,5007.67,0.34,0.25,6259.59,53
5738,1133,3,187.94,0.12,0.25,234.92,23
5739,1133,9,198.26,0.48,0.25,247.82,92
5740,1133,4,181.07,0.38,0.25,226.34,85
5741,1133,6,192.53,0.4,0.25,240.66,58
5742,5287,9,250.14,0.32,0.25,312.67,42
5743,5287,7,264.76,0.4,0.25,330.95,14
5744,5287,5,255.02,0.12,0.25,318.78,35
5745,5287,3,255.02,0.11,0.25,318.78,14
5746,835,1,75.23,0.47,0.25,94.04,18
5747,835,9,77.29,0.5,0.25,96.61,59
5748,835,8,72.76,0.41,0.25,90.95,40
5749,835,4,69.48,0.46,0.25,86.85,16
5750,4449,7,529.39,0.38,0.25,661.74,48
5751,4449,2,535.8,0.33,0.25,669.75,32
5752,4449,5,542.22,0.14,0.25,677.78,95
5753,4449,4,564.68,0.46,0.25,705.85,99
5754,4449,1,548.64,0.49,0.25,685.8,71
5755,4449,10,522.97,0.33,0.25,653.71,37
5756,5062,1,391.98,0.48,0.25,489.98,27
5757,5062,4,396.62,0.49,0.25,495.78,40
5758,5062,5,373.42,0.1,0.25,466.78,34
5759,5062,10,405.9,0.43,0.25,507.38,42
5760,726,2,39.18,0.31,0.25,48.98,66
5761,726,1,46.81,0.5,0.25,58.51,72
5762,726,10,45.28,0.45,0.25,56.6,20
5763,5152,10,671.2,0.33,0.25,839.0,52
5764,5152,1,671.2,0.39,0.25,839.0,11
5765,5152,3,659.0,0.12,0.25,823.75,74
5766,5152,9,703.75,0.43,0.25,879.69,27
5767,5152,7,687.48,0.49,0.25,859.35,37
5768,5152,8,683.41,0.46,0.25,854.26,60
5769,3327,9,6581.3,0.45,0.25,8226.62,20
5770,3327,8,6432.57,0.4,0.25,8040.71,97
5771,3327,5,6432.57,0.15,0.25,8040.71,29
5772,3327,1,6172.3,0.33,0.25,7715.38,61
5773,3327,3,5726.1,0.14,0.25,7157.62,98
5774,3327,2,6060.75,0.32,0.25,7575.94,14
5775,3905,8,633.84,0.34,0.25,792.3,53
5776,3905,4,637.8,0.32,0.25,797.25,60
5777,3905,10,673.46,0.41,0.25,841.82,92
5778,3905,1,633.84,0.36,0.25,792.3,92
5779,3905,2,669.49,0.47,0.25,836.86,50
5780,3905,3,661.57,0.14,0.25,826.96,47
5781,263,7,104.76,0.44,0.25,130.95,18
5782,263,4,99.01,0.33,0.25,123.76,57
5783,263,6,106.04,0.38,0.25,132.55,98
5784,263,9,109.23,0.35,0.25,136.54,62
5785,263,1,111.15,0.43,0.25,138.94,68
5786,2109,7,7.09,0.48,0.25,8.86,87
5787,2109,5,6.72,0.13,0.25,8.4,96
5788,2109,1,7.54,0.47,0.25,9.43,39
5789,2109,9,7.13,0.41,0.25,8.91,37
5790,2109,10,7.29,0.48,0.25,9.11,100
5791,4198,9,2025.63,0.3,0.25,2532.04,55
5792,4198,5,1857.83,0.12,0.25,2322.29,99
5793,4198,10,2013.65,0.3,0.25,2517.06,52
5794,4198,2,2049.61,0.4,0.25,2562.01,52
5795,3933,6,1015.24,0.4,0.25,1269.05,23
5796,3933,5,939.39,0.14,0.25,1174.24,16
5797,3933,2,1021.07,0.49,0.25,1276.34,52
5798,2302,5,97.84,0.11,0.25,122.3,11
5799,2302,6,102.09,0.38,0.25,127.61,71
5800,2302,7,97.23,0.34,0.25,121.54,77
5801,2302,4,103.31,0.45,0.25,129.14,13
5802,2302,1,103.31,0.41,0.25,129.14,10
5803,3072,6,2615.83,0.35,0.25,3269.79,61
5804,3072,5,2502.8,0.12,0.25,3128.5,54
5805,3072,1,2761.15,0.49,0.25,3451.44,67
5806,2972,1,279.16,0.45,0.25,348.95,93
5807,2972,8,237.29,0.32,0.25,296.61,33
5808,2972,6,263.65,0.47,0.25,329.56,42
5809,2972,10,265.2,0.43,0.25,331.5,85
5810,2972,4,280.71,0.46,0.25,350.89,71
5811,2972,9,272.96,0.43,0.25,341.2,31
5812,1375,3,94.99,0.13,0.25,118.74,18
5813,1375,9,100.62,0.42,0.25,125.78,10
5814,1375,10,97.24,0.37,0.25,121.55,52
5815,1375,4,102.86,0.44,0.25,128.57,72
5816,4211,3,1783.76,0.14,0.25,2229.7,92
5817,4211,8,1944.87,0.33,0.25,2431.09,16
5818,4211,5,1898.84,0.11,0.25,2373.55,43
5819,366,7,374.84,0.35,0.25,468.55,92
5820,366,6,401.44,0.3,0.25,501.8,85
5821,366,1,403.86,0.32,0.25,504.83,58
5822,366,10,391.76,0.36,0.25,489.7,72
5823,366,3,399.02,0.13,0.25,498.78,37
5824,366,8,423.2,0.38,0.25,529.0,76
5825,890,10,31.74,0.36,0.25,39.67,98
5826,890,8,32.89,0.48,0.25,41.11,50
5827,890,4,33.46,0.45,0.25,41.82,88
5828,890,1,30.78,0.34,0.25,38.48,26
5829,890,2,33.27,0.42,0.25,41.59,34
5830,4600,6,1198.83,0.43,0.25,1498.54,88
5831,4600,5,1205.84,0.13,0.25,1507.3,55
5832,4600,9,1233.88,0.4,0.25,1542.35,79
5833,511,2,502.34,0.44,0.25,627.92,42
5834,511,10,496.63,0.46,0.25,620.79,85
5835,511,7,525.17,0.47,0.25,656.46,24
5836,511,8,456.67,0.32,0.25,570.84,25
5837,511,4,510.9,0.43,0.25,638.62,43
5838,511,9,462.38,0.33,0.25,577.98,28
5839,1542,3,571.49,0.13,0.25,714.36,15
5840,1542,2,599.71,0.36,0.25,749.64,26
5841,1542,4,596.18,0.41,0.25,745.22,91
5842,1542,9,606.76,0.43,0.25,758.45,97
5843,1542,8,596.18,0.42,0.25,745.22,57
5844,2755,8,121.53,0.38,0.25,151.91,70
5845,2755,4,122.25,0.43,0.25,152.81,76
5846,2755,10,109.96,0.32,0.25,137.45,64
5847,2755,3,120.81,0.14,0.25,151.01,84
5848,2755,5,113.57,0.12,0.25,141.96,67
5849,641,4,76.85,0.44,0.25,96.06,96
5850,641,5,73.88,0.14,0.25,92.35,49
5851,641,9,73.88,0.39,0.25,92.35,82
5852,641,7,78.13,0.46,0.25,97.66,40
5853,641,8,68.36,0.31,0.25,85.45,89
5854,38,6,1320.7,0.38,0.25,1650.88,22
5855,38,7,1376.06,0.4,0.25,1720.07,44
5856,38,4,1423.51,0.46,0.25,1779.39,43
5857,38,3,1241.62,0.12,0.25,1552.02,78
5858,38,1,1368.15,0.44,0.25,1710.19,55
5859,3089,7,5514.9,0.33,0.25,6893.62,78
5860,3089,9,5579.78,0.39,0.25,6974.72,56
5861,3089,2,5709.55,0.37,0.25,7136.94,10
5862,3089,1,5547.34,0.41,0.25,6934.18,46
5863,3089,8,5514.9,0.39,0.25,6893.62,87
5864,195,4,2102.89,0.48,0.25,2628.61,59
5865,195,3,1998.33,0.13,0.25,2497.91,26
5866,195,7,2079.66,0.44,0.25,2599.57,28
5867,195,1,1986.71,0.38,0.25,2483.39,45
5868,195,5,1963.48,0.14,0.25,2454.35,10
5869,195,6,1893.77,0.35,0.25,2367.21,65
5870,1003,8,135.27,0.35,0.25,169.09,25
5871,1003,1,143.46,0.47,0.25,179.32,54
5872,1003,4,139.37,0.48,0.25,174.21,13
5873,1003,3,137.73,0.12,0.25,172.16,68
5874,19,2,428.6,0.44,0.25,535.75,37
5875,19,10,423.56,0.3,0.25,529.45,22
5876,19,9,398.35,0.34,0.25,497.94,17
5877,4090,5,424.84,0.14,0.25,531.05,97
5878,4090,6,414.42,0.34,0.25,518.02,57
5879,4090,4,445.69,0.44,0.25,557.11,22
5880,3465,10,1141.77,0.42,0.25,1427.21,46
5881,3465,4,1069.17,0.32,0.25,1336.46,99
5882,3465,1,1141.77,0.41,0.25,1427.21,36
5883,3465,5,1062.57,0.11,0.25,1328.21,27
5884,3402,9,4881.99,0.37,0.25,6102.49,23
5885,3402,3,4508.66,0.13,0.25,5635.82,12
5886,3402,8,4709.69,0.37,0.25,5887.11,84
5887,3402,4,5140.45,0.48,0.25,6425.56,93
5888,3402,1,4680.97,0.39,0.25,5851.21,54
5889,3402,2,4623.53,0.3,0.25,5779.41,50
5890,2130,2,31.16,0.42,0.25,38.95,19
5891,2130,7,28.77,0.34,0.25,35.96,70
5892,2130,3,30.98,0.14,0.25,38.72,70
5893,2130,8,30.43,0.32,0.25,38.04,60
5894,2130,4,30.24,0.39,0.25,37.8,47
5895,2130,5,28.4,0.13,0.25,35.5,52
5896,299,5,164.62,0.14,0.25,205.78,90
5897,299,7,165.66,0.34,0.25,207.08,40
5898,299,8,163.58,0.33,0.25,204.48,54
5899,299,4,176.08,0.4,0.25,220.1,94
5900,2164,2,9.97,0.43,0.25,12.46,34
5901,2164,3,8.96,0.12,0.25,11.2,32
5902,2164,6,9.69,0.38,0.25,12.11,63
5903,2164,8,8.62,0.34,0.25,10.77,15
5904,3964,6,1033.86,0.38,0.25,1292.32,74
5905,3964,2,1181.56,0.47,0.25,1476.95,89
5906,3964,3,1078.81,0.12,0.25,1348.51,63
5907,2921,2,29.86,0.41,0.25,37.33,66
5908,2921,6,31.32,0.4,0.25,39.15,34
5909,2921,1,31.87,0.41,0.25,39.84,83
5910,2921,5,30.41,0.13,0.25,38.01,61
5911,2921,10,30.05,0.38,0.25,37.56,77
5912,2921,8,31.14,0.48,0.25,38.92,17
5913,1557,3,521.99,0.14,0.25,652.49,27
5914,1557,8,583.6,0.5,0.25,729.5,91
5915,1557,10,557.66,0.35,0.25,697.08,77
5916,4133,10,845.98,0.45,0.25,1057.47,75
5917,4133,4,784.88,0.47,0.25,981.1,87
5918,4133,9,733.18,0.34,0.25,916.47,53
5919,4133,5,770.78,0.13,0.25,963.47,44
5920,4133,3,766.08,0.13,0.25,957.6,43
5921,4133,7,770.78,0.37,0.25,963.47,82
5922,4456,2,1035.91,0.45,0.25,1294.89,43
5923,4456,6,994.94,0.33,0.25,1243.68,32
5924,4456,5,901.3,0.13,0.25,1126.62,99
5925,4456,9,1047.62,0.48,0.25,1309.52,19
5926,4456,7,965.68,0.38,0.25,1207.1,81
5927,1824,2,14.71,0.38,0.25,18.39,23
5928,1824,4,15.88,0.38,0.25,19.85,79
5929,1824,5,14.44,0.13,0.25,18.05,50
5930,5142,9,665.35,0.4,0.25,831.69,100
5931,5142,8,665.35,0.44,0.25,831.69,26
5932,5142,4,700.99,0.43,0.25,876.24,19
5933,5142,7,653.47,0.32,0.25,816.84,90
5934,2753,7,334.37,0.46,0.25,417.96,19
5935,2753,5,297.01,0.14,0.25,371.26,87
5936,2753,9,287.67,0.34,0.25,359.59,98
5937,2753,1,326.9,0.48,0.25,408.62,50
5938,1142,2,32.73,0.33,0.25,40.91,43
5939,1142,3,31.71,0.13,0.25,39.64,20
5940,1142,8,32.93,0.38,0.25,41.16,35
5941,1142,9,34.15,0.42,0.25,42.69,81
5942,1142,10,34.15,0.38,0.25,42.69,61
5943,1811,7,8.92,0.42,0.25,11.15,47
5944,1811,6,9.85,0.46,0.25,12.31,23
5945,1811,10,9.03,0.32,0.25,11.29,51
5946,2535,10,163.49,0.43,0.25,204.36,57
5947,2535,8,152.47,0.34,0.25,190.59,62
5948,2535,5,142.37,0.11,0.25,177.96,97
5949,2535,2,169.0,0.49,0.25,211.25,34
5950,2535,9,159.82,0.46,0.25,199.77,75
5951,2535,3,146.96,0.13,0.25,183.7,69
5952,4568,3,1825.44,0.13,0.25,2281.8,26
5953,4568,6,1879.44,0.41,0.25,2349.3,55
5954,4568,2,1760.63,0.34,0.25,2200.79,69
5955,4568,10,1814.64,0.43,0.25,2268.3,96
5956,4568,5,1825.44,0.13,0.25,2281.8,86
5957,4568,1,1782.23,0.43,0.25,2227.79,28
5958,4040,8,733.92,0.31,0.25,917.4,69
5959,4040,9,791.86,0.44,0.25,989.82,71
5960,4040,7,791.86,0.31,0.25,989.82,15
5961,4040,3,758.06,0.12,0.25,947.58,100
5962,4040,6,878.77,0.46,0.25,1098.46,66
5963,732,2,22.93,0.46,0.25,28.66,27
5964,732,7,21.68,0.5,0.25,27.1,84
5965,732,5,19.56,0.13,0.25,24.45,19
5966,4913,8,35.68,0.46,0.25,44.6,89
5967,4913,5,32.22,0.13,0.25,40.28,13
5968,4913,9,32.62,0.33,0.25,40.78,80
5969,2881,4,280.26,0.31,0.25,350.32,89
5970,2881,6,290.33,0.44,0.25,362.91,88
5971,2881,10,305.43,0.5,0.25,381.79,17
5972,1867,5,2.96,0.12,0.25,3.7,59
5973,1867,1,2.87,0.33,0.25,3.59,38
5974,1867,3,2.96,0.11,0.25,3.7,45
5975,1867,8,3.16,0.33,0.25,3.95,18
5976,1867,10,3.04,0.41,0.25,3.8,15
5977,1867,7,2.93,0.33,0.25,3.66,37
5978,737,8,58.73,0.34,0.25,73.41,63
5979,737,7,62.82,0.4,0.25,78.53,33
5980,737,4,59.1,0.33,0.25,73.88,59
5981,775,5,17.49,0.1,0.25,21.86,92
5982,775,6,16.95,0.36,0.25,21.19,83
5983,775,8,18.24,0.47,0.25,22.8,65
5984,775,9,19.53,0.44,0.25,24.41,18
5985,2864,9,95.99,0.32,0.25,119.99,35
5986,2864,4,101.42,0.45,0.25,126.78,72
5987,2864,6,94.78,0.33,0.25,118.48,10
5988,2864,1,102.03,0.44,0.25,127.54,23
5989,1978,7,18.53,0.4,0.25,23.16,94
5990,1978,5,16.32,0.14,0.25,20.4,38
5991,1978,6,18.74,0.46,0.25,23.42,62
5992,1978,1,18.01,0.43,0.25,22.51,89
5993,1978,10,18.22,0.34,0.25,22.78,100
5994,5246,4,287.9,0.31,0.25,359.88,21
5995,5246,9,304.84,0.36,0.25,381.05,37
5996,5246,8,301.07,0.34,0.25,376.34,45
5997,5246,6,321.77,0.42,0.25,402.21,62
5998,5246,2,327.42,0.36,0.25,409.28,25
5999,5246,5,312.36,0.12,0.25,390.45,31
6000,2091,8,31.42,0.43,0.25,39.28,39
6001,2091,5,28.59,0.14,0.25,35.74,16
6002,2091,3,27.89,0.14,0.25,34.86,17
6003,4145,10,311.37,0.38,0.25,389.21,98
6004,4145,9,305.84,0.31,0.25,382.3,99
6005,4145,6,326.1,0.37,0.25,407.62,51
6006,4145,5,302.15,0.12,0.25,377.69,25
6007,2218,6,112.84,0.48,0.25,141.05,34
6008,2218,8,116.58,0.5,0.25,145.72,29
6009,2218,3,99.74,0.13,0.25,124.68,57
6010,2218,5,104.11,0.11,0.25,130.14,74
6011,2218,7,108.47,0.41,0.25,135.59,23
6012,2218,4,102.24,0.32,0.25,127.8,77
6013,1026,5,39.61,0.14,0.25,49.51,50
6014,1026,7,37.7,0.36,0.25,47.12,82
6015,1026,1,38.41,0.34,0.25,48.01,66
6016,1026,6,41.52,0.37,0.25,51.9,85
6017,1026,4,36.51,0.31,0.25,45.64,53
6018,258,5,84.95,0.11,0.25,106.19,70
6019,258,7,91.45,0.45,0.25,114.31,58
6020,258,10,88.45,0.43,0.25,110.56,27
6021,4845,7,467.69,0.46,0.25,584.61,41
6022,4845,10,440.49,0.39,0.25,550.61,70
6023,4845,6,459.53,0.32,0.25,574.41,28
6024,4845,2,435.06,0.38,0.25,543.83,52
6025,5076,10,166.92,0.36,0.25,208.65,86
6026,5076,6,159.33,0.44,0.25,199.16,41
6027,5076,9,160.28,0.32,0.25,200.35,83
6028,5076,3,149.85,0.12,0.25,187.31,35
6029,5076,5,156.49,0.15,0.25,195.61,90
6030,5076,1,158.38,0.31,0.25,197.98,15
6031,2416,3,30.69,0.12,0.25,38.36,41
6032,2416,6,33.82,0.48,0.25,42.28,51
6033,2416,2,34.02,0.46,0.25,42.53,28
6034,2416,9,31.67,0.35,0.25,39.59,36
6035,2416,10,33.04,0.35,0.25,41.3,52
6036,2416,1,31.48,0.3,0.25,39.35,31
6037,1,10,2955.67,0.43,0.25,3694.59,84
6038,1,5,2691.77,0.13,0.25,3364.71,67
6039,1,6,3008.45,0.44,0.25,3760.56,89
6040,3030,9,2142.76,0.37,0.25,2678.45,54
6041,3030,5,2038.86,0.14,0.25,2548.57,16
6042,3030,3,2051.85,0.14,0.25,2564.81,11
6043,3030,1,2155.74,0.41,0.25,2694.68,57
6044,4124,6,752.76,0.46,0.25,940.95,45
6045,4124,3,683.59,0.14,0.25,854.49,56
6046,4124,4,671.38,0.39,0.25,839.22,88
6047,4124,10,655.11,0.38,0.25,818.89,79
6048,4124,8,691.73,0.42,0.25,864.66,89
6049,4124,7,716.14,0.49,0.25,895.18,44
6050,3660,4,216.2,0.4,0.25,270.25,25
6051,3660,9,229.78,0.48,0.25,287.23,80
6052,3660,5,210.02,0.12,0.25,262.53,76
6053,3660,3,198.9,0.12,0.25,248.62,52
6054,3660,7,207.55,0.47,0.25,259.44,42
6055,3660,2,211.25,0.49,0.25,264.06,42
6056,2323,3,119.43,0.14,0.25,149.29,58
6057,2323,8,120.83,0.32,0.25,151.04,100
6058,2323,2,115.21,0.38,0.25,144.01,25
6059,4576,7,1565.41,0.5,0.25,1956.76,55
6060,4576,1,1653.85,0.48,0.25,2067.31,52
6061,4576,6,1423.9,0.32,0.25,1779.88,77
6062,4576,5,1503.5,0.14,0.25,1879.38,22
6063,4576,3,1468.12,0.13,0.25,1835.15,72
6064,4686,6,145.63,0.41,0.25,182.04,56
6065,4686,4,147.39,0.3,0.25,184.24,26
6066,4686,5,142.12,0.12,0.25,177.65,20
6067,4686,9,143.0,0.42,0.25,178.75,38
6068,1958,3,20.14,0.15,0.25,25.18,74
6069,1958,2,22.06,0.48,0.25,27.58,98
6070,1958,5,21.29,0.11,0.25,26.61,16
6071,1958,8,19.76,0.33,0.25,24.7,88
6072,1958,1,22.44,0.36,0.25,28.05,100
6073,2663,9,331.17,0.44,0.25,413.96,98
6074,2663,5,327.18,0.13,0.25,408.98,36
6075,2663,2,343.14,0.37,0.25,428.92,12
6076,2663,1,331.17,0.42,0.25,413.96,25
6077,2663,6,343.14,0.4,0.25,428.92,59
6078,2663,4,361.1,0.45,0.25,451.38,20
6079,2669,1,152.1,0.44,0.25,190.12,18
6080,2669,5,150.25,0.1,0.25,187.81,76
6081,2669,2,150.25,0.42,0.25,187.81,36
6082,2669,3,144.72,0.1,0.25,180.9,73
6083,2669,4,147.49,0.32,0.25,184.36,100
6084,1721,9,454.53,0.38,0.25,568.16,95
6085,1721,4,424.94,0.36,0.25,531.17,53
6086,1721,8,454.53,0.41,0.25,568.16,18
6087,1721,7,476.04,0.47,0.25,595.05,52
6088,1721,5,467.97,0.14,0.25,584.96,40
6089,1721,2,438.39,0.39,0.25,547.99,78
6090,3529,9,763.66,0.42,0.25,954.58,43
6091,3529,2,732.58,0.32,0.25,915.72,13
6092,3529,3,754.78,0.11,0.25,943.47,34
6093,3529,4,808.06,0.47,0.25,1010.08,10
6094,3529,7,808.06,0.43,0.25,1010.08,34
6095,3529,1,688.18,0.31,0.25,860.22,86
6096,1243,3,78.25,0.15,0.25,97.81,85
6097,1243,8,86.99,0.44,0.25,108.74,56
6098,1243,1,80.68,0.31,0.25,100.85,35
6099,3677,3,4298.99,0.11,0.25,5373.74,46
6100,3677,6,4480.27,0.38,0.25,5600.34,92
6101,3677,8,4765.14,0.47,0.25,5956.42,60
6102,3677,7,4040.01,0.36,0.25,5050.01,70
6103,3677,10,4428.47,0.34,0.25,5535.59,69
6104,4420,1,1137.65,0.38,0.25,1422.06,16
6105,4420,8,1104.38,0.36,0.25,1380.48,38
6106,4420,2,1210.83,0.49,0.25,1513.54,52
6107,4420,9,1150.95,0.47,0.25,1438.69,25
6108,3134,6,3017.07,0.33,0.25,3771.34,64
6109,3134,10,3181.64,0.36,0.25,3977.05,71
6110,3134,4,2962.22,0.33,0.25,3702.77,99
6111,3134,9,2943.93,0.37,0.25,3679.91,30
6112,3134,1,2962.22,0.34,0.25,3702.77,43
6113,3134,5,2943.93,0.13,0.25,3679.91,81
6114,1163,7,176.72,0.37,0.25,220.9,49
6115,1163,5,165.22,0.1,0.25,206.52,63
6116,1163,10,175.68,0.45,0.25,219.6,48
6117,1163,1,191.36,0.44,0.25,239.2,22
6118,1163,2,173.59,0.44,0.25,216.99,77
6119,1163,3,159.99,0.12,0.25,199.99,14
6120,1247,8,89.95,0.38,0.25,112.44,86
6121,1247,10,91.49,0.44,0.25,114.36,80
6122,1247,4,89.44,0.42,0.25,111.8,25
6123,1247,1,92.52,0.45,0.25,115.65,33
6124,1247,2,79.67,0.3,0.25,99.59,35
6125,1247,6,91.49,0.45,0.25,114.36,87
6126,1491,4,75.99,0.34,0.25,94.99,48
6127,1491,6,75.99,0.36,0.25,94.99,73
6128,1491,1,89.68,0.5,0.25,112.1,24
6129,1491,3,78.35,0.13,0.25,97.94,73
6130,1491,9,78.35,0.36,0.25,97.94,82
6131,1491,7,75.52,0.39,0.25,94.4,79
6132,2657,3,19.13,0.1,0.25,23.91,11
6133,2657,9,19.62,0.33,0.25,24.52,14
6134,2657,5,20.87,0.14,0.25,26.09,18
6135,3367,2,5280.15,0.43,0.25,6600.19,99
6136,3367,8,5129.29,0.4,0.25,6411.61,34
6137,3367,10,5008.6,0.37,0.25,6260.75,95
6138,721,1,29.87,0.31,0.25,37.34,55
6139,721,10,31.9,0.49,0.25,39.88,97
6140,721,9,32.27,0.44,0.25,40.34,66
6141,721,7,28.4,0.3,0.25,35.5,23
6142,721,6,30.06,0.34,0.25,37.57,61
6143,721,2,29.32,0.36,0.25,36.65,23
6144,2761,4,241.07,0.34,0.25,301.34,73
6145,2761,1,284.34,0.5,0.25,355.42,100
6146,2761,3,264.25,0.11,0.25,330.31,85
6147,2761,2,248.79,0.37,0.25,310.99,91
6148,2761,5,253.43,0.14,0.25,316.79,17
6149,2769,3,96.24,0.11,0.25,120.3,73
6150,2769,7,95.63,0.32,0.25,119.54,20
6151,2769,8,103.6,0.39,0.25,129.5,91
6152,2769,2,99.92,0.38,0.25,124.9,75
6153,2769,10,101.76,0.3,0.25,127.2,97
6154,3492,1,5346.65,0.32,0.25,6683.31,45
6155,3492,4,5313.44,0.31,0.25,6641.8,99
6156,3492,9,5711.95,0.35,0.25,7139.94,82
6157,3492,8,5512.69,0.33,0.25,6890.86,82
6158,3492,3,5545.9,0.14,0.25,6932.38,39
6159,3492,5,5147.39,0.14,0.25,6434.24,73
6160,1492,10,146.72,0.37,0.25,183.4,86
6161,1492,4,155.89,0.36,0.25,194.86,74
6162,1492,8,160.48,0.46,0.25,200.6,19
6163,1492,7,163.23,0.5,0.25,204.04,25
6164,1492,3,154.06,0.1,0.25,192.58,93
6165,1492,6,145.8,0.36,0.25,182.25,44
6166,1061,7,56.38,0.35,0.25,70.48,80
6167,1061,1,59.33,0.45,0.25,74.16,100
6168,1061,3,51.46,0.13,0.25,64.32,27
6169,1061,4,52.78,0.36,0.25,65.97,92
6170,562,9,68.65,0.49,0.25,85.81,89
6171,562,1,67.46,0.49,0.25,84.32,65
6172,562,8,65.47,0.38,0.25,81.84,59
6173,562,5,60.31,0.11,0.25,75.39,12
6174,2741,10,197.37,0.43,0.25,246.71,12
6175,2741,3,198.54,0.1,0.25,248.18,13
6176,2741,4,206.76,0.43,0.25,258.45,85
6177,2741,1,197.37,0.36,0.25,246.71,10
6178,3696,9,2341.16,0.33,0.25,2926.45,85
6179,3696,1,2474.52,0.3,0.25,3093.15,73
6180,3696,10,2415.25,0.38,0.25,3019.06,47
6181,3696,7,2518.98,0.33,0.25,3148.72,47
6182,3696,3,2385.62,0.12,0.25,2982.02,69
6183,3696,6,2444.89,0.32,0.25,3056.11,74
6184,2172,10,19.09,0.33,0.25,23.86,46
6185,2172,1,20.2,0.38,0.25,25.25,47
6186,2172,9,21.3,0.47,0.25,26.62,99
6187,235,4,216.45,0.45,0.25,270.56,42
6188,235,8,212.65,0.3,0.25,265.81,23
6189,235,10,227.84,0.43,0.25,284.8,42
6190,235,3,212.65,0.12,0.25,265.81,35
6191,235,6,210.12,0.33,0.25,262.65,29
6192,3345,9,2647.26,0.34,0.25,3309.08,81
6193,3345,8,2850.89,0.44,0.25,3563.61,34
6194,3345,5,2884.83,0.11,0.25,3606.04,87
6195,3345,4,2816.95,0.33,0.25,3521.19,47
6196,208,8,590.26,0.41,0.25,737.82,50
6197,208,6,569.42,0.41,0.25,711.78,46
6198,208,1,586.78,0.41,0.25,733.47,18
6199,208,3,583.31,0.15,0.25,729.14,28
6200,208,5,586.78,0.14,0.25,733.47,64
6201,2873,4,150.48,0.44,0.25,188.1,80
6202,2873,6,139.17,0.33,0.25,173.96,38
6203,2873,5,149.61,0.13,0.25,187.01,80
6204,2873,10,147.0,0.31,0.25,183.75,33
6205,4641,5,371.79,0.13,0.25,464.74,93
6206,4641,1,383.41,0.41,0.25,479.26,68
6207,4641,3,369.47,0.13,0.25,461.84,67
6208,28,2,1067.64,0.3,0.25,1334.55,12
6209,28,5,1136.52,0.11,0.25,1420.65,97
6210,28,7,1143.41,0.4,0.25,1429.26,16
6211,28,1,1157.18,0.4,0.25,1446.48,22
6212,3019,7,2055.61,0.5,0.25,2569.51,22
6213,3019,6,1775.3,0.32,0.25,2219.12,28
6214,3019,4,2184.09,0.47,0.25,2730.11,64
6215,4925,1,293.71,0.45,0.25,367.14,53
6216,4925,2,298.96,0.35,0.25,373.7,99
6217,4925,4,302.46,0.4,0.25,378.08,44
6218,4925,8,290.22,0.44,0.25,362.78,60
6219,3369,3,1022.4,0.14,0.25,1278.0,28
6220,3369,6,1136.7,0.42,0.25,1420.88,50
6221,3369,8,1066.85,0.31,0.25,1333.56,19
6222,3369,10,1066.85,0.39,0.25,1333.56,24
6223,3369,7,1079.55,0.48,0.25,1349.44,84
6224,2,5,978.45,0.11,0.25,1223.06,91
6225,2,3,978.45,0.11,0.25,1223.06,42
6226,2,6,1079.45,0.42,0.25,1349.31,36
6227,2,2,1060.52,0.35,0.25,1325.65,11
6228,341,4,122.28,0.46,0.25,152.85,83
6229,341,1,131.85,0.46,0.25,164.81,98
6230,341,5,125.96,0.15,0.25,157.45,11
6231,4369,9,1100.37,0.4,0.25,1375.46,36
6232,4369,6,1046.7,0.31,0.25,1308.38,43
6233,4369,1,1100.37,0.36,0.25,1375.46,87
6234,4369,8,1120.5,0.43,0.25,1400.62,64
6235,4369,2,1207.73,0.45,0.25,1509.66,16
6236,4369,10,1113.79,0.36,0.25,1392.24,29
6237,723,6,10.22,0.47,0.25,12.78,40
6238,723,10,9.49,0.3,0.25,11.86,34
6239,723,2,9.2,0.32,0.25,11.5,93
6240,723,8,8.69,0.32,0.25,10.86,60
6241,186,10,1511.8,0.38,0.25,1889.75,47
6242,186,9,1548.22,0.36,0.25,1935.28,90
6243,186,4,1557.33,0.33,0.25,1946.66,74
6244,1493,3,141.24,0.11,0.25,176.55,90
6245,1493,4,153.37,0.41,0.25,191.71,73
6246,1493,1,146.44,0.35,0.25,183.05,49
6247,1493,2,132.57,0.3,0.25,165.71,40
6248,5354,2,761.54,0.48,0.25,951.92,63
6249,5354,3,667.94,0.11,0.25,834.92,24
6250,5354,9,757.28,0.49,0.25,946.6,66
6251,5354,1,650.92,0.31,0.25,813.65,65
6252,5354,8,736.01,0.48,0.25,920.01,37
6253,816,9,38.17,0.44,0.25,47.71,26
6254,816,8,35.49,0.37,0.25,44.36,26
6255,816,5,37.27,0.1,0.25,46.59,46
6256,2579,2,151.41,0.37,0.25,189.26,94
6257,2579,9,152.37,0.33,0.25,190.46,53
6258,2579,8,154.29,0.38,0.25,192.86,58
6259,2579,3,152.37,0.13,0.25,190.46,94
6260,3114,2,6925.77,0.49,0.25,8657.21,87
6261,3114,5,6638.91,0.13,0.25,8298.64,25
6262,3114,9,7294.6,0.42,0.25,9118.25,52
6263,2053,9,33.2,0.33,0.25,41.5,69
6264,2053,4,34.59,0.45,0.25,43.24,93
6265,2053,1,30.62,0.33,0.25,38.28,53
6266,2053,2,33.2,0.38,0.25,41.5,37
6267,2053,7,33.99,0.4,0.25,42.49,44
6268,2152,6,19.83,0.35,0.25,24.79,19
6269,2152,10,21.95,0.38,0.25,27.44,87
6270,2152,4,19.83,0.32,0.25,24.79,24
6271,2152,9,21.2,0.3,0.25,26.5,34
6272,2152,5,19.45,0.14,0.25,24.31,54
6273,2152,2,22.07,0.4,0.25,27.59,56
6274,3938,5,1336.61,0.12,0.25,1670.76,67
6275,3938,4,1512.48,0.35,0.25,1890.6,19
6276,3938,2,1345.41,0.32,0.25,1681.76,38
6277,1138,2,190.51,0.39,0.25,238.14,97
6278,1138,4,180.6,0.41,0.25,225.75,15
6279,1138,8,199.32,0.44,0.25,249.15,68
6280,1138,9,196.01,0.48,0.25,245.01,78
6281,1956,3,16.89,0.12,0.25,21.11,85
6282,1956,4,18.49,0.35,0.25,23.11,37
6283,1956,1,18.39,0.48,0.25,22.99,60
6284,1956,7,19.14,0.44,0.25,23.92,12
6285,1956,2,19.24,0.49,0.25,24.05,16
6286,1956,6,18.07,0.34,0.25,22.59,12
6287,3545,8,5321.54,0.44,0.25,6651.92,16
6288,3545,1,5082.37,0.41,0.25,6352.96,79
6289,3545,6,5411.23,0.49,0.25,6764.04,18
6290,3545,5,5022.58,0.14,0.25,6278.22,54
6291,3545,2,4992.68,0.44,0.25,6240.85,23
6292,1461,8,116.3,0.43,0.25,145.38,31
6293,1461,6,110.73,0.3,0.25,138.41,18
6294,1461,9,117.0,0.41,0.25,146.25,22
6295,1461,1,119.08,0.46,0.25,148.85,41
6296,1461,2,123.96,0.38,0.25,154.95,100
6297,4322,4,564.3,0.48,0.25,705.38,27
6298,4322,10,557.81,0.49,0.25,697.26,85
6299,4322,8,561.06,0.43,0.25,701.32,35
6300,4322,3,551.33,0.14,0.25,689.16,72
6301,2835,5,313.58,0.13,0.25,391.98,92
6302,2835,6,319.32,0.44,0.25,399.15,84
6303,2835,4,311.67,0.38,0.25,389.59,19
6304,2244,8,144.31,0.35,0.25,180.39,79
6305,2244,3,126.69,0.1,0.25,158.36,75
6306,2244,9,150.18,0.42,0.25,187.73,31
6307,2244,7,141.79,0.34,0.25,177.24,92
6308,2244,2,151.86,0.48,0.25,189.82,75
6309,1106,9,46.15,0.42,0.25,57.69,10
6310,1106,10,42.33,0.32,0.25,52.91,19
6311,1106,1,47.79,0.47,0.25,59.74,72
6312,1106,7,48.34,0.39,0.25,60.42,61
6313,4219,10,1102.28,0.42,0.25,1377.85,52
6314,4219,7,1141.89,0.37,0.25,1427.36,89
6315,4219,4,1128.69,0.32,0.25,1410.86,49
6316,4219,3,1095.68,0.11,0.25,1369.6,53
6317,4219,8,1102.28,0.3,0.25,1377.85,97
6318,4212,8,1615.55,0.39,0.25,2019.44,82
6319,4212,1,1715.9,0.37,0.25,2144.88,86
6320,4212,5,1695.83,0.11,0.25,2119.79,63
6321,4212,2,1585.45,0.34,0.25,1981.81,66
6322,4212,9,1575.42,0.35,0.25,1969.28,58
6323,1254,9,15.47,0.41,0.25,19.34,90
6324,1254,1,15.65,0.39,0.25,19.56,36
6325,1254,5,15.03,0.13,0.25,18.79,73
6326,1254,8,14.86,0.44,0.25,18.58,58
6327,1738,6,494.56,0.3,0.25,618.2,11
6328,1738,3,458.15,0.11,0.25,572.69,45
6329,1738,8,476.35,0.36,0.25,595.44,82
6330,1738,2,479.39,0.33,0.25,599.24,28
6331,1738,5,518.83,0.15,0.25,648.54,77
6332,1738,7,521.87,0.39,0.25,652.34,23
6333,4855,4,655.37,0.38,0.25,819.21,31
6334,4855,9,697.28,0.43,0.25,871.6,46
6335,4855,10,666.8,0.44,0.25,833.5,27
6336,4855,7,613.46,0.32,0.25,766.82,41
6337,312,8,294.23,0.35,0.25,367.79,43
6338,312,3,310.88,0.12,0.25,388.6,15
6339,312,10,296.08,0.35,0.25,370.1,17
6340,4006,4,870.5,0.5,0.25,1088.12,79
6341,4006,1,914.77,0.46,0.25,1143.46,50
6342,4006,3,811.49,0.14,0.25,1014.36,12
6343,4006,8,850.83,0.44,0.25,1063.54,33
6344,4006,2,752.47,0.33,0.25,940.59,90
6345,4006,5,816.4,0.11,0.25,1020.5,53
6346,3119,10,8355.22,0.46,0.25,10444.02,91
6347,3119,2,7937.46,0.38,0.25,9921.83,37
6348,3119,6,8262.39,0.46,0.25,10327.99,96
6349,3068,5,6664.36,0.11,0.25,8330.45,99
6350,3068,10,6664.36,0.45,0.25,8330.45,40
6351,3068,1,6154.73,0.36,0.25,7693.41,37
6352,3068,3,6585.95,0.1,0.25,8232.44,62
6353,3241,3,4170.29,0.12,0.25,5212.86,50
6354,3241,6,4785.14,0.47,0.25,5981.42,38
6355,3241,4,4357.41,0.4,0.25,5446.76,80
6356,3241,7,4598.01,0.46,0.25,5747.51,36
6357,3241,1,4624.74,0.37,0.25,5780.92,23
6358,1609,8,154.89,0.39,0.25,193.61,68
6359,1609,5,159.53,0.15,0.25,199.41,82
6360,1609,4,163.24,0.44,0.25,204.05,56
6361,1609,3,147.47,0.15,0.25,184.34,17
6362,1609,10,174.37,0.49,0.25,217.96,48
6363,4751,9,551.81,0.34,0.25,689.76,48
6364,4751,10,551.81,0.38,0.25,689.76,16
6365,4751,1,582.66,0.32,0.25,728.32,38
6366,4989,10,619.74,0.38,0.25,774.68,94
6367,4989,4,673.63,0.39,0.25,842.04,34
6368,4989,1,631.29,0.4,0.25,789.11,62
6369,5204,2,313.75,0.33,0.25,392.19,56
6370,5204,4,333.86,0.35,0.25,417.33,17
6371,5204,3,319.78,0.13,0.25,399.72,98
6372,720,4,37.96,0.31,0.25,47.45,58
6373,720,1,35.74,0.37,0.25,44.68,76
6374,720,3,34.63,0.12,0.25,43.29,43
6375,720,2,36.19,0.33,0.25,45.24,89
6376,720,7,34.41,0.31,0.25,43.01,20
6377,720,5,35.52,0.1,0.25,44.4,23
6378,3052,2,6966.44,0.38,0.25,8708.05,33
6379,3052,8,7623.65,0.48,0.25,9529.56,43
6380,3052,4,6659.74,0.31,0.25,8324.67,99
6381,3052,5,6791.19,0.1,0.25,8488.99,43
6382,3052,6,7623.65,0.43,0.25,9529.56,97
6383,3052,9,8105.61,0.45,0.25,10132.01,29
6384,3753,5,6401.37,0.12,0.25,8001.71,58
6385,3753,3,6288.4,0.12,0.25,7860.5,21
6386,3753,4,6175.44,0.37,0.25,7719.3,41
6387,3753,8,6401.37,0.33,0.25,8001.71,49
6388,3753,6,6062.47,0.41,0.25,7578.09,86
6389,3753,2,6288.4,0.36,0.25,7860.5,43
6390,1843,7,24.02,0.36,0.25,30.02,53
6391,1843,2,27.8,0.48,0.25,34.75,73
6392,1843,4,26.59,0.41,0.25,33.24,13
6393,1843,6,24.33,0.4,0.25,30.41,91
6394,1843,10,23.12,0.31,0.25,28.9,40
6395,4423,8,2389.74,0.42,0.25,2987.18,43
6396,4423,7,2363.04,0.43,0.25,2953.8,46
6397,4423,6,2349.69,0.38,0.25,2937.11,54
6398,5312,8,158.65,0.5,0.25,198.31,67
6399,5312,6,164.22,0.5,0.25,205.28,63
6400,5312,9,157.73,0.31,0.25,197.16,35
6401,5312,3,156.8,0.12,0.25,196.0,63
6402,1702,4,665.8,0.38,0.25,832.25,45
6403,1702,5,677.55,0.13,0.25,846.94,43
6404,1702,10,673.64,0.48,0.25,842.05,38
6405,1702,6,673.64,0.33,0.25,842.05,10
6406,1702,2,638.39,0.33,0.25,797.99,29
6407,4152,5,1274.87,0.12,0.25,1593.59,33
6408,4152,6,1381.8,0.44,0.25,1727.25,46
6409,4152,9,1414.7,0.47,0.25,1768.38,45
6410,4396,7,1072.01,0.35,0.25,1340.01,63
6411,4396,3,1110.52,0.14,0.25,1388.15,30
6412,4396,2,1129.78,0.4,0.25,1412.22,60
6413,4396,1,988.56,0.32,0.25,1235.7,46
6414,4396,5,1084.84,0.12,0.25,1356.05,15
6415,4396,10,1033.49,0.39,0.25,1291.86,18
6416,1100,10,67.07,0.43,0.25,83.84,30
6417,1100,6,73.73,0.48,0.25,92.16,75
6418,1100,4,65.11,0.41,0.25,81.39,51
6419,1100,5,66.67,0.14,0.25,83.34,13
6420,1100,2,62.75,0.37,0.25,78.44,60
6421,1100,8,68.24,0.44,0.25,85.3,19
6422,2571,2,238.44,0.31,0.25,298.05,51
6423,2571,7,260.11,0.45,0.25,325.14,22
6424,2571,4,280.24,0.45,0.25,350.3,53
6425,2571,5,257.02,0.1,0.25,321.27,47
6426,4427,4,652.4,0.38,0.25,815.5,38
6427,4427,5,603.38,0.12,0.25,754.22,24
6428,4427,3,626.0,0.14,0.25,782.5,65
6429,4427,9,659.94,0.42,0.25,824.92,61
6430,4427,7,652.4,0.36,0.25,815.5,88
6431,2984,8,205.3,0.39,0.25,256.62,91
6432,2984,6,202.87,0.31,0.25,253.59,66
6433,2984,3,185.86,0.13,0.25,232.32,94
6434,2984,9,188.29,0.31,0.25,235.36,76
6435,2984,4,207.73,0.4,0.25,259.66,94
6436,2984,7,212.59,0.38,0.25,265.74,20
6437,3626,1,4740.37,0.46,0.25,5925.46,47
6438,3626,2,4429.99,0.33,0.25,5537.49,56
6439,3626,4,4401.77,0.34,0.25,5502.21,43
6440,3626,5,4345.34,0.12,0.25,5431.68,89
6441,3626,6,4909.67,0.38,0.25,6137.09,52
6442,3626,3,4345.34,0.11,0.25,5431.68,95
6443,2230,4,15.69,0.36,0.25,19.61,80
6444,2230,10,16.78,0.49,0.25,20.98,52
6445,2230,8,15.87,0.46,0.25,19.84,76
6446,880,5,44.88,0.1,0.25,56.1,63
6447,880,2,52.45,0.42,0.25,65.56,74
6448,880,3,45.17,0.14,0.25,56.46,49
6449,4926,5,463.0,0.12,0.25,578.75,62
6450,4926,7,475.03,0.36,0.25,593.79,89
6451,4926,6,469.01,0.33,0.25,586.26,38
6452,894,2,125.01,0.38,0.25,156.26,11
6453,894,4,128.64,0.48,0.25,160.8,78
6454,894,7,129.37,0.4,0.25,161.71,10
6455,894,1,116.29,0.3,0.25,145.36,14
6456,894,5,117.74,0.11,0.25,147.17,50
6457,3401,1,6411.06,0.48,0.25,8013.83,46
6458,3401,5,5853.57,0.15,0.25,7316.96,20
6459,3401,3,5923.26,0.13,0.25,7404.08,64
6460,3401,7,5330.93,0.32,0.25,6663.66,80
6461,1031,10,23.48,0.49,0.25,29.35,62
6462,1031,2,23.88,0.38,0.25,29.85,33
6463,1031,6,22.25,0.3,0.25,27.81,59
6464,2708,8,289.96,0.38,0.25,362.45,57
6465,2708,1,291.61,0.38,0.25,364.51,87
6466,2708,4,283.37,0.42,0.25,354.21,61
6467,2708,5,255.36,0.15,0.25,319.2,28
6468,236,6,28.35,0.4,0.25,35.44,75
6469,236,1,30.47,0.42,0.25,38.09,52
6470,236,9,28.35,0.36,0.25,35.44,93
6471,236,4,32.05,0.45,0.25,40.06,22
6472,236,10,29.94,0.48,0.25,37.43,36
6473,2664,9,367.18,0.37,0.25,458.98,55
6474,2664,10,406.06,0.49,0.25,507.58,81
6475,2664,5,375.82,0.14,0.25,469.78,28
6476,2664,1,373.66,0.37,0.25,467.08,13
6477,2664,6,367.18,0.4,0.25,458.98,28
6478,2664,8,356.38,0.37,0.25,445.48,64
6479,4522,3,1685.3,0.15,0.25,2106.62,23
6480,4522,5,1725.19,0.14,0.25,2156.49,59
6481,4522,10,1795.0,0.41,0.25,2243.75,83
6482,4522,9,1804.97,0.49,0.25,2256.21,51
6483,4522,7,1635.44,0.37,0.25,2044.3,77
6484,4522,6,1625.47,0.33,0.25,2031.84,82
6485,231,3,234.08,0.14,0.25,292.6,20
6486,231,6,239.69,0.46,0.25,299.61,25
6487,231,8,250.9,0.42,0.25,313.62,84
6488,4933,4,96.57,0.43,0.25,120.71,78
6489,4933,7,100.09,0.42,0.25,125.11,27
6490,4933,3,93.06,0.11,0.25,116.32,18
6491,4933,2,95.4,0.39,0.25,119.25,49
6492,4518,3,1454.19,0.11,0.25,1817.74,81
6493,4518,4,1576.84,0.42,0.25,1971.05,65
6494,4518,9,1620.64,0.49,0.25,2025.8,34
6495,4518,2,1506.75,0.36,0.25,1883.44,66
6496,4518,7,1462.95,0.43,0.25,1828.69,62
6497,4518,6,1497.99,0.49,0.25,1872.49,78
6498,584,9,57.52,0.32,0.25,71.9,92
6499,584,5,53.5,0.13,0.25,66.88,40
6500,584,3,52.17,0.13,0.25,65.21,88
6501,584,10,54.51,0.35,0.25,68.14,77
6502,584,6,54.17,0.35,0.25,67.71,15
6503,2783,1,259.09,0.49,0.25,323.86,99
6504,2783,2,264.98,0.46,0.25,331.22,36
6505,2783,8,248.78,0.44,0.25,310.98,54
6506,5085,7,354.92,0.4,0.25,443.65,81
6507,5085,4,316.61,0.35,0.25,395.76,23
6508,5085,9,348.87,0.5,0.25,436.09,86
6509,5085,3,314.59,0.12,0.25,393.24,90
6510,2792,10,239.35,0.34,0.25,299.19,61
6511,2792,3,235.08,0.13,0.25,293.85,63
6512,2792,5,236.5,0.14,0.25,295.62,99
6513,2792,8,236.5,0.37,0.25,295.62,36
6514,2792,7,240.77,0.46,0.25,300.96,95
6515,2792,1,239.35,0.36,0.25,299.19,56
6516,5125,4,235.84,0.45,0.25,294.8,95
6517,5125,10,245.55,0.48,0.25,306.94,91
6518,5125,9,248.33,0.41,0.25,310.41,66
6519,5125,8,234.45,0.44,0.25,293.06,83
6520,4593,9,339.59,0.49,0.25,424.49,18
6521,4593,8,333.63,0.46,0.25,417.04,30
6522,4593,2,325.69,0.43,0.25,407.11,69
6523,4593,1,333.63,0.41,0.25,417.04,17
6524,4593,7,317.74,0.4,0.25,397.18,29
6525,3836,6,95.24,0.43,0.25,119.05,79
6526,3836,8,96.34,0.41,0.25,120.43,33
6527,3836,2,99.67,0.49,0.25,124.59,86
6528,3836,4,95.24,0.36,0.25,119.05,21
6529,4606,5,793.09,0.11,0.25,991.36,74
6530,4606,2,836.88,0.5,0.25,1046.1,35
6531,4606,4,836.88,0.38,0.25,1046.1,18
6532,4606,1,802.82,0.34,0.25,1003.53,85
6533,3101,5,1686.51,0.14,0.25,2108.14,45
6534,3101,1,1804.18,0.5,0.25,2255.22,23
6535,3101,3,1549.24,0.1,0.25,1936.55,54
6536,3101,4,1764.95,0.48,0.25,2206.19,93
6537,3101,2,1706.12,0.43,0.25,2132.65,82
6538,3101,9,1686.51,0.34,0.25,2108.14,80
6539,991,2,168.05,0.43,0.25,210.06,51
6540,991,3,144.58,0.13,0.25,180.73,99
6541,991,9,159.6,0.47,0.25,199.5,13
6542,991,6,165.23,0.45,0.25,206.54,100
6543,991,1,143.64,0.3,0.25,179.55,84
6544,1489,10,95.45,0.36,0.25,119.31,44
6545,1489,9,105.11,0.46,0.25,131.39,93
6546,1489,6,100.28,0.33,0.25,125.35,16
6547,5131,6,395.99,0.42,0.25,494.99,99
6548,5131,3,425.14,0.15,0.25,531.42,71
6549,5131,9,400.85,0.37,0.25,501.06,32
6550,5131,2,403.28,0.46,0.25,504.1,32
6551,5131,8,393.56,0.3,0.25,491.95,72
6552,2705,5,322.31,0.12,0.25,402.89,47
6553,2705,2,322.31,0.33,0.25,402.89,47
6554,2705,7,286.71,0.32,0.25,358.39,73
6555,2705,6,327.93,0.45,0.25,409.91,40
6556,2705,8,322.31,0.46,0.25,402.89,66
6557,2705,9,327.93,0.41,0.25,409.91,52
6558,5118,4,501.3,0.41,0.25,626.62,91
6559,5118,10,507.26,0.4,0.25,634.08,50
6560,5118,1,528.15,0.4,0.25,660.19,96
6561,5118,8,525.17,0.45,0.25,656.46,13
6562,3721,4,2447.56,0.38,0.25,3059.45,68
6563,3721,9,2689.47,0.49,0.25,3361.84,67
6564,3721,7,2561.4,0.49,0.25,3201.75,18
6565,3721,10,2347.95,0.38,0.25,2934.94,53
6566,3721,6,2276.8,0.38,0.25,2846.0,100
6567,3721,2,2319.49,0.36,0.25,2899.36,81
6568,2902,9,200.69,0.43,0.25,250.86,42
6569,2902,7,184.06,0.44,0.25,230.08,53
6570,2902,1,176.3,0.37,0.25,220.38,50
6571,2902,3,181.84,0.13,0.25,227.3,29
6572,2902,6,185.17,0.43,0.25,231.46,63
6573,2902,10,205.13,0.45,0.25,256.41,38
6574,5410,1,182.75,0.34,0.25,228.44,30
6575,5410,5,176.34,0.12,0.25,220.42,47
6576,5410,9,166.72,0.31,0.25,208.4,14
6577,5410,2,180.61,0.39,0.25,225.76,47
6578,5410,4,193.43,0.5,0.25,241.79,62
6579,5410,8,170.99,0.4,0.25,213.74,16
6580,5159,2,144.41,0.46,0.25,180.51,69
6581,5159,8,138.5,0.42,0.25,173.12,39
6582,5159,7,152.85,0.44,0.25,191.06,72
6583,5159,6,148.63,0.42,0.25,185.79,43
6584,3594,9,7491.87,0.33,0.25,9364.84,64
6585,3594,4,7403.73,0.46,0.25,9254.66,21
6586,3594,10,7712.21,0.38,0.25,9640.26,18
6587,3594,5,6742.68,0.11,0.25,8428.35,51
6588,3594,3,7271.52,0.13,0.25,9089.4,91
6589,3594,2,7447.8,0.48,0.25,9309.75,65
6590,528,5,165.15,0.11,0.25,206.44,49
6591,528,6,175.28,0.49,0.25,219.1,39
6592,528,1,158.06,0.35,0.25,197.58,29
6593,528,8,175.28,0.33,0.25,219.1,68
6594,1318,7,109.58,0.32,0.25,136.98,78
6595,1318,6,111.52,0.37,0.25,139.4,68
6596,1318,5,108.94,0.11,0.25,136.18,93
6597,1318,10,108.29,0.32,0.25,135.36,50
6598,1318,1,107.65,0.42,0.25,134.56,53
6599,2047,1,5.32,0.4,0.25,6.65,41
6600,2047,10,5.7,0.48,0.25,7.12,26
6601,2047,3,4.95,0.11,0.25,6.19,54
6602,2047,9,5.13,0.33,0.25,6.41,79
6603,4308,6,547.99,0.48,0.25,684.99,71
6604,4308,7,488.75,0.41,0.25,610.94,30
6605,4308,8,512.44,0.39,0.25,640.55,75
6606,4308,3,494.67,0.11,0.25,618.34,89
6607,4308,10,533.18,0.42,0.25,666.47,20
6608,4308,9,527.25,0.45,0.25,659.06,16
6609,294,8,239.46,0.42,0.25,299.32,47
6610,294,7,248.06,0.5,0.25,310.08,52
6611,294,2,258.1,0.47,0.25,322.62,52
6612,294,1,238.03,0.35,0.25,297.54,81
6613,294,6,242.33,0.46,0.25,302.91,81
6614,4557,4,1978.99,0.43,0.25,2473.74,84
6615,4557,5,1845.57,0.15,0.25,2306.96,12
6616,4557,1,1778.86,0.34,0.25,2223.57,85
6617,2318,8,176.22,0.32,0.25,220.28,15
6618,2318,2,164.75,0.36,0.25,205.94,38
6619,2318,7,174.13,0.33,0.25,217.66,20
6620,2318,3,160.58,0.13,0.25,200.73,73
6621,2318,4,192.9,0.49,0.25,241.12,25
6622,2435,1,20.88,0.31,0.25,26.1,81
6623,2435,9,20.88,0.31,0.25,26.1,23
6624,2435,10,22.78,0.46,0.25,28.48,36
6625,2435,6,24.0,0.4,0.25,30.0,94
6626,2435,5,21.83,0.13,0.25,27.29,28
6627,2435,2,24.95,0.45,0.25,31.19,13
6628,2920,5,179.5,0.11,0.25,224.38,88
6629,2920,10,187.71,0.38,0.25,234.64,32
6630,2920,8,202.96,0.38,0.25,253.7,29
6631,2920,4,185.37,0.33,0.25,231.71,79
6632,3848,5,1736.39,0.13,0.25,2170.49,19
6633,3848,1,1768.35,0.45,0.25,2210.44,91
6634,3848,10,1704.43,0.39,0.25,2130.54,91
6635,3848,2,1608.56,0.3,0.25,2010.7,80
6636,1641,2,69.68,0.41,0.25,87.1,24
6637,1641,8,76.99,0.46,0.25,96.24,93
6638,1641,7,73.98,0.38,0.25,92.48,87
6639,1641,4,72.26,0.45,0.25,90.32,89
6640,1641,6,66.24,0.3,0.25,82.8,72
6641,3428,6,4617.77,0.42,0.25,5772.21,34
6642,3428,8,4566.47,0.39,0.25,5708.09,29
6643,3428,7,4438.19,0.37,0.25,5547.74,22
6644,3428,2,4412.54,0.4,0.25,5515.68,14
6645,2188,5,15.06,0.12,0.25,18.82,47
6646,2188,8,14.8,0.32,0.25,18.5,76
6647,2188,6,15.77,0.43,0.25,19.71,11
6648,2188,9,15.95,0.42,0.25,19.94,31
6649,2188,2,15.06,0.36,0.25,18.82,31
6650,4718,5,144.4,0.13,0.25,180.5,63
6651,4718,1,141.71,0.31,0.25,177.14,26
6652,4718,7,157.85,0.46,0.25,197.31,50
6653,4424,9,1386.58,0.42,0.25,1733.22,83
6654,4424,10,1531.19,0.46,0.25,1913.99,99
6655,4424,2,1403.59,0.3,0.25,1754.49,18
6656,4424,3,1386.58,0.15,0.25,1733.22,68
6657,4424,7,1497.16,0.43,0.25,1871.45,43
6658,1287,10,161.38,0.42,0.25,201.72,36
6659,1287,5,169.25,0.14,0.25,211.56,24
6660,1287,1,168.26,0.48,0.25,210.32,99
6661,1287,2,163.34,0.34,0.25,204.18,10
6662,1405,3,18.73,0.13,0.25,23.41,10
6663,1405,10,19.65,0.46,0.25,24.56,62
6664,1405,5,19.53,0.12,0.25,24.41,45
6665,1405,9,19.42,0.4,0.25,24.28,77
6666,1405,6,19.65,0.33,0.25,24.56,51
6667,1405,1,18.61,0.35,0.25,23.26,18
6668,5041,5,300.23,0.15,0.25,375.29,15
6669,5041,3,292.77,0.11,0.25,365.96,62
6670,5041,4,328.2,0.38,0.25,410.25,18
6671,3885,10,1225.14,0.39,0.25,1531.43,32
6672,3885,1,1239.38,0.44,0.25,1549.22,99
6673,3885,8,1275.0,0.49,0.25,1593.75,94
6674,3885,2,1132.54,0.33,0.25,1415.68,35
6675,3371,10,5803.91,0.4,0.25,7254.89,34
6676,3371,4,5602.62,0.34,0.25,7003.28,90
6677,3371,5,5099.39,0.11,0.25,6374.24,13
6678,3371,7,5132.94,0.32,0.25,6416.17,92
6679,1174,5,203.64,0.14,0.25,254.55,24
6680,1174,6,214.15,0.32,0.25,267.69,60
6681,1174,9,231.23,0.44,0.25,289.04,79
6682,1174,10,225.97,0.34,0.25,282.46,13
6683,1174,2,222.03,0.41,0.25,277.54,79
6684,1174,4,229.92,0.43,0.25,287.4,57
6685,2233,10,63.84,0.43,0.25,79.8,24
6686,2233,8,62.43,0.46,0.25,78.04,29
6687,2233,3,59.25,0.11,0.25,74.06,76
6688,2233,4,59.61,0.31,0.25,74.51,26
6689,2233,5,56.43,0.12,0.25,70.54,86
6690,533,5,22.28,0.13,0.25,27.85,97
6691,533,10,21.71,0.33,0.25,27.14,100
6692,533,4,26.54,0.48,0.25,33.17,36
6693,3509,8,1123.07,0.49,0.25,1403.84,91
6694,3509,1,1076.83,0.36,0.25,1346.04,11
6695,3509,7,1149.5,0.39,0.25,1436.88,90
6696,3509,4,1136.28,0.36,0.25,1420.35,48
6697,3509,5,1136.28,0.13,0.25,1420.35,100
6698,3932,6,744.28,0.31,0.25,930.35,48
6699,3932,5,707.52,0.11,0.25,884.4,31
6700,3932,1,748.87,0.34,0.25,936.09,12
6701,3932,9,739.68,0.35,0.25,924.6,62
6702,141,1,1924.89,0.45,0.25,2406.11,47
6703,141,2,1830.22,0.46,0.25,2287.78,30
6704,141,6,1935.4,0.48,0.25,2419.25,76
6705,141,4,1767.11,0.36,0.25,2208.89,29
6706,141,3,1630.37,0.14,0.25,2037.96,88
6707,468,4,400.29,0.5,0.25,500.36,58
6708,468,2,361.55,0.32,0.25,451.94,75
6709,468,5,348.64,0.12,0.25,435.8,50
6710,468,6,387.38,0.43,0.25,484.22,24
6711,468,8,368.01,0.46,0.25,460.01,58
6712,2690,8,115.83,0.45,0.25,144.79,20
6713,2690,2,111.62,0.37,0.25,139.52,83
6714,2690,10,124.96,0.39,0.25,156.2,89
6715,2690,7,124.25,0.43,0.25,155.31,75
6716,2690,9,116.53,0.35,0.25,145.66,57
6717,825,10,30.83,0.31,0.25,38.54,49
6718,825,7,33.58,0.4,0.25,41.97,83
6719,825,4,33.39,0.36,0.25,41.74,40
6720,1239,3,155.16,0.15,0.25,193.95,37
6721,1239,5,150.55,0.12,0.25,188.19,81
6722,1239,2,145.93,0.33,0.25,182.41,84
6723,1239,6,155.16,0.4,0.25,193.95,93
6724,1239,8,163.48,0.4,0.25,204.35,43
6725,4694,6,401.7,0.33,0.25,502.12,21
6726,4694,3,426.64,0.12,0.25,533.3,54
6727,4694,9,411.67,0.41,0.25,514.59,84
6728,3854,6,1111.69,0.34,0.25,1389.61,73
6729,3854,4,1164.63,0.43,0.25,1455.79,15
6730,3854,7,1177.86,0.41,0.25,1472.32,56
6731,3854,8,1091.84,0.44,0.25,1364.8,14
6732,3854,10,1124.92,0.5,0.25,1406.15,77
6733,2134,5,8.79,0.1,0.25,10.99,68
6734,2134,9,8.96,0.32,0.25,11.2,48
6735,2134,1,10.42,0.49,0.25,13.02,85
6736,2134,6,10.24,0.49,0.25,12.8,27
6737,2056,1,7.04,0.33,0.25,8.8,87
6738,2056,7,7.29,0.45,0.25,9.11,78
6739,2056,9,6.84,0.36,0.25,8.55,54
6740,2056,10,7.49,0.5,0.25,9.36,100
6741,2056,3,6.35,0.11,0.25,7.94,52
6742,3262,4,4040.54,0.41,0.25,5050.68,86
6743,3262,2,4635.47,0.5,0.25,5794.34,10
6744,3262,7,4189.27,0.44,0.25,5236.59,53
6745,3262,10,4660.26,0.5,0.25,5825.33,18
6746,3262,9,4461.95,0.5,0.25,5577.44,96
6747,3262,8,4214.06,0.49,0.25,5267.58,24
6748,2832,7,146.15,0.34,0.25,182.69,40
6749,2832,4,162.58,0.48,0.25,203.23,31
6750,2832,10,147.02,0.46,0.25,183.78,72
6751,2832,1,155.66,0.46,0.25,194.58,51
6752,2832,2,152.2,0.37,0.25,190.25,79
6753,2832,5,147.02,0.12,0.25,183.78,12
6754,2718,9,249.38,0.41,0.25,311.73,37
6755,2718,10,239.29,0.44,0.25,299.11,59
6756,2718,6,239.29,0.43,0.25,299.11,64
6757,4784,10,291.32,0.41,0.25,364.15,87
6758,4784,1,291.32,0.45,0.25,364.15,44
6759,4784,4,303.39,0.44,0.25,379.24,58
6760,4784,5,267.19,0.13,0.25,333.99,46
6761,4998,5,215.08,0.13,0.25,268.85,71
6762,4998,8,228.86,0.36,0.25,286.08,78
6763,4998,6,253.68,0.48,0.25,317.1,89
6764,1433,6,77.63,0.36,0.25,97.04,66
6765,1433,8,74.46,0.37,0.25,93.07,78
6766,1433,4,73.55,0.34,0.25,91.94,89
6767,1433,10,83.99,0.47,0.25,104.99,84
6768,1433,7,76.73,0.35,0.25,95.91,62
6769,1433,1,80.81,0.47,0.25,101.01,40
6770,3899,7,1237.56,0.5,0.25,1546.95,47
6771,3899,10,1169.57,0.34,0.25,1461.96,11
6772,3899,3,1047.17,0.13,0.25,1308.96,82
6773,774,4,61.63,0.32,0.25,77.04,85
6774,774,5,58.38,0.15,0.25,72.98,71
6775,774,6,61.99,0.45,0.25,77.49,96
6776,774,2,59.83,0.41,0.25,74.79,35
6777,900,8,181.55,0.32,0.25,226.94,90
6778,900,5,189.7,0.14,0.25,237.12,34
6779,900,9,190.86,0.42,0.25,238.58,32
6780,900,3,199.01,0.15,0.25,248.76,97
6781,4103,9,1017.11,0.46,0.25,1271.39,69
6782,4103,1,950.12,0.34,0.25,1187.65,16
6783,4103,5,962.3,0.11,0.25,1202.88,16
6784,4103,8,956.21,0.36,0.25,1195.26,31
6785,4103,10,1047.57,0.46,0.25,1309.46,48
6786,1371,9,10.45,0.41,0.25,13.06,97
6787,1371,8,10.04,0.35,0.25,12.55,58
6788,1371,6,9.58,0.32,0.25,11.98,40
6789,3242,9,3986.36,0.49,0.25,4982.95,89
6790,3242,6,4100.26,0.44,0.25,5125.33,54
6791,3242,7,4100.26,0.43,0.25,5125.33,32
6792,3242,2,3621.89,0.39,0.25,4527.36,83
6793,3242,4,3895.24,0.4,0.25,4869.05,35
6794,2569,3,80.75,0.11,0.25,100.94,20
6795,2569,5,81.81,0.13,0.25,102.26,72
6796,2569,1,89.73,0.43,0.25,112.16,67
6797,2569,8,96.59,0.46,0.25,120.74,99
6798,2569,9,86.56,0.38,0.25,108.2,48
6799,4490,10,2135.72,0.48,0.25,2669.65,31
6800,4490,7,2076.39,0.43,0.25,2595.49,55
6801,4490,2,1886.55,0.32,0.25,2358.19,30
6802,4089,9,1635.91,0.32,0.25,2044.89,15
6803,4089,10,1871.14,0.45,0.25,2338.93,26
6804,4089,4,1764.21,0.4,0.25,2205.26,34
6805,1093,1,269.56,0.39,0.25,336.95,66
6806,1093,5,249.42,0.12,0.25,311.77,23
6807,1093,9,249.42,0.31,0.25,311.77,69
6808,1093,7,269.56,0.49,0.25,336.95,45
6809,1093,3,266.46,0.13,0.25,333.08,69
6810,1093,6,250.97,0.31,0.25,313.71,93
6811,360,4,396.89,0.37,0.25,496.11,41
6812,360,10,380.26,0.39,0.25,475.32,95
6813,360,1,420.66,0.41,0.25,525.83,41
6814,360,6,406.4,0.33,0.25,508.0,76
6815,81,1,1050.42,0.41,0.25,1313.02,87
6816,81,8,1093.93,0.42,0.25,1367.41,42
6817,81,2,1106.36,0.42,0.25,1382.95,79
6818,81,4,1056.64,0.44,0.25,1320.8,78
6819,81,7,1050.42,0.3,0.25,1313.02,42
6820,537,4,29.65,0.39,0.25,37.06,20
6821,537,3,28.78,0.11,0.25,35.98,68
6822,537,2,29.48,0.33,0.25,36.85,69
6823,537,1,29.3,0.34,0.25,36.62,10
6824,537,5,28.96,0.1,0.25,36.2,89
6825,537,6,30.17,0.4,0.25,37.71,21
6826,5226,3,135.27,0.11,0.25,169.09,71
6827,5226,8,138.47,0.34,0.25,173.09,38
6828,5226,4,144.87,0.45,0.25,181.09,31
6829,4034,4,1021.33,0.35,0.25,1276.66,86
6830,4034,6,1096.98,0.41,0.25,1371.22,93
6831,4034,2,1046.55,0.36,0.25,1308.19,47
6832,4034,9,1021.33,0.36,0.25,1276.66,67
6833,4034,1,983.5,0.34,0.25,1229.38,70
6834,4034,8,1078.07,0.48,0.25,1347.59,63
6835,4383,10,289.21,0.43,0.25,361.51,48
6836,4383,6,301.48,0.35,0.25,376.85,56
6837,4383,4,308.49,0.41,0.25,385.61,63
6838,4383,8,308.49,0.47,0.25,385.61,28
6839,4383,3,303.23,0.14,0.25,379.04,86
6840,4286,2,234.78,0.39,0.25,293.48,22
6841,4286,9,240.65,0.39,0.25,300.81,97
6842,4286,3,243.59,0.1,0.25,304.49,20
6843,4286,6,253.86,0.43,0.25,317.33,29
6844,5409,6,175.31,0.31,0.25,219.14,70
6845,5409,10,186.27,0.43,0.25,232.84,36
6846,5409,8,175.31,0.39,0.25,219.14,59
6847,5409,3,167.64,0.12,0.25,209.55,72
6848,5409,7,184.08,0.41,0.25,230.1,63
6849,5409,5,179.69,0.14,0.25,224.61,85
6850,2890,8,180.67,0.46,0.25,225.84,50
6851,2890,3,153.18,0.15,0.25,191.48,39
6852,2890,7,169.87,0.45,0.25,212.34,53
6853,2890,5,156.12,0.13,0.25,195.15,12
6854,2890,9,177.72,0.44,0.25,222.15,12
6855,2742,6,189.06,0.37,0.25,236.32,13
6856,2742,10,193.36,0.49,0.25,241.7,100
6857,2742,9,178.32,0.33,0.25,222.9,18
6858,4614,4,1535.44,0.47,0.25,1919.3,53
6859,4614,10,1544.37,0.45,0.25,1930.46,37
6860,4614,2,1526.52,0.44,0.25,1908.15,72
6861,4614,1,1383.69,0.3,0.25,1729.61,41
6862,4016,10,1953.28,0.39,0.25,2441.6,60
6863,4016,7,2110.03,0.4,0.25,2637.54,100
6864,4016,2,2146.2,0.38,0.25,2682.75,35
6865,2837,6,190.65,0.39,0.25,238.31,60
6866,2837,3,177.72,0.12,0.25,222.15,72
6867,2837,5,166.95,0.14,0.25,208.69,76
6868,4706,3,226.03,0.13,0.25,282.54,34
6869,4706,10,228.93,0.31,0.25,286.16,86
6870,4706,2,250.66,0.39,0.25,313.32,48
6871,2061,10,14.74,0.42,0.25,18.42,61
6872,2061,9,14.58,0.37,0.25,18.23,60
6873,2061,8,14.08,0.48,0.25,17.6,97
6874,2061,3,12.91,0.1,0.25,16.14,37
6875,2821,4,266.23,0.46,0.25,332.79,68
6876,2821,6,249.87,0.39,0.25,312.34,90
6877,2821,1,257.3,0.46,0.25,321.62,27
6878,5211,8,326.54,0.33,0.25,408.18,89
6879,5211,5,332.7,0.13,0.25,415.88,15
6880,5211,1,375.83,0.49,0.25,469.79,96
6881,5211,2,338.86,0.41,0.25,423.58,25
6882,5075,4,723.96,0.43,0.25,904.95,75
6883,5075,2,656.34,0.35,0.25,820.42,61
6884,5075,3,660.31,0.15,0.25,825.39,36
6885,5075,5,608.6,0.12,0.25,760.75,71
6886,5075,8,652.36,0.42,0.25,815.45,66
6887,5075,9,676.23,0.48,0.25,845.29,40
6888,4348,7,1926.98,0.41,0.25,2408.72,84
6889,4348,10,2103.23,0.47,0.25,2629.04,79
6890,4348,2,2044.48,0.44,0.25,2555.6,10
6891,4348,9,1962.23,0.47,0.25,2452.79,53
6892,4348,3,1856.48,0.15,0.25,2320.6,90
6893,2270,6,95.43,0.34,0.25,119.29,67
6894,2270,4,93.71,0.37,0.25,117.14,73
6895,2270,1,98.88,0.34,0.25,123.6,18
6896,2270,5,94.28,0.11,0.25,117.85,31
6897,2270,9,102.91,0.47,0.25,128.64,47
6898,2270,2,91.41,0.36,0.25,114.26,64
6899,874,7,41.47,0.46,0.25,51.84,79
6900,874,3,37.61,0.13,0.25,47.01,76
6901,874,2,39.3,0.4,0.25,49.12,100
6902,2595,8,29.0,0.35,0.25,36.25,76
6903,2595,10,30.54,0.48,0.25,38.17,88
6904,2595,6,29.0,0.47,0.25,36.25,37
6905,2595,9,29.34,0.49,0.25,36.67,94
6906,2595,2,30.2,0.39,0.25,37.75,37
6907,2595,3,26.61,0.11,0.25,33.26,76
6908,4529,10,1429.9,0.5,0.25,1787.38,79
6909,4529,1,1421.49,0.35,0.25,1776.86,98
6910,4529,3,1421.49,0.13,0.25,1776.86,68
6911,4529,4,1471.96,0.39,0.25,1839.95,45
6912,4529,7,1354.2,0.36,0.25,1692.75,22
6913,4529,6,1421.49,0.39,0.25,1776.86,97
6914,1665,10,307.41,0.36,0.25,384.26,61
6915,1665,3,307.41,0.14,0.25,384.26,87
6916,1665,9,316.9,0.32,0.25,396.12,83
6917,1665,2,311.21,0.44,0.25,389.01,82
6918,1665,7,337.77,0.43,0.25,422.21,39
6919,1665,5,318.8,0.12,0.25,398.5,23
6920,1033,8,21.89,0.45,0.25,27.36,14
6921,1033,6,20.57,0.44,0.25,25.71,96
6922,1033,1,21.41,0.41,0.25,26.76,23
6923,1033,5,20.69,0.14,0.25,25.86,87
6924,1033,9,21.05,0.4,0.25,26.31,22
6925,3791,3,3338.77,0.14,0.25,4173.46,92
6926,3791,6,3499.68,0.36,0.25,4374.6,72
6927,3791,7,3479.57,0.46,0.25,4349.46,18
6928,3791,8,3399.11,0.36,0.25,4248.89,60
6929,4975,8,82.15,0.47,0.25,102.69,22
6930,4975,2,76.01,0.31,0.25,95.01,92
6931,4975,3,75.06,0.11,0.25,93.82,40
6932,4975,5,80.26,0.11,0.25,100.32,81
6933,4975,7,84.51,0.42,0.25,105.64,29
6934,4975,1,80.73,0.36,0.25,100.91,18
6935,163,6,238.57,0.48,0.25,298.21,35
6936,163,3,234.46,0.12,0.25,293.08,91
6937,163,1,253.65,0.46,0.25,317.06,18
6938,163,10,233.09,0.38,0.25,291.36,32
6939,163,8,218.0,0.33,0.25,272.5,20
6940,163,4,228.97,0.41,0.25,286.21,57
6941,4121,3,1367.21,0.13,0.25,1709.01,64
6942,4121,7,1407.66,0.36,0.25,1759.58,20
6943,4121,1,1359.12,0.38,0.25,1698.9,35
6944,925,9,98.73,0.36,0.25,123.41,64
6945,925,2,94.64,0.38,0.25,118.3,99
6946,925,8,96.39,0.36,0.25,120.49,49
6947,925,7,100.48,0.44,0.25,125.6,43
6948,925,3,96.98,0.14,0.25,121.22,62
6949,925,6,99.9,0.36,0.25,124.88,77
6950,3254,1,6738.64,0.47,0.25,8423.3,57
6951,3254,8,6972.35,0.42,0.25,8715.44,33
6952,3254,7,6310.18,0.31,0.25,7887.72,12
6953,3254,9,6660.74,0.42,0.25,8325.92,61
6954,3254,10,6894.45,0.39,0.25,8618.06,62
6955,4924,2,24.54,0.37,0.25,30.67,98
6956,4924,10,27.58,0.43,0.25,34.47,98
6957,4924,7,26.52,0.48,0.25,33.15,32
6958,2214,10,16.12,0.33,0.25,20.15,78
6959,2214,7,15.63,0.41,0.25,19.54,17
6960,2214,2,16.4,0.43,0.25,20.5,44
6961,2214,9,16.89,0.38,0.25,21.11,38
6962,2214,4,16.31,0.44,0.25,20.39,46
6963,2214,8,15.15,0.32,0.25,18.94,22
6964,4729,6,244.37,0.45,0.25,305.46,86
6965,4729,8,240.28,0.42,0.25,300.35,82
6966,4729,9,204.78,0.3,0.25,255.98,74
6967,4729,7,230.72,0.46,0.25,288.4,63
6968,4729,10,232.08,0.36,0.25,290.1,67
6969,5296,10,54.63,0.47,0.25,68.29,45
6970,5296,3,45.82,0.14,0.25,57.28,74
6971,5296,5,50.52,0.12,0.25,63.15,57
6972,5296,6,53.75,0.5,0.25,67.19,34
6973,5296,2,49.05,0.33,0.25,61.31,81
6974,5296,1,52.57,0.5,0.25,65.71,58
6975,3039,7,5158.56,0.31,0.25,6448.2,58
6976,3039,4,5343.9,0.48,0.25,6679.88,54
6977,3039,9,5065.89,0.33,0.25,6332.36,85
6978,3039,2,5529.24,0.49,0.25,6911.55,30
6979,3039,10,5560.13,0.4,0.25,6950.16,65
6980,3039,5,5313.01,0.15,0.25,6641.26,48
6981,2517,4,91.9,0.32,0.25,114.88,94
6982,2517,1,110.28,0.5,0.25,137.85,34
6983,2517,10,102.57,0.47,0.25,128.21,76
6984,2517,3,96.05,0.11,0.25,120.06,72
6985,2517,6,96.64,0.33,0.25,120.8,71
6986,62,3,553.01,0.1,0.25,691.26,76
6987,62,5,519.08,0.12,0.25,648.85,70
6988,62,1,593.72,0.47,0.25,742.15,78
6989,62,2,542.83,0.36,0.25,678.54,75
6990,62,4,569.97,0.38,0.25,712.46,61
6991,4376,9,1638.8,0.48,0.25,2048.5,13
6992,4376,10,1665.38,0.49,0.25,2081.73,92
6993,4376,6,1452.78,0.4,0.25,1815.98,29
6994,4376,8,1497.07,0.33,0.25,1871.34,23
6995,4376,2,1390.77,0.3,0.25,1738.46,74
6996,2720,9,218.64,0.41,0.25,273.3,25
6997,2720,8,244.44,0.44,0.25,305.55,67
6998,2720,3,211.85,0.1,0.25,264.81,10
6999,1742,2,726.95,0.31,0.25,908.69,30
7000,1742,7,799.19,0.43,0.25,998.99,61
7001,1742,9,722.43,0.34,0.25,903.04,46
7002,1742,6,690.83,0.31,0.25,863.54,27
7003,1742,5,686.31,0.1,0.25,857.89,72
7004,1742,4,794.68,0.37,0.25,993.35,59
7005,100,9,649.36,0.42,0.25,811.7,13
7006,100,1,598.29,0.3,0.25,747.86,51
7007,100,6,580.05,0.39,0.25,725.06,12
7008,767,1,37.24,0.47,0.25,46.55,26
7009,767,10,34.8,0.49,0.25,43.5,78
7010,767,5,34.8,0.12,0.25,43.5,76
7011,3363,7,4244.51,0.35,0.25,5305.64,31
7012,3363,5,4022.42,0.11,0.25,5028.02,75
7013,3363,9,4071.77,0.43,0.25,5089.71,29
7014,3363,1,4219.84,0.41,0.25,5274.8,28
7015,5141,3,490.02,0.11,0.25,612.52,79
7016,5141,2,538.37,0.43,0.25,672.96,58
7017,5141,9,512.58,0.32,0.25,640.72,28
7018,5141,4,564.16,0.41,0.25,705.2,84
7019,3138,2,2758.53,0.44,0.25,3448.16,67
7020,3138,3,2331.8,0.1,0.25,2914.75,91
7021,3138,6,2438.48,0.33,0.25,3048.1,12
7022,3138,4,2545.16,0.39,0.25,3181.45,72
7023,921,7,50.05,0.5,0.25,62.56,58
7024,921,5,45.79,0.14,0.25,57.24,55
7025,921,2,43.66,0.35,0.25,54.58,94
7026,921,4,42.59,0.4,0.25,53.24,75
7027,921,10,42.33,0.39,0.25,52.91,54
7028,921,1,43.39,0.38,0.25,54.24,36
7029,2048,4,19.42,0.49,0.25,24.28,60
7030,2048,5,15.7,0.1,0.25,19.62,36
7031,2048,7,16.63,0.38,0.25,20.79,76
7032,4498,8,1984.53,0.45,0.25,2480.66,72
7033,4498,4,1800.17,0.31,0.25,2250.21,60
7034,4498,3,1832.7,0.1,0.25,2290.88,10
7035,307,2,112.3,0.37,0.25,140.38,35
7036,307,6,110.94,0.34,0.25,138.68,10
7037,307,3,115.7,0.15,0.25,144.62,69
7038,5236,3,640.96,0.14,0.25,801.2,76
7039,5236,1,695.34,0.46,0.25,869.18,53
7040,5236,8,679.8,0.4,0.25,849.75,55
7041,5236,6,625.42,0.36,0.25,781.78,52
7042,454,2,227.12,0.36,0.25,283.9,18
7043,454,6,217.66,0.37,0.25,272.08,33
7044,454,10,231.17,0.44,0.25,288.96,60
7045,454,9,251.45,0.48,0.25,314.31,22
7046,454,8,229.82,0.32,0.25,287.27,59
7047,2451,5,21.1,0.11,0.25,26.38,56
7048,2451,6,21.85,0.44,0.25,27.31,17
7049,2451,8,19.97,0.33,0.25,24.96,49
7050,2451,4,21.23,0.36,0.25,26.54,15
7051,2451,1,21.6,0.32,0.25,27.0,66
7052,4773,1,560.42,0.31,0.25,700.52,89
7053,4773,9,612.04,0.37,0.25,765.05,46
7054,4773,10,608.35,0.38,0.25,760.44,28
7055,4773,6,641.54,0.35,0.25,801.92,79
7056,4345,7,2656.79,0.5,0.25,3320.99,99
7057,4345,10,2840.02,0.48,0.25,3550.02,80
7058,4345,9,2733.13,0.44,0.25,3416.41,85
7059,4345,6,2626.25,0.39,0.25,3282.81,40
7060,3861,10,1280.88,0.38,0.25,1601.1,76
7061,3861,5,1242.99,0.11,0.25,1553.74,84
7062,3861,8,1227.83,0.38,0.25,1534.79,92
7063,2715,9,205.46,0.35,0.25,256.82,32
7064,2715,3,193.38,0.14,0.25,241.72,36
7065,2715,10,200.63,0.34,0.25,250.79,25
7066,2715,4,217.55,0.45,0.25,271.94,23
7067,2715,7,190.96,0.34,0.25,238.7,59
7068,4953,1,203.72,0.38,0.25,254.65,80
7069,4953,5,202.46,0.11,0.25,253.08,16
7070,4953,10,212.52,0.44,0.25,265.65,60
7071,4953,7,212.52,0.47,0.25,265.65,72
7072,4953,3,206.23,0.1,0.25,257.79,90
7073,656,2,43.55,0.46,0.25,54.44,25
7074,656,9,40.48,0.34,0.25,50.6,87
7075,656,10,46.12,0.48,0.25,57.65,50
7076,4804,9,102.93,0.36,0.25,128.66,64
7077,4804,7,106.72,0.43,0.25,133.4,25
7078,4804,8,106.72,0.37,0.25,133.4,77
7079,5412,2,379.8,0.48,0.25,474.75,63
7080,5412,5,368.49,0.14,0.25,460.61,36
7081,5412,4,361.71,0.34,0.25,452.14,49
7082,5412,9,348.15,0.33,0.25,435.19,30
7083,5412,6,411.45,0.42,0.25,514.31,52
7084,5412,10,406.93,0.43,0.25,508.66,31
7085,2420,5,63.52,0.15,0.25,79.4,73
7086,2420,9,62.44,0.5,0.25,78.05,42
7087,2420,7,64.61,0.43,0.25,80.76,65
7088,2420,3,54.81,0.1,0.25,68.51,19
7089,2420,8,60.98,0.36,0.25,76.22,69
7090,33,10,2966.04,0.37,0.25,3707.55,19
7091,33,7,2984.46,0.3,0.25,3730.58,60
7092,33,3,2984.46,0.12,0.25,3730.58,53
7093,33,8,3223.96,0.41,0.25,4029.95,83
7094,2006,8,10.5,0.48,0.25,13.12,46
7095,2006,5,10.38,0.13,0.25,12.98,32
7096,2006,7,10.62,0.41,0.25,13.27,17
7097,2681,3,109.91,0.1,0.25,137.39,23
7098,2681,5,112.75,0.13,0.25,140.94,24
7099,2681,4,112.04,0.34,0.25,140.05,62
7100,2681,7,130.47,0.47,0.25,163.09,27
7101,2681,8,126.22,0.41,0.25,157.78,31
7102,407,4,467.19,0.45,0.25,583.99,67
7103,407,7,439.26,0.33,0.25,549.08,56
7104,407,9,431.65,0.48,0.25,539.56,94
7105,407,3,401.18,0.14,0.25,501.48,81
7106,407,1,429.11,0.48,0.25,536.39,27
7107,407,10,388.48,0.31,0.25,485.6,94
7108,988,8,36.57,0.4,0.25,45.71,42
7109,988,10,37.6,0.49,0.25,47.0,15
7110,988,5,34.09,0.1,0.25,42.61,11
7111,1728,7,790.09,0.49,0.25,987.61,78
7112,1728,2,692.39,0.34,0.25,865.49,89
7113,1728,1,696.64,0.36,0.25,870.8,63
7114,1728,4,743.36,0.42,0.25,929.2,51
7115,1728,5,637.17,0.1,0.25,796.46,58
7116,2995,6,317.52,0.4,0.25,396.9,91
7117,2995,4,321.16,0.45,0.25,401.45,99
7118,2995,8,321.16,0.42,0.25,401.45,19
7119,2995,5,291.97,0.15,0.25,364.96,56
7120,5098,4,447.39,0.47,0.25,559.24,52
7121,5098,7,432.48,0.49,0.25,540.6,51
7122,5098,8,434.96,0.44,0.25,543.7,14
7123,5098,1,410.11,0.45,0.25,512.64,94
7124,5098,10,442.42,0.46,0.25,553.02,79
7125,5098,3,427.51,0.14,0.25,534.39,44
7126,4492,7,1766.71,0.32,0.25,2208.39,37
7127,4492,2,1950.97,0.42,0.25,2438.71,93
7128,4492,1,1831.74,0.46,0.25,2289.68,74
7129,5033,5,424.7,0.13,0.25,530.88,73
7130,5033,2,427.3,0.31,0.25,534.12,52
7131,5033,6,450.75,0.4,0.25,563.44,98
7132,5,10,1856.9,0.32,0.25,2321.12,94
7133,5,4,1938.65,0.34,0.25,2423.31,85
7134,5,6,1985.36,0.47,0.25,2481.7,75
7135,2399,8,15.95,0.33,0.25,19.94,27
7136,2399,6,15.1,0.35,0.25,18.88,80
7137,2399,10,15.29,0.4,0.25,19.11,98
7138,2399,5,15.01,0.13,0.25,18.76,29
7139,2399,2,15.39,0.37,0.25,19.24,69
7140,2035,2,12.16,0.49,0.25,15.2,24
7141,2035,4,11.3,0.37,0.25,14.12,50
7142,2035,5,11.44,0.1,0.25,14.3,70
7143,2035,7,12.01,0.38,0.25,15.01,35
7144,4730,6,645.48,0.43,0.25,806.85,85
7145,4730,2,598.54,0.32,0.25,748.18,94
7146,4730,7,676.78,0.39,0.25,845.97,23
7147,4730,4,723.72,0.47,0.25,904.65,41
7148,4730,8,653.3,0.36,0.25,816.62,56
7149,2538,7,108.96,0.38,0.25,136.2,32
7150,2538,10,105.07,0.37,0.25,131.34,30
7151,2538,5,107.02,0.14,0.25,133.78,19
7152,2538,4,112.21,0.48,0.25,140.26,57
7153,3743,2,117.23,0.46,0.25,146.54,31
7154,3743,1,100.39,0.32,0.25,125.49,71
7155,3743,7,102.34,0.34,0.25,127.93,43
7156,4952,2,278.37,0.32,0.25,347.96,21
7157,4952,3,280.08,0.12,0.25,350.1,92
7158,4952,1,300.57,0.41,0.25,375.71,50
7159,4952,9,295.45,0.44,0.25,369.31,61
7160,2931,7,188.15,0.38,0.25,235.19,33
7161,2931,6,187.09,0.45,0.25,233.86,41
7162,2931,5,168.06,0.12,0.25,210.08,81
7163,2931,2,187.09,0.46,0.25,233.86,61
7164,2798,10,120.1,0.38,0.25,150.12,28
7165,2798,4,120.1,0.35,0.25,150.12,78
7166,2798,8,120.79,0.44,0.25,150.99,51
7167,2798,3,107.06,0.1,0.25,133.82,30
7168,2798,7,119.42,0.41,0.25,149.28,38
7169,4656,4,102.04,0.36,0.25,127.55,65
7170,4656,10,99.51,0.34,0.25,124.39,17
7171,4656,9,103.94,0.42,0.25,129.93,38
7172,4656,2,113.45,0.47,0.25,141.81,34
7173,4656,3,98.87,0.11,0.25,123.59,21
7174,4656,6,109.01,0.33,0.25,136.26,93
7175,1536,5,459.99,0.11,0.25,574.99,67
7176,1536,10,442.85,0.33,0.25,553.56,51
7177,1536,6,468.56,0.4,0.25,585.7,25
7178,1670,1,193.23,0.47,0.25,241.54,52
7179,1670,10,187.58,0.34,0.25,234.48,64
7180,1670,5,189.84,0.14,0.25,237.3,26
7181,1670,3,172.89,0.1,0.25,216.11,15
7182,1670,9,190.97,0.38,0.25,238.71,17
7183,1670,8,187.58,0.43,0.25,234.48,60
7184,4888,7,580.36,0.4,0.25,725.45,39
7185,4888,4,626.94,0.48,0.25,783.68,14
7186,4888,9,623.36,0.35,0.25,779.2,100
7187,4888,1,616.19,0.46,0.25,770.24,92
7188,4888,3,555.29,0.14,0.25,694.11,75
7189,4888,5,573.2,0.11,0.25,716.5,29
7190,3608,5,1570.02,0.1,0.25,1962.52,39
7191,3608,6,1641.86,0.33,0.25,2052.32,50
7192,3608,9,1908.66,0.47,0.25,2385.83,37
7193,3608,1,1785.52,0.49,0.25,2231.9,13
7194,3608,10,1621.33,0.33,0.25,2026.66,89
7195,3751,3,4361.3,0.11,0.25,5451.62,95
7196,3751,2,4910.08,0.46,0.25,6137.6,80
7197,3751,5,4996.72,0.13,0.25,6245.9,61
7198,3751,8,4910.08,0.48,0.25,6137.6,45
7199,3751,9,4852.31,0.39,0.25,6065.39,11
7200,1716,4,706.29,0.45,0.25,882.86,36
7201,1716,7,735.72,0.41,0.25,919.65,19
7202,1716,8,748.33,0.42,0.25,935.41,95
7203,1646,6,830.09,0.44,0.25,1037.61,58
7204,1646,2,878.07,0.44,0.25,1097.59,74
7205,1646,8,806.1,0.37,0.25,1007.62,11
7206,1646,7,806.1,0.43,0.25,1007.62,63
7207,4051,10,2519.97,0.48,0.25,3149.96,59
7208,4051,9,2385.93,0.4,0.25,2982.41,81
7209,4051,4,2292.1,0.43,0.25,2865.12,68
7210,3480,6,617.73,0.39,0.25,772.16,61
7211,3480,9,683.36,0.5,0.25,854.2,28
7212,3480,2,698.8,0.44,0.25,873.5,97
7213,3480,8,598.42,0.35,0.25,748.02,49
7214,3781,4,4276.56,0.36,0.25,5345.7,61
7215,3781,9,4303.46,0.37,0.25,5379.32,51
7216,3781,3,4276.56,0.15,0.25,5345.7,43
7217,3781,10,4572.42,0.45,0.25,5715.52,65
7218,3781,6,4787.59,0.44,0.25,5984.49,82
7219,3781,7,4948.97,0.46,0.25,6186.21,11
7220,2351,10,125.44,0.38,0.25,156.8,37
7221,2351,1,132.45,0.31,0.25,165.56,85
7222,2351,7,135.56,0.49,0.25,169.45,43
7223,2351,9,137.9,0.38,0.25,172.38,82
7224,2351,6,130.11,0.43,0.25,162.64,49
7225,4257,5,1257.73,0.11,0.25,1572.16,39
7226,4257,7,1250.06,0.3,0.25,1562.57,45
7227,4257,4,1165.7,0.32,0.25,1457.12,69
7228,4257,9,1165.7,0.32,0.25,1457.12,26
7229,4257,1,1303.75,0.38,0.25,1629.69,76
7230,4031,7,2197.04,0.44,0.25,2746.3,49
7231,4031,4,2076.99,0.4,0.25,2596.24,76
7232,4031,1,2076.99,0.39,0.25,2596.24,69
7233,4031,5,1920.91,0.14,0.25,2401.14,18
7234,4439,8,936.5,0.33,0.25,1170.62,17
7235,4439,5,993.95,0.13,0.25,1242.44,93
7236,4439,3,867.56,0.11,0.25,1084.45,41
7237,4439,10,919.26,0.33,0.25,1149.08,15
7238,4439,6,1034.17,0.48,0.25,1292.71,82
7239,124,9,1167.13,0.48,0.25,1458.91,78
7240,124,8,1080.92,0.38,0.25,1351.15,53
7241,124,6,1180.39,0.4,0.25,1475.49,18
7242,124,4,1160.49,0.47,0.25,1450.61,86
7243,124,7,1107.44,0.31,0.25,1384.3,93
7244,124,2,1133.97,0.46,0.25,1417.46,40
7245,3110,10,5524.98,0.42,0.25,6906.22,62
7246,3110,3,5326.48,0.14,0.25,6658.1,33
7247,3110,7,5127.97,0.32,0.25,6409.96,25
7248,4612,10,578.32,0.48,0.25,722.9,86
7249,4612,6,588.24,0.4,0.25,735.3,88
7250,4612,7,581.63,0.44,0.25,727.04,26
7251,4612,9,561.8,0.31,0.25,702.25,78
7252,4612,3,551.88,0.13,0.25,689.85,48
7253,4612,8,541.97,0.43,0.25,677.46,54
7254,517,10,206.6,0.36,0.25,258.25,84
7255,517,6,206.6,0.42,0.25,258.25,87
7256,517,3,188.68,0.14,0.25,235.85,27
7257,517,2,206.6,0.43,0.25,258.25,72
7258,4453,8,1962.97,0.42,0.25,2453.71,26
7259,4453,6,1940.14,0.39,0.25,2425.18,84
7260,4453,2,2020.03,0.47,0.25,2525.04,64
7261,933,1,137.65,0.35,0.25,172.06,51
7262,933,3,141.05,0.15,0.25,176.31,48
7263,933,9,143.6,0.47,0.25,179.5,64
7264,933,4,150.4,0.49,0.25,188.0,42
7265,933,2,144.45,0.39,0.25,180.56,53
7266,3959,8,534.04,0.49,0.25,667.55,68
7267,3959,3,537.18,0.13,0.25,671.47,21
7268,3959,1,490.06,0.32,0.25,612.58,19
7269,3959,5,499.48,0.14,0.25,624.35,69
7270,3959,7,496.34,0.37,0.25,620.42,65
7271,3959,6,502.62,0.32,0.25,628.28,55
7272,3192,3,2717.95,0.14,0.25,3397.44,82
7273,3192,10,2668.83,0.37,0.25,3336.04,39
7274,3192,8,2717.95,0.38,0.25,3397.44,50
7275,3192,5,2570.59,0.11,0.25,3213.24,42
7276,3192,2,2914.43,0.41,0.25,3643.04,40
7277,3192,4,2898.06,0.45,0.25,3622.58,16
7278,1929,8,3.07,0.36,0.25,3.84,82
7279,1929,2,3.28,0.47,0.25,4.1,43
7280,1929,1,3.31,0.47,0.25,4.14,92
7281,3482,1,4373.16,0.47,0.25,5466.45,33
7282,3482,5,3805.83,0.11,0.25,4757.29,78
7283,3482,9,4396.8,0.47,0.25,5496.0,21
7284,3482,7,3711.28,0.35,0.25,4639.1,99
7285,3482,4,4207.69,0.47,0.25,5259.61,50
7286,5173,2,131.39,0.46,0.25,164.24,71
7287,5173,7,127.48,0.42,0.25,159.35,87
7288,5173,5,132.17,0.13,0.25,165.21,82
7289,5173,4,128.26,0.36,0.25,160.32,63
7290,5173,3,128.26,0.14,0.25,160.32,72
7291,5173,6,138.43,0.41,0.25,173.04,77
7292,736,1,29.88,0.34,0.25,37.35,14
7293,736,2,30.95,0.49,0.25,38.69,50
7294,736,4,30.59,0.38,0.25,38.24,22
7295,736,9,28.98,0.35,0.25,36.22,92
7296,4929,5,347.27,0.11,0.25,434.09,20
7297,4929,2,340.67,0.3,0.25,425.84,93
7298,4929,7,356.06,0.32,0.25,445.08,79
7299,4929,1,362.65,0.43,0.25,453.31,67
7300,1726,3,699.42,0.14,0.25,874.28,88
7301,1726,2,686.31,0.34,0.25,857.89,77
7302,1726,8,708.17,0.42,0.25,885.21,56
7303,1726,10,747.51,0.34,0.25,934.39,90
7304,1726,6,734.4,0.46,0.25,918.0,17
7305,478,2,268.1,0.38,0.25,335.12,37
7306,478,9,261.9,0.39,0.25,327.38,66
7307,478,4,266.55,0.4,0.25,333.19,59
7308,478,6,255.7,0.37,0.25,319.62,42
7309,478,1,272.75,0.49,0.25,340.94,56
7310,3902,6,1885.03,0.42,0.25,2356.29,28
7311,3902,3,1602.28,0.12,0.25,2002.85,64
7312,3902,10,1822.2,0.47,0.25,2277.75,74
7313,3902,2,1874.56,0.43,0.25,2343.2,10
7314,3902,9,1759.36,0.4,0.25,2199.2,22
7315,467,9,151.16,0.33,0.25,188.95,19
7316,467,4,180.23,0.46,0.25,225.29,94
7317,467,6,156.01,0.36,0.25,195.01,10
7318,467,3,149.23,0.11,0.25,186.54,35
7319,467,2,165.7,0.45,0.25,207.12,63
7320,1888,1,14.28,0.39,0.25,17.85,25
7321,1888,10,14.28,0.39,0.25,17.85,28
7322,1888,5,13.94,0.13,0.25,17.42,78
7323,1888,2,14.96,0.42,0.25,18.7,32
7324,1888,9,14.45,0.4,0.25,18.06,25
7325,1888,4,15.04,0.49,0.25,18.8,37
7326,4293,3,2111.98,0.11,0.25,2639.98,66
7327,4293,7,2138.22,0.37,0.25,2672.77,66
7328,4293,4,2413.69,0.48,0.25,3017.11,55
7329,4293,10,2348.1,0.45,0.25,2935.12,17
7330,40,8,927.34,0.48,0.25,1159.18,79
7331,40,10,885.42,0.32,0.25,1106.77,73
7332,40,6,848.75,0.38,0.25,1060.94,49
7333,40,3,812.08,0.13,0.25,1015.1,81
7334,40,7,916.86,0.47,0.25,1146.08,91
7335,1654,2,370.44,0.36,0.25,463.05,21
7336,1654,1,424.71,0.41,0.25,530.89,27
7337,1654,10,377.52,0.39,0.25,471.9,68
7338,1654,8,384.6,0.36,0.25,480.75,52
7339,1654,9,443.59,0.49,0.25,554.49,90
7340,1654,5,386.96,0.15,0.25,483.7,26
7341,805,7,59.01,0.45,0.25,73.76,86
7342,805,4,52.92,0.41,0.25,66.15,73
7343,805,10,52.27,0.38,0.25,65.34,69
7344,1972,7,26.87,0.47,0.25,33.59,36
7345,1972,5,25.23,0.15,0.25,31.54,97
7346,1972,3,24.34,0.12,0.25,30.42,86
7347,1173,4,17.03,0.34,0.25,21.29,65
7348,1173,9,17.13,0.45,0.25,21.41,83
7349,1173,10,17.54,0.47,0.25,21.92,53
7350,1173,1,18.68,0.44,0.25,23.35,33
7351,1173,6,16.82,0.32,0.25,21.02,10
7352,3165,10,1753.78,0.38,0.25,2192.22,37
7353,3165,8,1804.76,0.46,0.25,2255.95,25
7354,3165,4,1702.8,0.36,0.25,2128.5,98
7355,3165,9,1733.39,0.5,0.25,2166.74,89
7356,3165,7,1733.39,0.35,0.25,2166.74,53
7357,4799,5,254.07,0.14,0.25,317.59,62
7358,4799,10,291.29,0.48,0.25,364.11,12
7359,4799,6,288.06,0.39,0.25,360.08,40
7360,4799,9,301.0,0.48,0.25,376.25,86
7361,4120,6,1386.07,0.39,0.25,1732.59,71
7362,4120,3,1253.69,0.12,0.25,1567.11,57
7363,4120,1,1245.9,0.39,0.25,1557.38,100
7364,4120,4,1370.49,0.5,0.25,1713.11,99
7365,1056,2,199.56,0.4,0.25,249.45,54
7366,1056,5,204.52,0.12,0.25,255.65,86
7367,1056,8,210.72,0.45,0.25,263.4,66
7368,1056,7,204.52,0.41,0.25,255.65,12
7369,1056,10,200.8,0.37,0.25,251.0,94
7370,1056,6,213.19,0.46,0.25,266.49,97
7371,633,3,29.37,0.11,0.25,36.71,29
7372,633,6,29.54,0.43,0.25,36.92,58
7373,633,5,27.07,0.12,0.25,33.84,79
7374,633,4,30.78,0.37,0.25,38.48,98
7375,1528,6,105.95,0.48,0.25,132.44,20
7376,1528,9,93.59,0.34,0.25,116.99,32
7377,1528,2,104.18,0.4,0.25,130.23,92
7378,1528,1,93.59,0.38,0.25,116.99,55
7379,1528,10,98.88,0.38,0.25,123.6,97
7380,1528,3,90.64,0.12,0.25,113.3,22
7381,3179,10,2454.36,0.45,0.25,3067.95,29
7382,3179,1,2227.6,0.41,0.25,2784.5,34
7383,3179,5,2267.61,0.14,0.25,2834.51,82
7384,3179,7,2254.27,0.34,0.25,2817.84,99
7385,3179,6,2240.94,0.31,0.25,2801.18,13
7386,3179,8,2080.87,0.32,0.25,2601.09,32
7387,5043,3,35.59,0.14,0.25,44.49,30
7388,5043,5,32.9,0.13,0.25,41.12,69
7389,5043,1,35.38,0.49,0.25,44.22,21
7390,5043,7,34.55,0.31,0.25,43.19,63
7391,5043,8,33.72,0.31,0.25,42.15,22
7392,5043,9,34.14,0.45,0.25,42.68,61
7393,3739,9,3268.77,0.45,0.25,4085.96,35
7394,3739,7,3142.35,0.47,0.25,3927.94,58
7395,3739,3,2907.58,0.14,0.25,3634.48,52
7396,3739,5,3070.12,0.11,0.25,3837.65,100
7397,145,4,763.44,0.48,0.25,954.3,64
7398,145,3,704.39,0.13,0.25,880.49,95
7399,145,6,733.91,0.37,0.25,917.39,38
7400,145,2,729.7,0.35,0.25,912.12,75
7401,145,1,750.79,0.39,0.25,938.49,68
7402,340,3,458.52,0.14,0.25,573.15,31
7403,340,6,421.2,0.36,0.25,526.5,60
7404,340,5,410.53,0.13,0.25,513.16,97
7405,340,4,434.53,0.32,0.25,543.16,47
7406,1090,4,71.8,0.31,0.25,89.75,57
7407,1090,1,73.09,0.33,0.25,91.36,81
7408,1090,6,75.69,0.49,0.25,94.61,46
7409,1090,3,68.77,0.13,0.25,85.96,96
7410,1090,10,76.12,0.42,0.25,95.15,48
7411,1090,9,76.12,0.39,0.25,95.15,85
7412,5255,1,452.72,0.39,0.25,565.9,63
7413,5255,2,520.2,0.47,0.25,650.25,31
7414,5255,7,435.84,0.31,0.25,544.8,100
7415,1865,1,2.8,0.37,0.25,3.5,47
7416,1865,10,2.57,0.34,0.25,3.21,24
7417,1865,5,2.71,0.13,0.25,3.39,60
7418,262,1,51.58,0.31,0.25,64.47,20
7419,262,2,55.58,0.32,0.25,69.47,38
7420,262,4,52.58,0.35,0.25,65.72,14
7421,262,6,59.9,0.44,0.25,74.88,72
7422,2654,8,94.98,0.4,0.25,118.72,70
7423,2654,9,96.1,0.41,0.25,120.12,21
7424,2654,3,93.29,0.11,0.25,116.61,61
7425,2654,1,92.17,0.35,0.25,115.21,78
7426,2654,6,94.42,0.43,0.25,118.02,65
7427,2654,10,93.85,0.47,0.25,117.31,47
7428,1156,3,247.92,0.14,0.25,309.9,39
7429,1156,2,234.95,0.35,0.25,293.69,81
7430,1156,5,239.27,0.13,0.25,299.09,51
7431,1156,6,246.48,0.47,0.25,308.1,81
7432,1576,9,701.33,0.33,0.25,876.66,14
7433,1576,6,785.67,0.41,0.25,982.09,77
7434,1576,4,701.33,0.31,0.25,876.66,25
7435,3972,9,419.34,0.34,0.25,524.17,88
7436,3972,4,433.96,0.43,0.25,542.45,55
7437,3972,10,385.2,0.34,0.25,481.5,48
7438,3972,8,424.21,0.4,0.25,530.26,92
7439,852,10,69.97,0.34,0.25,87.46,43
7440,852,1,70.81,0.36,0.25,88.51,43
7441,852,5,71.65,0.14,0.25,89.56,79
7442,3623,8,7289.99,0.5,0.25,9112.49,63
7443,3623,1,6528.95,0.34,0.25,8161.19,94
7444,3623,10,6569.0,0.34,0.25,8211.25,33
7445,3623,9,7009.61,0.41,0.25,8762.01,89
7446,3623,5,6248.56,0.11,0.25,7810.7,11
7447,3623,2,6809.33,0.44,0.25,8511.66,63
7448,3504,10,2640.32,0.34,0.25,3300.4,17
7449,3504,1,2703.56,0.47,0.25,3379.45,20
7450,3504,8,2577.08,0.35,0.25,3221.35,53
7451,3504,7,2719.37,0.43,0.25,3399.21,41
7452,2650,6,308.5,0.36,0.25,385.62,69
7453,2650,1,355.66,0.44,0.25,444.58,71
7454,2650,9,345.84,0.37,0.25,432.3,38
7455,2900,2,224.78,0.43,0.25,280.98,87
7456,2900,4,226.13,0.34,0.25,282.66,98
7457,2900,6,242.28,0.45,0.25,302.85,31
7458,2900,10,227.47,0.37,0.25,284.34,60
7459,4826,9,452.56,0.37,0.25,565.7,64
7460,4826,6,501.05,0.49,0.25,626.31,63
7461,4826,7,439.09,0.39,0.25,548.86,84
7462,4826,4,479.5,0.41,0.25,599.38,83
7463,4826,8,428.31,0.34,0.25,535.39,10
7464,4826,3,433.7,0.13,0.25,542.12,18
7465,5411,6,204.42,0.39,0.25,255.52,62
7466,5411,2,193.78,0.32,0.25,242.22,98
7467,5411,8,204.42,0.38,0.25,255.52,100
7468,5411,1,184.33,0.32,0.25,230.41,44
7469,5411,5,185.51,0.14,0.25,231.89,47
7470,4849,5,528.84,0.1,0.25,661.05,92
7471,4849,2,611.8,0.44,0.25,764.75,67
7472,4849,7,597.97,0.46,0.25,747.46,100
7473,4849,8,584.15,0.37,0.25,730.19,28
7474,4849,10,629.08,0.43,0.25,786.35,32
7475,4849,4,642.91,0.46,0.25,803.64,17
7476,966,1,193.16,0.46,0.25,241.45,70
7477,966,8,190.01,0.45,0.25,237.51,68
7478,966,3,181.62,0.14,0.25,227.02,44
7479,4258,1,427.32,0.31,0.25,534.15,15
7480,4258,6,419.55,0.31,0.25,524.44,70
7481,4258,2,432.5,0.47,0.25,540.62,55
7482,4258,4,409.19,0.38,0.25,511.49,69
7483,2627,4,106.31,0.37,0.25,132.89,12
7484,2627,5,93.95,0.11,0.25,117.44,69
7485,2627,2,108.79,0.41,0.25,135.99,88
7486,2627,9,104.46,0.49,0.25,130.57,65
7487,2627,7,108.17,0.5,0.25,135.21,96
7488,2627,10,99.51,0.32,0.25,124.39,88
7489,1503,5,522.22,0.14,0.25,652.78,37
7490,1503,1,498.07,0.3,0.25,622.59,88
7491,1503,9,504.11,0.45,0.25,630.14,76
7492,1503,2,510.14,0.39,0.25,637.67,15
7493,1503,7,464.86,0.33,0.25,581.08,57
7494,1503,6,504.11,0.46,0.25,630.14,81
7495,4800,1,106.74,0.4,0.25,133.42,16
7496,4800,7,113.85,0.39,0.25,142.31,52
7497,4800,9,104.15,0.38,0.25,130.19,84
7498,4800,10,108.68,0.41,0.25,135.85,40
7499,3815,1,285.22,0.36,0.25,356.52,84
7500,3815,6,305.71,0.39,0.25,382.14,100
7501,3815,10,286.93,0.34,0.25,358.66,83
7502,3613,6,6014.99,0.37,0.25,7518.74,38
7503,3613,7,5775.76,0.39,0.25,7219.7,70
7504,3613,3,5707.41,0.1,0.25,7134.26,90
7505,3613,1,5844.11,0.41,0.25,7305.14,86
7506,4938,1,446.3,0.43,0.25,557.88,60
7507,4938,4,423.86,0.46,0.25,529.83,57
7508,4938,9,416.38,0.36,0.25,520.48,16
7509,4938,5,421.37,0.15,0.25,526.71,95
7510,4938,2,418.87,0.38,0.25,523.59,35
7511,4938,10,451.29,0.48,0.25,564.11,64
7512,2449,4,125.19,0.33,0.25,156.49,68
7513,2449,8,142.04,0.44,0.25,177.55,20
7514,2449,9,143.65,0.42,0.25,179.56,80
7515,2449,6,128.4,0.35,0.25,160.5,32
7516,2449,7,130.0,0.34,0.25,162.5,15
7517,2449,5,121.98,0.1,0.25,152.48,74
7518,4662,6,337.47,0.43,0.25,421.84,93
7519,4662,4,347.22,0.43,0.25,434.02,17
7520,4662,7,341.37,0.43,0.25,426.71,19
7521,4662,8,358.93,0.47,0.25,448.66,32
7522,4662,5,306.26,0.14,0.25,382.82,20
7523,4235,10,1459.25,0.37,0.25,1824.06,26
7524,4235,6,1510.45,0.42,0.25,1888.06,73
7525,4235,4,1501.91,0.43,0.25,1877.39,27
7526,4235,2,1399.51,0.42,0.25,1749.39,68
7527,4235,1,1536.05,0.43,0.25,1920.06,92
7528,4235,5,1416.58,0.12,0.25,1770.72,57
7529,2298,6,135.95,0.44,0.25,169.94,73
7530,2298,4,126.08,0.31,0.25,157.6,83
7531,2298,9,121.52,0.35,0.25,151.9,65
7532,2775,3,98.07,0.11,0.25,122.59,80
7533,2775,1,104.77,0.32,0.25,130.96,77
7534,2775,6,95.63,0.32,0.25,119.54,29
7535,2775,10,108.42,0.42,0.25,135.52,82
7536,2775,9,110.25,0.43,0.25,137.81,58
7537,2775,8,111.47,0.45,0.25,139.34,69
7538,3732,8,2707.93,0.5,0.25,3384.91,19
7539,3732,10,2632.29,0.49,0.25,3290.36,77
7540,3732,7,2541.52,0.31,0.25,3176.9,12
7541,3732,9,2647.42,0.42,0.25,3309.28,61
7542,3732,3,2556.65,0.12,0.25,3195.81,53
7543,4273,3,1797.86,0.11,0.25,2247.32,71
7544,4273,6,1908.84,0.4,0.25,2386.05,35
7545,4273,7,1808.96,0.43,0.25,2261.2,74
7546,1845,3,11.19,0.15,0.25,13.99,83
7547,1845,2,11.82,0.33,0.25,14.78,92
7548,1845,1,11.82,0.34,0.25,14.78,70
7549,1845,10,11.61,0.35,0.25,14.51,82
7550,5027,9,567.04,0.34,0.25,708.8,73
7551,5027,3,563.72,0.12,0.25,704.65,24
7552,5027,6,586.93,0.41,0.25,733.66,40
7553,2510,1,31.26,0.47,0.25,39.08,67
7554,2510,2,28.73,0.4,0.25,35.91,14
7555,2510,7,29.74,0.46,0.25,37.17,13
7556,2510,8,29.91,0.49,0.25,37.39,77
7557,1566,8,581.11,0.39,0.25,726.39,28
7558,1566,1,581.11,0.34,0.25,726.39,27
7559,1566,3,553.27,0.14,0.25,691.59,26
7560,1566,7,636.79,0.48,0.25,795.99,67
7561,1566,9,615.91,0.48,0.25,769.89,66
7562,4591,8,632.51,0.3,0.25,790.64,76
7563,4591,3,694.12,0.15,0.25,867.65,86
7564,4591,9,661.26,0.33,0.25,826.58,40
7565,4591,10,731.08,0.46,0.25,913.85,18
7566,4591,7,718.76,0.48,0.25,898.45,56
7567,2716,9,215.06,0.36,0.25,268.82,58
7568,2716,7,216.4,0.37,0.25,270.5,34
7569,2716,5,205.71,0.11,0.25,257.14,88
7570,2716,1,228.42,0.5,0.25,285.52,54
7571,3587,10,1864.38,0.37,0.25,2330.48,84
7572,3587,5,1775.6,0.11,0.25,2219.5,64
7573,3587,8,1964.26,0.39,0.25,2455.32,54
7574,3587,4,1831.09,0.4,0.25,2288.86,89
7575,3587,1,2030.84,0.46,0.25,2538.55,13
7576,2938,3,191.49,0.13,0.25,239.36,67
7577,2938,4,199.72,0.36,0.25,249.65,40
7578,2938,8,217.34,0.49,0.25,271.68,99
7579,306,5,209.08,0.14,0.25,261.35,41
7580,306,4,221.83,0.42,0.25,277.29,41
7581,306,8,225.66,0.45,0.25,282.08,26
7582,1595,5,771.33,0.15,0.25,964.16,90
7583,1595,2,721.13,0.35,0.25,901.41,29
7584,1595,3,753.08,0.13,0.25,941.35,74
7585,1595,7,830.67,0.49,0.25,1038.34,27
7586,1595,9,803.28,0.43,0.25,1004.1,41
7587,1114,9,210.38,0.43,0.25,262.98,32
7588,1114,1,199.57,0.31,0.25,249.46,39
7589,1114,2,199.57,0.43,0.25,249.46,15
7590,1114,5,193.55,0.11,0.25,241.94,19
7591,801,9,32.6,0.47,0.25,40.75,63
7592,801,5,30.44,0.11,0.25,38.05,52
7593,801,2,29.9,0.34,0.25,37.38,52
7594,801,8,31.34,0.5,0.25,39.17,80
7595,801,4,32.42,0.47,0.25,40.53,84
7596,801,1,29.9,0.43,0.25,37.38,89
7597,316,4,340.6,0.5,0.25,425.75,84
7598,316,10,323.38,0.39,0.25,404.22,19
7599,316,1,306.16,0.34,0.25,382.7,49
7600,4573,9,659.89,0.35,0.25,824.86,25
7601,4573,4,684.18,0.42,0.25,855.22,66
7602,4573,2,753.0,0.48,0.25,941.25,53
7603,3028,7,5120.29,0.45,0.25,6400.36,83
7604,3028,6,4744.22,0.3,0.25,5930.28,100
7605,3028,8,5293.86,0.49,0.25,6617.32,67
7606,3028,1,4802.08,0.42,0.25,6002.6,87
7607,3028,9,4946.72,0.35,0.25,6183.4,89
7608,437,10,433.11,0.42,0.25,541.39,71
7609,437,6,425.51,0.42,0.25,531.89,71
7610,437,9,438.17,0.47,0.25,547.71,93
7611,437,7,410.31,0.4,0.25,512.89,93
7612,437,3,397.65,0.11,0.25,497.06,70
7613,1868,7,27.37,0.33,0.25,34.21,31
7614,1868,8,31.31,0.36,0.25,39.14,59
7615,1868,3,30.41,0.12,0.25,38.01,94
7616,1868,9,31.84,0.48,0.25,39.8,68
7617,1868,6,30.06,0.42,0.25,37.57,58
7618,1868,5,27.91,0.13,0.25,34.89,13
7619,3757,10,4799.32,0.48,0.25,5999.15,95
7620,3757,7,4595.09,0.47,0.25,5743.86,45
7621,3757,6,4492.98,0.42,0.25,5616.22,84
7622,3229,4,4834.42,0.46,0.25,6043.02,57
7623,3229,10,4490.99,0.39,0.25,5613.74,27
7624,3229,7,4702.33,0.47,0.25,5877.91,83
7625,3644,8,1043.68,0.39,0.25,1304.6,34
7626,3644,7,1031.47,0.3,0.25,1289.34,29
7627,3644,3,952.13,0.1,0.25,1190.16,83
7628,2666,6,10.72,0.49,0.25,13.4,52
7629,2666,1,9.75,0.36,0.25,12.19,16
7630,2666,10,9.07,0.36,0.25,11.34,64
7631,2666,9,9.41,0.34,0.25,11.76,14
7632,2666,7,9.41,0.34,0.25,11.76,20
7633,2357,5,142.32,0.13,0.25,177.9,50
7634,2357,9,145.81,0.34,0.25,182.26,92
7635,2357,8,148.43,0.43,0.25,185.54,82
7636,2357,10,143.19,0.33,0.25,178.99,99
7637,1835,7,16.12,0.44,0.25,20.15,42
7638,1835,1,15.57,0.3,0.25,19.46,66
7639,1835,2,15.3,0.4,0.25,19.12,13
7640,1835,4,15.48,0.47,0.25,19.35,95
7641,1835,6,15.85,0.39,0.25,19.81,18
7642,1835,5,14.29,0.13,0.25,17.86,61
7643,4462,4,290.94,0.36,0.25,363.68,70
7644,4462,5,299.81,0.12,0.25,374.76,42
7645,4462,3,278.52,0.12,0.25,348.15,30
7646,4872,6,414.47,0.46,0.25,518.09,33
7647,4872,7,386.53,0.44,0.25,483.16,57
7648,4872,4,384.2,0.31,0.25,480.25,63
7649,4872,10,398.17,0.32,0.25,497.71,29
7650,3375,1,7352.52,0.41,0.25,9190.65,69
7651,3375,4,7226.48,0.34,0.25,9033.1,41
7652,3375,6,6722.3,0.36,0.25,8402.88,27
7653,3375,5,7142.45,0.12,0.25,8928.06,39
7654,3309,3,3202.85,0.12,0.25,4003.56,86
7655,3309,7,3343.85,0.35,0.25,4179.81,100
7656,3309,8,3585.58,0.46,0.25,4481.98,16
7657,3309,6,3444.57,0.44,0.25,4305.71,13
7658,2296,3,180.23,0.11,0.25,225.29,89
7659,2296,7,200.85,0.48,0.25,251.06,79
7660,2296,5,176.97,0.14,0.25,221.21,47
7661,1289,10,21.0,0.33,0.25,26.25,88
7662,1289,5,19.77,0.11,0.25,24.71,100
7663,1289,1,20.14,0.41,0.25,25.18,99
7664,412,7,198.21,0.33,0.25,247.76,83
7665,412,4,203.07,0.45,0.25,253.84,26
7666,412,9,215.23,0.49,0.25,269.04,66
7667,412,1,216.45,0.5,0.25,270.56,65
7668,412,8,228.61,0.49,0.25,285.76,71
7669,1942,1,4.28,0.42,0.25,5.35,85
7670,1942,5,3.89,0.13,0.25,4.86,55
7671,1942,10,4.37,0.48,0.25,5.46,72
7672,2591,7,34.04,0.4,0.25,42.55,16
7673,2591,4,31.54,0.38,0.25,39.42,47
7674,2591,3,31.54,0.1,0.25,39.42,53
7675,2591,2,30.0,0.34,0.25,37.5,57
7676,82,6,943.56,0.31,0.25,1179.45,18
7677,82,10,943.56,0.37,0.25,1179.45,58
7678,82,1,984.08,0.4,0.25,1230.1,79
7679,2157,9,22.72,0.44,0.25,28.4,15
7680,2157,1,20.79,0.38,0.25,25.99,83
7681,2157,7,22.08,0.33,0.25,27.6,18
7682,1288,1,24.22,0.45,0.25,30.28,100
7683,1288,8,19.9,0.31,0.25,24.88,49
7684,1288,7,22.91,0.42,0.25,28.64,97
7685,1288,3,21.07,0.13,0.25,26.34,39
7686,2967,10,13.15,0.38,0.25,16.44,80
7687,2967,8,12.59,0.3,0.25,15.74,30
7688,2967,9,13.71,0.5,0.25,17.14,32
7689,2967,4,14.51,0.46,0.25,18.14,86
7690,3169,1,5350.1,0.39,0.25,6687.62,19
7691,3169,2,5657.58,0.47,0.25,7071.98,57
7692,3169,9,5350.1,0.39,0.25,6687.62,32
7693,2107,2,13.95,0.36,0.25,17.44,30
7694,2107,6,14.72,0.5,0.25,18.4,26
7695,2107,8,13.18,0.33,0.25,16.48,97
7696,2107,3,13.27,0.14,0.25,16.59,100
7697,3207,1,3223.17,0.39,0.25,4028.96,39
7698,3207,7,3403.35,0.46,0.25,4254.19,77
7699,3207,5,3063.01,0.12,0.25,3828.76,20
7700,3207,9,3463.41,0.48,0.25,4329.26,91
7701,3207,3,3283.23,0.12,0.25,4104.04,97
7702,848,4,20.29,0.48,0.25,25.36,71
7703,848,6,20.54,0.38,0.25,25.67,40
7704,848,5,20.9,0.14,0.25,26.12,30
7705,4510,10,775.97,0.42,0.25,969.96,58
7706,4510,7,785.32,0.37,0.25,981.65,97
7707,4510,8,804.01,0.35,0.25,1005.01,78
7708,4510,1,738.57,0.34,0.25,923.21,83
7709,4510,4,761.94,0.36,0.25,952.42,91
7710,4510,5,747.92,0.11,0.25,934.9,23
7711,2524,3,123.6,0.11,0.25,154.5,53
7712,2524,8,140.83,0.5,0.25,176.04,63
7713,2524,5,128.1,0.14,0.25,160.12,33
7714,2524,10,131.09,0.4,0.25,163.86,44
7715,1909,1,21.71,0.45,0.25,27.14,15
7716,1909,7,19.35,0.44,0.25,24.19,89
7717,1909,8,21.48,0.48,0.25,26.85,43
7718,3069,9,6973.64,0.47,0.25,8717.05,89
7719,3069,7,7055.68,0.34,0.25,8819.6,89
7720,3069,4,6891.6,0.45,0.25,8614.5,28
7721,3069,10,6809.55,0.35,0.25,8511.94,60
7722,4119,3,155.75,0.14,0.25,194.69,73
7723,4119,5,141.43,0.11,0.25,176.79,100
7724,4119,1,162.01,0.42,0.25,202.51,55
7725,4119,7,145.9,0.39,0.25,182.38,79
7726,4119,4,145.01,0.36,0.25,181.26,17
7727,2065,10,24.04,0.3,0.25,30.05,62
7728,2065,2,27.31,0.46,0.25,34.14,48
7729,2065,3,22.56,0.12,0.25,28.2,82
7730,2065,6,27.31,0.44,0.25,34.14,42
7731,1675,8,729.13,0.34,0.25,911.41,39
7732,1675,7,690.75,0.36,0.25,863.44,62
7733,1675,6,758.97,0.38,0.25,948.71,55
7734,1675,9,741.92,0.38,0.25,927.4,50
7735,1675,5,699.28,0.12,0.25,874.1,12
7736,1675,2,754.71,0.41,0.25,943.39,10
7737,1135,2,195.72,0.3,0.25,244.65,36
7738,1135,4,229.64,0.47,0.25,287.05,47
7739,1135,3,202.24,0.11,0.25,252.8,97
7740,1135,1,221.82,0.42,0.25,277.27,37
7741,1135,8,232.25,0.49,0.25,290.31,86
7742,627,9,47.55,0.37,0.25,59.44,37
7743,627,10,51.05,0.36,0.25,63.81,25
7744,627,5,46.67,0.1,0.25,58.34,85
7745,627,2,49.3,0.32,0.25,61.62,35
7746,627,3,47.55,0.1,0.25,59.44,94
7747,627,7,50.76,0.34,0.25,63.45,43
7748,4177,1,1200.04,0.48,0.25,1500.05,58
7749,4177,5,1091.53,0.13,0.25,1364.41,42
7750,4177,8,1104.29,0.49,0.25,1380.36,54
7751,5337,7,403.05,0.32,0.25,503.81,76
7752,5337,10,486.8,0.47,0.25,608.5,65
7753,5337,9,434.46,0.32,0.25,543.07,26
7754,5337,4,450.16,0.42,0.25,562.7,39
7755,5337,1,429.22,0.39,0.25,536.53,69
7756,5337,5,442.31,0.15,0.25,552.89,11
7757,1855,2,21.04,0.3,0.25,26.3,58
7758,1855,4,22.82,0.43,0.25,28.52,37
7759,1855,8,21.93,0.36,0.25,27.41,84
7760,1855,9,23.2,0.46,0.25,29.0,32
7761,2496,4,38.9,0.48,0.25,48.62,11
7762,2496,1,34.94,0.37,0.25,43.68,70
7763,2496,2,37.23,0.42,0.25,46.54,82
7764,2123,7,12.46,0.46,0.25,15.58,22
7765,2123,5,10.76,0.11,0.25,13.45,47
7766,2123,2,10.56,0.31,0.25,13.2,35
7767,2123,8,11.78,0.37,0.25,14.72,81
7768,4323,8,418.71,0.36,0.25,523.39,50
7769,4323,9,431.63,0.37,0.25,539.54,70
7770,4323,7,431.63,0.41,0.25,539.54,81
7771,4323,1,439.38,0.5,0.25,549.22,72
7772,3258,6,6791.25,0.38,0.25,8489.06,61
7773,3258,2,7541.2,0.41,0.25,9426.5,23
7774,3258,3,6582.93,0.12,0.25,8228.66,81
7775,51,6,714.99,0.47,0.25,893.74,37
7776,51,8,723.02,0.44,0.25,903.78,58
7777,51,3,618.59,0.1,0.25,773.24,40
7778,1598,1,249.53,0.41,0.25,311.91,83
7779,1598,7,267.14,0.43,0.25,333.92,68
7780,1598,10,227.51,0.31,0.25,284.39,21
7781,1598,3,227.51,0.1,0.25,284.39,55
7782,1598,6,239.25,0.3,0.25,299.06,84
7783,1598,9,270.08,0.45,0.25,337.6,37
7784,1949,2,2.73,0.47,0.25,3.41,12
7785,1949,9,2.46,0.33,0.25,3.08,61
7786,1949,4,2.81,0.41,0.25,3.51,85
7787,1949,3,2.54,0.15,0.25,3.18,23
7788,1949,6,2.72,0.4,0.25,3.4,52
7789,1949,10,2.7,0.48,0.25,3.38,16
7790,3419,8,5615.13,0.45,0.25,7018.91,63
7791,3419,2,5012.38,0.36,0.25,6265.48,98
7792,3419,10,5171.0,0.34,0.25,6463.75,40
7793,803,10,88.82,0.44,0.25,111.02,99
7794,803,3,75.15,0.1,0.25,93.94,93
7795,803,1,84.91,0.4,0.25,106.14,38
7796,803,8,84.91,0.36,0.25,106.14,63
7797,1745,8,787.94,0.39,0.25,984.92,69
7798,1745,2,710.96,0.32,0.25,888.7,15
7799,1745,6,824.17,0.46,0.25,1030.21,80
7800,5168,4,480.74,0.46,0.25,600.92,51
7801,5168,9,469.43,0.33,0.25,586.79,87
7802,5168,2,480.74,0.46,0.25,600.92,64
7803,5168,10,475.09,0.3,0.25,593.86,17
7804,5168,7,463.78,0.38,0.25,579.72,25
7805,5168,6,452.46,0.37,0.25,565.57,28
7806,339,8,109.14,0.3,0.25,136.43,58
7807,339,9,117.75,0.33,0.25,147.19,73
7808,339,3,114.88,0.12,0.25,143.6,56
7809,339,10,122.78,0.42,0.25,153.48,60
7810,4608,7,1637.74,0.4,0.25,2047.18,48
7811,4608,8,1558.81,0.38,0.25,1948.51,10
7812,4608,9,1696.93,0.44,0.25,2121.16,93
7813,4608,6,1746.26,0.38,0.25,2182.82,49
7814,4608,10,1667.34,0.37,0.25,2084.17,95
7815,4608,3,1578.54,0.13,0.25,1973.18,24
7816,2377,2,15.13,0.33,0.25,18.91,94
7817,2377,9,15.22,0.34,0.25,19.03,55
7818,2377,3,15.4,0.14,0.25,19.25,14
7819,2377,6,14.07,0.35,0.25,17.59,32
7820,2377,1,15.49,0.43,0.25,19.36,62
7821,2377,10,14.6,0.41,0.25,18.25,69
7822,3926,3,1432.09,0.13,0.25,1790.11,74
7823,3926,2,1337.76,0.33,0.25,1672.2,86
7824,3926,10,1466.39,0.39,0.25,1832.99,28
7825,3926,4,1500.7,0.5,0.25,1875.88,27
7826,48,8,444.94,0.32,0.25,556.17,12
7827,48,10,444.94,0.4,0.25,556.17,51
7828,48,5,416.32,0.14,0.25,520.4,81
7829,48,1,439.74,0.48,0.25,549.67,34
7830,2260,1,37.14,0.31,0.25,46.42,61
7831,2260,2,34.47,0.34,0.25,43.09,83
7832,2260,8,36.25,0.41,0.25,45.31,39
7833,2260,7,38.48,0.35,0.25,48.1,62
7834,2260,6,34.25,0.33,0.25,42.81,15
7835,1001,6,172.92,0.44,0.25,216.15,64
7836,1001,8,184.45,0.45,0.25,230.56,36
7837,1001,9,178.16,0.32,0.25,222.7,24
7838,1001,3,166.63,0.11,0.25,208.29,37
7839,1001,1,185.5,0.49,0.25,231.88,38
7840,3289,10,6948.85,0.3,0.25,8686.06,44
7841,3289,9,7398.48,0.42,0.25,9248.1,52
7842,3289,2,6989.73,0.39,0.25,8737.16,100
7843,3289,8,6580.97,0.34,0.25,8226.21,46
7844,772,5,48.22,0.11,0.25,60.28,47
7845,772,6,52.89,0.43,0.25,66.11,30
7846,772,3,48.22,0.11,0.25,60.28,14
7847,772,4,56.0,0.43,0.25,70.0,56
7848,772,7,50.4,0.31,0.25,63.0,77
7849,1420,1,154.71,0.49,0.25,193.39,77
7850,1420,7,160.11,0.45,0.25,200.14,62
7851,1420,9,163.71,0.5,0.25,204.64,54
7852,4398,8,1048.47,0.36,0.25,1310.59,68
7853,4398,5,1023.51,0.11,0.25,1279.39,18
7854,4398,10,1023.51,0.36,0.25,1279.39,78
7855,4398,6,1160.81,0.49,0.25,1451.01,61
7856,4398,9,1023.51,0.31,0.25,1279.39,78
7857,4398,3,1004.78,0.15,0.25,1255.97,12
7858,520,10,561.99,0.45,0.25,702.49,44
7859,520,4,521.17,0.41,0.25,651.46,61
7860,520,7,514.89,0.41,0.25,643.61,83
7861,520,2,549.43,0.42,0.25,686.79,53
7862,520,5,486.64,0.12,0.25,608.3,73
7863,1010,9,233.1,0.43,0.25,291.38,27
7864,1010,8,231.77,0.45,0.25,289.71,87
7865,1010,2,233.1,0.41,0.25,291.38,51
7866,1010,4,222.44,0.36,0.25,278.05,45
7867,1010,3,225.11,0.12,0.25,281.39,49
7868,1010,5,227.77,0.15,0.25,284.71,24
7869,3603,5,3107.1,0.14,0.25,3883.88,78
7870,3603,3,3048.11,0.11,0.25,3810.14,48
7871,3603,1,3205.43,0.34,0.25,4006.79,45
7872,3603,9,3205.43,0.43,0.25,4006.79,21
7873,3603,7,3323.42,0.33,0.25,4154.27,18
7874,3603,2,3402.08,0.4,0.25,4252.6,99
7875,2200,2,6.11,0.37,0.25,7.64,27
7876,2200,6,6.5,0.31,0.25,8.12,60
7877,2200,3,6.11,0.1,0.25,7.64,84
7878,1041,7,271.0,0.33,0.25,338.75,29
7879,1041,5,262.94,0.1,0.25,328.68,50
7880,1041,6,275.84,0.4,0.25,344.8,70
7881,1041,3,256.48,0.13,0.25,320.6,81
7882,686,9,43.66,0.37,0.25,54.58,62
7883,686,6,40.67,0.4,0.25,50.84,92
7884,686,10,46.41,0.49,0.25,58.01,45
7885,5193,8,529.54,0.38,0.25,661.92,95
7886,5193,3,549.03,0.14,0.25,686.29,57
7887,5193,1,523.04,0.41,0.25,653.8,76
7888,5193,5,549.03,0.14,0.25,686.29,75
7889,5193,7,552.28,0.38,0.25,690.35,31
7890,5193,6,558.78,0.43,0.25,698.47,92
7891,288,8,280.48,0.33,0.25,350.6,34
7892,288,2,296.46,0.38,0.25,370.58,41
7893,288,7,312.44,0.44,0.25,390.55,85
7894,288,6,292.91,0.43,0.25,366.14,61
7895,2656,10,76.15,0.43,0.25,95.19,61
7896,2656,4,81.22,0.39,0.25,101.52,71
7897,2656,6,77.07,0.36,0.25,96.34,88
7898,2656,7,80.76,0.42,0.25,100.95,61
7899,2656,2,71.07,0.3,0.25,88.84,57
7900,2656,9,78.46,0.43,0.25,98.07,89
7901,374,2,395.0,0.34,0.25,493.75,32
7902,374,6,458.71,0.48,0.25,573.39,94
7903,374,3,407.74,0.14,0.25,509.68,84
7904,4336,1,258.78,0.42,0.25,323.47,45
7905,4336,2,255.68,0.31,0.25,319.6,34
7906,4336,9,251.04,0.32,0.25,313.8,36
7907,4336,10,275.83,0.48,0.25,344.79,31
7908,4336,8,241.74,0.32,0.25,302.18,58
7909,1290,9,160.3,0.37,0.25,200.38,93
7910,1290,10,153.82,0.41,0.25,192.27,57
7911,1290,8,161.23,0.4,0.25,201.54,100
7912,1290,3,147.33,0.14,0.25,184.16,65
7913,1290,5,158.45,0.12,0.25,198.06,15
7914,4725,8,49.64,0.39,0.25,62.05,29
7915,4725,7,53.03,0.38,0.25,66.29,41
7916,4725,10,48.71,0.34,0.25,60.89,40
7917,4725,6,54.88,0.39,0.25,68.6,73
7918,4725,9,52.1,0.33,0.25,65.12,11
7919,4725,1,52.72,0.35,0.25,65.9,42
7920,1320,7,122.1,0.34,0.25,152.62,90
7921,1320,10,119.21,0.43,0.25,149.01,22
7922,1320,2,117.04,0.38,0.25,146.3,32
7923,1320,9,124.27,0.33,0.25,155.34,44
7924,1320,5,120.66,0.11,0.25,150.82,82
7925,3801,7,2036.37,0.34,0.25,2545.46,74
7926,3801,4,2036.37,0.31,0.25,2545.46,36
7927,3801,10,2087.28,0.41,0.25,2609.1,63
7928,3801,9,2341.82,0.49,0.25,2927.28,43
7929,2246,8,25.61,0.36,0.25,32.01,40
7930,2246,4,29.66,0.48,0.25,37.08,24
7931,2246,2,27.23,0.42,0.25,34.04,71
7932,2246,1,26.58,0.4,0.25,33.22,72
7933,2246,10,27.72,0.35,0.25,34.65,74
7934,5313,8,58.27,0.37,0.25,72.84,77
7935,5313,10,60.48,0.43,0.25,75.6,14
7936,5313,9,66.38,0.45,0.25,82.98,41
7937,1132,5,113.4,0.13,0.25,141.75,42
7938,1132,2,119.86,0.4,0.25,149.82,53
7939,1132,9,111.24,0.33,0.25,139.05,34
7940,1132,10,114.11,0.35,0.25,142.64,40
7941,1132,1,122.73,0.35,0.25,153.41,62
7942,1132,6,120.57,0.48,0.25,150.71,81
7943,660,4,61.44,0.32,0.25,76.8,84
7944,660,2,67.39,0.3,0.25,84.24,64
7945,660,5,65.41,0.13,0.25,81.76,19
7946,660,7,68.18,0.38,0.25,85.22,69
7947,660,10,67.39,0.37,0.25,84.24,83
7948,3974,3,2246.83,0.11,0.25,2808.54,33
7949,3974,8,2122.0,0.32,0.25,2652.5,67
7950,3974,1,2579.69,0.49,0.25,3224.61,23
7951,3974,2,2385.52,0.38,0.25,2981.9,84
7952,1165,3,110.24,0.12,0.25,137.8,12
7953,1165,2,117.41,0.43,0.25,146.76,40
7954,1165,8,115.46,0.37,0.25,144.32,56
7955,1165,9,102.41,0.31,0.25,128.01,21
7956,1165,1,99.8,0.3,0.25,124.75,18
7957,1165,7,111.54,0.31,0.25,139.43,41
7958,4615,7,103.46,0.31,0.25,129.32,25
7959,4615,5,106.82,0.14,0.25,133.52,40
7960,4615,10,116.22,0.34,0.25,145.28,33
7961,2093,4,1.97,0.33,0.25,2.46,17
7962,2093,7,1.84,0.34,0.25,2.3,19
7963,2093,3,1.85,0.14,0.25,2.31,59
7964,2093,8,2.08,0.48,0.25,2.6,78
7965,3828,6,359.87,0.48,0.25,449.84,55
7966,3828,8,357.82,0.44,0.25,447.28,85
7967,3828,9,355.78,0.42,0.25,444.72,81
7968,3828,5,345.55,0.1,0.25,431.94,42
7969,3828,7,355.78,0.36,0.25,444.72,38
7970,3828,3,323.06,0.13,0.25,403.82,16
7971,3248,4,1104.25,0.37,0.25,1380.31,22
7972,3248,8,1174.14,0.37,0.25,1467.68,15
7973,3248,7,1139.19,0.31,0.25,1423.99,48
7974,3248,5,1146.18,0.1,0.25,1432.72,69
7975,2457,4,59.42,0.45,0.25,74.28,98
7976,2457,8,66.5,0.49,0.25,83.12,84
7977,2457,10,61.54,0.44,0.25,76.92,60
7978,2457,5,58.01,0.12,0.25,72.51,70
7979,2457,1,59.07,0.44,0.25,73.84,77
7980,2148,10,21.63,0.43,0.25,27.04,22
7981,2148,2,22.92,0.44,0.25,28.65,63
7982,2148,9,23.18,0.48,0.25,28.98,57
7983,2148,3,22.02,0.14,0.25,27.52,78
7984,2555,2,165.83,0.49,0.25,207.29,12
7985,2555,6,170.46,0.5,0.25,213.08,52
7986,2555,7,173.24,0.49,0.25,216.55,86
7987,2555,1,156.56,0.4,0.25,195.7,40
7988,281,7,153.2,0.34,0.25,191.5,73
7989,281,8,161.87,0.36,0.25,202.34,22
7990,281,2,168.61,0.36,0.25,210.76,33
7991,281,6,169.58,0.43,0.25,211.98,85
7992,3238,9,4194.76,0.45,0.25,5243.45,95
7993,3238,1,3608.9,0.34,0.25,4511.12,89
7994,3238,2,3843.24,0.33,0.25,4804.05,85
7995,3238,8,4030.72,0.34,0.25,5038.4,53
7996,3238,6,4405.67,0.5,0.25,5507.09,42
7997,843,5,23.79,0.12,0.25,29.74,55
7998,843,7,24.76,0.47,0.25,30.95,15
7999,843,3,20.86,0.1,0.25,26.08,41
8000,843,10,24.06,0.35,0.25,30.08,41
8001,843,1,21.14,0.32,0.25,26.42,88
8002,451,8,350.39,0.47,0.25,437.99,50
8003,451,5,331.24,0.14,0.25,414.05,56
8004,451,6,317.84,0.3,0.25,397.3,43
8005,451,7,312.1,0.41,0.25,390.12,21
8006,1522,2,209.01,0.3,0.25,261.26,24
8007,1522,3,217.05,0.11,0.25,271.31,26
8008,1522,7,243.84,0.43,0.25,304.8,17
8009,941,4,33.53,0.38,0.25,41.91,39
8010,941,5,34.75,0.14,0.25,43.44,43
8011,941,3,31.7,0.15,0.25,39.62,71
8012,75,2,325.17,0.41,0.25,406.46,67
8013,75,5,296.42,0.13,0.25,370.52,75
8014,75,1,334.15,0.48,0.25,417.69,96
8015,1344,1,13.19,0.47,0.25,16.49,15
8016,1344,4,11.93,0.39,0.25,14.91,78
8017,1344,9,13.63,0.46,0.25,17.04,93
8018,1344,6,12.97,0.45,0.25,16.21,78
8019,2914,9,93.15,0.37,0.25,116.44,23
8020,2914,1,92.0,0.37,0.25,115.0,17
8021,2914,8,101.26,0.49,0.25,126.58,81
8022,2914,10,94.89,0.32,0.25,118.61,22
8023,2914,3,97.78,0.13,0.25,122.22,46
8024,4863,9,201.84,0.45,0.25,252.3,91
8025,4863,6,190.31,0.31,0.25,237.89,33
8026,4863,5,192.62,0.14,0.25,240.78,88
8027,4863,8,206.46,0.42,0.25,258.08,70
8028,5176,3,357.33,0.11,0.25,446.66,40
8029,5176,7,355.19,0.44,0.25,443.99,49
8030,5176,2,372.31,0.41,0.25,465.39,55
8031,5176,4,340.21,0.31,0.25,425.26,40
8032,5176,1,391.57,0.49,0.25,489.46,69
8033,5002,7,519.3,0.5,0.25,649.12,58
8034,5002,2,474.15,0.42,0.25,592.69,19
8035,5002,9,468.5,0.33,0.25,585.62,12
8036,5002,6,457.21,0.36,0.25,571.51,13
8037,5002,3,482.61,0.12,0.25,603.26,61
8038,5002,5,482.61,0.15,0.25,603.26,85
8039,920,1,72.51,0.38,0.25,90.64,37
8040,920,7,77.26,0.39,0.25,96.58,72
8041,920,6,74.67,0.4,0.25,93.34,51
8042,4627,2,1069.0,0.47,0.25,1336.25,48
8043,4627,10,1112.01,0.42,0.25,1390.01,71
8044,4627,9,1001.42,0.42,0.25,1251.77,96
8045,4627,1,952.27,0.34,0.25,1190.34,79
8046,4627,7,1007.57,0.39,0.25,1259.46,78
8047,4627,6,1044.43,0.43,0.25,1305.54,89
8048,3026,3,3735.54,0.13,0.25,4669.42,89
8049,3026,2,3921.15,0.3,0.25,4901.44,19
8050,3026,6,3712.34,0.37,0.25,4640.42,92
8051,3026,5,3828.35,0.11,0.25,4785.44,91
8052,3026,1,3874.75,0.35,0.25,4843.44,84
8053,3115,3,3086.71,0.11,0.25,3858.39,64
8054,3115,7,3220.91,0.4,0.25,4026.14,65
8055,3115,9,3067.54,0.36,0.25,3834.42,18
8056,3115,8,3374.29,0.36,0.25,4217.86,81
8057,434,7,160.14,0.32,0.25,200.18,20
8058,434,2,167.06,0.36,0.25,208.82,97
8059,434,6,178.92,0.45,0.25,223.65,100
8060,434,5,156.18,0.1,0.25,195.23,78
8061,3216,1,1666.22,0.44,0.25,2082.78,88
8062,3216,4,1693.99,0.5,0.25,2117.49,94
8063,3216,7,1564.4,0.39,0.25,1955.5,17
8064,3216,10,1527.37,0.39,0.25,1909.21,47
8065,3216,9,1703.25,0.45,0.25,2129.06,71
8066,3216,5,1545.89,0.11,0.25,1932.36,17
8067,1935,3,29.64,0.14,0.25,37.05,58
8068,1935,2,27.91,0.34,0.25,34.89,51
8069,1935,5,28.6,0.14,0.25,35.75,46
8070,1935,9,31.88,0.46,0.25,39.85,23
8071,1935,8,29.81,0.4,0.25,37.26,16
8072,1842,7,3.04,0.47,0.25,3.8,81
8073,1842,5,2.79,0.11,0.25,3.49,86
8074,1842,1,2.86,0.31,0.25,3.58,64
8075,1842,4,3.04,0.37,0.25,3.8,62
8076,1842,8,2.77,0.34,0.25,3.46,54
8077,4655,5,548.5,0.14,0.25,685.62,60
8078,4655,1,594.76,0.44,0.25,743.45,74
8079,4655,3,548.5,0.14,0.25,685.62,38
8080,4153,9,490.96,0.44,0.25,613.7,92
8081,4153,4,485.32,0.43,0.25,606.65,27
8082,4153,5,431.7,0.1,0.25,539.62,67
8083,4153,2,488.14,0.49,0.25,610.17,84
8084,1915,1,29.96,0.41,0.25,37.45,80
8085,1915,3,28.93,0.15,0.25,36.16,40
8086,1915,6,28.42,0.4,0.25,35.53,10
8087,1915,7,29.96,0.43,0.25,37.45,77
8088,4487,10,721.88,0.49,0.25,902.35,31
8089,4487,1,683.88,0.3,0.25,854.85,98
8090,4487,3,713.43,0.1,0.25,891.79,76
8091,4487,2,688.1,0.41,0.25,860.12,78
8092,2329,5,140.69,0.11,0.25,175.86,93
8093,2329,10,152.57,0.36,0.25,190.71,83
8094,2329,3,153.48,0.11,0.25,191.85,51
8095,2329,6,158.97,0.45,0.25,198.71,82
8096,3690,3,6644.26,0.14,0.25,8305.33,28
8097,3690,10,6899.81,0.3,0.25,8624.76,18
8098,3690,9,6857.22,0.31,0.25,8571.52,27
8099,3690,7,6814.62,0.4,0.25,8518.28,73
8100,3690,6,6984.99,0.33,0.25,8731.24,76
8101,431,6,374.52,0.38,0.25,468.15,84
8102,431,2,338.14,0.36,0.25,422.67,71
8103,431,4,355.26,0.31,0.25,444.08,33
8104,4905,3,232.49,0.14,0.25,290.61,69
8105,4905,6,232.49,0.45,0.25,290.61,42
8106,4905,9,237.9,0.39,0.25,297.38,16
8107,4905,4,241.95,0.46,0.25,302.44,74
8108,4905,10,210.87,0.31,0.25,263.59,36
8109,4905,5,224.38,0.14,0.25,280.48,43
8110,4976,1,568.97,0.44,0.25,711.21,86
8111,4976,3,495.03,0.11,0.25,618.79,39
8112,4976,4,591.47,0.46,0.25,739.34,44
8113,4976,8,527.18,0.35,0.25,658.97,92
8114,4976,7,585.04,0.45,0.25,731.3,60
8115,4976,9,562.54,0.45,0.25,703.18,59
8116,1130,8,67.2,0.49,0.25,84.0,18
8117,1130,9,59.12,0.37,0.25,73.9,91
8118,1130,6,59.49,0.31,0.25,74.36,77
8119,1130,1,65.36,0.45,0.25,81.7,39
8120,1130,3,62.42,0.13,0.25,78.03,57
8121,2219,10,49.29,0.47,0.25,61.61,80
8122,2219,7,46.04,0.32,0.25,57.55,46
8123,2219,3,41.43,0.11,0.25,51.79,31
8124,2219,5,45.22,0.13,0.25,56.52,15
8125,3355,10,6998.68,0.39,0.25,8748.35,31
8126,3355,4,7248.63,0.45,0.25,9060.79,84
8127,3355,6,7082.0,0.4,0.25,8852.5,49
8128,3355,8,7331.95,0.39,0.25,9164.94,60
8129,4458,5,1767.39,0.1,0.25,2209.24,15
8130,4458,9,1865.58,0.45,0.25,2331.98,82
8131,4458,4,1931.03,0.47,0.25,2413.79,88
8132,3915,10,2078.87,0.45,0.25,2598.59,73
8133,3915,3,1943.56,0.14,0.25,2429.45,73
8134,3915,9,2115.77,0.37,0.25,2644.71,56
8135,3915,4,2066.57,0.39,0.25,2583.21,35
8136,3915,6,2054.27,0.39,0.25,2567.84,42
8137,1384,5,75.15,0.12,0.25,93.94,94
8138,1384,7,75.15,0.34,0.25,93.94,17
8139,1384,10,72.09,0.39,0.25,90.11,43
8140,2497,7,90.87,0.46,0.25,113.59,80
8141,2497,9,82.61,0.34,0.25,103.26,18
8142,2497,2,86.74,0.4,0.25,108.42,20
8143,2497,10,85.19,0.32,0.25,106.49,62
8144,2497,4,84.67,0.34,0.25,105.84,26
8145,4041,5,376.97,0.14,0.25,471.21,55
8146,4041,6,399.96,0.4,0.25,499.95,55
8147,4041,4,386.16,0.34,0.25,482.7,56
8148,4041,10,393.06,0.39,0.25,491.32,87
8149,4041,2,399.96,0.43,0.25,499.95,41
8150,4041,1,406.85,0.49,0.25,508.56,76
8151,3498,9,777.67,0.48,0.25,972.09,58
8152,3498,6,773.04,0.37,0.25,966.3,48
8153,3498,5,726.75,0.11,0.25,908.44,27
8154,399,3,300.24,0.13,0.25,375.3,64
8155,399,10,317.7,0.48,0.25,397.12,23
8156,399,7,300.24,0.41,0.25,375.3,54
8157,399,1,293.26,0.33,0.25,366.58,46
8158,399,2,301.99,0.48,0.25,377.49,70
8159,3412,8,204.6,0.47,0.25,255.75,77
8160,3412,4,196.46,0.32,0.25,245.58,41
8161,3412,2,179.02,0.31,0.25,223.78,47
8162,1543,5,464.69,0.14,0.25,580.86,68
8163,1543,9,444.98,0.33,0.25,556.22,49
8164,1543,6,498.49,0.37,0.25,623.11,94
8165,1543,2,512.57,0.49,0.25,640.71,59
8166,1543,7,473.14,0.43,0.25,591.42,50
8167,1592,4,713.83,0.36,0.25,892.29,23
8168,1592,3,718.35,0.11,0.25,897.94,27
8169,1592,10,722.86,0.35,0.25,903.58,26
8170,1592,5,754.49,0.12,0.25,943.11,35
8171,1592,8,790.63,0.47,0.25,988.29,86
8172,2062,10,3.05,0.33,0.25,3.81,99
8173,2062,9,2.97,0.34,0.25,3.71,40
8174,2062,4,3.22,0.34,0.25,4.03,51
8175,2062,5,3.14,0.13,0.25,3.92,95
8176,2062,1,3.18,0.4,0.25,3.98,94
8177,885,10,145.62,0.32,0.25,182.02,66
8178,885,2,165.73,0.43,0.25,207.16,96
8179,885,3,156.15,0.11,0.25,195.19,63
8180,519,5,367.52,0.13,0.25,459.4,51
8181,519,8,376.49,0.32,0.25,470.61,80
8182,519,3,345.11,0.12,0.25,431.39,66
8183,519,2,389.93,0.38,0.25,487.41,39
8184,1140,9,151.38,0.45,0.25,189.22,19
8185,1140,8,143.64,0.38,0.25,179.55,68
8186,1140,10,143.64,0.44,0.25,179.55,94
8187,1140,6,131.6,0.31,0.25,164.5,42
8188,531,9,93.14,0.49,0.25,116.42,41
8189,531,4,95.3,0.39,0.25,119.12,87
8190,531,5,85.07,0.11,0.25,106.34,50
8191,5021,8,486.53,0.33,0.25,608.16,29
8192,5021,4,454.87,0.32,0.25,568.59,62
8193,5021,2,495.17,0.36,0.25,618.96,98
8194,1571,4,781.12,0.47,0.25,976.4,64
8195,1571,6,675.2,0.3,0.25,844.0,76
8196,1571,10,736.99,0.4,0.25,921.24,73
8197,1571,9,763.47,0.35,0.25,954.34,23
8198,1571,3,736.99,0.15,0.25,921.24,94
8199,1571,1,763.47,0.36,0.25,954.34,32
8200,4755,2,23.15,0.32,0.25,28.94,62
8201,4755,7,22.19,0.37,0.25,27.74,79
8202,4755,4,22.47,0.32,0.25,28.09,85
8203,5216,7,171.02,0.4,0.25,213.78,41
8204,5216,2,168.99,0.31,0.25,211.24,67
8205,5216,1,161.86,0.34,0.25,202.32,25
8206,5216,3,159.83,0.1,0.25,199.79,80
8207,5216,5,165.93,0.11,0.25,207.41,78
8208,5216,4,164.92,0.35,0.25,206.15,10
8209,3403,4,2281.52,0.46,0.25,2851.9,28
8210,3403,8,2106.01,0.3,0.25,2632.51,25
8211,3403,2,2080.94,0.31,0.25,2601.18,41
8212,3403,5,2043.34,0.11,0.25,2554.17,95
8213,3403,6,2268.98,0.41,0.25,2836.22,19
8214,3403,1,1943.05,0.34,0.25,2428.81,96
8215,3620,7,4867.53,0.31,0.25,6084.41,33
8216,3620,10,5631.06,0.45,0.25,7038.83,43
8217,3620,1,5471.99,0.33,0.25,6839.99,49
8218,3620,6,5694.69,0.39,0.25,7118.36,62
8219,3620,3,4994.78,0.12,0.25,6243.48,40
8220,3620,5,5217.48,0.15,0.25,6521.85,31
8221,3764,7,2698.62,0.39,0.25,3373.27,31
8222,3764,4,2649.56,0.39,0.25,3311.95,99
8223,3764,1,2600.49,0.35,0.25,3250.61,80
8224,3764,5,2764.05,0.12,0.25,3455.06,14
8225,3764,9,2747.69,0.31,0.25,3434.61,70
8226,3451,5,6569.48,0.12,0.25,8211.85,36
8227,3451,4,6221.68,0.31,0.25,7777.1,34
8228,3451,8,6492.19,0.43,0.25,8115.24,90
8229,3654,8,5556.29,0.36,0.25,6945.36,54
8230,3654,3,5458.81,0.12,0.25,6823.51,55
8231,3654,2,5166.37,0.36,0.25,6457.96,86
8232,3654,9,5458.81,0.41,0.25,6823.51,23
8233,3284,7,5193.22,0.39,0.25,6491.52,75
8234,3284,2,4635.75,0.34,0.25,5794.69,82
8235,3284,3,4753.11,0.14,0.25,5941.39,38
8236,2731,1,115.29,0.39,0.25,144.11,41
8237,2731,3,117.38,0.14,0.25,146.72,62
8238,2731,5,111.09,0.15,0.25,138.86,58
8239,2671,7,298.28,0.49,0.25,372.85,73
8240,2671,5,260.2,0.13,0.25,325.25,84
8241,2671,2,298.28,0.49,0.25,372.85,19
8242,2671,10,279.24,0.47,0.25,349.05,13
8243,2671,4,266.55,0.36,0.25,333.19,33
8244,2671,9,249.1,0.31,0.25,311.38,22
8245,1428,1,126.33,0.39,0.25,157.91,29
8246,1428,10,125.6,0.5,0.25,157.0,38
8247,1428,9,126.33,0.45,0.25,157.91,69
8248,4766,7,349.17,0.31,0.25,436.46,88
8249,4766,3,342.46,0.13,0.25,428.08,59
8250,4766,9,393.94,0.48,0.25,492.42,54
8251,4382,10,208.31,0.35,0.25,260.39,17
8252,4382,3,194.75,0.11,0.25,243.44,14
8253,4382,4,220.64,0.5,0.25,275.8,57
8254,4382,7,194.75,0.33,0.25,243.44,44
8255,4382,1,210.77,0.43,0.25,263.46,38
8256,4382,6,212.01,0.43,0.25,265.01,99
8257,3286,8,6637.1,0.47,0.25,8296.38,70
8258,3286,6,6833.47,0.39,0.25,8541.84,14
8259,3286,3,6087.28,0.1,0.25,7609.1,24
8260,3286,9,6637.1,0.33,0.25,8296.38,32
8261,5031,8,566.98,0.47,0.25,708.72,15
8262,5031,4,563.85,0.49,0.25,704.81,24
8263,5031,3,501.2,0.14,0.25,626.5,70
8264,5031,9,588.91,0.5,0.25,736.14,37
8265,4950,7,314.2,0.34,0.25,392.75,84
8266,4950,10,312.31,0.42,0.25,390.39,64
8267,4950,5,295.28,0.11,0.25,369.1,69
8268,4950,3,312.31,0.13,0.25,390.39,60
8269,4950,6,293.38,0.31,0.25,366.72,32
8270,5241,2,282.05,0.46,0.25,352.56,12
8271,5241,4,287.02,0.4,0.25,358.78,65
8272,5241,8,265.46,0.34,0.25,331.82,57
8273,5241,6,275.41,0.46,0.25,344.26,80
8274,1037,4,218.32,0.3,0.25,272.9,94
8275,1037,3,211.78,0.15,0.25,264.73,59
8276,1037,1,214.4,0.32,0.25,268.0,77
8277,1037,7,218.32,0.32,0.25,272.9,33
8278,5268,4,286.9,0.46,0.25,358.62,49
8279,5268,8,257.6,0.3,0.25,322.0,11
8280,5268,10,252.97,0.34,0.25,316.21,25
8281,5268,3,242.17,0.12,0.25,302.71,68
8282,5268,2,269.94,0.47,0.25,337.42,79
8283,5268,7,277.65,0.49,0.25,347.06,69
8284,1839,8,4.66,0.41,0.25,5.82,84
8285,1839,2,4.27,0.41,0.25,5.34,94
8286,1839,4,4.48,0.43,0.25,5.6,85
8287,1839,7,4.74,0.43,0.25,5.93,75
8288,2393,2,20.81,0.43,0.25,26.01,89
8289,2393,3,19.11,0.12,0.25,23.89,31
8290,2393,1,20.08,0.3,0.25,25.1,29
8291,2393,8,19.96,0.3,0.25,24.95,41
8292,2393,9,21.05,0.38,0.25,26.31,30
8293,2354,5,81.26,0.1,0.25,101.58,91
8294,2354,10,80.3,0.42,0.25,100.38,95
8295,2354,6,81.74,0.5,0.25,102.18,28
8296,1044,1,128.91,0.48,0.25,161.14,48
8297,1044,3,117.47,0.13,0.25,146.84,37
8298,1044,10,118.23,0.32,0.25,147.79,22
8299,1044,4,130.44,0.31,0.25,163.05,50
8300,1044,9,139.59,0.45,0.25,174.49,72
8301,1044,5,124.34,0.13,0.25,155.43,69
8302,3356,5,5478.01,0.14,0.25,6847.51,44
8303,3356,2,6339.33,0.48,0.25,7924.16,81
8304,3356,3,5856.99,0.1,0.25,7321.24,31
8305,3356,6,5374.65,0.35,0.25,6718.31,63
8306,3356,1,5753.63,0.39,0.25,7192.04,47
8307,3356,9,5891.45,0.31,0.25,7364.31,93
8308,1139,8,72.61,0.4,0.25,90.76,100
8309,1139,4,73.03,0.5,0.25,91.29,22
8310,1139,3,74.74,0.15,0.25,93.42,59
8311,1139,2,71.33,0.39,0.25,89.16,31
8312,2816,10,103.05,0.4,0.25,128.81,93
8313,2816,7,110.0,0.45,0.25,137.5,87
8314,2816,9,109.37,0.46,0.25,136.71,80
8315,2816,1,103.68,0.4,0.25,129.6,39
8316,2816,6,111.27,0.38,0.25,139.09,18
8317,4406,6,413.18,0.49,0.25,516.48,33
8318,4406,10,346.54,0.32,0.25,433.18,79
8319,4406,8,370.97,0.36,0.25,463.71,79
8320,4406,2,384.3,0.41,0.25,480.38,87
8321,4140,1,1947.57,0.39,0.25,2434.46,70
8322,4140,10,1793.52,0.33,0.25,2241.9,13
8323,4140,8,1870.54,0.43,0.25,2338.18,57
8324,4140,3,1683.49,0.11,0.25,2104.36,11
8325,4140,5,1815.53,0.11,0.25,2269.41,35
8326,4305,9,1447.94,0.37,0.25,1809.93,69
8327,4305,4,1525.97,0.42,0.25,1907.46,79
8328,4305,8,1473.95,0.32,0.25,1842.44,90
8329,4305,3,1404.59,0.1,0.25,1755.74,44
8330,4305,2,1534.64,0.5,0.25,1918.3,18
8331,704,8,38.56,0.37,0.25,48.2,47
8332,704,3,36.56,0.1,0.25,45.7,48
8333,704,1,38.34,0.49,0.25,47.92,22
8334,704,6,36.34,0.42,0.25,45.42,50
8335,704,5,36.56,0.11,0.25,45.7,27
8336,2622,2,124.22,0.41,0.25,155.28,49
8337,2622,3,108.78,0.14,0.25,135.98,70
8338,2622,10,119.31,0.42,0.25,149.14,88
8339,2622,1,117.2,0.46,0.25,146.5,84
8340,1614,3,602.33,0.15,0.25,752.91,69
8341,1614,8,548.87,0.32,0.25,686.09,20
8342,1614,5,584.51,0.1,0.25,730.64,30
8343,1614,1,609.46,0.47,0.25,761.82,57
8344,1614,2,634.41,0.4,0.25,793.01,41
8345,2408,6,37.39,0.4,0.25,46.74,61
8346,2408,10,39.2,0.41,0.25,49.0,35
8347,2408,7,37.62,0.34,0.25,47.02,62
8348,2408,3,35.8,0.14,0.25,44.75,29
8349,2408,2,35.8,0.35,0.25,44.75,96
8350,4194,9,153.68,0.38,0.25,192.1,77
8351,4194,5,156.46,0.13,0.25,195.58,57
8352,4194,1,170.35,0.46,0.25,212.94,39
8353,4194,10,167.57,0.41,0.25,209.46,28
8354,4194,2,152.76,0.38,0.25,190.95,100
8355,4194,8,155.53,0.43,0.25,194.41,86
8356,439,2,247.79,0.4,0.25,309.74,56
8357,439,9,270.6,0.5,0.25,338.25,75
8358,439,6,243.23,0.3,0.25,304.04,67
8359,439,8,246.27,0.33,0.25,307.84,45
8360,439,7,261.47,0.45,0.25,326.84,11
8361,886,3,207.95,0.13,0.25,259.94,17
8362,886,1,222.89,0.46,0.25,278.61,90
8363,886,10,214.17,0.42,0.25,267.71,69
8364,2730,10,51.38,0.41,0.25,64.23,40
8365,2730,5,47.84,0.14,0.25,59.8,57
8366,2730,3,49.91,0.13,0.25,62.39,64
8367,2730,8,54.93,0.49,0.25,68.66,33
8368,2730,7,45.48,0.33,0.25,56.85,85
8369,4050,1,232.05,0.49,0.25,290.06,39
8370,4050,10,225.22,0.43,0.25,281.52,12
8371,4050,2,222.49,0.35,0.25,278.11,14
8372,4050,8,215.67,0.32,0.25,269.59,34
8373,4050,3,210.21,0.1,0.25,262.76,96
8374,4050,6,240.24,0.46,0.25,300.3,38
8375,2887,8,95.46,0.45,0.25,119.32,43
8376,2887,2,97.14,0.35,0.25,121.42,44
8377,2887,5,91.52,0.13,0.25,114.4,81
8378,4523,7,756.16,0.4,0.25,945.2,79
8379,4523,3,756.16,0.12,0.25,945.2,43
8380,4523,6,769.5,0.5,0.25,961.88,60
8381,4523,8,711.68,0.32,0.25,889.6,16
8382,4523,5,720.58,0.11,0.25,900.72,75
8383,4523,10,725.02,0.35,0.25,906.28,33
8384,3082,4,7056.89,0.32,0.25,8821.11,80
8385,3082,3,7509.26,0.15,0.25,9386.58,12
8386,3082,2,7464.02,0.43,0.25,9330.03,23
8387,4821,1,322.45,0.5,0.25,403.06,90
8388,4821,5,279.7,0.12,0.25,349.62,82
8389,4821,9,301.07,0.36,0.25,376.34,84
8390,4821,4,293.95,0.44,0.25,367.44,14
8391,4821,2,301.07,0.35,0.25,376.34,82
8392,1631,5,237.85,0.15,0.25,297.31,14
8393,1631,9,219.66,0.35,0.25,274.58,96
8394,1631,10,228.05,0.37,0.25,285.06,76
8395,1631,2,243.44,0.38,0.25,304.3,80
8396,382,5,56.19,0.11,0.25,70.24,55
8397,382,8,53.2,0.37,0.25,66.5,32
8398,382,4,59.18,0.47,0.25,73.97,97
8399,382,10,62.51,0.48,0.25,78.14,61
8400,382,7,53.53,0.37,0.25,66.91,75
8401,382,3,52.2,0.13,0.25,65.25,31
8402,3129,6,4781.76,0.4,0.25,5977.2,91
8403,3129,10,4432.53,0.35,0.25,5540.66,20
8404,3129,3,4593.71,0.13,0.25,5742.14,95
8405,3129,4,4459.39,0.34,0.25,5574.24,16
8406,3129,1,4110.16,0.31,0.25,5137.7,50
8407,3129,8,4351.94,0.36,0.25,5439.92,98
8408,156,10,216.6,0.45,0.25,270.75,16
8409,156,8,212.86,0.41,0.25,266.08,29
8410,156,5,210.37,0.11,0.25,262.96,66
8411,156,6,210.37,0.32,0.25,262.96,22
8412,156,1,205.39,0.42,0.25,256.74,29
8413,3342,9,1151.7,0.42,0.25,1439.62,39
8414,3342,10,1177.15,0.47,0.25,1471.44,40
8415,3342,4,986.26,0.34,0.25,1232.82,17
8416,447,2,253.2,0.49,0.25,316.5,26
8417,447,3,222.43,0.14,0.25,278.04,58
8418,447,1,233.62,0.32,0.25,292.02,67
8419,447,8,229.42,0.44,0.25,286.77,66
8420,447,10,235.02,0.4,0.25,293.78,13
8421,447,6,247.61,0.39,0.25,309.51,52
8422,4980,9,512.05,0.33,0.25,640.06,83
8423,4980,2,505.77,0.33,0.25,632.21,24
8424,4980,6,499.48,0.37,0.25,624.35,97
8425,4980,10,543.46,0.35,0.25,679.32,47
8426,4980,5,486.92,0.12,0.25,608.65,24
8427,2163,10,3.97,0.35,0.25,4.96,84
8428,2163,8,4.01,0.42,0.25,5.01,57
8429,2163,1,3.97,0.41,0.25,4.96,16
8430,3095,10,708.49,0.44,0.25,885.61,32
8431,3095,1,712.71,0.39,0.25,890.89,14
8432,3095,9,704.27,0.4,0.25,880.34,45
8433,3095,3,674.75,0.15,0.25,843.44,64
8434,3510,8,7694.05,0.44,0.25,9617.56,27
8435,3510,6,7823.72,0.45,0.25,9779.65,46
8436,3510,5,6872.78,0.12,0.25,8590.98,52
8437,3510,10,7348.25,0.44,0.25,9185.31,77
8438,3510,2,7737.28,0.47,0.25,9671.6,43
8439,4807,1,25.73,0.42,0.25,32.16,21
8440,4807,6,26.04,0.43,0.25,32.55,90
8441,4807,10,26.68,0.42,0.25,33.35,49
8442,949,10,91.08,0.32,0.25,113.85,31
8443,949,1,89.98,0.41,0.25,112.48,39
8444,949,2,94.39,0.42,0.25,117.99,75
8445,949,4,91.63,0.38,0.25,114.54,16
8446,949,7,94.94,0.45,0.25,118.68,92
8447,949,3,88.87,0.1,0.25,111.09,22
8448,3331,4,987.86,0.45,0.25,1234.82,89
8449,3331,7,916.91,0.35,0.25,1146.14,36
8450,3331,2,922.37,0.47,0.25,1152.96,75
8451,3331,6,993.32,0.43,0.25,1241.65,84
8452,3331,1,971.49,0.46,0.25,1214.36,20
8453,3331,5,862.33,0.14,0.25,1077.91,38
8454,4251,7,1258.75,0.38,0.25,1573.44,50
8455,4251,2,1216.08,0.39,0.25,1520.1,60
8456,4251,5,1201.86,0.15,0.25,1502.32,83
8457,3197,8,6329.05,0.49,0.25,7911.31,26
8458,3197,5,5963.21,0.14,0.25,7454.01,96
8459,3197,4,6621.72,0.48,0.25,8277.15,89
8460,3197,9,6146.13,0.37,0.25,7682.66,62
8461,3197,2,5926.62,0.41,0.25,7408.28,41
8462,2477,7,32.69,0.35,0.25,40.86,55
8463,2477,1,34.98,0.43,0.25,43.72,42
8464,2477,3,35.6,0.15,0.25,44.5,22
8465,2477,9,37.06,0.46,0.25,46.32,17
8466,2477,4,36.23,0.49,0.25,45.29,53
8467,752,8,43.57,0.4,0.25,54.46,37
8468,752,7,40.77,0.31,0.25,50.96,64
8469,752,9,42.81,0.47,0.25,53.51,10
8470,1857,6,10.46,0.49,0.25,13.08,42
8471,1857,2,9.56,0.38,0.25,11.95,45
8472,1857,10,10.82,0.41,0.25,13.52,83
8473,1857,8,10.04,0.37,0.25,12.55,91
8474,4056,6,980.79,0.43,0.25,1225.99,97
8475,4056,7,969.51,0.48,0.25,1211.89,36
8476,4056,1,1020.24,0.46,0.25,1275.3,72
8477,4056,5,913.15,0.14,0.25,1141.44,39
8478,3151,6,7158.89,0.35,0.25,8948.61,87
8479,3151,8,6983.22,0.32,0.25,8729.02,60
8480,3151,5,6807.54,0.11,0.25,8509.42,46
8481,2265,7,62.88,0.44,0.25,78.6,53
8482,2265,8,57.01,0.31,0.25,71.26,95
8483,2265,1,61.5,0.45,0.25,76.88,70
8484,2265,3,56.66,0.13,0.25,70.82,86
8485,2265,2,53.9,0.33,0.25,67.38,23
8486,3225,10,3258.28,0.36,0.25,4072.85,37
8487,3225,5,3238.65,0.12,0.25,4048.31,64
8488,3225,7,3140.51,0.37,0.25,3925.64,46
8489,1335,5,150.06,0.13,0.25,187.58,92
8490,1335,6,183.94,0.5,0.25,229.92,21
8491,1335,2,166.51,0.49,0.25,208.14,93
8492,3206,1,3960.72,0.49,0.25,4950.9,50
8493,3206,9,3578.15,0.37,0.25,4472.69,38
8494,3206,8,3668.17,0.33,0.25,4585.21,89
8495,3206,7,3465.63,0.32,0.25,4332.04,75
8496,4889,7,631.06,0.45,0.25,788.82,80
8497,4889,6,596.77,0.35,0.25,745.96,13
8498,4889,10,607.06,0.48,0.25,758.82,96
8499,4889,5,572.76,0.14,0.25,715.95,58
8500,1051,1,160.26,0.31,0.25,200.32,74
8501,1051,10,162.22,0.45,0.25,202.78,42
8502,1051,5,154.4,0.12,0.25,193.0,68
8503,1051,2,169.06,0.43,0.25,211.32,78
8504,1051,7,156.35,0.36,0.25,195.44,16
8505,1869,9,13.54,0.3,0.25,16.92,35
8506,1869,2,14.87,0.47,0.25,18.59,57
8507,1869,10,14.34,0.39,0.25,17.92,16
8508,1869,6,14.87,0.42,0.25,18.59,26
8509,2251,4,34.39,0.4,0.25,42.99,56
8510,2251,8,33.04,0.38,0.25,41.3,15
8511,2251,2,32.46,0.33,0.25,40.58,11
8512,2251,1,34.19,0.5,0.25,42.74,27
8513,2251,10,34.0,0.46,0.25,42.5,66
8514,2251,7,29.58,0.33,0.25,36.97,60
8515,3474,4,6948.35,0.5,0.25,8685.44,21
8516,3474,9,6826.44,0.44,0.25,8533.05,25
8517,3474,2,6501.38,0.36,0.25,8126.72,41
8518,3037,8,5113.27,0.32,0.25,6391.59,18
8519,3037,7,5460.47,0.49,0.25,6825.59,36
8520,3037,4,4829.2,0.31,0.25,6036.5,20
8521,3270,3,1017.14,0.15,0.25,1271.42,69
8522,3270,4,1029.25,0.32,0.25,1286.56,25
8523,3270,7,1053.47,0.38,0.25,1316.84,31
8524,3270,5,998.98,0.14,0.25,1248.72,41
8525,3270,1,938.43,0.32,0.25,1173.04,87
8526,4945,2,303.87,0.36,0.25,379.84,17
8527,4945,8,315.2,0.36,0.25,394.0,69
8528,4945,10,305.76,0.31,0.25,382.2,91
8529,3409,6,6860.43,0.41,0.25,8575.54,61
8530,3409,2,7016.35,0.5,0.25,8770.44,82
8531,3409,7,6509.61,0.47,0.25,8137.01,13
8532,3409,9,6470.63,0.39,0.25,8088.29,44
8533,3409,3,6509.61,0.1,0.25,8137.01,82
8534,3409,4,6821.45,0.46,0.25,8526.81,58
8535,4999,3,138.31,0.14,0.25,172.89,82
8536,4999,9,127.48,0.31,0.25,159.35,83
8537,4999,6,134.98,0.31,0.25,168.72,14
8538,2558,1,325.88,0.47,0.25,407.35,91
8539,2558,9,325.88,0.4,0.25,407.35,52
8540,2558,3,302.08,0.12,0.25,377.6,94
8541,2558,10,298.42,0.31,0.25,373.02,39
8542,2558,5,287.44,0.12,0.25,359.3,11
8543,2558,4,327.71,0.43,0.25,409.64,23
8544,4020,9,2292.92,0.44,0.25,2866.15,30
8545,4020,5,2250.97,0.12,0.25,2813.71,62
8546,4020,4,2586.52,0.47,0.25,3233.15,29
8547,4020,2,2488.65,0.43,0.25,3110.81,53
8548,1776,2,145.69,0.41,0.25,182.11,28
8549,1776,3,140.52,0.14,0.25,175.65,94
8550,1776,7,146.56,0.39,0.25,183.2,37
8551,1776,8,138.8,0.3,0.25,173.5,57
8552,1776,4,144.83,0.47,0.25,181.04,63
8553,1776,10,150.01,0.34,0.25,187.51,35
8554,4195,5,969.22,0.13,0.25,1211.53,14
8555,4195,6,916.03,0.31,0.25,1145.04,96
8556,4195,10,1087.42,0.5,0.25,1359.28,49
8557,4195,7,1010.59,0.37,0.25,1263.24,92
8558,4195,9,1069.69,0.46,0.25,1337.11,78
8559,4195,1,1022.41,0.48,0.25,1278.01,52
8560,5010,7,43.42,0.48,0.25,54.28,46
8561,5010,4,40.1,0.3,0.25,50.12,49
8562,5010,3,41.12,0.13,0.25,51.4,80
8563,5010,5,43.67,0.13,0.25,54.59,92
8564,5010,10,40.86,0.4,0.25,51.08,86
8565,5010,6,44.7,0.37,0.25,55.88,100
8566,1901,8,10.26,0.48,0.25,12.82,65
8567,1901,5,8.9,0.11,0.25,11.12,19
8568,1901,1,9.17,0.36,0.25,11.46,68
8569,3359,5,5285.15,0.11,0.25,6606.44,30
8570,3359,4,5347.7,0.44,0.25,6684.62,91
8571,3359,2,5378.97,0.35,0.25,6723.71,53
8572,3359,1,5535.34,0.46,0.25,6919.18,34
8573,3359,3,5253.88,0.13,0.25,6567.35,99
8574,1465,10,140.58,0.45,0.25,175.73,92
8575,1465,3,134.37,0.14,0.25,167.96,61
8576,1465,4,120.39,0.32,0.25,150.49,42
8577,1465,1,136.7,0.37,0.25,170.88,50
8578,3291,9,6944.6,0.33,0.25,8680.75,69
8579,3291,3,6533.68,0.13,0.25,8167.1,70
8580,3291,10,6492.58,0.3,0.25,8115.72,97
8581,3291,7,7108.97,0.42,0.25,8886.21,70
8582,3313,10,8391.01,0.46,0.25,10488.76,61
8583,3313,9,8254.2,0.47,0.25,10317.75,86
8584,3313,4,7205.32,0.36,0.25,9006.65,30
8585,4084,2,1448.09,0.33,0.25,1810.11,14
8586,4084,7,1483.84,0.35,0.25,1854.8,74
8587,4084,4,1537.47,0.5,0.25,1921.84,57
8588,4084,3,1412.33,0.13,0.25,1765.41,71
8589,4311,4,1336.82,0.36,0.25,1671.02,57
8590,4311,6,1445.43,0.38,0.25,1806.79,46
8591,4311,7,1311.75,0.33,0.25,1639.69,27
8592,4311,3,1353.53,0.13,0.25,1691.91,72
8593,4311,1,1395.3,0.43,0.25,1744.12,30
8594,4311,9,1420.37,0.44,0.25,1775.46,59
8595,4025,1,839.79,0.35,0.25,1049.74,57
8596,4025,5,799.32,0.11,0.25,999.15,90
8597,4025,2,784.14,0.31,0.25,980.18,35
8598,3582,4,3818.41,0.37,0.25,4773.01,12
8599,3582,9,3483.46,0.36,0.25,4354.32,98
8600,3582,10,4153.36,0.48,0.25,5191.7,46
8601,4495,6,1235.84,0.47,0.25,1544.8,18
8602,4495,10,1201.12,0.45,0.25,1501.4,20
8603,4495,3,1152.52,0.13,0.25,1440.65,47
8604,4495,9,1221.95,0.4,0.25,1527.44,88
8605,383,4,173.38,0.43,0.25,216.72,62
8606,383,3,164.14,0.12,0.25,205.18,83
8607,383,5,165.17,0.14,0.25,206.46,25
8608,383,2,162.09,0.33,0.25,202.61,76
8609,383,1,157.99,0.34,0.25,197.49,87
8610,383,6,176.45,0.44,0.25,220.56,31
8611,1324,3,36.05,0.1,0.25,45.06,36
8612,1324,2,40.09,0.46,0.25,50.11,10
8613,1324,4,41.04,0.39,0.25,51.3,20
8614,1324,9,43.41,0.45,0.25,54.26,86
8615,133,6,1140.94,0.4,0.25,1426.18,66
8616,133,9,1134.34,0.37,0.25,1417.92,15
8617,133,2,1134.34,0.33,0.25,1417.92,57
8618,3976,10,651.88,0.42,0.25,814.85,25
8619,3976,9,683.68,0.37,0.25,854.6,70
8620,3976,2,659.83,0.37,0.25,824.79,86
8621,3976,6,639.96,0.38,0.25,799.95,54
8622,1581,3,689.29,0.12,0.25,861.61,38
8623,1581,10,710.44,0.32,0.25,888.05,35
8624,1581,2,790.79,0.48,0.25,988.49,50
8625,1581,1,740.04,0.45,0.25,925.05,58
8626,1581,5,663.92,0.11,0.25,829.9,60
8627,1581,6,752.73,0.39,0.25,940.91,16
8628,2023,5,7.01,0.13,0.25,8.76,71
8629,2023,3,7.27,0.15,0.25,9.09,96
8630,2023,7,6.97,0.32,0.25,8.71,99
8631,3780,10,6576.88,0.33,0.25,8221.1,37
8632,3780,4,7128.49,0.48,0.25,8910.61,31
8633,3780,3,6958.77,0.1,0.25,8698.46,28
8634,3780,5,6704.18,0.15,0.25,8380.22,98
8635,3780,8,7170.92,0.32,0.25,8963.65,63
8636,3780,9,6746.61,0.35,0.25,8433.26,31
8637,1714,10,656.97,0.47,0.25,821.21,40
8638,1714,9,592.41,0.35,0.25,740.51,89
8639,1714,8,634.18,0.39,0.25,792.72,89
8640,1714,6,672.16,0.41,0.25,840.2,71
8641,1714,5,584.82,0.12,0.25,731.03,29
8642,1714,4,702.54,0.47,0.25,878.18,22
8643,693,8,70.23,0.32,0.25,87.79,100
8644,693,10,78.9,0.46,0.25,98.62,43
8645,693,7,74.56,0.37,0.25,93.2,67
8646,693,2,74.13,0.45,0.25,92.66,80
8647,693,4,73.7,0.42,0.25,92.12,16
8648,4560,10,620.79,0.38,0.25,775.99,33
8649,4560,8,596.24,0.38,0.25,745.3,30
8650,4560,2,638.33,0.49,0.25,797.91,82
8651,4560,7,568.18,0.36,0.25,710.22,49
8652,4560,4,627.81,0.5,0.25,784.76,67
8653,3621,5,910.69,0.12,0.25,1138.36,16
8654,3621,8,969.83,0.3,0.25,1212.29,60
8655,3621,9,958.0,0.33,0.25,1197.5,39
8656,3621,1,910.69,0.33,0.25,1138.36,24
8657,3621,4,1064.45,0.49,0.25,1330.56,82
8658,3273,5,696.91,0.12,0.25,871.14,33
8659,3273,9,664.31,0.36,0.25,830.39,14
8660,3273,10,696.91,0.49,0.25,871.14,55
8661,4798,3,283.78,0.12,0.25,354.72,91
8662,4798,5,289.3,0.14,0.25,361.62,53
8663,4798,4,311.42,0.3,0.25,389.28,28
8664,3670,10,6120.22,0.34,0.25,7650.28,88
8665,3670,8,6341.43,0.34,0.25,7926.79,44
8666,3670,7,5972.75,0.42,0.25,7465.94,52
8667,3670,6,6525.78,0.44,0.25,8157.22,51
8668,3670,3,5677.8,0.13,0.25,7097.25,75
8669,3670,2,5972.75,0.38,0.25,7465.94,17
8670,3152,6,1357.74,0.32,0.25,1697.18,99
8671,3152,8,1638.05,0.47,0.25,2047.56,74
8672,3152,5,1489.13,0.1,0.25,1861.41,55
8673,4899,2,403.95,0.35,0.25,504.94,14
8674,4899,4,386.28,0.31,0.25,482.85,71
8675,4899,5,388.8,0.12,0.25,486.0,94
8676,5392,9,429.95,0.49,0.25,537.44,45
8677,5392,3,400.64,0.14,0.25,500.8,75
8678,5392,7,366.44,0.3,0.25,458.05,50
8679,5392,2,422.62,0.4,0.25,528.28,72
8680,5392,1,415.29,0.33,0.25,519.11,15
8681,2644,4,61.39,0.33,0.25,76.74,86
8682,2644,9,63.31,0.38,0.25,79.14,63
8683,2644,5,63.69,0.1,0.25,79.61,71
8684,2644,10,61.01,0.36,0.25,76.26,89
8685,2644,6,68.68,0.41,0.25,85.85,34
8686,5150,2,593.15,0.45,0.25,741.44,40
8687,5150,8,568.87,0.37,0.25,711.09,12
8688,5150,1,568.87,0.34,0.25,711.09,47
8689,5150,7,589.68,0.45,0.25,737.1,59
8690,5150,5,551.52,0.14,0.25,689.4,65
8691,5150,9,575.8,0.44,0.25,719.75,27
8692,3789,1,195.51,0.3,0.25,244.39,80
8693,3789,9,204.23,0.33,0.25,255.29,43
8694,3789,4,189.29,0.31,0.25,236.61,68
8695,3789,7,205.47,0.42,0.25,256.84,99
8696,3789,2,205.47,0.31,0.25,256.84,57
8697,2859,1,287.87,0.3,0.25,359.84,11
8698,2859,3,291.56,0.13,0.25,364.45,74
8699,2859,7,300.78,0.33,0.25,375.98,57
8700,2859,10,322.93,0.42,0.25,403.66,37
8701,2859,4,321.08,0.41,0.25,401.35,13
8702,112,2,647.85,0.33,0.25,809.81,21
8703,112,10,628.91,0.31,0.25,786.14,59
8704,112,5,583.44,0.12,0.25,729.3,22
8705,2540,2,75.36,0.4,0.25,94.2,71
8706,2540,10,67.87,0.31,0.25,84.84,58
8707,2540,6,73.16,0.44,0.25,91.45,32
8708,2540,8,76.68,0.36,0.25,95.85,32
8709,2540,1,68.75,0.35,0.25,85.94,88
8710,333,1,198.66,0.43,0.25,248.32,36
8711,333,3,186.62,0.14,0.25,233.28,47
8712,333,2,201.07,0.46,0.25,251.34,27
8713,1883,9,31.8,0.43,0.25,39.75,81
8714,1883,2,31.06,0.43,0.25,38.82,96
8715,1883,8,31.25,0.46,0.25,39.06,56
8716,1883,6,32.16,0.45,0.25,40.2,44
8717,1883,5,30.88,0.12,0.25,38.6,19
8718,1883,3,29.59,0.13,0.25,36.99,74
8719,3818,7,241.6,0.48,0.25,302.0,55
8720,3818,6,250.18,0.35,0.25,312.73,35
8721,3818,9,241.6,0.33,0.25,302.0,67
8722,3818,10,218.73,0.33,0.25,273.41,99
8723,369,8,72.61,0.36,0.25,90.76,34
8724,369,3,73.05,0.13,0.25,91.31,64
8725,369,2,77.83,0.45,0.25,97.29,10
8726,369,10,73.48,0.41,0.25,91.85,39
8727,4400,4,146.15,0.4,0.25,182.69,93
8728,4400,1,139.87,0.34,0.25,174.84,90
8729,4400,3,152.42,0.13,0.25,190.52,90
8730,4400,10,143.46,0.37,0.25,179.32,55
8731,5344,6,574.98,0.38,0.25,718.72,98
8732,5344,8,598.94,0.46,0.25,748.68,59
8733,5344,7,595.52,0.35,0.25,744.4,60
8734,5344,4,616.05,0.42,0.25,770.06,56
8735,5344,3,547.6,0.13,0.25,684.5,47
8736,1800,5,645.3,0.13,0.25,806.62,87
8737,1800,9,618.42,0.41,0.25,773.02,73
8738,1800,2,610.73,0.33,0.25,763.41,75
8739,2317,8,50.78,0.43,0.25,63.48,91
8740,2317,2,51.35,0.41,0.25,64.19,18
8741,2317,10,49.36,0.48,0.25,61.7,63
8742,2317,6,49.64,0.44,0.25,62.05,52
8743,2317,5,45.36,0.12,0.25,56.7,28
8744,3330,9,962.14,0.42,0.25,1202.68,66
8745,3330,7,861.14,0.4,0.25,1076.42,74
8746,3330,2,908.98,0.34,0.25,1136.22,65
8747,3330,1,877.09,0.39,0.25,1096.36,88
8748,514,3,457.84,0.1,0.25,572.3,86
8749,514,1,498.15,0.42,0.25,622.69,23
8750,514,7,489.52,0.47,0.25,611.9,82
8751,514,4,512.55,0.46,0.25,640.69,12
8752,514,10,457.84,0.3,0.25,572.3,31
8753,514,9,503.91,0.48,0.25,629.89,47
8754,501,5,137.18,0.11,0.25,171.48,68
8755,501,9,143.0,0.41,0.25,178.75,53
8756,501,1,134.69,0.34,0.25,168.36,49
8757,1092,1,79.06,0.35,0.25,98.82,48
8758,1092,2,84.09,0.47,0.25,105.11,67
8759,1092,5,78.15,0.12,0.25,97.69,13
8760,1092,7,76.78,0.41,0.25,95.98,99
8761,287,10,97.59,0.48,0.25,121.99,82
8762,287,9,99.3,0.37,0.25,124.12,11
8763,287,6,100.44,0.44,0.25,125.55,13
8764,287,8,93.02,0.4,0.25,116.28,18
8765,287,1,92.45,0.35,0.25,115.56,50
8766,4446,4,616.96,0.3,0.25,771.2,21
8767,4446,3,672.69,0.15,0.25,840.86,67
8768,4446,2,640.84,0.31,0.25,801.05,10
8769,4446,1,652.79,0.36,0.25,815.99,96
8770,4446,8,652.79,0.32,0.25,815.99,28
8771,4446,7,656.77,0.35,0.25,820.96,11
8772,26,5,2901.85,0.14,0.25,3627.31,21
8773,26,6,3084.35,0.49,0.25,3855.44,99
8774,26,8,3303.36,0.44,0.25,4129.2,72
8775,190,10,118.29,0.37,0.25,147.86,52
8776,190,3,114.81,0.14,0.25,143.51,19
8777,190,6,120.37,0.35,0.25,150.46,26
8778,190,7,111.33,0.39,0.25,139.16,60
8779,1952,3,23.07,0.14,0.25,28.84,49
8780,1952,1,23.74,0.47,0.25,29.67,100
8781,1952,8,24.15,0.43,0.25,30.19,11
8782,1952,10,21.58,0.38,0.25,26.98,76
8783,1952,6,23.07,0.43,0.25,28.84,14
8784,1952,2,23.34,0.34,0.25,29.18,85
8785,4413,3,1474.49,0.15,0.25,1843.11,26
8786,4413,6,1340.44,0.3,0.25,1675.55,84
8787,4413,1,1545.98,0.42,0.25,1932.48,23
8788,4413,2,1510.23,0.36,0.25,1887.79,35
8789,914,5,202.12,0.14,0.25,252.65,48
8790,914,4,194.86,0.35,0.25,243.58,62
8791,914,7,208.17,0.34,0.25,260.21,49
8792,914,8,204.54,0.47,0.25,255.68,32
8793,914,1,194.86,0.38,0.25,243.58,15
8794,914,6,206.96,0.45,0.25,258.7,64
8795,2258,1,86.67,0.35,0.25,108.34,95
8796,2258,4,89.94,0.42,0.25,112.42,85
8797,2258,5,86.13,0.12,0.25,107.66,89
8798,2258,8,89.4,0.35,0.25,111.75,50
8799,4731,9,377.49,0.5,0.25,471.86,100
8800,4731,5,342.8,0.11,0.25,428.5,73
8801,4731,7,369.33,0.45,0.25,461.66,91
8802,2534,6,96.1,0.35,0.25,120.12,65
8803,2534,4,100.88,0.46,0.25,126.1,96
8804,2534,3,90.73,0.11,0.25,113.41,56
8805,2534,8,102.07,0.37,0.25,127.59,83
8806,2090,8,4.43,0.43,0.25,5.54,77
8807,2090,4,4.09,0.43,0.25,5.11,71
8808,2090,5,4.17,0.12,0.25,5.21,56
8809,2090,3,3.87,0.12,0.25,4.84,70
8810,3674,10,6893.97,0.34,0.25,8617.46,39
8811,3674,5,6771.59,0.15,0.25,8464.49,77
8812,3674,7,7057.14,0.43,0.25,8821.43,57
8813,3674,3,6730.8,0.14,0.25,8413.5,40
8814,2884,8,135.98,0.31,0.25,169.98,98
8815,2884,6,139.34,0.44,0.25,174.18,96
8816,2884,4,137.66,0.35,0.25,172.08,57
8817,2884,10,146.89,0.48,0.25,183.61,77
8818,2884,7,146.06,0.41,0.25,182.58,99
8819,3010,1,8175.82,0.49,0.25,10219.78,51
8820,3010,7,8443.88,0.5,0.25,10554.85,82
8821,3010,8,6924.87,0.35,0.25,8656.09,36
8822,2680,6,295.01,0.33,0.25,368.76,20
8823,2680,9,274.06,0.37,0.25,342.58,12
8824,2680,10,277.55,0.38,0.25,346.94,97
8825,2680,7,288.02,0.34,0.25,360.02,60
8826,2680,4,307.23,0.43,0.25,384.04,77
8827,2680,2,312.46,0.49,0.25,390.58,23
8828,2446,7,144.45,0.4,0.25,180.56,65
8829,2446,3,146.18,0.13,0.25,182.73,11
8830,2446,2,159.16,0.46,0.25,198.95,36
8831,2446,5,139.27,0.1,0.25,174.09,16
8832,2446,6,146.18,0.3,0.25,182.73,10
8833,3085,6,4423.03,0.37,0.25,5528.79,35
8834,3085,5,4112.65,0.12,0.25,5140.81,93
8835,3085,2,4655.83,0.48,0.25,5819.79,71
8836,3085,9,3983.32,0.31,0.25,4979.15,74
8837,3085,3,3983.32,0.13,0.25,4979.15,79
8838,4166,10,911.95,0.47,0.25,1139.94,46
8839,4166,9,851.82,0.3,0.25,1064.78,90
8840,4166,2,866.85,0.42,0.25,1083.56,63
8841,4166,5,851.82,0.12,0.25,1064.78,62
8842,4166,6,881.88,0.37,0.25,1102.35,95
8843,5136,10,645.84,0.35,0.25,807.3,68
8844,5136,5,633.8,0.13,0.25,792.25,39
8845,5136,8,730.07,0.48,0.25,912.59,64
8846,1815,7,15.14,0.48,0.25,18.92,24
8847,1815,1,15.31,0.49,0.25,19.14,100
8848,1815,3,13.5,0.13,0.25,16.88,83
8849,1815,9,14.9,0.44,0.25,18.62,81
8850,4377,4,427.08,0.39,0.25,533.85,88
8851,4377,9,414.81,0.33,0.25,518.51,47
8852,4377,3,397.63,0.14,0.25,497.04,35
8853,4377,1,419.72,0.35,0.25,524.65,90
8854,4377,8,424.63,0.35,0.25,530.79,67
8855,4377,5,409.9,0.1,0.25,512.38,12
8856,1902,8,3.98,0.44,0.25,4.97,23
8857,1902,4,4.22,0.46,0.25,5.28,38
8858,1902,9,4.01,0.48,0.25,5.01,11
8859,1902,3,3.77,0.14,0.25,4.71,74
8860,1902,2,3.89,0.43,0.25,4.86,56
8861,1902,10,3.94,0.44,0.25,4.92,73
8862,911,8,158.95,0.49,0.25,198.69,70
8863,911,3,130.21,0.13,0.25,162.76,22
8864,911,10,141.2,0.44,0.25,176.5,90
8865,1198,8,201.56,0.31,0.25,251.95,19
8866,1198,5,214.74,0.14,0.25,268.42,93
8867,1198,9,241.08,0.48,0.25,301.35,70
8868,5401,1,272.12,0.37,0.25,340.15,48
8869,5401,8,272.12,0.34,0.25,340.15,81
8870,5401,5,285.31,0.14,0.25,356.64,28
8871,5401,7,260.57,0.32,0.25,325.71,20
8872,5401,10,278.71,0.35,0.25,348.39,55
8873,666,5,59.42,0.12,0.25,74.28,15
8874,666,1,59.77,0.34,0.25,74.71,46
8875,666,4,63.94,0.49,0.25,79.92,50
8876,666,2,58.73,0.31,0.25,73.41,82
8877,429,1,410.68,0.42,0.25,513.35,65
8878,429,10,443.43,0.45,0.25,554.29,74
8879,429,8,400.6,0.37,0.25,500.75,85
8880,429,3,400.6,0.12,0.25,500.75,44
8881,429,2,456.03,0.42,0.25,570.04,46
8882,349,4,266.44,0.4,0.25,333.05,49
8883,349,1,268.06,0.33,0.25,335.08,75
8884,349,7,272.9,0.31,0.25,341.12,39
8885,349,3,248.68,0.12,0.25,310.85,15
8886,349,6,264.83,0.39,0.25,331.04,11
8887,5205,2,249.36,0.39,0.25,311.7,17
8888,5205,8,236.39,0.37,0.25,295.49,30
8889,5205,4,250.8,0.47,0.25,313.5,92
8890,5205,6,269.54,0.5,0.25,336.92,28
8891,5404,5,496.74,0.12,0.25,620.92,34
8892,5404,3,490.79,0.11,0.25,613.49,27
8893,5404,10,520.54,0.47,0.25,650.67,10
8894,241,3,223.52,0.12,0.25,279.4,51
8895,241,6,242.04,0.47,0.25,302.55,51
8896,241,10,219.55,0.35,0.25,274.44,29
8897,241,7,224.84,0.44,0.25,281.05,31
8898,241,2,208.97,0.34,0.25,261.21,80
8899,241,5,216.91,0.11,0.25,271.14,38
8900,3161,10,1061.59,0.31,0.25,1326.99,36
8901,3161,6,1135.97,0.3,0.25,1419.96,46
8902,3161,1,1183.3,0.47,0.25,1479.12,93
8903,3161,7,1183.3,0.43,0.25,1479.12,81
8904,3161,4,1223.87,0.45,0.25,1529.84,62
8905,2422,2,136.4,0.41,0.25,170.5,22
8906,2422,9,136.4,0.32,0.25,170.5,97
8907,2422,3,132.29,0.13,0.25,165.36,27
8908,2422,8,130.65,0.34,0.25,163.31,77
8909,3580,10,2328.44,0.36,0.25,2910.55,75
8910,3580,9,2460.24,0.32,0.25,3075.3,87
8911,3580,7,2709.2,0.47,0.25,3386.5,21
8912,3580,4,2313.8,0.37,0.25,2892.25,52
8913,3580,5,2387.02,0.15,0.25,2983.78,83
8914,3580,8,2313.8,0.34,0.25,2892.25,86
8915,2994,4,119.63,0.31,0.25,149.54,16
8916,2994,7,111.94,0.38,0.25,139.93,10
8917,2994,10,128.03,0.44,0.25,160.04,10
8918,5099,9,506.54,0.39,0.25,633.18,12
8919,5099,8,494.76,0.34,0.25,618.45,48
8920,5099,3,497.71,0.11,0.25,622.14,84
8921,5099,6,468.25,0.35,0.25,585.31,99
8922,5099,1,491.82,0.39,0.25,614.78,32
8923,4592,6,433.16,0.49,0.25,541.45,26
8924,4592,5,365.62,0.13,0.25,457.02,80
8925,4592,7,409.87,0.43,0.25,512.34,73
8926,5327,8,541.87,0.32,0.25,677.34,90
8927,5327,4,561.22,0.5,0.25,701.53,73
8928,5327,3,528.97,0.14,0.25,661.21,92
8929,5327,10,554.77,0.5,0.25,693.46,49
8930,5327,6,541.87,0.37,0.25,677.34,27
8931,5327,2,554.77,0.43,0.25,693.46,22
8932,891,10,124.36,0.48,0.25,155.45,85
8933,891,2,106.5,0.32,0.25,133.12,14
8934,891,5,107.16,0.12,0.25,133.95,21
8935,891,6,118.41,0.42,0.25,148.01,70
8936,891,7,108.49,0.34,0.25,135.61,96
8937,761,1,44.28,0.37,0.25,55.35,32
8938,761,4,43.26,0.4,0.25,54.08,84
8939,761,9,44.54,0.5,0.25,55.68,64
8940,761,2,43.26,0.32,0.25,54.08,62
8941,761,7,43.26,0.37,0.25,54.08,96
8942,2985,1,97.56,0.45,0.25,121.95,15
8943,2985,7,89.03,0.41,0.25,111.29,37
8944,2985,3,84.76,0.15,0.25,105.95,53
8945,5036,9,319.67,0.43,0.25,399.59,39
8946,5036,5,294.79,0.11,0.25,368.49,98
8947,5036,3,292.87,0.1,0.25,366.09,64
8948,5036,4,333.07,0.37,0.25,416.34,75
8949,3003,5,241.66,0.11,0.25,302.08,34
8950,3003,1,253.9,0.45,0.25,317.38,53
8951,3003,7,250.84,0.42,0.25,313.55,34
8952,3003,4,250.84,0.34,0.25,313.55,63
8953,4385,8,1235.68,0.43,0.25,1544.6,28
8954,4385,1,1308.79,0.46,0.25,1635.99,32
8955,4385,3,1147.94,0.15,0.25,1434.93,49
8956,4385,5,1235.68,0.1,0.25,1544.6,23
8957,4385,6,1169.87,0.36,0.25,1462.34,100
8958,4385,9,1191.81,0.4,0.25,1489.76,85
8959,2813,4,88.77,0.34,0.25,110.96,95
8960,2813,1,92.22,0.37,0.25,115.28,17
8961,2813,9,96.84,0.46,0.25,121.05,98
8962,2813,10,97.99,0.4,0.25,122.49,16
8963,2813,7,95.11,0.43,0.25,118.89,94
8964,1192,9,72.22,0.47,0.25,90.28,52
8965,1192,6,70.96,0.38,0.25,88.7,84
8966,1192,3,64.66,0.14,0.25,80.82,89
8967,711,8,79.25,0.44,0.25,99.06,41
8968,711,1,71.33,0.35,0.25,89.16,20
8969,711,5,70.45,0.13,0.25,88.06,15
8970,711,6,81.9,0.46,0.25,102.38,29
8971,711,4,72.65,0.34,0.25,90.81,20
8972,711,7,75.73,0.41,0.25,94.66,58
8973,3183,8,5980.88,0.4,0.25,7476.1,27
8974,3183,5,5520.81,0.14,0.25,6901.01,19
8975,3183,10,5910.1,0.39,0.25,7387.62,91
8976,3183,2,5591.59,0.33,0.25,6989.49,65
8977,3183,9,5980.88,0.32,0.25,7476.1,84
8978,3183,4,6122.44,0.33,0.25,7653.05,92
8979,1164,1,65.35,0.36,0.25,81.69,36
8980,1164,8,69.46,0.39,0.25,86.82,88
8981,1164,6,63.71,0.33,0.25,79.64,61
8982,1164,3,65.35,0.13,0.25,81.69,22
8983,1164,9,71.1,0.35,0.25,88.88,66
8984,1164,10,69.05,0.43,0.25,86.31,91
8985,367,4,86.35,0.33,0.25,107.94,11
8986,367,1,87.39,0.42,0.25,109.24,36
8987,367,10,89.47,0.37,0.25,111.84,25
8988,367,9,89.47,0.48,0.25,111.84,52
8989,4264,2,391.66,0.33,0.25,489.58,23
8990,4264,7,384.71,0.36,0.25,480.89,56
8991,4264,10,384.71,0.31,0.25,480.89,14
8992,4264,4,412.52,0.5,0.25,515.65,17
8993,4264,1,391.66,0.4,0.25,489.58,65
8994,1908,9,28.07,0.47,0.25,35.09,96
8995,1908,10,26.44,0.37,0.25,33.05,46
8996,1908,3,25.79,0.12,0.25,32.24,51
8997,895,9,93.64,0.44,0.25,117.05,27
8998,895,7,94.68,0.49,0.25,118.35,72
8999,895,3,81.67,0.11,0.25,102.09,32
9000,5111,5,276.64,0.11,0.25,345.8,91
9001,5111,2,270.13,0.38,0.25,337.66,86
9002,5111,4,284.78,0.37,0.25,355.98,60
9003,5111,6,273.39,0.36,0.25,341.74,15
9004,1068,2,110.29,0.42,0.25,137.86,21
9005,1068,9,107.72,0.47,0.25,134.65,67
9006,1068,3,108.36,0.13,0.25,135.45,60
9007,1068,6,109.65,0.34,0.25,137.06,62
9008,1068,5,104.52,0.12,0.25,130.65,20
9009,1998,4,28.71,0.45,0.25,35.89,32
9010,1998,1,25.61,0.36,0.25,32.01,23
9011,1998,10,24.52,0.35,0.25,30.65,38
9012,1998,9,26.07,0.38,0.25,32.59,85
9013,4512,9,1821.82,0.4,0.25,2277.28,44
9014,4512,4,1917.7,0.48,0.25,2397.12,23
9015,4512,2,1843.12,0.49,0.25,2303.9,66
9016,4512,8,1757.89,0.35,0.25,2197.36,51
9017,4512,7,1800.51,0.43,0.25,2250.64,90
9018,4595,1,1346.81,0.49,0.25,1683.51,56
9019,4595,4,1285.94,0.38,0.25,1607.43,51
9020,4595,3,1194.63,0.14,0.25,1493.29,25
9021,4595,2,1232.67,0.38,0.25,1540.84,96
9022,3631,7,2694.57,0.41,0.25,3368.21,87
9023,3631,8,2628.44,0.36,0.25,3285.55,60
9024,3631,3,2760.69,0.14,0.25,3450.86,16
9025,3631,10,2810.29,0.48,0.25,3512.86,88
9026,3631,6,2992.13,0.46,0.25,3740.16,56
9027,3631,9,2843.35,0.39,0.25,3554.19,53
9028,544,5,44.24,0.12,0.25,55.3,32
9029,544,9,48.47,0.33,0.25,60.59,37
9030,544,4,50.44,0.42,0.25,63.05,31
9031,544,2,44.81,0.38,0.25,56.01,32
9032,544,8,46.5,0.41,0.25,58.12,74
9033,544,10,47.62,0.33,0.25,59.52,20
9034,695,6,65.79,0.33,0.25,82.24,66
9035,695,2,66.57,0.45,0.25,83.21,18
9036,695,5,62.26,0.14,0.25,77.82,87
9037,695,9,68.53,0.38,0.25,85.66,11
9038,385,4,388.56,0.5,0.25,485.7,71
9039,385,6,404.47,0.46,0.25,505.59,77
9040,385,3,381.75,0.14,0.25,477.19,70
9041,385,8,424.92,0.49,0.25,531.15,62
9042,385,5,352.21,0.12,0.25,440.26,81
9043,3792,8,4070.22,0.38,0.25,5087.77,50
9044,3792,1,4327.83,0.38,0.25,5409.79,78
9045,3792,9,4173.27,0.33,0.25,5216.59,34
9046,3792,6,4533.92,0.36,0.25,5667.4,52
9047,64,10,736.75,0.35,0.25,920.94,90
9048,64,7,674.99,0.3,0.25,843.74,50
9049,64,9,820.58,0.49,0.25,1025.73,97
9050,64,8,758.81,0.43,0.25,948.51,36
9051,3599,9,6587.8,0.48,0.25,8234.75,84
9052,3599,6,5454.42,0.3,0.25,6818.02,64
9053,3599,1,6127.37,0.37,0.25,7659.21,59
9054,3599,7,5773.18,0.38,0.25,7216.48,76
9055,3599,5,5419.0,0.12,0.25,6773.75,27
9056,3599,10,6552.39,0.48,0.25,8190.49,49
9057,5065,3,203.44,0.14,0.25,254.3,32
9058,5065,9,210.54,0.4,0.25,263.18,100
9059,5065,5,184.52,0.14,0.25,230.65,76
9060,1876,3,24.91,0.12,0.25,31.14,100
9061,1876,7,25.69,0.41,0.25,32.11,28
9062,1876,9,24.13,0.33,0.25,30.16,69
9063,1876,10,28.03,0.41,0.25,35.04,19
9064,1259,3,160.49,0.15,0.25,200.61,33
9065,1259,10,180.68,0.45,0.25,225.85,85
9066,1259,9,189.77,0.48,0.25,237.21,36
9067,1259,1,165.54,0.32,0.25,206.92,18
9068,1259,8,172.61,0.33,0.25,215.76,31
9069,3239,4,6089.3,0.32,0.25,7611.62,32
9070,3239,6,6690.22,0.45,0.25,8362.78,61
9071,3239,7,6650.16,0.42,0.25,8312.7,61
9072,3239,2,7010.71,0.42,0.25,8763.39,79
9073,3123,1,1655.14,0.39,0.25,2068.93,71
9074,3123,4,1674.96,0.45,0.25,2093.7,20
9075,3123,5,1645.23,0.15,0.25,2056.54,99
9076,3123,8,1645.23,0.46,0.25,2056.54,55
9077,3123,10,1863.27,0.48,0.25,2329.09,19
9078,4879,2,473.62,0.38,0.25,592.02,31
9079,4879,1,470.83,0.35,0.25,588.54,19
9080,4879,6,462.48,0.33,0.25,578.1,17
9081,1305,6,34.41,0.45,0.25,43.01,21
9082,1305,2,37.52,0.47,0.25,46.9,23
9083,1305,9,33.79,0.39,0.25,42.24,81
9084,4559,5,1706.54,0.13,0.25,2133.18,97
9085,4559,7,1696.08,0.32,0.25,2120.1,58
9086,4559,10,1654.2,0.32,0.25,2067.75,47
9087,4559,9,1853.12,0.46,0.25,2316.4,32
9088,4559,6,1915.94,0.43,0.25,2394.93,16
9089,2344,4,65.43,0.35,0.25,81.79,89
9090,2344,9,70.65,0.43,0.25,88.31,10
9091,2344,8,70.24,0.47,0.25,87.8,34
9092,657,6,35.13,0.32,0.25,43.91,10
9093,657,4,38.11,0.42,0.25,47.64,35
9094,657,8,36.74,0.38,0.25,45.92,77
9095,657,9,42.02,0.43,0.25,52.53,59
9096,657,5,37.42,0.15,0.25,46.78,31
9097,3720,1,2353.35,0.34,0.25,2941.69,68
9098,3720,4,2654.69,0.47,0.25,3318.36,43
9099,3720,10,2554.25,0.5,0.25,3192.81,78
9100,3720,6,2252.9,0.31,0.25,2816.12,67
9101,3720,2,2425.1,0.44,0.25,3031.38,38
9102,3279,4,785.56,0.45,0.25,981.95,60
9103,3279,2,750.64,0.49,0.25,938.3,85
9104,3279,10,763.74,0.42,0.25,954.68,87
9105,3279,5,746.28,0.11,0.25,932.85,75
9106,3279,7,720.09,0.34,0.25,900.11,91
9107,3506,4,2464.26,0.3,0.25,3080.32,81
9108,3506,9,2513.22,0.32,0.25,3141.52,58
9109,3506,3,2529.54,0.13,0.25,3161.92,41
9110,3506,8,2725.37,0.41,0.25,3406.71,98
9111,1211,7,58.16,0.49,0.25,72.7,26
9112,1211,3,53.4,0.12,0.25,66.75,19
9113,1211,10,59.86,0.38,0.25,74.82,67
9114,1211,9,58.84,0.49,0.25,73.55,94
9115,1211,6,55.1,0.32,0.25,68.88,33
9116,1802,4,26.09,0.49,0.25,32.61,68
9117,1802,10,26.09,0.36,0.25,32.61,10
9118,1802,6,25.03,0.44,0.25,31.29,24
9119,1802,9,24.26,0.34,0.25,30.33,91
9120,1802,1,26.7,0.43,0.25,33.38,11
9121,1802,2,26.4,0.38,0.25,33.0,37
9122,4234,8,908.19,0.41,0.25,1135.24,65
9123,4234,4,908.19,0.5,0.25,1135.24,48
9124,4234,6,816.35,0.33,0.25,1020.44,21
9125,4234,9,903.09,0.37,0.25,1128.86,65
9126,4234,5,846.97,0.1,0.25,1058.71,88
9127,651,7,15.59,0.49,0.25,19.49,83
9128,651,4,14.91,0.49,0.25,18.64,44
9129,651,6,14.82,0.45,0.25,18.52,99
9130,651,8,14.57,0.42,0.25,18.21,35
9131,651,9,13.89,0.42,0.25,17.36,36
9132,651,3,13.97,0.1,0.25,17.46,52
9133,4158,3,1344.7,0.13,0.25,1680.88,64
9134,4158,9,1377.9,0.46,0.25,1722.38,56
9135,4158,5,1336.4,0.11,0.25,1670.5,13
9136,4158,6,1361.3,0.4,0.25,1701.62,90
9137,4349,4,1167.9,0.39,0.25,1459.88,72
9138,4349,1,1187.81,0.41,0.25,1484.76,98
9139,4349,5,1141.36,0.14,0.25,1426.7,70
9140,4349,7,1055.09,0.32,0.25,1318.86,72
9141,4349,2,1101.54,0.35,0.25,1376.92,92
9142,4349,3,1121.45,0.15,0.25,1401.81,31
9143,428,4,383.89,0.4,0.25,479.86,52
9144,428,10,390.43,0.4,0.25,488.04,84
9145,428,1,396.98,0.44,0.25,496.22,45
9146,428,2,390.43,0.4,0.25,488.04,25
9147,2576,6,187.65,0.41,0.25,234.56,61
9148,2576,9,187.65,0.46,0.25,234.56,67
9149,2576,1,163.4,0.3,0.25,204.25,72
9150,2576,3,177.11,0.11,0.25,221.39,84
9151,53,1,1227.77,0.35,0.25,1534.71,81
9152,53,8,1162.38,0.36,0.25,1452.98,95
9153,53,2,1249.56,0.41,0.25,1561.95,51
9154,2899,2,25.27,0.48,0.25,31.59,44
9155,2899,5,21.27,0.14,0.25,26.59,10
9156,2899,4,23.62,0.43,0.25,29.52,10
9157,2899,10,24.03,0.38,0.25,30.04,33
9158,2899,7,24.86,0.46,0.25,31.08,87
9159,2105,7,11.22,0.35,0.25,14.02,68
9160,2105,6,11.48,0.44,0.25,14.35,13
9161,2105,9,10.69,0.35,0.25,13.36,16
9162,1712,5,384.52,0.1,0.25,480.65,17
9163,1712,6,391.47,0.47,0.25,489.34,66
9164,1712,1,391.47,0.33,0.25,489.34,47
9165,1712,8,372.94,0.37,0.25,466.18,95
9166,2431,6,24.11,0.4,0.25,30.14,34
9167,2431,8,26.08,0.46,0.25,32.6,52
9168,2431,4,24.11,0.42,0.25,30.14,13
9169,2431,5,23.41,0.12,0.25,29.26,10
9170,1361,6,51.06,0.36,0.25,63.82,11
9171,1361,5,55.2,0.13,0.25,69.0,57
9172,1361,10,56.48,0.39,0.25,70.6,12
9173,1361,9,58.08,0.42,0.25,72.6,29
9174,4223,6,2220.04,0.43,0.25,2775.05,38
9175,4223,9,2031.9,0.39,0.25,2539.88,65
9176,4223,2,2157.33,0.39,0.25,2696.66,39
9177,4223,4,1956.65,0.34,0.25,2445.81,22
9178,5243,7,285.13,0.47,0.25,356.41,59
9179,5243,10,252.58,0.36,0.25,315.73,35
9180,5243,5,241.74,0.14,0.25,302.18,77
9181,5243,1,254.13,0.36,0.25,317.66,53
9182,2438,8,40.85,0.34,0.25,51.06,74
9183,2438,7,40.36,0.34,0.25,50.45,40
9184,2438,10,42.07,0.41,0.25,52.59,67
9185,2438,3,38.4,0.1,0.25,48.0,21
9186,2438,6,40.36,0.32,0.25,50.45,21
9187,4771,8,400.74,0.44,0.25,500.92,76
9188,4771,10,417.74,0.37,0.25,522.17,97
9189,4771,1,439.59,0.45,0.25,549.49,34
9190,4771,9,444.45,0.48,0.25,555.56,66
9191,3440,4,1970.08,0.35,0.25,2462.6,41
9192,3440,3,1863.91,0.14,0.25,2329.89,20
9193,3440,1,1840.32,0.3,0.25,2300.4,22
9194,3440,5,1899.3,0.15,0.25,2374.12,57
9195,4353,1,2131.77,0.48,0.25,2664.71,59
9196,4353,2,1897.51,0.36,0.25,2371.89,27
9197,4353,6,2061.49,0.46,0.25,2576.86,52
9198,4353,4,1979.5,0.42,0.25,2474.38,20
9199,1976,3,8.7,0.11,0.25,10.88,66
9200,1976,9,9.26,0.33,0.25,11.58,14
9201,1976,10,9.6,0.35,0.25,12.0,90
9202,1976,5,8.76,0.1,0.25,10.95,78
9203,2332,1,109.85,0.39,0.25,137.31,14
9204,2332,7,109.21,0.4,0.25,136.51,68
9205,2332,10,117.61,0.49,0.25,147.01,84
9206,2332,8,113.73,0.39,0.25,142.16,90
9207,2332,4,113.73,0.44,0.25,142.16,72
9208,844,10,52.71,0.3,0.25,65.89,39
9209,844,7,56.64,0.42,0.25,70.8,82
9210,844,6,53.69,0.34,0.25,67.11,71
9211,844,3,54.02,0.12,0.25,67.53,51
9212,844,4,55.99,0.32,0.25,69.99,11
9213,647,4,18.69,0.4,0.25,23.36,51
9214,647,10,19.69,0.4,0.25,24.61,22
9215,647,5,19.13,0.14,0.25,23.91,85
9216,647,6,17.9,0.36,0.25,22.38,46
9217,647,9,17.68,0.37,0.25,22.1,73
9218,4100,7,1911.7,0.34,0.25,2389.62,54
9219,4100,2,2019.23,0.39,0.25,2524.04,25
9220,4100,6,2007.28,0.37,0.25,2509.1,91
9221,4100,1,2067.02,0.38,0.25,2583.78,32
9222,4100,4,2031.18,0.45,0.25,2538.98,100
9223,1608,5,157.15,0.1,0.25,196.44,20
9224,1608,6,176.19,0.48,0.25,220.24,13
9225,1608,7,151.43,0.33,0.25,189.29,72
9226,1608,10,151.43,0.31,0.25,189.29,66
9227,1608,3,160.0,0.14,0.25,200.0,31
9228,1005,7,213.46,0.49,0.25,266.82,48
9229,1005,4,203.71,0.47,0.25,254.64,96
9230,1005,6,212.25,0.39,0.25,265.31,36
9231,3765,1,6845.2,0.39,0.25,8556.5,25
9232,3765,10,6845.2,0.33,0.25,8556.5,93
9233,3765,5,6887.98,0.11,0.25,8609.97,99
9234,3765,8,7315.81,0.43,0.25,9144.76,44
9235,4684,5,115.94,0.12,0.25,144.93,72
9236,4684,4,123.33,0.46,0.25,154.16,81
9237,4684,10,117.42,0.31,0.25,146.78,16
9238,3027,8,8482.5,0.44,0.25,10603.12,86
9239,3027,3,7518.58,0.13,0.25,9398.22,26
9240,3027,2,8627.08,0.44,0.25,10783.85,52
9241,3027,5,8096.93,0.11,0.25,10121.16,94
9242,1858,9,12.81,0.43,0.25,16.01,55
9243,1858,2,11.65,0.4,0.25,14.56,89
9244,1858,8,12.45,0.37,0.25,15.56,19
9245,1858,4,12.16,0.34,0.25,15.2,12
9246,384,7,171.78,0.33,0.25,214.72,68
9247,384,2,172.82,0.38,0.25,216.02,36
9248,384,10,174.9,0.34,0.25,218.62,65
9249,384,3,170.74,0.15,0.25,213.42,42
9250,384,5,168.66,0.14,0.25,210.82,56
9251,4352,9,1961.13,0.49,0.25,2451.41,43
9252,4352,1,1869.38,0.33,0.25,2336.73,55
9253,4352,8,1869.38,0.39,0.25,2336.73,12
9254,4352,3,1938.19,0.1,0.25,2422.74,76
9255,3822,9,221.11,0.36,0.25,276.39,41
9256,3822,8,228.69,0.45,0.25,285.86,64
9257,3822,2,212.27,0.36,0.25,265.34,85
9258,3822,5,197.11,0.11,0.25,246.39,95
9259,3822,7,213.53,0.3,0.25,266.91,57
9260,3800,9,203.54,0.34,0.25,254.42,54
9261,3800,6,213.84,0.42,0.25,267.3,80
9262,3800,1,216.42,0.39,0.25,270.52,12
9263,3802,3,1731.74,0.14,0.25,2164.68,51
9264,3802,10,1915.74,0.43,0.25,2394.68,86
9265,3802,5,1850.8,0.14,0.25,2313.5,70
9266,3802,1,1720.92,0.38,0.25,2151.15,54
9267,3802,6,1710.1,0.32,0.25,2137.62,36
9268,3802,4,1796.68,0.32,0.25,2245.85,30
9269,3717,10,7171.76,0.35,0.25,8964.7,32
9270,3717,1,7505.33,0.42,0.25,9381.66,70
9271,3717,5,6462.93,0.12,0.25,8078.66,31
9272,3717,3,6754.8,0.15,0.25,8443.5,62
9273,3717,7,7171.76,0.42,0.25,8964.7,68
9274,3717,6,6796.5,0.36,0.25,8495.62,93
9275,4455,10,767.23,0.32,0.25,959.04,88
9276,4455,7,762.5,0.32,0.25,953.12,19
9277,4455,3,786.18,0.11,0.25,982.72,31
9278,4455,8,805.12,0.49,0.25,1006.4,36
9279,4455,5,762.5,0.11,0.25,953.12,10
9280,4455,4,795.65,0.31,0.25,994.56,71
9281,5374,1,48.44,0.36,0.25,60.55,14
9282,5374,5,47.33,0.12,0.25,59.16,49
9283,5374,6,46.51,0.33,0.25,58.14,29
9284,3162,3,4264.35,0.11,0.25,5330.44,71
9285,3162,8,5072.63,0.45,0.25,6340.79,76
9286,3162,5,4431.58,0.1,0.25,5539.48,90
9287,3162,1,4403.71,0.35,0.25,5504.64,17
9288,965,2,167.01,0.47,0.25,208.76,40
9289,965,5,142.37,0.12,0.25,177.96,63
9290,965,8,154.23,0.46,0.25,192.79,47
9291,965,7,158.79,0.41,0.25,198.49,34
9292,965,9,143.28,0.36,0.25,179.1,45
9293,5129,10,545.76,0.39,0.25,682.2,85
9294,5129,4,486.84,0.31,0.25,608.55,45
9295,5129,7,517.85,0.31,0.25,647.31,15
9296,5129,9,505.45,0.43,0.25,631.81,10
9297,5129,8,530.25,0.35,0.25,662.81,15
9298,5129,5,486.84,0.14,0.25,608.55,92
9299,4127,5,570.43,0.11,0.25,713.04,70
9300,4127,3,625.99,0.14,0.25,782.49,80
9301,4127,8,611.18,0.35,0.25,763.97,11
9302,4127,6,677.85,0.5,0.25,847.31,64
9303,4127,1,688.96,0.49,0.25,861.2,39
9304,3137,7,4702.24,0.3,0.25,5877.8,73
9305,3137,5,4788.78,0.12,0.25,5985.98,67
9306,3137,2,4471.46,0.34,0.25,5589.32,28
9307,3137,4,4529.15,0.35,0.25,5661.44,45
9308,3137,6,4933.03,0.37,0.25,6166.29,60
9309,4894,5,181.04,0.11,0.25,226.3,49
9310,4894,10,190.09,0.31,0.25,237.61,97
9311,4894,8,193.49,0.36,0.25,241.86,33
9312,4894,2,191.22,0.43,0.25,239.02,88
9313,4894,4,200.28,0.42,0.25,250.35,73
9314,2638,8,319.7,0.43,0.25,399.62,97
9315,2638,1,293.37,0.36,0.25,366.71,73
9316,2638,2,293.37,0.32,0.25,366.71,63
9317,2638,10,332.87,0.47,0.25,416.09,36
9318,2638,7,340.39,0.49,0.25,425.49,44
9319,2031,8,30.28,0.47,0.25,37.85,81
9320,2031,9,28.29,0.32,0.25,35.36,43
9321,2031,4,30.12,0.46,0.25,37.65,13
9322,2031,7,28.29,0.3,0.25,35.36,72
9323,2031,10,28.79,0.36,0.25,35.99,23
9324,2031,5,26.62,0.11,0.25,33.28,81
9325,3447,9,1782.9,0.36,0.25,2228.62,95
9326,3447,10,1814.18,0.5,0.25,2267.72,91
9327,3447,4,1741.19,0.45,0.25,2176.49,34
9328,3635,4,4886.53,0.36,0.25,6108.16,65
9329,3635,6,4944.02,0.46,0.25,6180.02,62
9330,3635,2,4599.09,0.31,0.25,5748.86,76
9331,673,7,37.03,0.41,0.25,46.29,41
9332,673,9,36.01,0.41,0.25,45.01,45
9333,673,5,33.55,0.14,0.25,41.94,90
9334,673,2,33.96,0.45,0.25,42.45,97
9335,673,3,33.15,0.15,0.25,41.44,48
9336,673,1,33.55,0.37,0.25,41.94,36
9337,335,4,100.25,0.38,0.25,125.31,64
9338,335,2,95.69,0.32,0.25,119.61,23
9339,335,10,93.41,0.43,0.25,116.76,38
9340,4690,9,58.32,0.31,0.25,72.9,97
9341,4690,6,62.16,0.3,0.25,77.7,52
9342,4690,3,60.62,0.12,0.25,75.77,98
9343,37,5,761.04,0.12,0.25,951.3,80
9344,37,9,789.58,0.43,0.25,986.98,76
9345,37,3,775.31,0.12,0.25,969.14,49
9346,37,10,765.8,0.39,0.25,957.25,58
9347,37,2,813.36,0.31,0.25,1016.7,21
9348,1431,9,98.79,0.38,0.25,123.49,44
9349,1431,10,99.38,0.39,0.25,124.22,15
9350,1431,3,102.38,0.15,0.25,127.98,27
9351,1431,8,99.38,0.45,0.25,124.22,58
9352,1431,6,102.98,0.38,0.25,128.72,56
9353,709,5,14.18,0.11,0.25,17.73,99
9354,709,10,14.77,0.48,0.25,18.46,35
9355,709,9,14.18,0.32,0.25,17.73,15
9356,709,8,13.16,0.34,0.25,16.45,26
9357,3665,8,7638.17,0.44,0.25,9547.71,63
9358,3665,9,7206.63,0.33,0.25,9008.29,23
9359,3665,2,7422.4,0.39,0.25,9278.0,37
9360,3665,1,6731.95,0.35,0.25,8414.94,66
9361,5292,8,46.64,0.41,0.25,58.3,82
9362,5292,3,46.37,0.14,0.25,57.96,35
9363,5292,7,49.4,0.41,0.25,61.75,39
9364,5292,4,44.99,0.42,0.25,56.24,95
9365,5292,2,47.47,0.33,0.25,59.34,78
9366,5292,6,44.71,0.3,0.25,55.89,55
9367,634,9,46.53,0.47,0.25,58.16,89
9368,634,5,41.3,0.1,0.25,51.62,48
9369,634,8,40.8,0.32,0.25,51.0,88
9370,4832,1,197.69,0.49,0.25,247.11,85
9371,4832,10,170.69,0.34,0.25,213.36,15
9372,4832,3,175.01,0.13,0.25,218.76,91
9373,4832,8,173.93,0.36,0.25,217.41,24
9374,4832,7,190.13,0.45,0.25,237.66,32
9375,4832,5,176.09,0.1,0.25,220.11,65
9376,2766,1,110.69,0.5,0.25,138.36,82
9377,2766,10,103.89,0.46,0.25,129.86,36
9378,2766,6,106.36,0.38,0.25,132.95,72
9379,2766,2,109.46,0.45,0.25,136.82,23
9380,2766,7,110.69,0.47,0.25,138.36,47
9381,1692,7,51.67,0.49,0.25,64.59,44
9382,1692,5,44.09,0.11,0.25,55.11,35
9383,1692,10,46.05,0.41,0.25,57.56,87
9384,5181,3,196.83,0.12,0.25,246.04,60
9385,5181,8,212.07,0.45,0.25,265.09,19
9386,5181,1,222.23,0.4,0.25,277.79,88
9387,1266,7,25.06,0.4,0.25,31.32,30
9388,1266,10,25.36,0.42,0.25,31.7,94
9389,1266,1,24.91,0.32,0.25,31.14,74
9390,1266,2,26.59,0.39,0.25,33.24,14
9391,1266,4,27.5,0.44,0.25,34.38,22
9392,1266,6,24.75,0.3,0.25,30.94,72
9393,3125,6,1287.17,0.34,0.25,1608.96,81
9394,3125,1,1469.92,0.46,0.25,1837.4,47
9395,3125,2,1326.9,0.37,0.25,1658.62,24
9396,3125,4,1454.03,0.45,0.25,1817.54,25
9397,3125,3,1326.9,0.14,0.25,1658.62,17
9398,3125,5,1215.66,0.12,0.25,1519.58,97
9399,548,1,36.86,0.37,0.25,46.08,94
9400,548,10,38.16,0.45,0.25,47.7,64
9401,548,5,34.9,0.12,0.25,43.62,49
9402,3063,9,1232.1,0.44,0.25,1540.12,52
9403,3063,2,1246.76,0.48,0.25,1558.45,48
9404,3063,8,1268.76,0.49,0.25,1585.95,74
9405,3063,10,1268.76,0.37,0.25,1585.95,100
9406,3063,3,1166.09,0.12,0.25,1457.61,20
9407,3063,7,1210.09,0.44,0.25,1512.61,41
9408,4967,9,393.44,0.47,0.25,491.8,90
9409,4967,2,382.19,0.4,0.25,477.74,81
9410,4967,8,404.68,0.4,0.25,505.85,65
9411,4967,5,382.19,0.12,0.25,477.74,59
9412,4967,1,379.95,0.43,0.25,474.94,42
9413,3578,4,2567.27,0.42,0.25,3209.09,33
9414,3578,8,2390.21,0.41,0.25,2987.76,85
9415,3578,10,2345.95,0.32,0.25,2932.44,11
9416,3578,6,2345.95,0.34,0.25,2932.44,23
9417,3578,5,2404.97,0.14,0.25,3006.21,17
9418,3578,7,2744.32,0.49,0.25,3430.4,20
9419,5056,5,63.61,0.11,0.25,79.51,58
9420,5056,8,63.99,0.32,0.25,79.99,35
9421,5056,4,63.22,0.31,0.25,79.03,80
9422,2281,10,176.49,0.5,0.25,220.61,25
9423,2281,3,154.55,0.12,0.25,193.19,44
9424,2281,1,169.81,0.43,0.25,212.26,99
9425,2281,4,166.0,0.46,0.25,207.5,96
9426,2281,6,164.09,0.5,0.25,205.11,12
9427,518,10,202.39,0.49,0.25,252.99,18
9428,518,6,199.02,0.4,0.25,248.78,32
9429,518,1,176.53,0.3,0.25,220.66,51
9430,518,2,179.9,0.39,0.25,224.88,79
9431,3855,2,2180.88,0.35,0.25,2726.1,39
9432,3855,9,2372.9,0.43,0.25,2966.12,99
9433,3855,4,2180.88,0.36,0.25,2726.1,86
9434,3855,6,2372.9,0.39,0.25,2966.12,92
9435,3855,1,2208.31,0.34,0.25,2760.39,35
9436,3855,8,2455.2,0.42,0.25,3069.0,66
9437,45,7,986.72,0.37,0.25,1233.4,40
9438,45,10,1107.79,0.46,0.25,1384.74,86
9439,45,5,956.45,0.13,0.25,1195.56,82
9440,45,6,1016.99,0.43,0.25,1271.24,45
9441,45,9,1010.93,0.32,0.25,1263.66,58
9442,3466,7,3415.98,0.45,0.25,4269.98,79
9443,3466,10,3313.09,0.38,0.25,4141.36,45
9444,3466,1,3415.98,0.38,0.25,4269.98,99
9445,3466,9,3683.5,0.42,0.25,4604.38,59
9446,2171,7,10.1,0.34,0.25,12.62,71
9447,2171,5,9.73,0.11,0.25,12.16,90
9448,2171,2,10.16,0.32,0.25,12.7,37
9449,3146,4,8045.56,0.45,0.25,10056.95,73
9450,3146,3,7117.23,0.11,0.25,8896.54,34
9451,3146,1,7515.09,0.39,0.25,9393.86,64
9452,3146,10,7249.85,0.34,0.25,9062.31,46
9453,3146,5,6940.4,0.12,0.25,8675.5,52
9454,3927,8,378.33,0.48,0.25,472.91,19
9455,3927,7,363.11,0.33,0.25,453.89,81
9456,3927,6,373.98,0.35,0.25,467.48,13
9457,3927,4,371.81,0.36,0.25,464.76,87
9458,3927,1,343.54,0.32,0.25,429.42,94
9459,4715,8,174.52,0.31,0.25,218.15,29
9460,4715,10,178.91,0.32,0.25,223.64,97
9461,4715,4,192.08,0.48,0.25,240.1,69
9462,4715,7,201.96,0.47,0.25,252.45,41
9463,4715,6,200.86,0.47,0.25,251.08,34
9464,4753,10,547.78,0.41,0.25,684.72,15
9465,4753,8,574.66,0.36,0.25,718.32,85
9466,4753,3,527.61,0.11,0.25,659.51,30
9467,1545,4,707.6,0.46,0.25,884.5,22
9468,1545,1,604.88,0.33,0.25,756.1,97
9469,1545,10,631.51,0.41,0.25,789.39,50
9470,3093,1,4117.55,0.46,0.25,5146.94,10
9471,3093,4,4288.1,0.47,0.25,5360.12,38
9472,3093,7,3849.54,0.35,0.25,4811.92,47
9473,3093,3,4117.55,0.11,0.25,5146.94,33
9474,3093,9,4141.91,0.49,0.25,5177.39,30
9475,4546,10,509.6,0.35,0.25,637.0,95
9476,4546,1,497.39,0.41,0.25,621.74,46
9477,4546,5,509.6,0.1,0.25,637.0,77
9478,4546,6,479.09,0.37,0.25,598.86,21
9479,4713,9,160.65,0.4,0.25,200.81,86
9480,4713,3,141.59,0.14,0.25,176.99,54
9481,4713,7,151.57,0.38,0.25,189.46,37
9482,4713,1,157.01,0.46,0.25,196.26,89
9483,4713,2,159.74,0.45,0.25,199.68,86
9484,4713,6,151.57,0.45,0.25,189.46,37
9485,2866,6,19.42,0.3,0.25,24.28,14
9486,2866,10,19.65,0.35,0.25,24.56,63
9487,2866,9,20.23,0.41,0.25,25.29,78
9488,2866,4,21.62,0.48,0.25,27.02,95
9489,2866,1,18.61,0.41,0.25,23.26,72
9490,2866,8,17.8,0.33,0.25,22.25,37
9491,2087,5,23.65,0.1,0.25,29.56,14
9492,2087,10,24.36,0.41,0.25,30.45,10
9493,2087,6,22.53,0.32,0.25,28.16,83
9494,2087,2,23.09,0.33,0.25,28.86,67
9495,2087,4,24.36,0.44,0.25,30.45,76
9496,2087,3,22.53,0.12,0.25,28.16,21
9497,3961,2,998.52,0.42,0.25,1248.15,82
9498,3961,10,1010.77,0.44,0.25,1263.46,20
9499,3961,8,1145.54,0.5,0.25,1431.92,78
9500,3961,5,955.64,0.12,0.25,1194.55,63
9501,3961,9,1114.91,0.45,0.25,1393.64,51
9502,3961,7,1065.91,0.35,0.25,1332.39,35
9503,3097,3,5780.98,0.14,0.25,7226.22,95
9504,3097,2,6142.29,0.36,0.25,7677.86,10
9505,3097,1,6070.02,0.45,0.25,7587.52,11
9506,3097,7,6106.16,0.46,0.25,7632.7,49
9507,3097,4,5528.06,0.32,0.25,6910.08,41
9508,1552,8,661.43,0.45,0.25,826.79,56
9509,1552,9,684.5,0.48,0.25,855.62,91
9510,1552,3,596.05,0.14,0.25,745.06,27
9511,1552,7,634.51,0.38,0.25,793.14,32
9512,1552,5,599.9,0.1,0.25,749.88,72
9513,2101,2,14.3,0.46,0.25,17.88,25
9514,2101,10,14.64,0.41,0.25,18.3,75
9515,2101,3,14.21,0.12,0.25,17.76,41
9516,2378,5,29.64,0.1,0.25,37.05,67
9517,2378,10,35.25,0.49,0.25,44.06,94
9518,2378,8,33.7,0.44,0.25,42.12,34
9519,3288,1,322.47,0.34,0.25,403.09,44
9520,3288,2,330.1,0.39,0.25,412.62,76
9521,3288,5,297.66,0.13,0.25,372.08,24
9522,3288,7,322.47,0.43,0.25,403.09,57
9523,4172,10,969.69,0.39,0.25,1212.11,47
9524,4172,1,878.96,0.32,0.25,1098.7,92
9525,4172,2,969.69,0.45,0.25,1212.11,94
9526,4172,8,947.01,0.43,0.25,1183.76,88
9527,4172,7,1071.76,0.5,0.25,1339.7,81
9528,4172,5,878.96,0.12,0.25,1098.7,65
9529,2721,2,214.81,0.4,0.25,268.51,21
9530,2721,3,222.53,0.15,0.25,278.16,13
9531,2721,8,223.82,0.44,0.25,279.77,81
9532,213,2,909.4,0.37,0.25,1136.75,82
9533,213,5,904.11,0.13,0.25,1130.14,46
9534,213,6,909.4,0.48,0.25,1136.75,68
9535,213,4,814.23,0.31,0.25,1017.79,79
9536,213,8,909.4,0.38,0.25,1136.75,90
9537,5200,9,80.09,0.41,0.25,100.11,14
9538,5200,1,76.77,0.42,0.25,95.96,64
9539,5200,2,86.72,0.44,0.25,108.4,89
9540,5200,4,80.56,0.39,0.25,100.7,32
9541,1050,4,76.99,0.41,0.25,96.24,48
9542,1050,3,69.68,0.11,0.25,87.1,13
9543,1050,6,79.57,0.5,0.25,99.46,90
9544,1050,1,74.41,0.45,0.25,93.01,95
9545,1050,7,79.14,0.47,0.25,98.92,94
9546,3194,4,3584.89,0.42,0.25,4481.11,75
9547,3194,9,3188.77,0.32,0.25,3985.96,30
9548,3194,7,3485.86,0.37,0.25,4357.32,48
9549,3194,5,3168.96,0.11,0.25,3961.2,35
9550,3194,8,3347.21,0.31,0.25,4184.01,96
9551,3188,7,6269.02,0.41,0.25,7836.28,61
9552,3188,1,6451.26,0.47,0.25,8064.08,19
9553,3188,8,6013.89,0.42,0.25,7517.36,87
9554,3188,10,6852.19,0.49,0.25,8565.24,20
9555,3188,4,5940.99,0.37,0.25,7426.24,23
9556,3251,3,4601.77,0.12,0.25,5752.21,42
9557,3251,5,4800.61,0.12,0.25,6000.76,31
9558,3251,2,4573.37,0.39,0.25,5716.71,60
9559,3251,4,5027.86,0.49,0.25,6284.82,47
9560,164,9,1427.22,0.43,0.25,1784.02,73
9561,164,2,1402.61,0.34,0.25,1753.26,68
9562,164,4,1353.4,0.35,0.25,1691.75,75
9563,164,1,1419.02,0.42,0.25,1773.78,47
9564,164,7,1451.82,0.49,0.25,1814.78,43
9565,604,6,21.11,0.33,0.25,26.39,64
9566,604,2,23.65,0.48,0.25,29.56,34
9567,604,9,22.31,0.41,0.25,27.89,49
9568,283,5,151.19,0.11,0.25,188.99,88
9569,283,8,169.1,0.46,0.25,211.38,51
9570,283,6,176.06,0.46,0.25,220.08,49
9571,283,10,180.04,0.47,0.25,225.05,79
9572,351,9,355.88,0.33,0.25,444.85,34
9573,351,1,355.88,0.32,0.25,444.85,35
9574,351,7,362.43,0.37,0.25,453.04,85
9575,351,8,358.06,0.32,0.25,447.58,36
9576,351,3,334.04,0.11,0.25,417.55,31
9577,2980,3,340.1,0.14,0.25,425.12,90
9578,2980,9,331.95,0.39,0.25,414.94,44
9579,2980,6,313.62,0.33,0.25,392.02,39
9580,3051,8,3120.09,0.5,0.25,3900.11,15
9581,3051,6,2961.44,0.44,0.25,3701.8,83
9582,3051,4,2979.06,0.45,0.25,3723.82,59
9583,3051,2,3190.6,0.5,0.25,3988.25,100
9584,973,1,178.66,0.33,0.25,223.32,53
9585,973,9,178.66,0.38,0.25,223.32,65
9586,973,4,171.35,0.44,0.25,214.19,51
9587,69,7,151.06,0.39,0.25,188.82,56
9588,69,10,148.27,0.39,0.25,185.34,64
9589,69,6,160.39,0.37,0.25,200.49,89
9590,69,9,166.92,0.42,0.25,208.65,72
9591,4354,7,2196.25,0.31,0.25,2745.31,74
9592,4354,2,2304.71,0.39,0.25,2880.89,62
9593,4354,4,2223.36,0.37,0.25,2779.2,29
9594,4354,5,2331.82,0.14,0.25,2914.78,24
9595,5263,10,18.48,0.42,0.25,23.1,84
9596,5263,8,18.17,0.45,0.25,22.71,64
9597,5263,6,18.58,0.48,0.25,23.22,16
9598,3921,10,2521.91,0.49,0.25,3152.39,36
9599,3921,9,2605.51,0.48,0.25,3256.89,100
9600,3921,3,2257.18,0.11,0.25,2821.48,26
9601,3921,5,2187.51,0.1,0.25,2734.39,35
9602,4489,4,433.97,0.35,0.25,542.46,25
9603,4489,7,441.46,0.5,0.25,551.82,27
9604,4489,2,414.02,0.38,0.25,517.52,13
9605,4489,5,421.5,0.12,0.25,526.88,19
9606,4489,9,424.0,0.38,0.25,530.0,94
9607,4963,3,282.44,0.12,0.25,353.05,85
9608,4963,9,323.05,0.47,0.25,403.81,33
9609,4963,10,302.74,0.31,0.25,378.42,77
9610,4963,8,308.28,0.3,0.25,385.35,38
9611,4963,7,317.51,0.42,0.25,396.89,87
9612,1551,1,199.16,0.4,0.25,248.95,75
9613,1551,2,200.32,0.39,0.25,250.4,70
9614,1551,5,179.47,0.13,0.25,224.34,79
9615,1551,6,193.37,0.37,0.25,241.71,68
9616,1551,7,201.47,0.39,0.25,251.84,27
9617,2909,7,189.7,0.42,0.25,237.12,72
9618,2909,3,177.13,0.11,0.25,221.41,57
9619,2909,1,188.56,0.38,0.25,235.7,94
9620,2909,5,177.13,0.14,0.25,221.41,92
9621,2909,8,177.13,0.33,0.25,221.41,91
9622,2082,7,19.83,0.35,0.25,24.79,97
9623,2082,4,18.22,0.34,0.25,22.78,87
9624,2082,6,19.25,0.35,0.25,24.06,70
9625,2082,10,18.57,0.37,0.25,23.21,42
9626,570,2,41.53,0.35,0.25,51.91,59
9627,570,6,43.57,0.5,0.25,54.46,90
9628,570,1,38.22,0.3,0.25,47.78,30
9629,2355,3,110.21,0.13,0.25,137.76,74
9630,2355,4,108.91,0.43,0.25,136.14,34
9631,2355,6,109.56,0.36,0.25,136.95,43
9632,2355,7,108.27,0.31,0.25,135.34,21
9633,4536,8,676.74,0.31,0.25,845.92,22
9634,4536,9,756.11,0.45,0.25,945.14,43
9635,4536,10,685.09,0.42,0.25,856.36,48
9636,2228,10,19.41,0.35,0.25,24.26,69
9637,2228,4,20.6,0.43,0.25,25.75,90
9638,2228,5,18.58,0.1,0.25,23.22,33
9639,2228,8,21.32,0.41,0.25,26.65,33
9640,2228,7,20.84,0.44,0.25,26.05,94
9641,1073,6,121.21,0.33,0.25,151.51,69
9642,1073,5,128.34,0.12,0.25,160.43,86
9643,1073,9,130.71,0.37,0.25,163.39,38
9644,1073,4,145.76,0.49,0.25,182.2,94
9645,1073,8,136.26,0.36,0.25,170.32,70
9646,3832,7,2403.39,0.33,0.25,3004.24,56
9647,3832,4,2331.86,0.3,0.25,2914.82,77
9648,3832,5,2460.61,0.15,0.25,3075.76,81
9649,4794,8,587.0,0.49,0.25,733.75,11
9650,4794,3,484.5,0.12,0.25,605.62,98
9651,4794,5,509.35,0.12,0.25,636.69,95
9652,4794,7,580.78,0.49,0.25,725.97,13
9653,4794,9,487.61,0.33,0.25,609.51,22
9654,4418,4,128.69,0.48,0.25,160.86,96
9655,4418,9,118.09,0.47,0.25,147.61,10
9656,4418,5,111.72,0.1,0.25,139.65,55
9657,4418,3,116.67,0.13,0.25,145.84,32
9658,4418,1,123.04,0.39,0.25,153.8,12
9659,4418,10,117.38,0.39,0.25,146.72,84
9660,3133,6,4665.84,0.44,0.25,5832.3,88
9661,3133,7,4330.72,0.45,0.25,5413.4,28
9662,3133,5,4356.5,0.11,0.25,5445.62,64
9663,3133,2,4201.83,0.43,0.25,5252.29,79
9664,766,9,74.88,0.4,0.25,93.6,22
9665,766,1,80.82,0.49,0.25,101.02,42
9666,766,8,73.51,0.34,0.25,91.89,15
9667,766,7,76.25,0.46,0.25,95.31,15
9668,1838,2,23.3,0.32,0.25,29.12,72
9669,1838,3,22.29,0.11,0.25,27.86,16
9670,1838,4,25.45,0.47,0.25,31.81,94
9671,1838,9,23.87,0.42,0.25,29.84,18
9672,1838,6,24.45,0.31,0.25,30.56,75
9673,1838,7,24.45,0.44,0.25,30.56,20
9674,1757,6,551.29,0.33,0.25,689.11,18
9675,1757,4,557.93,0.45,0.25,697.41,52
9676,1757,8,571.21,0.39,0.25,714.01,19
9677,1757,9,554.61,0.35,0.25,693.26,11
9678,1757,5,524.72,0.12,0.25,655.9,76
9679,1757,1,584.5,0.45,0.25,730.62,45
9680,3973,10,2429.37,0.43,0.25,3036.71,63
9681,3973,9,2359.16,0.46,0.25,2948.95,36
9682,3973,2,2429.37,0.34,0.25,3036.71,58
9683,3799,6,1016.02,0.37,0.25,1270.03,55
9684,3799,2,956.95,0.31,0.25,1196.19,96
9685,3799,5,897.88,0.12,0.25,1122.35,64
9686,3799,4,968.76,0.38,0.25,1210.95,76
9687,3799,8,1033.74,0.38,0.25,1292.18,97
9688,3799,7,1016.02,0.46,0.25,1270.03,34
9689,4112,2,1804.97,0.48,0.25,2256.21,37
9690,4112,5,1625.53,0.14,0.25,2031.91,20
9691,4112,4,1678.31,0.31,0.25,2097.89,52
9692,4112,3,1731.09,0.14,0.25,2163.86,46
9693,4112,6,1878.86,0.46,0.25,2348.57,88
9694,2895,5,262.33,0.14,0.25,327.91,51
9695,2895,3,243.92,0.1,0.25,304.9,34
9696,2895,2,259.26,0.43,0.25,324.08,43
9697,5242,5,394.65,0.13,0.25,493.31,11
9698,5242,9,406.13,0.42,0.25,507.66,14
9699,5242,8,429.07,0.48,0.25,536.34,51
9700,5242,1,394.65,0.47,0.25,493.31,77
9701,5242,6,378.59,0.43,0.25,473.24,91
9702,4937,8,367.72,0.46,0.25,459.65,90
9703,4937,6,357.03,0.4,0.25,446.29,56
9704,4937,3,350.62,0.13,0.25,438.28,96
9705,1295,3,116.85,0.1,0.25,146.06,64
9706,1295,5,111.8,0.15,0.25,139.75,15
9707,1295,4,114.69,0.35,0.25,143.36,82
9708,1295,7,124.06,0.46,0.25,155.07,17
9709,1295,8,111.8,0.35,0.25,139.75,13
9710,4267,9,2165.82,0.35,0.25,2707.28,30
9711,4267,7,2000.2,0.35,0.25,2500.25,76
9712,4267,6,2127.6,0.32,0.25,2659.5,82
9713,1319,7,68.02,0.31,0.25,85.02,39
9714,1319,5,71.58,0.14,0.25,89.48,70
9715,1319,1,70.69,0.3,0.25,88.36,27
9716,1319,4,71.58,0.38,0.25,89.48,72
9717,1319,10,79.14,0.44,0.25,98.92,69
9718,1319,2,72.47,0.39,0.25,90.59,81
9719,1512,9,837.17,0.31,0.25,1046.46,46
9720,1512,8,906.49,0.34,0.25,1133.11,38
9721,1512,10,879.83,0.35,0.25,1099.79,85
9722,1512,3,874.5,0.12,0.25,1093.12,29
9723,1512,4,847.84,0.38,0.25,1059.8,93
9724,1512,7,917.16,0.41,0.25,1146.45,65
9725,3619,1,4218.76,0.47,0.25,5273.45,79
9726,3619,6,4033.32,0.45,0.25,5041.65,30
9727,3619,2,4265.12,0.46,0.25,5331.4,40
9728,3619,9,3917.42,0.45,0.25,4896.77,40
9729,3619,5,3847.88,0.14,0.25,4809.85,74
9730,3619,4,3986.96,0.42,0.25,4983.7,81
9731,2970,10,174.38,0.3,0.25,217.98,89
9732,2970,9,196.84,0.46,0.25,246.05,25
9733,2970,3,171.17,0.11,0.25,213.96,99
9734,4769,5,506.62,0.1,0.25,633.28,65
9735,4769,3,535.3,0.13,0.25,669.12,72
9736,4769,6,563.98,0.4,0.25,704.98,74
9737,4769,7,573.53,0.45,0.25,716.91,58
9738,2231,9,120.96,0.4,0.25,151.2,32
9739,2231,3,110.54,0.13,0.25,138.18,88
9740,2231,1,113.32,0.34,0.25,141.65,63
9741,2231,7,118.88,0.36,0.25,148.6,36
9742,3290,8,6908.08,0.49,0.25,8635.1,36
9743,3290,1,6534.68,0.39,0.25,8168.35,21
9744,3290,4,6011.9,0.37,0.25,7514.88,85
9745,3290,6,6086.58,0.33,0.25,7608.22,74
9746,3290,3,5974.56,0.11,0.25,7468.2,26
9747,3290,10,5937.22,0.32,0.25,7421.52,64
9748,4039,2,1712.1,0.5,0.25,2140.12,28
9749,4039,5,1554.77,0.14,0.25,1943.46,66
9750,4039,9,1573.28,0.31,0.25,1966.6,65
9751,4039,7,1730.61,0.48,0.25,2163.26,15
9752,4039,4,1684.34,0.48,0.25,2105.42,16
9753,1851,8,21.27,0.43,0.25,26.59,12
9754,1851,3,19.13,0.14,0.25,23.91,32
9755,1851,9,19.01,0.32,0.25,23.76,50
9756,443,1,117.67,0.39,0.25,147.09,71
9757,443,10,108.83,0.34,0.25,136.04,68
9758,443,3,114.27,0.11,0.25,142.84,26
9759,443,9,112.23,0.32,0.25,140.29,66
9760,443,2,114.95,0.35,0.25,143.69,92
9761,443,7,112.23,0.45,0.25,140.29,91
9762,4578,7,1260.28,0.44,0.25,1575.35,70
9763,4578,9,1289.93,0.37,0.25,1612.41,68
9764,4578,6,1334.41,0.47,0.25,1668.01,43
9765,4578,1,1334.41,0.45,0.25,1668.01,92
9766,4578,8,1260.28,0.45,0.25,1575.35,70
9767,683,9,43.84,0.37,0.25,54.8,82
9768,683,8,44.92,0.42,0.25,56.15,46
9769,683,1,45.73,0.47,0.25,57.16,23
9770,683,3,46.81,0.14,0.25,58.51,61
9771,683,7,49.52,0.49,0.25,61.9,99
9772,683,2,44.65,0.43,0.25,55.81,49
9773,3346,6,226.94,0.3,0.25,283.68,73
9774,3346,5,228.33,0.12,0.25,285.41,92
9775,3346,10,236.63,0.41,0.25,295.79,22
9776,3346,8,236.63,0.47,0.25,295.79,67
9777,3346,3,239.4,0.13,0.25,299.25,82
9778,842,5,25.77,0.12,0.25,32.21,54
9779,842,7,28.0,0.45,0.25,35.0,76
9780,842,3,27.05,0.11,0.25,33.81,50
9781,842,9,29.43,0.47,0.25,36.79,63
9782,5386,7,412.18,0.42,0.25,515.22,41
9783,5386,6,424.3,0.36,0.25,530.38,44
9784,5386,9,404.91,0.44,0.25,506.14,85
9785,5386,1,419.46,0.33,0.25,524.32,40
9786,5386,10,368.54,0.31,0.25,460.68,27
9787,1472,9,91.38,0.34,0.25,114.22,39
9788,1472,3,87.59,0.11,0.25,109.49,89
9789,1472,2,98.41,0.48,0.25,123.01,57
9790,1472,10,90.84,0.39,0.25,113.55,38
9791,1472,8,100.03,0.46,0.25,125.04,69
9792,1472,5,94.62,0.15,0.25,118.28,72
9793,2491,8,46.64,0.38,0.25,58.3,85
9794,2491,1,49.44,0.45,0.25,61.8,65
9795,2491,3,45.53,0.14,0.25,56.91,89
9796,2491,6,45.53,0.4,0.25,56.91,96
9797,2491,7,46.36,0.33,0.25,57.95,92
9798,2491,5,44.69,0.12,0.25,55.86,40
9799,2115,3,28.52,0.13,0.25,35.65,84
9800,2115,5,29.21,0.13,0.25,36.51,55
9801,2115,9,29.72,0.45,0.25,37.15,11
9802,5254,1,532.25,0.34,0.25,665.31,29
9803,5254,4,569.54,0.45,0.25,711.92,94
9804,5254,3,576.32,0.12,0.25,720.4,16
9805,5254,7,583.1,0.39,0.25,728.88,79
9806,30,9,2399.91,0.31,0.25,2999.89,42
9807,30,7,2488.25,0.31,0.25,3110.31,80
9808,30,2,2620.77,0.41,0.25,3275.96,97
9809,30,6,2561.87,0.44,0.25,3202.34,15
9810,30,8,2429.36,0.33,0.25,3036.7,13
9811,30,5,2385.19,0.15,0.25,2981.49,42
9812,5283,9,149.24,0.38,0.25,186.55,39
9813,5283,5,147.49,0.15,0.25,184.36,10
9814,5283,1,146.61,0.41,0.25,183.26,68
9815,5283,8,148.37,0.39,0.25,185.46,98
9816,5283,7,154.51,0.47,0.25,193.14,17
9817,2897,10,219.49,0.36,0.25,274.36,65
9818,2897,4,211.26,0.33,0.25,264.08,98
9819,2897,3,218.12,0.14,0.25,272.65,20
9820,2897,1,229.09,0.46,0.25,286.36,38
9821,5227,10,204.39,0.47,0.25,255.49,99
9822,5227,4,191.06,0.34,0.25,238.82,21
9823,5227,6,202.17,0.44,0.25,252.71,55
9824,5227,7,187.73,0.41,0.25,234.66,67
9825,5227,5,175.51,0.13,0.25,219.39,84
9826,5227,8,183.28,0.37,0.25,229.1,36
9827,2738,6,70.21,0.35,0.25,87.76,50
9828,2738,8,65.77,0.31,0.25,82.21,63
9829,2738,7,66.17,0.41,0.25,82.71,33
9830,2738,4,63.75,0.36,0.25,79.69,40
9831,2738,1,75.86,0.48,0.25,94.82,90
9832,2738,2,68.19,0.44,0.25,85.24,96
9833,4611,9,2291.62,0.43,0.25,2864.52,76
9834,4611,7,2138.84,0.36,0.25,2673.55,35
9835,4611,4,2177.04,0.33,0.25,2721.3,45
9836,4719,9,263.39,0.48,0.25,329.24,25
9837,4719,2,237.9,0.44,0.25,297.38,20
9838,4719,5,236.49,0.14,0.25,295.61,49
9839,4719,8,220.91,0.32,0.25,276.14,41
9840,4719,6,260.56,0.46,0.25,325.7,20
9841,4719,1,242.15,0.46,0.25,302.69,67
9842,2050,1,23.13,0.33,0.25,28.91,14
9843,2050,10,23.97,0.4,0.25,29.96,73
9844,2050,6,26.22,0.48,0.25,32.78,25
9845,2050,4,24.82,0.38,0.25,31.02,37
9846,2050,9,24.39,0.36,0.25,30.49,80
9847,2050,7,25.1,0.48,0.25,31.38,34
9848,3189,7,1594.49,0.34,0.25,1993.11,53
9849,3189,1,1623.48,0.37,0.25,2029.35,83
9850,3189,9,1584.83,0.38,0.25,1981.04,56
9851,3189,3,1517.19,0.1,0.25,1896.49,33
9852,3189,6,1536.51,0.36,0.25,1920.64,70
9853,3189,4,1555.84,0.37,0.25,1944.8,47
9854,4820,1,613.61,0.47,0.25,767.01,34
9855,4820,6,617.14,0.48,0.25,771.42,44
9856,4820,5,560.71,0.12,0.25,700.89,58
9857,4820,9,627.72,0.45,0.25,784.65,14
9858,4820,7,659.46,0.49,0.25,824.32,54
9859,4820,8,592.45,0.32,0.25,740.56,67
9860,658,6,15.12,0.45,0.25,18.9,100
9861,658,1,13.74,0.35,0.25,17.18,76
9862,658,7,15.29,0.42,0.25,19.11,74
9863,658,4,15.55,0.5,0.25,19.44,42
9864,658,8,15.12,0.43,0.25,18.9,12
9865,658,5,14.69,0.15,0.25,18.36,25
9866,1683,5,273.28,0.1,0.25,341.6,61
9867,1683,6,282.1,0.33,0.25,352.62,87
9868,1683,2,296.2,0.44,0.25,370.25,40
9869,4064,4,641.03,0.42,0.25,801.29,42
9870,4064,6,637.3,0.35,0.25,796.62,44
9871,4064,7,641.03,0.44,0.25,801.29,70
9872,4501,10,664.67,0.47,0.25,830.84,56
9873,4501,9,684.22,0.41,0.25,855.28,99
9874,4501,8,629.48,0.41,0.25,786.85,85
9875,4501,3,625.57,0.13,0.25,781.96,36
9876,4501,4,613.84,0.34,0.25,767.3,14
9877,632,4,10.18,0.43,0.25,12.72,40
9878,632,5,10.48,0.15,0.25,13.1,43
9879,632,7,10.67,0.46,0.25,13.34,76
9880,632,2,9.99,0.4,0.25,12.49,84
9881,587,2,52.11,0.45,0.25,65.14,27
9882,587,4,46.64,0.38,0.25,58.3,32
9883,587,9,50.96,0.42,0.25,63.7,46
9884,4816,9,112.98,0.33,0.25,141.22,14
9885,4816,1,124.98,0.48,0.25,156.22,87
9886,4816,3,115.09,0.14,0.25,143.86,50
9887,4816,4,115.8,0.36,0.25,144.75,83
9888,3334,1,5484.03,0.32,0.25,6855.04,60
9889,3334,3,5324.61,0.14,0.25,6655.76,64
9890,3334,8,5069.54,0.36,0.25,6336.92,100
9891,3334,9,5611.57,0.37,0.25,7014.46,43
9892,3334,7,5260.84,0.39,0.25,6576.05,53
9893,2254,7,103.06,0.49,0.25,128.82,86
9894,2254,10,100.01,0.39,0.25,125.01,17
9895,2254,8,104.89,0.37,0.25,131.11,69
9896,2254,1,109.15,0.44,0.25,136.44,76
9897,4252,8,2059.42,0.34,0.25,2574.28,11
9898,4252,1,2320.11,0.42,0.25,2900.14,93
9899,4252,6,2046.39,0.35,0.25,2557.99,49
9900,2911,2,81.88,0.33,0.25,102.35,83
9901,2911,7,84.48,0.4,0.25,105.6,14
9902,2911,3,83.44,0.13,0.25,104.3,78
9903,2911,8,94.91,0.43,0.25,118.64,44
9904,2911,9,91.26,0.49,0.25,114.08,65
9905,4570,3,2359.66,0.14,0.25,2949.58,39
9906,4570,8,2314.28,0.31,0.25,2892.85,88
9907,4570,6,2752.93,0.49,0.25,3441.16,30
9908,662,1,74.24,0.32,0.25,92.8,18
9909,662,2,76.66,0.31,0.25,95.82,96
9910,662,5,79.09,0.11,0.25,98.86,16
9911,662,8,82.48,0.32,0.25,103.1,67
9912,662,6,76.18,0.36,0.25,95.22,86
9913,662,3,81.51,0.11,0.25,101.89,11
9914,779,1,25.19,0.35,0.25,31.49,26
9915,779,9,26.66,0.43,0.25,33.33,78
9916,779,8,25.04,0.43,0.25,31.3,10
9917,779,10,25.34,0.4,0.25,31.68,38
9918,779,6,26.07,0.46,0.25,32.59,43
9919,779,7,26.66,0.44,0.25,33.33,48
9920,1195,2,198.21,0.33,0.25,247.76,25
9921,1195,9,187.84,0.32,0.25,234.8,51
9922,1195,10,193.6,0.47,0.25,242.0,16
9923,615,6,14.13,0.3,0.25,17.66,99
9924,615,1,15.4,0.5,0.25,19.25,36
9925,615,9,13.45,0.37,0.25,16.81,48
9926,615,10,15.06,0.5,0.25,18.82,80
9927,615,5,13.7,0.12,0.25,17.12,17
9928,2619,3,261.17,0.12,0.25,326.46,13
9929,2619,2,265.81,0.36,0.25,332.26,94
9930,2619,8,241.08,0.36,0.25,301.35,78
9931,2619,6,273.54,0.42,0.25,341.92,29
9932,2619,10,262.72,0.46,0.25,328.4,33
9933,3770,7,6911.14,0.45,0.25,8638.93,97
9934,3770,3,5865.13,0.11,0.25,7331.41,97
9935,3770,1,6724.35,0.44,0.25,8405.44,47
9936,3770,5,6313.42,0.1,0.25,7891.78,96
9937,3306,4,5539.84,0.33,0.25,6924.8,45
9938,3306,2,5886.08,0.38,0.25,7357.6,10
9939,3306,9,5366.72,0.3,0.25,6708.4,46
9940,2209,6,27.12,0.32,0.25,33.9,38
9941,2209,8,28.01,0.3,0.25,35.01,47
9942,2209,5,29.44,0.14,0.25,36.8,65
9943,2209,7,30.33,0.48,0.25,37.91,48
9944,2209,9,30.33,0.47,0.25,37.91,88
9945,3024,8,7054.82,0.36,0.25,8818.52,52
9946,3024,7,7639.24,0.45,0.25,9549.05,17
9947,3024,9,7514.01,0.49,0.25,9392.51,92
9948,4691,5,77.79,0.13,0.25,97.24,90
9949,4691,8,86.94,0.36,0.25,108.68,89
9950,4691,3,80.33,0.13,0.25,100.41,47
9951,4691,2,84.39,0.38,0.25,105.49,23
9952,4691,7,82.87,0.39,0.25,103.59,43
9953,3217,2,6028.76,0.33,0.25,7535.95,56
9954,3217,6,6608.45,0.43,0.25,8260.56,17
9955,3217,4,6492.51,0.48,0.25,8115.64,64
9956,3217,8,6994.91,0.46,0.25,8743.64,33
9957,3217,7,6763.03,0.36,0.25,8453.79,36
9958,3217,9,6878.97,0.47,0.25,8598.71,63
9959,4052,6,276.96,0.31,0.25,346.2,75
9960,4052,10,262.3,0.33,0.25,327.88,49
9961,4052,7,290.0,0.46,0.25,362.5,50
9962,4052,8,301.4,0.48,0.25,376.75,10
9963,4052,5,280.22,0.14,0.25,350.28,43
9964,4052,3,272.08,0.13,0.25,340.1,78
9965,1860,3,23.07,0.12,0.25,28.84,71
9966,1860,5,23.5,0.1,0.25,29.38,30
9967,1860,7,21.81,0.3,0.25,27.26,97
9968,1860,6,23.5,0.34,0.25,29.38,74
9969,1860,9,24.48,0.48,0.25,30.6,43
9970,2034,1,14.46,0.36,0.25,18.08,60
9971,2034,5,14.02,0.14,0.25,17.52,80
9972,2034,9,16.05,0.45,0.25,20.06,71
9973,2034,6,15.17,0.45,0.25,18.96,25
9974,5396,5,320.84,0.12,0.25,401.05,70
9975,5396,10,334.37,0.47,0.25,417.96,65
9976,5396,7,303.45,0.33,0.25,379.31,93
9977,5396,8,295.72,0.3,0.25,369.65,93
9978,2847,6,15.24,0.47,0.25,19.05,33
9979,2847,1,14.79,0.4,0.25,18.49,27
9980,2847,7,17.05,0.49,0.25,21.31,17
9981,2943,1,80.13,0.45,0.25,100.16,55
9982,2943,5,72.43,0.13,0.25,90.54,83
9983,2943,7,80.58,0.46,0.25,100.72,45
9984,2943,4,76.51,0.32,0.25,95.64,47
9985,2943,3,72.88,0.11,0.25,91.1,40
9986,4733,1,160.24,0.31,0.25,200.3,37
9987,4733,4,178.04,0.44,0.25,222.55,61
9988,4733,2,180.14,0.33,0.25,225.18,91
9989,4733,5,171.76,0.11,0.25,214.7,39
9990,5328,8,250.17,0.32,0.25,312.71,57
9991,5328,9,260.79,0.34,0.25,325.99,18
9992,5328,6,265.34,0.41,0.25,331.67,91
9993,5328,10,257.75,0.34,0.25,322.19,47
9994,4485,6,284.3,0.39,0.25,355.38,98
9995,4485,10,260.34,0.37,0.25,325.42,76
9996,4485,3,255.55,0.12,0.25,319.44,88
9997,4485,7,255.55,0.35,0.25,319.44,26
9998,4485,9,289.09,0.46,0.25,361.36,20
9999,4485,2,263.54,0.31,0.25,329.42,82
10000,613,2,19.9,0.35,0.25,24.88,28
10001,613,10,18.21,0.3,0.25,22.76,53
10002,613,8,21.83,0.42,0.25,27.29,24
10003,1028,9,170.89,0.34,0.25,213.61,61
10004,1028,1,169.88,0.41,0.25,212.35,99
10005,1028,7,185.05,0.5,0.25,231.31,67
10006,1028,6,181.0,0.41,0.25,226.25,33
10007,1028,3,160.78,0.11,0.25,200.98,18
10008,1028,8,169.88,0.36,0.25,212.35,84
10009,4759,9,64.06,0.45,0.25,80.08,55
10010,4759,3,65.96,0.15,0.25,82.45,50
10011,4759,1,65.96,0.37,0.25,82.45,71
10012,5233,6,109.88,0.34,0.25,137.35,34
10013,5233,9,109.17,0.32,0.25,136.46,31
10014,5233,8,121.93,0.43,0.25,152.41,22
10015,5233,10,124.77,0.48,0.25,155.96,71
10016,5233,4,124.77,0.41,0.25,155.96,85
10017,1961,2,30.46,0.4,0.25,38.08,96
10018,1961,3,27.54,0.11,0.25,34.42,53
10019,1961,6,30.46,0.36,0.25,38.08,29
10020,304,9,284.65,0.39,0.25,355.81,33
10021,304,8,288.13,0.35,0.25,360.16,92
10022,304,7,317.63,0.45,0.25,397.04,83
10023,4639,2,1238.76,0.5,0.25,1548.45,57
10024,4639,9,1099.65,0.39,0.25,1374.56,63
10025,4639,5,1040.03,0.11,0.25,1300.04,77
10026,4639,6,1146.02,0.39,0.25,1432.52,68
10027,5030,3,516.42,0.15,0.25,645.52,98
10028,5030,2,549.53,0.35,0.25,686.91,19
10029,5030,1,566.08,0.31,0.25,707.6,12
10030,5030,7,569.39,0.42,0.25,711.74,100
10031,5030,8,585.94,0.49,0.25,732.42,52
10032,5030,4,549.53,0.43,0.25,686.91,88
10033,2216,6,38.38,0.5,0.25,47.98,44
10034,2216,4,37.74,0.43,0.25,47.18,34
10035,2216,2,34.33,0.36,0.25,42.91,51
10036,2216,7,36.46,0.49,0.25,45.58,22
10037,2330,5,125.24,0.15,0.25,156.55,75
10038,2330,9,143.36,0.44,0.25,179.2,21
10039,2330,8,119.73,0.32,0.25,149.66,90
10040,2330,6,129.97,0.4,0.25,162.46,51
10041,3488,3,1103.93,0.1,0.25,1379.91,62
10042,3488,4,1206.96,0.37,0.25,1508.7,34
10043,3488,5,1280.55,0.15,0.25,1600.69,87
10044,3488,1,1258.47,0.38,0.25,1573.09,76
10045,4780,4,611.46,0.45,0.25,764.32,48
10046,4780,2,587.28,0.34,0.25,734.1,39
10047,4780,9,625.28,0.47,0.25,781.6,62
10048,4780,3,576.92,0.15,0.25,721.15,22
10049,4780,6,590.74,0.36,0.25,738.42,57
10050,4780,8,608.01,0.39,0.25,760.01,61
10051,1509,5,698.67,0.11,0.25,873.34,63
10052,1509,4,775.79,0.36,0.25,969.74,88
10053,1509,8,734.96,0.35,0.25,918.7,27
10054,850,6,45.82,0.39,0.25,57.28,38
10055,850,2,46.97,0.43,0.25,58.71,83
10056,850,9,51.55,0.4,0.25,64.44,68
10057,850,8,44.96,0.33,0.25,56.2,99
10058,850,3,45.54,0.14,0.25,56.92,74
10059,4644,3,436.08,0.15,0.25,545.1,28
10060,4644,7,426.0,0.32,0.25,532.5,64
10061,4644,2,408.35,0.36,0.25,510.44,54
10062,4644,4,400.79,0.39,0.25,500.99,66
10063,4644,5,398.27,0.13,0.25,497.84,39
10064,4514,6,659.5,0.49,0.25,824.38,98
10065,4514,2,634.27,0.48,0.25,792.84,72
10066,4514,3,609.04,0.11,0.25,761.3,11
10067,4514,4,605.44,0.43,0.25,756.8,83
10068,4514,9,659.5,0.47,0.25,824.38,89
10069,4514,1,554.99,0.32,0.25,693.74,77
10070,955,8,65.81,0.37,0.25,82.26,33
10071,955,9,62.44,0.32,0.25,78.05,53
10072,955,7,64.68,0.39,0.25,80.85,88
10073,955,2,66.55,0.48,0.25,83.19,88
10074,3514,7,7175.59,0.36,0.25,8969.49,74
10075,3514,9,7581.76,0.43,0.25,9477.2,87
10076,3514,3,7356.11,0.12,0.25,9195.14,94
10077,3514,8,8078.18,0.46,0.25,10097.72,14
10078,3514,6,7040.2,0.33,0.25,8800.25,37
10079,1679,8,310.69,0.37,0.25,388.36,76
10080,1679,1,341.76,0.42,0.25,427.2,85
10081,1679,3,337.87,0.14,0.25,422.34,36
10082,1679,2,335.93,0.33,0.25,419.91,56
10083,4037,3,1580.61,0.12,0.25,1975.76,63
10084,4037,4,1939.84,0.49,0.25,2424.8,55
10085,4037,5,1734.57,0.14,0.25,2168.21,58
10086,4037,9,1796.15,0.35,0.25,2245.19,14
10087,4037,1,1652.46,0.39,0.25,2065.57,95
10088,4037,7,1714.04,0.33,0.25,2142.55,81
10089,956,6,95.48,0.42,0.25,119.35,26
10090,956,5,84.81,0.14,0.25,106.01,41
10091,956,2,83.21,0.33,0.25,104.01,66
10092,956,10,99.21,0.46,0.25,124.01,19
10093,956,3,85.34,0.11,0.25,106.68,46
10094,956,9,93.34,0.39,0.25,116.68,24
10095,1302,8,110.6,0.37,0.25,138.25,14
10096,1302,4,114.51,0.39,0.25,143.14,37
10097,1302,3,100.84,0.13,0.25,126.05,89
10098,1302,1,109.3,0.47,0.25,136.62,83
10099,1302,7,103.45,0.35,0.25,129.31,13
10100,1302,10,100.84,0.32,0.25,126.05,41
10101,4621,7,2641.84,0.5,0.25,3302.3,97
10102,4621,4,2324.24,0.37,0.25,2905.3,40
10103,4621,9,2295.37,0.35,0.25,2869.21,37
10104,4621,3,2353.12,0.11,0.25,2941.4,34
10105,4621,1,2483.04,0.5,0.25,3103.8,67
10106,473,2,255.35,0.38,0.25,319.19,58
10107,473,1,245.72,0.31,0.25,307.15,26
10108,473,7,279.44,0.41,0.25,349.3,28
10109,3738,4,2575.54,0.38,0.25,3219.42,20
10110,3738,3,2622.65,0.14,0.25,3278.31,82
10111,3738,7,2654.06,0.42,0.25,3317.58,47
10112,3738,5,2528.42,0.13,0.25,3160.52,71
10113,3738,1,2606.95,0.35,0.25,3258.69,48
10114,3673,1,351.14,0.33,0.25,438.92,61
10115,3673,5,335.77,0.12,0.25,419.71,87
10116,3673,10,377.47,0.42,0.25,471.84,100
10117,3673,2,355.53,0.39,0.25,444.41,89
10118,3673,8,375.28,0.38,0.25,469.1,60
10119,3386,8,6544.57,0.43,0.25,8180.71,78
10120,3386,7,6661.44,0.38,0.25,8326.8,36
10121,3386,1,6700.4,0.49,0.25,8375.5,18
10122,3386,3,6778.31,0.15,0.25,8472.89,92
10123,3386,5,6622.49,0.14,0.25,8278.11,49
10124,165,10,564.1,0.35,0.25,705.12,86
10125,165,3,607.22,0.11,0.25,759.03,34
10126,165,2,614.4,0.39,0.25,768.0,10
10127,2371,2,72.33,0.41,0.25,90.41,40
10128,2371,5,70.19,0.15,0.25,87.74,49
10129,2371,9,72.33,0.49,0.25,90.41,33
10130,1395,1,152.0,0.45,0.25,190.0,26
10131,1395,6,164.17,0.49,0.25,205.21,99
10132,1395,4,160.69,0.49,0.25,200.86,90
10133,1395,5,132.9,0.12,0.25,166.12,48
10134,1395,7,147.66,0.42,0.25,184.58,73
10135,1395,8,148.53,0.34,0.25,185.66,13
10136,4986,7,175.12,0.49,0.25,218.9,74
10137,4986,5,150.64,0.11,0.25,188.3,77
10138,4986,2,159.11,0.32,0.25,198.89,19
10139,4986,9,160.06,0.38,0.25,200.08,59
10140,4986,3,163.82,0.14,0.25,204.77,73
10141,4375,2,2105.06,0.35,0.25,2631.32,90
10142,4375,1,2325.96,0.41,0.25,2907.45,34
10143,4375,3,2183.03,0.13,0.25,2728.79,33
10144,4375,4,2027.1,0.31,0.25,2533.88,44
10145,4375,5,2118.05,0.12,0.25,2647.56,66
10146,4375,7,2377.94,0.47,0.25,2972.42,95
10147,5326,7,411.02,0.4,0.25,513.78,80
10148,5326,9,418.73,0.36,0.25,523.41,56
10149,5326,4,403.32,0.35,0.25,504.15,92
10150,5326,8,439.28,0.45,0.25,549.1,11
10151,3880,6,719.86,0.46,0.25,899.82,15
10152,3880,7,760.76,0.48,0.25,950.95,80
10153,3880,10,707.59,0.47,0.25,884.49,84
10154,3880,4,670.78,0.37,0.25,838.47,16
10155,3880,9,736.22,0.42,0.25,920.28,24
10156,3880,1,699.41,0.39,0.25,874.26,44
10157,3429,6,1409.41,0.38,0.25,1761.76,83
10158,3429,2,1462.59,0.43,0.25,1828.24,65
10159,3429,10,1400.54,0.37,0.25,1750.68,51
10160,1029,4,137.01,0.41,0.25,171.26,47
10161,1029,1,127.82,0.39,0.25,159.77,36
10162,1029,9,129.35,0.43,0.25,161.69,95
10163,3939,7,1795.82,0.38,0.25,2244.78,29
10164,3939,10,1763.56,0.31,0.25,2204.45,50
10165,3939,5,1785.06,0.14,0.25,2231.32,81
10166,3939,9,1849.58,0.45,0.25,2311.98,10
10167,668,5,41.87,0.11,0.25,52.34,87
10168,668,9,46.73,0.4,0.25,58.41,56
10169,668,8,47.0,0.34,0.25,58.75,57
10170,668,6,44.84,0.42,0.25,56.05,81
10171,3174,10,5434.68,0.37,0.25,6793.35,15
10172,3174,4,5497.15,0.36,0.25,6871.44,24
10173,3174,3,5153.58,0.11,0.25,6441.98,84
10174,3174,7,5340.98,0.47,0.25,6676.22,79
10175,3174,2,5216.04,0.35,0.25,6520.05,56
10176,3174,5,5309.75,0.12,0.25,6637.19,38
10177,2488,1,63.89,0.38,0.25,79.86,96
10178,2488,2,72.31,0.5,0.25,90.39,30
10179,2488,5,61.98,0.12,0.25,77.47,29
10180,4762,5,561.19,0.12,0.25,701.49,10
10181,4762,8,581.72,0.49,0.25,727.15,96
10182,4762,9,574.88,0.32,0.25,718.6,55
10183,2316,3,23.1,0.13,0.25,28.88,69
10184,2316,5,23.68,0.14,0.25,29.6,99
10185,2316,9,23.53,0.41,0.25,29.41,60
10186,2316,10,24.68,0.35,0.25,30.85,52
10187,2316,4,23.68,0.32,0.25,29.6,32
10188,667,6,36.42,0.41,0.25,45.53,16
10189,667,5,34.26,0.13,0.25,42.82,14
10190,667,4,36.85,0.4,0.25,46.06,93
10191,667,8,36.85,0.32,0.25,46.06,75
10192,667,1,36.85,0.48,0.25,46.06,35
10193,3395,1,7622.7,0.37,0.25,9528.38,71
10194,3395,5,7345.51,0.14,0.25,9181.89,13
10195,3395,4,7807.5,0.41,0.25,9759.38,22
10196,3395,3,7899.89,0.15,0.25,9874.86,49
10197,3395,10,7484.11,0.3,0.25,9355.14,73
10198,3513,3,2734.06,0.11,0.25,3417.58,19
10199,3513,5,2751.37,0.13,0.25,3439.21,15
10200,3513,7,3028.24,0.48,0.25,3785.3,11
10201,3513,10,2785.98,0.41,0.25,3482.48,88
10202,3513,1,3062.84,0.49,0.25,3828.55,43
10203,3513,2,2837.89,0.41,0.25,3547.36,64
10204,1632,8,103.1,0.46,0.25,128.88,70
10205,1632,2,99.5,0.4,0.25,124.38,47
10206,1632,10,97.1,0.31,0.25,121.38,33
10207,1632,1,107.89,0.49,0.25,134.86,36
10208,822,5,73.62,0.1,0.25,92.02,39
10209,822,8,81.17,0.41,0.25,101.46,72
10210,822,7,75.03,0.33,0.25,93.79,91
10211,822,9,78.34,0.33,0.25,97.93,18
10212,3187,1,2377.46,0.41,0.25,2971.82,10
10213,3187,5,2447.8,0.15,0.25,3059.75,50
10214,3187,9,2236.78,0.38,0.25,2795.98,56
10215,3187,2,2518.14,0.46,0.25,3147.68,14
10216,3187,8,2518.14,0.42,0.25,3147.68,39
10217,3187,10,2349.32,0.46,0.25,2936.65,20
10218,3680,5,3236.47,0.14,0.25,4045.59,76
10219,3680,1,3427.98,0.47,0.25,4284.98,11
10220,3680,8,3313.07,0.4,0.25,4141.34,45
10221,2653,4,89.79,0.47,0.25,112.24,54
10222,2653,2,89.79,0.48,0.25,112.24,28
10223,2653,7,96.66,0.49,0.25,120.82,100
10224,2653,1,84.51,0.31,0.25,105.64,30
10225,2686,2,291.95,0.48,0.25,364.94,61
10226,2686,5,290.28,0.14,0.25,362.85,65
10227,2686,4,285.28,0.35,0.25,356.6,45
10228,3148,2,5041.49,0.46,0.25,6301.86,88
10229,3148,8,4685.3,0.39,0.25,5856.62,35
10230,3148,1,4356.5,0.31,0.25,5445.62,35
10231,3148,4,4959.29,0.44,0.25,6199.11,56
10232,1417,4,130.22,0.4,0.25,162.78,80
10233,1417,5,123.41,0.11,0.25,154.26,63
10234,1417,7,127.19,0.32,0.25,158.99,97
10235,1417,8,134.76,0.4,0.25,168.45,56
10236,1417,9,127.95,0.36,0.25,159.94,93
10237,4726,5,547.1,0.13,0.25,683.88,71
10238,4726,7,580.06,0.49,0.25,725.08,42
10239,4726,8,540.51,0.31,0.25,675.64,91
10240,2456,6,50.57,0.38,0.25,63.21,86
10241,2456,5,47.92,0.12,0.25,59.9,51
10242,2456,2,49.1,0.32,0.25,61.38,24
10243,2456,7,49.69,0.47,0.25,62.11,38
10244,2456,4,51.74,0.39,0.25,64.68,68
10245,356,4,452.29,0.3,0.25,565.36,98
10246,356,8,488.36,0.41,0.25,610.45,72
10247,356,3,457.84,0.15,0.25,572.3,47
10248,356,5,474.49,0.12,0.25,593.11,62
10249,356,10,471.72,0.34,0.25,589.65,67
10250,5134,1,369.66,0.32,0.25,462.08,15
10251,5134,5,369.66,0.13,0.25,462.08,95
10252,5134,9,365.15,0.36,0.25,456.44,62
10253,5134,6,396.7,0.5,0.25,495.88,45
10254,5134,2,380.93,0.47,0.25,476.16,28
10255,5134,10,405.72,0.46,0.25,507.15,52
10256,2415,10,40.97,0.44,0.25,51.21,32
10257,2415,8,38.69,0.34,0.25,48.36,87
10258,2415,6,39.83,0.43,0.25,49.79,13
10259,2415,2,38.92,0.36,0.25,48.65,81
10260,602,8,81.19,0.47,0.25,101.49,48
10261,602,4,77.08,0.46,0.25,96.35,39
10262,602,6,77.08,0.42,0.25,96.35,68
10263,602,2,78.45,0.43,0.25,98.06,98
10264,602,9,75.26,0.41,0.25,94.08,83
10265,5417,8,34.29,0.46,0.25,42.86,26
10266,5417,7,36.75,0.41,0.25,45.94,29
10267,5417,2,34.9,0.39,0.25,43.62,95
10268,5417,10,33.67,0.41,0.25,42.09,95
10269,187,10,204.15,0.36,0.25,255.19,44
10270,187,3,187.14,0.12,0.25,233.92,34
10271,187,5,205.37,0.11,0.25,256.71,15
10272,187,1,198.08,0.34,0.25,247.6,39
10273,187,4,188.36,0.32,0.25,235.45,60
10274,187,2,205.37,0.39,0.25,256.71,56
10275,1062,6,99.36,0.33,0.25,124.2,28
10276,1062,8,100.58,0.32,0.25,125.72,22
10277,1062,2,106.68,0.37,0.25,133.35,99
10278,1062,4,100.58,0.32,0.25,125.72,29
10279,1062,5,98.76,0.14,0.25,123.45,93
10280,1062,7,106.07,0.36,0.25,132.59,12
10281,2288,5,98.45,0.14,0.25,123.06,92
10282,2288,2,104.52,0.36,0.25,130.65,75
10283,2288,4,96.62,0.33,0.25,120.78,70
10284,2288,3,100.88,0.11,0.25,126.1,43
10285,5109,8,107.64,0.46,0.25,134.55,12
10286,5109,2,103.81,0.4,0.25,129.76,90
10287,5109,9,100.63,0.36,0.25,125.79,24
10288,5109,1,101.27,0.39,0.25,126.59,46
10289,2015,1,3.65,0.39,0.25,4.56,58
10290,2015,4,3.62,0.47,0.25,4.53,34
10291,2015,9,3.6,0.42,0.25,4.5,33
10292,2015,5,3.73,0.15,0.25,4.66,81
10293,2528,10,130.15,0.45,0.25,162.69,68
10294,2528,8,120.14,0.39,0.25,150.18,68
10295,2528,3,112.99,0.12,0.25,141.24,97
10296,2528,1,115.85,0.36,0.25,144.81,97
10297,4984,1,98.02,0.3,0.25,122.52,48
10298,4984,7,103.24,0.41,0.25,129.05,95
10299,4984,5,96.28,0.12,0.25,120.35,62
10300,4984,9,100.92,0.44,0.25,126.15,11
10301,1168,1,243.3,0.49,0.25,304.12,71
10302,1168,7,241.92,0.37,0.25,302.4,12
10303,1168,5,211.51,0.12,0.25,264.39,21
10304,3244,8,4367.15,0.34,0.25,5458.94,77
10305,3244,4,4393.3,0.33,0.25,5491.62,77
10306,3244,9,4262.55,0.43,0.25,5328.19,85
10307,3244,3,4105.64,0.12,0.25,5132.05,35
10308,3244,6,4445.6,0.32,0.25,5557.0,38
10309,1535,10,620.91,0.48,0.25,776.14,95
10310,1535,1,635.6,0.46,0.25,794.5,84
10311,1535,7,617.23,0.4,0.25,771.54,56
10312,254,6,324.81,0.47,0.25,406.01,15
10313,254,8,339.57,0.48,0.25,424.46,67
10314,254,1,335.88,0.43,0.25,419.85,39
10315,254,4,284.21,0.31,0.25,355.26,33
10316,254,5,298.97,0.11,0.25,373.71,46
10317,2819,10,298.76,0.36,0.25,373.45,89
10318,2819,8,309.69,0.46,0.25,387.11,98
10319,2819,4,300.58,0.39,0.25,375.72,33
10320,2819,7,322.44,0.49,0.25,403.05,100
10321,2819,1,302.4,0.36,0.25,378.0,100
10322,420,2,413.31,0.39,0.25,516.64,82
10323,420,8,399.3,0.31,0.25,499.12,40
10324,420,7,434.33,0.48,0.25,542.91,93
10325,420,9,410.98,0.46,0.25,513.72,12
10326,2689,2,17.59,0.47,0.25,21.99,16
10327,2689,5,16.78,0.15,0.25,20.98,59
10328,2689,6,17.29,0.46,0.25,21.61,55
10329,2689,10,16.68,0.34,0.25,20.85,28
10330,2689,9,16.27,0.37,0.25,20.34,84
10331,1159,9,61.43,0.36,0.25,76.79,75
10332,1159,4,60.7,0.33,0.25,75.88,24
10333,1159,2,62.52,0.37,0.25,78.15,42
10334,4917,2,251.82,0.36,0.25,314.77,32
10335,4917,1,232.22,0.31,0.25,290.27,23
10336,4917,6,272.93,0.41,0.25,341.16,94
10337,4917,8,248.8,0.38,0.25,311.0,58
10338,4917,4,241.26,0.32,0.25,301.58,40
10339,4738,1,375.5,0.48,0.25,469.38,86
10340,4738,2,373.29,0.47,0.25,466.61,20
10341,4738,3,373.29,0.14,0.25,466.61,48
10342,4738,4,353.41,0.36,0.25,441.76,99
10343,4738,6,346.78,0.31,0.25,433.48,75
10344,5276,6,525.37,0.46,0.25,656.71,94
10345,5276,5,525.37,0.13,0.25,656.71,55
10346,5276,4,510.1,0.37,0.25,637.62,41
10347,5276,2,503.99,0.42,0.25,629.99,89
10348,353,10,335.58,0.41,0.25,419.48,37
10349,353,2,331.81,0.37,0.25,414.76,39
10350,353,4,312.96,0.46,0.25,391.2,99
10351,353,3,320.5,0.15,0.25,400.62,21
10352,353,5,322.39,0.14,0.25,402.99,12
10353,4184,10,583.88,0.49,0.25,729.85,26
10354,4184,7,547.79,0.45,0.25,684.74,30
10355,4184,1,557.63,0.49,0.25,697.04,72
10356,4184,2,514.99,0.31,0.25,643.74,28
10357,5212,7,469.59,0.43,0.25,586.99,35
10358,5212,9,418.31,0.32,0.25,522.89,13
10359,5212,4,448.0,0.43,0.25,560.0,14
10360,5212,8,429.11,0.32,0.25,536.39,16
10361,5212,2,474.99,0.44,0.25,593.74,86
10362,5212,3,442.6,0.12,0.25,553.25,51
10363,2567,5,17.98,0.1,0.25,22.48,57
10364,2567,4,21.15,0.47,0.25,26.44,85
10365,2567,2,20.58,0.47,0.25,25.72,93
10366,1588,2,255.71,0.31,0.25,319.64,32
10367,1588,5,242.25,0.12,0.25,302.81,56
10368,1588,6,228.8,0.33,0.25,286.0,43
10369,1588,3,255.71,0.15,0.25,319.64,18
10370,1588,4,254.22,0.43,0.25,317.77,33
10371,1588,1,252.72,0.41,0.25,315.9,25
10372,2942,2,77.75,0.47,0.25,97.19,24
10373,2942,5,70.27,0.12,0.25,87.84,34
10374,2942,9,76.92,0.46,0.25,96.15,60
10375,2942,6,69.02,0.37,0.25,86.28,22
10376,3744,4,7763.04,0.48,0.25,9703.8,64
10377,3744,10,7588.59,0.35,0.25,9485.74,22
10378,3744,9,6716.34,0.33,0.25,8395.42,21
10379,3744,3,6847.18,0.13,0.25,8558.98,82
10380,3744,8,7283.3,0.32,0.25,9104.12,66
10381,3744,1,7021.63,0.31,0.25,8777.04,97
10382,1719,7,444.66,0.39,0.25,555.83,66
10383,1719,5,442.02,0.12,0.25,552.52,22
10384,1719,10,457.9,0.4,0.25,572.38,72
10385,1719,6,487.01,0.49,0.25,608.76,84
10386,1719,3,439.37,0.1,0.25,549.21,60
10387,5194,3,433.67,0.11,0.25,542.09,83
10388,5194,10,475.72,0.45,0.25,594.65,22
10389,5194,8,420.53,0.31,0.25,525.66,16
10390,5194,7,480.98,0.47,0.25,601.22,22
10391,1706,6,72.22,0.45,0.25,90.28,41
10392,1706,5,71.36,0.14,0.25,89.2,69
10393,1706,3,69.64,0.1,0.25,87.05,14
10394,3078,1,1110.31,0.41,0.25,1387.89,67
10395,3078,10,1083.88,0.41,0.25,1354.85,13
10396,3078,3,1050.83,0.13,0.25,1313.54,38
10397,3078,5,1103.7,0.14,0.25,1379.62,12
10398,975,10,189.98,0.48,0.25,237.48,28
10399,975,5,170.04,0.14,0.25,212.55,71
10400,975,7,192.08,0.5,0.25,240.1,47
10401,975,8,171.08,0.43,0.25,213.85,21
10402,975,6,178.43,0.45,0.25,223.04,63
10403,975,4,166.89,0.3,0.25,208.61,10
10404,3324,3,8290.03,0.14,0.25,10362.54,68
10405,3324,7,8094.97,0.3,0.25,10118.71,55
10406,3324,10,7802.38,0.32,0.25,9752.98,61
10407,3324,6,8533.86,0.36,0.25,10667.32,91
10408,3324,4,7753.62,0.35,0.25,9692.02,27
10409,3324,2,8533.86,0.5,0.25,10667.32,67
10410,598,3,66.06,0.11,0.25,82.58,62
10411,598,9,66.86,0.41,0.25,83.58,29
10412,598,8,74.92,0.47,0.25,93.65,38
10413,598,2,69.68,0.37,0.25,87.1,26
10414,2957,8,29.3,0.48,0.25,36.62,53
10415,2957,10,30.48,0.48,0.25,38.1,10
10416,2957,2,27.95,0.37,0.25,34.94,63
10417,2957,1,26.61,0.37,0.25,33.26,44
10418,2957,4,30.82,0.46,0.25,38.52,79
10419,199,5,317.87,0.14,0.25,397.34,98
10420,199,3,319.92,0.14,0.25,399.9,84
10421,199,4,330.18,0.31,0.25,412.72,53
10422,199,9,324.03,0.34,0.25,405.04,12
10423,199,7,332.23,0.39,0.25,415.29,44
10424,4228,1,2277.28,0.37,0.25,2846.6,34
10425,4228,7,2078.68,0.34,0.25,2598.35,60
10426,4228,4,2356.72,0.44,0.25,2945.9,22
10427,4228,5,2224.32,0.14,0.25,2780.4,34
10428,4228,6,2343.48,0.39,0.25,2929.35,33
10429,4228,10,2383.2,0.44,0.25,2979.0,30
10430,2406,1,73.35,0.41,0.25,91.69,74
10431,2406,2,79.69,0.43,0.25,99.61,50
10432,2406,7,76.98,0.43,0.25,96.22,35
10433,5334,1,543.01,0.37,0.25,678.76,77
10434,5334,5,546.4,0.13,0.25,683.0,52
10435,5334,7,573.55,0.42,0.25,716.94,34
10436,5334,9,532.83,0.36,0.25,666.04,23
10437,379,3,424.78,0.13,0.25,530.97,84
10438,379,2,470.77,0.47,0.25,588.46,33
10439,379,10,457.25,0.33,0.25,571.56,15
10440,4516,4,2353.32,0.31,0.25,2941.65,64
10441,4516,8,2676.33,0.44,0.25,3345.41,67
10442,4516,10,2691.71,0.41,0.25,3364.64,71
10443,4516,1,2414.85,0.33,0.25,3018.56,26
10444,2203,9,10.91,0.44,0.25,13.64,79
10445,2203,3,10.25,0.1,0.25,12.81,34
10446,2203,2,11.03,0.46,0.25,13.79,16
10447,2203,8,10.07,0.38,0.25,12.59,85
10448,2380,10,103.42,0.31,0.25,129.28,42
10449,2380,8,98.5,0.33,0.25,123.12,98
10450,2380,2,104.65,0.31,0.25,130.81,72
10451,2380,7,104.65,0.43,0.25,130.81,12
10452,2380,4,104.04,0.33,0.25,130.05,38
10453,2795,2,16.55,0.48,0.25,20.69,47
10454,2795,9,15.0,0.33,0.25,18.75,31
10455,2795,4,15.88,0.32,0.25,19.85,59
10456,2795,6,15.68,0.39,0.25,19.6,81
10457,1689,8,503.89,0.31,0.25,629.86,23
10458,1689,6,542.41,0.35,0.25,678.01,25
10459,1689,7,568.08,0.42,0.25,710.1,63
10460,1689,9,561.66,0.47,0.25,702.08,71
10461,3724,7,2516.16,0.32,0.25,3145.2,34
10462,3724,3,2581.94,0.13,0.25,3227.42,64
10463,3724,6,2845.07,0.41,0.25,3556.34,64
10464,3724,1,2795.73,0.47,0.25,3494.66,72
10465,3724,9,2828.63,0.47,0.25,3535.79,39
10466,3724,8,2729.95,0.38,0.25,3412.44,79
10467,790,9,36.72,0.35,0.25,45.9,36
10468,790,5,33.48,0.1,0.25,41.85,64
10469,790,4,34.34,0.32,0.25,42.92,57
10470,5157,5,323.47,0.11,0.25,404.34,66
10471,5157,8,357.84,0.4,0.25,447.3,79
10472,5157,1,353.8,0.36,0.25,442.25,47
10473,5157,9,327.52,0.33,0.25,409.4,24
10474,5157,7,341.67,0.32,0.25,427.09,23
10475,216,4,265.79,0.48,0.25,332.24,77
10476,216,3,232.75,0.1,0.25,290.94,64
10477,216,6,252.86,0.45,0.25,316.08,28
10478,216,9,231.31,0.41,0.25,289.14,80
10479,2112,3,25.19,0.13,0.25,31.49,83
10480,2112,8,29.25,0.42,0.25,36.56,72
10481,2112,1,28.92,0.47,0.25,36.15,53
10482,1620,6,396.51,0.35,0.25,495.64,92
10483,1620,9,377.96,0.35,0.25,472.45,100
10484,1620,7,391.88,0.47,0.25,489.85,47
10485,1620,4,410.43,0.37,0.25,513.04,54
10486,2356,10,61.46,0.32,0.25,76.82,19
10487,2356,9,66.91,0.4,0.25,83.64,77
10488,2356,3,63.41,0.1,0.25,79.26,58
10489,3537,6,5510.75,0.36,0.25,6888.44,37
10490,3537,8,5646.82,0.41,0.25,7058.52,93
10491,3537,3,5578.79,0.1,0.25,6973.49,19
10492,2910,5,165.83,0.11,0.25,207.29,85
10493,2910,2,167.81,0.35,0.25,209.76,45
10494,2910,1,183.6,0.46,0.25,229.5,29
10495,2910,8,156.95,0.3,0.25,196.19,56
10496,1940,7,28.57,0.39,0.25,35.71,11
10497,1940,9,27.7,0.38,0.25,34.62,20
10498,1940,6,29.61,0.48,0.25,37.01,75
10499,1940,8,29.79,0.39,0.25,37.24,49
10500,1940,2,29.27,0.36,0.25,36.59,18
10501,1940,10,28.74,0.32,0.25,35.92,33
10502,3246,1,2695.86,0.4,0.25,3369.82,62
10503,3246,10,2519.35,0.34,0.25,3149.19,21
10504,3246,9,2824.24,0.4,0.25,3530.3,99
10505,3246,4,2744.0,0.47,0.25,3430.0,88
10506,3246,7,2647.72,0.4,0.25,3309.65,44
10507,3033,3,7122.28,0.11,0.25,8902.85,53
10508,3033,9,7769.76,0.31,0.25,9712.2,76
10509,3033,1,7908.51,0.45,0.25,9885.64,56
10510,3033,8,7029.79,0.31,0.25,8787.24,62
10511,1647,3,425.56,0.14,0.25,531.95,100
10512,1647,10,408.34,0.44,0.25,510.42,97
10513,1647,1,450.16,0.46,0.25,562.7,86
10514,1647,4,450.16,0.43,0.25,562.7,48
10515,1647,5,386.2,0.14,0.25,482.75,10
10516,1647,6,442.78,0.49,0.25,553.47,23
10517,4629,6,236.46,0.37,0.25,295.58,20
10518,4629,8,239.47,0.34,0.25,299.34,15
10519,4629,3,236.46,0.11,0.25,295.58,88
10520,3519,7,4062.82,0.48,0.25,5078.53,17
10521,3519,10,3671.74,0.35,0.25,4589.67,74
10522,3519,4,3736.92,0.37,0.25,4671.15,43
10523,2058,7,3.84,0.49,0.25,4.8,77
10524,2058,8,3.9,0.48,0.25,4.88,54
10525,2058,1,3.76,0.42,0.25,4.7,23
10526,2058,4,3.67,0.38,0.25,4.59,75
10527,3525,6,3558.92,0.33,0.25,4448.65,23
10528,3525,2,3989.62,0.5,0.25,4987.02,18
10529,3525,1,4102.96,0.44,0.25,5128.7,98
10530,3525,10,3581.59,0.35,0.25,4476.99,58
10531,3525,8,3785.61,0.34,0.25,4732.01,93
10532,3525,9,3785.61,0.42,0.25,4732.01,25
10533,649,4,79.13,0.4,0.25,98.91,96
10534,649,2,79.58,0.43,0.25,99.48,71
10535,649,3,70.59,0.12,0.25,88.24,61
10536,178,2,658.54,0.38,0.25,823.18,46
10537,178,4,715.1,0.43,0.25,893.88,65
10538,178,7,735.3,0.43,0.25,919.12,86
10539,178,6,707.02,0.39,0.25,883.78,75
10540,3350,9,5981.22,0.43,0.25,7476.52,44
10541,3350,4,6226.07,0.45,0.25,7782.59,43
10542,3350,10,5561.49,0.32,0.25,6951.86,76
10543,237,7,316.36,0.33,0.25,395.45,21
10544,237,1,310.71,0.35,0.25,388.39,56
10545,237,8,325.78,0.47,0.25,407.22,30
10546,237,9,325.78,0.47,0.25,407.22,87
10547,237,5,288.11,0.13,0.25,360.14,14
10548,1991,5,22.14,0.14,0.25,27.68,39
10549,1991,8,23.51,0.49,0.25,29.39,78
10550,1991,3,22.0,0.1,0.25,27.5,70
10551,2734,6,123.79,0.33,0.25,154.74,34
10552,2734,8,126.87,0.41,0.25,158.59,61
10553,2734,3,120.72,0.11,0.25,150.9,43
10554,419,5,427.48,0.14,0.25,534.35,45
10555,419,6,468.69,0.48,0.25,585.86,42
10556,419,9,432.63,0.38,0.25,540.79,43
10557,419,4,401.73,0.33,0.25,502.16,98
10558,419,7,463.54,0.44,0.25,579.43,87
10559,1063,5,227.45,0.14,0.25,284.31,12
10560,1063,3,236.14,0.15,0.25,295.17,70
10561,1063,10,257.87,0.48,0.25,322.34,90
10562,377,1,122.69,0.42,0.25,153.36,13
10563,377,7,118.98,0.36,0.25,148.72,25
10564,377,4,124.92,0.36,0.25,156.15,10
10565,377,9,130.87,0.47,0.25,163.59,24
10566,377,2,135.34,0.44,0.25,169.18,65
10567,377,8,128.64,0.33,0.25,160.8,45
10568,1383,7,111.09,0.48,0.25,138.86,21
10569,1383,8,114.22,0.45,0.25,142.78,85
10570,1383,5,104.18,0.14,0.25,130.23,49
10571,1383,4,112.34,0.4,0.25,140.43,50
10572,1383,6,98.53,0.32,0.25,123.16,47
10573,1383,1,101.04,0.38,0.25,126.3,33
10574,1313,7,124.94,0.4,0.25,156.18,47
10575,1313,5,118.08,0.12,0.25,147.6,47
10576,1313,2,121.13,0.32,0.25,151.41,95
10577,1313,6,128.74,0.43,0.25,160.93,88
10578,1574,5,657.99,0.1,0.25,822.49,96
10579,1574,3,692.4,0.12,0.25,865.5,77
10580,1574,7,795.61,0.47,0.25,994.51,15
10581,1574,2,726.8,0.34,0.25,908.5,46
10582,3087,4,2174.71,0.41,0.25,2718.39,96
10583,3087,5,2226.8,0.11,0.25,2783.5,81
10584,3087,8,2317.95,0.44,0.25,2897.44,97
10585,3087,7,2200.75,0.47,0.25,2750.94,57
10586,3087,1,2239.82,0.4,0.25,2799.78,65
10587,3087,10,2291.91,0.49,0.25,2864.89,25
10588,84,4,1011.13,0.46,0.25,1263.91,45
10589,84,3,902.41,0.11,0.25,1128.01,42
10590,84,8,924.15,0.33,0.25,1155.19,86
10591,84,2,935.03,0.4,0.25,1168.79,37
10592,84,1,858.92,0.32,0.25,1073.65,26
10593,4955,10,442.59,0.44,0.25,553.24,14
10594,4955,2,416.41,0.37,0.25,520.51,45
10595,4955,9,416.41,0.3,0.25,520.51,32
10596,4955,5,405.93,0.1,0.25,507.41,93
10597,2020,5,21.59,0.14,0.25,26.99,62
10598,2020,3,20.82,0.13,0.25,26.02,46
10599,2020,9,21.59,0.48,0.25,26.99,63
10600,2020,10,21.97,0.43,0.25,27.46,23
10601,3844,9,246.26,0.47,0.25,307.82,11
10602,3844,8,247.71,0.36,0.25,309.64,48
10603,3844,2,227.43,0.31,0.25,284.29,68
10604,3844,10,252.06,0.45,0.25,315.08,50
10605,3844,4,262.2,0.45,0.25,327.75,53
10606,3844,6,234.67,0.4,0.25,293.34,64
10607,2325,5,60.06,0.12,0.25,75.08,96
10608,2325,9,64.43,0.4,0.25,80.54,28
10609,2325,10,61.15,0.38,0.25,76.44,33
10610,2325,3,60.06,0.14,0.25,75.08,92
10611,4125,10,2295.2,0.34,0.25,2869.0,69
10612,4125,6,2383.47,0.4,0.25,2979.34,38
10613,4125,1,2633.59,0.5,0.25,3291.99,74
10614,4125,4,2442.32,0.38,0.25,3052.9,57
10615,4125,7,2324.62,0.34,0.25,2905.77,78
10616,4125,9,2457.04,0.46,0.25,3071.3,16
10617,1763,8,254.51,0.34,0.25,318.14,35
10618,1763,7,294.53,0.45,0.25,368.16,71
10619,1763,3,257.71,0.1,0.25,322.14,66
10620,1763,10,257.71,0.38,0.25,322.14,31
10621,1763,6,275.32,0.5,0.25,344.15,96
10622,1763,5,256.11,0.1,0.25,320.14,90
10623,4951,2,17.99,0.34,0.25,22.49,16
10624,4951,3,17.58,0.15,0.25,21.98,35
10625,4951,8,17.47,0.4,0.25,21.84,86
10626,4951,4,18.82,0.45,0.25,23.52,58
10627,2889,4,88.24,0.36,0.25,110.3,11
10628,2889,5,91.04,0.15,0.25,113.8,68
10629,2889,8,101.65,0.46,0.25,127.06,92
10630,5264,3,347.96,0.15,0.25,434.95,29
10631,5264,7,360.69,0.34,0.25,450.86,79
10632,5264,1,381.91,0.49,0.25,477.39,89
10633,5264,4,352.2,0.37,0.25,440.25,56
10634,5264,6,345.84,0.4,0.25,432.3,82
10635,2273,4,146.74,0.38,0.25,183.42,13
10636,2273,9,152.24,0.37,0.25,190.3,64
10637,2273,7,162.33,0.42,0.25,202.91,77
10638,2273,10,154.99,0.41,0.25,193.74,28
10639,2273,1,161.41,0.47,0.25,201.76,89
10640,3779,8,9365.39,0.41,0.25,11706.74,82
10641,3779,2,8995.01,0.43,0.25,11243.76,44
10642,3779,5,8042.59,0.11,0.25,10053.24,48
10643,3779,4,9471.21,0.46,0.25,11839.01,63
10644,3779,3,8518.8,0.12,0.25,10648.5,30
10645,220,6,258.01,0.46,0.25,322.51,86
10646,220,5,248.85,0.12,0.25,311.06,93
10647,220,4,265.65,0.36,0.25,332.06,20
10648,220,8,259.54,0.33,0.25,324.42,90
10649,220,10,264.12,0.37,0.25,330.15,34
10650,220,9,280.91,0.49,0.25,351.14,99
10651,5169,4,368.63,0.41,0.25,460.79,94
10652,5169,8,381.79,0.42,0.25,477.24,57
10653,5169,9,383.98,0.46,0.25,479.98,50
10654,2661,9,60.65,0.5,0.25,75.81,55
10655,2661,1,60.31,0.46,0.25,75.39,86
10656,2661,10,53.87,0.35,0.25,67.34,55
10657,2661,3,58.27,0.13,0.25,72.84,49
10658,2661,4,59.97,0.44,0.25,74.96,58
10659,2661,2,52.85,0.31,0.25,66.06,77
10660,821,1,51.11,0.38,0.25,63.89,53
10661,821,9,52.34,0.37,0.25,65.43,75
10662,821,8,49.88,0.34,0.25,62.35,50
10663,821,10,48.96,0.37,0.25,61.2,10
10664,821,6,46.8,0.3,0.25,58.5,52
10665,247,10,93.12,0.44,0.25,116.4,40
10666,247,1,94.71,0.5,0.25,118.39,79
10667,247,5,89.42,0.12,0.25,111.78,55
10668,247,8,89.42,0.43,0.25,111.78,15
10669,247,6,85.19,0.32,0.25,106.49,44
10670,3020,1,2908.09,0.44,0.25,3635.11,35
10671,3020,10,2826.86,0.41,0.25,3533.58,55
10672,3020,5,2534.42,0.15,0.25,3168.02,49
10673,3020,4,2631.9,0.4,0.25,3289.88,86
10674,4175,10,470.87,0.38,0.25,588.59,54
10675,4175,2,502.65,0.36,0.25,628.31,95
10676,4175,7,488.21,0.4,0.25,610.26,88
10677,4175,4,476.65,0.39,0.25,595.81,48
10678,4175,1,511.32,0.38,0.25,639.15,34
10679,4175,9,537.32,0.47,0.25,671.65,61
10680,137,6,454.79,0.33,0.25,568.49,43
10681,137,4,497.16,0.39,0.25,621.45,82
10682,137,10,514.11,0.43,0.25,642.64,97
10683,4797,8,424.98,0.36,0.25,531.22,13
10684,4797,2,422.47,0.42,0.25,528.09,90
10685,4797,7,437.56,0.36,0.25,546.95,20
10686,1483,10,165.34,0.4,0.25,206.68,56
10687,1483,5,152.41,0.14,0.25,190.51,78
10688,1483,9,167.19,0.48,0.25,208.99,55
10689,1483,3,151.49,0.13,0.25,189.36,31
10690,1483,6,160.72,0.46,0.25,200.9,66
10691,1271,3,68.96,0.15,0.25,86.2,38
10692,1271,4,66.18,0.47,0.25,82.72,76
10693,1271,7,72.52,0.46,0.25,90.65,50
10694,1271,6,67.77,0.43,0.25,84.71,82
10695,1271,8,66.58,0.39,0.25,83.22,53
10696,2459,9,100.1,0.31,0.25,125.12,68
10697,2459,2,117.33,0.4,0.25,146.66,70
10698,2459,1,119.32,0.44,0.25,149.15,69
10699,2459,6,103.41,0.3,0.25,129.26,48
10700,2459,10,111.37,0.32,0.25,139.21,74
10701,309,6,197.79,0.46,0.25,247.24,70
10702,309,5,174.4,0.11,0.25,218.0,23
10703,309,10,175.46,0.31,0.25,219.32,85
10704,309,8,196.73,0.46,0.25,245.91,68
10705,309,2,182.9,0.44,0.25,228.62,81
10706,4170,7,1107.06,0.33,0.25,1383.82,84
10707,4170,6,1133.11,0.43,0.25,1416.39,97
10708,4170,5,1100.54,0.13,0.25,1375.68,65
10709,4170,4,1217.76,0.5,0.25,1522.2,92
10710,4170,1,1067.98,0.36,0.25,1334.98,35
10711,4170,3,1126.59,0.14,0.25,1408.24,63
10712,3376,4,2682.76,0.45,0.25,3353.45,27
10713,3376,8,2507.79,0.46,0.25,3134.74,70
10714,3376,1,2493.21,0.34,0.25,3116.51,85
10715,3376,5,2536.95,0.15,0.25,3171.19,55
10716,3376,6,2361.99,0.38,0.25,2952.49,14
10717,3772,10,2945.49,0.35,0.25,3681.86,12
10718,3772,9,3162.34,0.47,0.25,3952.92,15
10719,3772,4,2963.56,0.38,0.25,3704.45,94
10720,3772,8,3035.84,0.43,0.25,3794.8,33
10721,3772,3,2837.07,0.15,0.25,3546.34,41
10722,2525,1,59.01,0.37,0.25,73.76,74
10723,2525,5,55.56,0.15,0.25,69.45,79
10724,2525,8,59.01,0.36,0.25,73.76,91
10725,2525,7,59.7,0.42,0.25,74.62,76
10726,2525,4,57.29,0.33,0.25,71.61,54
10727,4366,9,459.57,0.48,0.25,574.46,11
10728,4366,4,446.52,0.42,0.25,558.15,95
10729,4366,3,425.63,0.12,0.25,532.04,12
10730,4366,8,464.79,0.45,0.25,580.99,100
10731,2935,4,70.66,0.37,0.25,88.32,88
10732,2935,2,73.72,0.45,0.25,92.15,97
10733,2935,5,75.03,0.15,0.25,93.79,94
10734,1325,10,75.42,0.42,0.25,94.28,25
10735,1325,9,80.02,0.42,0.25,100.02,26
10736,1325,6,70.82,0.34,0.25,88.52,73
10737,1325,8,72.66,0.34,0.25,90.82,18
10738,1325,5,72.2,0.1,0.25,90.25,61
10739,1870,8,14.08,0.35,0.25,17.6,61
10740,1870,1,14.69,0.33,0.25,18.36,77
10741,1870,7,13.64,0.33,0.25,17.05,21
10742,1870,3,14.34,0.12,0.25,17.92,97
10743,1870,9,14.86,0.33,0.25,18.58,71
10744,1688,8,936.28,0.45,0.25,1170.35,65
10745,1688,1,809.76,0.32,0.25,1012.2,48
10746,1688,7,885.68,0.44,0.25,1107.1,37
10747,1688,9,880.61,0.37,0.25,1100.76,79
10748,1688,2,860.37,0.39,0.25,1075.46,72
10749,1688,4,865.43,0.41,0.25,1081.79,18
10750,1584,5,566.33,0.13,0.25,707.91,11
10751,1584,3,535.99,0.15,0.25,669.99,12
10752,1584,6,566.33,0.36,0.25,707.91,42
10753,1584,2,559.59,0.35,0.25,699.49,91
10754,3147,9,3259.79,0.34,0.25,4074.74,84
10755,3147,2,3299.79,0.36,0.25,4124.74,24
10756,3147,10,3399.78,0.45,0.25,4249.73,76
10757,3147,3,3259.79,0.13,0.25,4074.74,81
10758,3147,4,3419.78,0.48,0.25,4274.73,86
10759,3147,5,3179.79,0.13,0.25,3974.74,65
10760,1967,3,6.47,0.12,0.25,8.09,28
10761,1967,10,6.95,0.4,0.25,8.69,91
10762,1967,2,6.91,0.39,0.25,8.64,42
10763,1967,6,6.75,0.36,0.25,8.44,39
10764,1967,4,6.91,0.45,0.25,8.64,52
10765,1967,5,6.43,0.14,0.25,8.04,89
10766,1373,9,83.27,0.48,0.25,104.09,47
10767,1373,3,84.23,0.15,0.25,105.29,44
10768,1373,2,83.75,0.36,0.25,104.69,42
10769,1373,5,79.39,0.14,0.25,99.24,86
10770,1373,4,77.94,0.4,0.25,97.42,81
10771,1373,10,82.3,0.43,0.25,102.88,25
10772,184,6,1467.42,0.48,0.25,1834.28,89
10773,184,9,1340.51,0.41,0.25,1675.64,84
10774,184,2,1372.24,0.43,0.25,1715.3,19
10775,184,5,1237.39,0.13,0.25,1546.74,72
10776,184,1,1300.85,0.4,0.25,1626.06,45
10777,2956,4,174.78,0.31,0.25,218.48,50
10778,2956,10,181.34,0.41,0.25,226.68,52
10779,2956,5,183.52,0.13,0.25,229.4,75
10780,2956,1,191.17,0.35,0.25,238.96,55
10781,2956,9,166.04,0.3,0.25,207.55,47
10782,4617,4,2268.79,0.31,0.25,2835.99,46
10783,4617,5,2183.17,0.12,0.25,2728.96,59
10784,4617,3,2283.06,0.12,0.25,2853.82,21
10785,4617,8,2482.82,0.36,0.25,3103.52,86
10786,4617,7,2454.29,0.34,0.25,3067.86,88
10787,2067,10,2.85,0.43,0.25,3.56,16
10788,2067,7,2.79,0.41,0.25,3.49,16
10789,2067,6,2.88,0.46,0.25,3.6,35
10790,3381,7,4377.93,0.35,0.25,5472.41,100
10791,3381,9,4428.84,0.47,0.25,5536.05,26
10792,3381,3,4021.59,0.13,0.25,5026.99,75
10793,3381,1,4759.73,0.49,0.25,5949.66,66
10794,1594,7,411.36,0.33,0.25,514.2,98
10795,1594,3,446.31,0.14,0.25,557.89,39
10796,1594,8,432.86,0.41,0.25,541.08,74
10797,1594,5,435.55,0.13,0.25,544.44,88
10798,1594,4,470.5,0.37,0.25,588.12,18
10799,3707,2,356.61,0.5,0.25,445.76,52
10800,3707,6,327.69,0.45,0.25,409.61,86
10801,3707,4,327.69,0.49,0.25,409.61,81
10802,1980,1,20.86,0.42,0.25,26.08,12
10803,1980,2,19.24,0.33,0.25,24.05,19
10804,1980,3,18.08,0.15,0.25,22.6,29
10805,1980,7,20.63,0.39,0.25,25.79,91
10806,1980,10,20.51,0.38,0.25,25.64,17
10807,1980,6,20.75,0.41,0.25,25.94,66
10808,2046,6,29.44,0.32,0.25,36.8,31
10809,2046,1,27.35,0.35,0.25,34.19,88
10810,2046,2,30.66,0.48,0.25,38.33,93
10811,2046,8,28.57,0.31,0.25,35.71,77
10812,4912,6,305.61,0.48,0.25,382.01,97
10813,4912,2,282.11,0.39,0.25,352.64,26
10814,4912,7,297.22,0.45,0.25,371.52,56
10815,4912,4,256.92,0.3,0.25,321.15,18
10816,4912,9,297.22,0.49,0.25,371.52,93
10817,4912,5,268.67,0.14,0.25,335.84,49
10818,1274,7,90.43,0.41,0.25,113.04,78
10819,1274,1,99.92,0.48,0.25,124.9,17
10820,1274,4,92.1,0.42,0.25,115.12,92
10821,2009,2,10.7,0.4,0.25,13.38,90
10822,2009,3,10.82,0.15,0.25,13.52,29
10823,2009,1,11.01,0.4,0.25,13.76,15
10824,2009,6,10.51,0.39,0.25,13.14,63
10825,4619,5,1547.15,0.11,0.25,1933.94,73
10826,4619,2,1801.61,0.37,0.25,2252.01,22
10827,4619,10,1760.9,0.46,0.25,2201.12,87
10828,4619,3,1587.86,0.11,0.25,1984.82,34
10829,4619,8,1730.36,0.41,0.25,2162.95,18
10830,1732,3,718.76,0.13,0.25,898.45,50
10831,1732,6,732.07,0.44,0.25,915.09,97
10832,1732,8,732.07,0.4,0.25,915.09,90
10833,1732,4,705.45,0.35,0.25,881.81,67
10834,1732,2,754.26,0.48,0.25,942.82,38
10835,5325,7,32.88,0.4,0.25,41.1,23
10836,5325,1,33.27,0.43,0.25,41.59,72
10837,5325,5,30.14,0.13,0.25,37.67,62
10838,5325,4,34.05,0.47,0.25,42.56,63
10839,5325,10,32.29,0.31,0.25,40.36,96
10840,5325,6,31.9,0.35,0.25,39.88,19
10841,2573,4,52.54,0.38,0.25,65.68,76
10842,2573,2,51.93,0.44,0.25,64.91,90
10843,2573,8,53.15,0.37,0.25,66.44,75
10844,2573,9,48.59,0.33,0.25,60.74,23
10845,3556,8,1285.27,0.31,0.25,1606.59,24
10846,3556,5,1327.0,0.14,0.25,1658.75,82
10847,3556,4,1318.65,0.33,0.25,1648.31,34
10848,3556,2,1377.07,0.44,0.25,1721.34,17
10849,3556,10,1452.19,0.46,0.25,1815.24,26
10850,3556,9,1335.34,0.39,0.25,1669.18,37
10851,5039,7,500.97,0.32,0.25,626.21,93
10852,5039,9,533.57,0.41,0.25,666.96,16
10853,5039,5,483.18,0.1,0.25,603.98,98
10854,5039,3,480.22,0.11,0.25,600.28,23
10855,5039,4,512.82,0.43,0.25,641.03,88
10856,2918,2,65.22,0.34,0.25,81.53,89
10857,2918,4,71.26,0.49,0.25,89.08,91
10858,2918,3,63.21,0.15,0.25,79.01,15
10859,2918,5,65.22,0.14,0.25,81.53,30
10860,2918,6,64.01,0.36,0.25,80.01,75
10861,2918,8,68.04,0.35,0.25,85.05,50
10862,4643,7,101.45,0.37,0.25,126.81,85
10863,4643,9,105.51,0.43,0.25,131.89,50
10864,4643,8,96.81,0.38,0.25,121.01,92
10865,734,5,15.2,0.11,0.25,19.0,75
10866,734,4,14.72,0.33,0.25,18.4,26
10867,734,6,15.3,0.33,0.25,19.12,30
10868,820,3,53.4,0.15,0.25,66.75,19
10869,820,9,60.37,0.46,0.25,75.46,94
10870,820,7,58.05,0.37,0.25,72.56,81
10871,3632,1,5960.03,0.39,0.25,7450.04,82
10872,3632,2,5320.26,0.31,0.25,6650.33,59
10873,3632,6,5825.34,0.37,0.25,7281.68,92
10874,3632,10,5892.69,0.38,0.25,7365.86,15
10875,3632,4,5555.96,0.4,0.25,6944.95,90
10876,3632,5,5791.67,0.14,0.25,7239.59,52
10877,1386,7,75.39,0.48,0.25,94.24,78
10878,1386,4,76.28,0.46,0.25,95.35,53
10879,1386,9,78.48,0.44,0.25,98.1,80
10880,1386,1,76.72,0.42,0.25,95.9,62
10881,1386,8,76.28,0.43,0.25,95.35,65
10882,1386,3,74.07,0.13,0.25,92.59,12
10883,5406,7,65.19,0.31,0.25,81.49,34
10884,5406,5,68.95,0.12,0.25,86.19,29
10885,5406,9,68.95,0.44,0.25,86.19,73
10886,5406,6,76.06,0.43,0.25,95.08,90
10887,5406,10,66.03,0.31,0.25,82.54,90
10888,5406,3,71.46,0.12,0.25,89.32,88
10889,1014,1,197.86,0.45,0.25,247.32,98
10890,1014,5,196.71,0.12,0.25,245.89,76
10891,1014,8,199.02,0.33,0.25,248.78,38
10892,1014,3,192.08,0.11,0.25,240.1,15
10893,1014,9,178.19,0.34,0.25,222.74,94
10894,4279,8,2477.11,0.47,0.25,3096.39,39
10895,4279,6,2246.99,0.38,0.25,2808.74,17
10896,4279,10,2084.56,0.32,0.25,2605.7,41
10897,4279,7,2436.5,0.47,0.25,3045.62,45
10898,4279,9,2274.06,0.43,0.25,2842.58,23
10899,4279,4,2558.32,0.49,0.25,3197.9,71
10900,3102,7,5804.06,0.48,0.25,7255.08,32
10901,3102,5,4884.29,0.11,0.25,6105.36,81
10902,3102,1,5011.16,0.33,0.25,6263.95,19
10903,1187,8,94.66,0.33,0.25,118.32,12
10904,1187,7,96.48,0.38,0.25,120.6,39
10905,1187,5,95.87,0.11,0.25,119.84,57
10906,2100,8,2.25,0.48,0.25,2.81,89
10907,2100,3,2.12,0.13,0.25,2.65,16
10908,2100,5,2.04,0.11,0.25,2.55,56
10909,2100,6,2.17,0.47,0.25,2.71,21
10910,2100,9,2.34,0.48,0.25,2.92,74
10911,2100,1,2.1,0.42,0.25,2.62,42
10912,136,2,699.28,0.46,0.25,874.1,76
10913,136,8,672.82,0.41,0.25,841.03,11
10914,136,5,608.56,0.15,0.25,760.7,76
10915,136,7,653.92,0.46,0.25,817.4,78
10916,2928,5,196.0,0.14,0.25,245.0,86
10917,2928,2,221.45,0.46,0.25,276.81,96
10918,2928,7,197.27,0.31,0.25,246.59,69
10919,2928,9,213.81,0.34,0.25,267.26,72
10920,2928,3,199.81,0.1,0.25,249.76,29
10921,2928,1,220.18,0.46,0.25,275.23,32
10922,2333,3,28.18,0.11,0.25,35.22,90
10923,2333,9,29.8,0.38,0.25,37.25,41
10924,2333,5,27.82,0.12,0.25,34.78,20
10925,3775,1,8042.46,0.39,0.25,10053.08,93
10926,3775,7,8276.25,0.41,0.25,10345.31,27
10927,3775,2,7481.36,0.37,0.25,9351.7,71
10928,3775,9,7668.39,0.32,0.25,9585.49,63
10929,3775,6,7574.88,0.35,0.25,9468.6,11
10930,2605,1,346.28,0.43,0.25,432.85,71
10931,2605,5,315.5,0.12,0.25,394.38,77
10932,2605,8,327.05,0.33,0.25,408.81,81
10933,2605,9,296.27,0.3,0.25,370.34,10
10934,2605,4,338.59,0.45,0.25,423.24,85
10935,2605,2,311.66,0.31,0.25,389.58,60
10936,4280,8,1086.75,0.48,0.25,1358.44,23
10937,4280,7,979.34,0.33,0.25,1224.18,95
10938,4280,2,1118.34,0.43,0.25,1397.92,85
10939,4280,5,1010.93,0.1,0.25,1263.66,79
10940,4280,3,1105.7,0.15,0.25,1382.12,17
10941,5213,4,409.25,0.31,0.25,511.56,52
10942,5213,1,370.96,0.33,0.25,463.7,50
10943,5213,5,366.17,0.11,0.25,457.71,94
10944,5213,2,435.58,0.49,0.25,544.48,93
10945,5213,3,361.39,0.1,0.25,451.74,32
10946,4928,1,298.02,0.36,0.25,372.52,43
10947,4928,8,322.28,0.47,0.25,402.85,82
10948,4928,9,308.42,0.49,0.25,385.52,91
10949,3108,9,877.5,0.44,0.25,1096.88,93
10950,3108,10,838.5,0.49,0.25,1048.12,27
10951,3108,8,838.5,0.43,0.25,1048.12,22
10952,4871,7,201.63,0.45,0.25,252.04,49
10953,4871,1,182.76,0.34,0.25,228.45,79
10954,4871,10,188.66,0.37,0.25,235.82,98
10955,4871,4,186.3,0.35,0.25,232.88,84
10956,4871,5,195.73,0.12,0.25,244.66,79
10957,4871,9,189.84,0.35,0.25,237.3,79
10958,3547,7,3472.7,0.33,0.25,4340.88,58
10959,3547,3,3558.44,0.1,0.25,4448.05,68
10960,3547,2,3665.62,0.48,0.25,4582.02,98
10961,2641,9,62.11,0.42,0.25,77.64,96
10962,2641,5,65.94,0.14,0.25,82.42,32
10963,2641,2,70.16,0.47,0.25,87.7,36
10964,2641,7,64.03,0.37,0.25,80.04,44
10965,2641,1,61.34,0.34,0.25,76.68,29
10966,2391,8,123.98,0.41,0.25,154.98,15
10967,2391,2,110.44,0.34,0.25,138.05,100
10968,2391,5,110.44,0.13,0.25,138.05,49
10969,2391,7,111.15,0.31,0.25,138.94,73
10970,2391,4,116.14,0.42,0.25,145.18,87
10971,2238,5,44.34,0.14,0.25,55.42,96
10972,2238,9,44.34,0.36,0.25,55.42,67
10973,2238,8,42.29,0.45,0.25,52.86,11
10974,2238,4,41.52,0.42,0.25,51.9,50
10975,681,3,29.76,0.14,0.25,37.2,38
10976,681,5,29.06,0.12,0.25,36.32,50
10977,681,4,28.0,0.39,0.25,35.0,59
10978,681,9,28.35,0.4,0.25,35.44,93
10979,5139,2,349.71,0.49,0.25,437.14,48
10980,5139,4,315.5,0.37,0.25,394.38,56
10981,5139,1,313.6,0.38,0.25,392.0,74
10982,5139,6,340.21,0.48,0.25,425.26,57
10983,1227,6,108.23,0.38,0.25,135.29,91
10984,1227,1,102.43,0.32,0.25,128.04,18
10985,1227,2,121.11,0.49,0.25,151.39,78
10986,1227,8,108.87,0.31,0.25,136.09,92
10987,1227,4,112.74,0.45,0.25,140.92,96
10988,1227,5,97.92,0.12,0.25,122.4,31
10989,4869,4,167.55,0.38,0.25,209.44,31
10990,4869,2,175.88,0.39,0.25,219.85,32
10991,4869,10,162.35,0.32,0.25,202.94,42
10992,4869,1,172.76,0.39,0.25,215.95,97
10993,4869,5,182.12,0.15,0.25,227.65,100
10994,4869,9,196.69,0.49,0.25,245.86,17
10995,2796,3,209.82,0.13,0.25,262.27,45
10996,2796,4,241.16,0.39,0.25,301.45,81
10997,2796,5,223.45,0.1,0.25,279.31,81
10998,742,6,94.53,0.47,0.25,118.16,13
10999,742,1,85.18,0.3,0.25,106.48,75
11000,742,8,83.62,0.33,0.25,104.52,48
11001,742,5,82.07,0.14,0.25,102.59,14
11002,2725,4,138.74,0.42,0.25,173.42,63
11003,2725,7,150.44,0.48,0.25,188.05,39
11004,2725,5,136.24,0.12,0.25,170.3,40
11005,855,3,72.4,0.14,0.25,90.5,88
11006,855,4,71.54,0.39,0.25,89.43,61
11007,855,9,72.83,0.48,0.25,91.04,73
11008,314,8,26.24,0.44,0.25,32.8,96
11009,314,3,24.22,0.14,0.25,30.28,68
11010,314,1,24.8,0.48,0.25,31.0,22
11011,1412,2,26.3,0.45,0.25,32.88,98
11012,1412,7,26.44,0.49,0.25,33.05,44
11013,1412,8,25.28,0.41,0.25,31.6,95
11014,344,10,440.33,0.31,0.25,550.41,46
11015,344,7,424.6,0.39,0.25,530.75,39
11016,344,6,440.33,0.4,0.25,550.41,51
11017,5234,5,59.07,0.1,0.25,73.84,49
11018,5234,6,63.04,0.43,0.25,78.8,36
11019,5234,9,58.35,0.39,0.25,72.94,77
11020,3390,10,6371.1,0.41,0.25,7963.88,25
11021,3390,2,6669.16,0.49,0.25,8336.45,81
11022,3390,8,6371.1,0.34,0.25,7963.88,94
11023,828,9,28.08,0.36,0.25,35.1,43
11024,828,3,29.85,0.13,0.25,37.31,83
11025,828,7,30.02,0.49,0.25,37.52,33
11026,828,8,30.55,0.4,0.25,38.19,84
11027,67,1,613.49,0.45,0.25,766.86,99
11028,67,10,602.79,0.37,0.25,753.49,65
11029,67,4,652.72,0.46,0.25,815.9,97
11030,67,3,567.12,0.1,0.25,708.9,31
11031,272,5,203.24,0.13,0.25,254.05,14
11032,272,1,231.72,0.48,0.25,289.65,41
11033,272,6,217.48,0.38,0.25,271.85,24
11034,272,2,211.0,0.41,0.25,263.75,30
11035,272,7,235.6,0.48,0.25,294.5,20
11036,272,4,234.3,0.44,0.25,292.88,24
11037,2678,4,19.05,0.49,0.25,23.81,41
11038,2678,3,17.18,0.13,0.25,21.48,18
11039,2678,5,18.94,0.15,0.25,23.68,97
11040,2678,10,17.4,0.35,0.25,21.75,67
11041,701,7,52.83,0.38,0.25,66.04,96
11042,701,1,56.09,0.35,0.25,70.11,92
11043,701,10,55.44,0.42,0.25,69.3,35
11044,5028,1,609.69,0.48,0.25,762.11,32
11045,5028,10,534.3,0.37,0.25,667.88,100
11046,5028,6,573.63,0.48,0.25,717.04,27
11047,5028,3,544.13,0.11,0.25,680.16,62
11048,5028,2,550.69,0.39,0.25,688.36,51
11049,5028,9,570.35,0.4,0.25,712.94,19
11050,4244,4,1027.7,0.4,0.25,1284.62,16
11051,4244,6,1051.6,0.46,0.25,1314.5,99
11052,4244,3,920.15,0.14,0.25,1150.19,60
11053,4244,10,1051.6,0.46,0.25,1314.5,47
11054,4244,9,1045.62,0.5,0.25,1307.02,59
11055,4244,5,1015.75,0.11,0.25,1269.69,93
11056,4360,5,624.36,0.11,0.25,780.45,81
11057,4360,1,612.72,0.38,0.25,765.9,29
11058,4360,7,698.04,0.44,0.25,872.55,36
11059,4360,3,628.24,0.12,0.25,785.3,69
11060,1363,3,120.07,0.13,0.25,150.09,33
11061,1363,2,123.15,0.37,0.25,153.94,45
11062,1363,10,126.23,0.44,0.25,157.79,68
11063,1363,9,123.15,0.35,0.25,153.94,24
11064,1363,5,123.92,0.11,0.25,154.9,14
11065,4422,6,1153.03,0.39,0.25,1441.29,70
11066,4422,1,1086.76,0.4,0.25,1358.45,98
11067,4422,8,1206.04,0.43,0.25,1507.55,81
11068,4422,9,1126.52,0.41,0.25,1408.15,24
11069,4422,7,1179.53,0.49,0.25,1474.41,68
11070,273,3,39.31,0.15,0.25,49.14,43
11071,273,1,40.21,0.4,0.25,50.26,16
11072,273,8,39.08,0.43,0.25,48.85,38
11073,273,10,37.05,0.31,0.25,46.31,54
11074,273,6,36.82,0.35,0.25,46.02,82
11075,273,7,42.02,0.47,0.25,52.53,38
11076,4097,3,2010.78,0.14,0.25,2513.48,93
11077,4097,9,2155.27,0.48,0.25,2694.09,11
11078,4097,7,2179.35,0.42,0.25,2724.19,28
11079,2194,6,8.96,0.45,0.25,11.2,21
11080,2194,10,8.8,0.38,0.25,11.0,62
11081,2194,3,8.47,0.11,0.25,10.59,11
11082,2194,1,8.25,0.31,0.25,10.31,37
11083,1635,9,599.42,0.44,0.25,749.28,37
11084,1635,7,592.83,0.41,0.25,741.04,100
11085,1635,3,530.25,0.13,0.25,662.81,40
11086,624,5,23.91,0.12,0.25,29.89,39
11087,624,3,24.62,0.14,0.25,30.78,56
11088,624,8,24.48,0.42,0.25,30.6,43
11089,624,6,23.91,0.45,0.25,29.89,92
11090,624,2,23.48,0.36,0.25,29.35,81
11091,624,10,26.18,0.44,0.25,32.72,56
11092,1178,5,218.33,0.15,0.25,272.91,77
11093,1178,1,218.33,0.45,0.25,272.91,36
11094,1178,7,220.93,0.47,0.25,276.16,72
11095,4292,6,1712.44,0.44,0.25,2140.55,69
11096,4292,1,1525.29,0.39,0.25,1906.61,13
11097,4292,8,1693.73,0.48,0.25,2117.16,89
11098,4292,2,1609.51,0.36,0.25,2011.89,23
11099,3391,2,6042.6,0.39,0.25,7553.25,53
11100,3391,4,5730.05,0.34,0.25,7162.56,31
11101,3391,1,6007.87,0.41,0.25,7509.84,36
11102,5016,5,297.24,0.12,0.25,371.55,12
11103,5016,8,302.74,0.41,0.25,378.42,44
11104,5016,2,326.59,0.39,0.25,408.24,48
11105,5016,6,295.4,0.4,0.25,369.25,18
11106,5016,3,300.91,0.13,0.25,376.14,79
11107,5016,4,333.93,0.47,0.25,417.41,37
11108,3883,7,782.24,0.37,0.25,977.8,43
11109,3883,5,717.82,0.15,0.25,897.28,60
11110,3883,9,736.22,0.32,0.25,920.28,14
11111,3883,1,731.62,0.35,0.25,914.52,76
11112,3883,8,800.64,0.5,0.25,1000.8,54
11113,3883,10,823.65,0.47,0.25,1029.56,11
11114,368,10,157.57,0.37,0.25,196.96,85
11115,368,8,163.34,0.34,0.25,204.18,55
11116,368,3,157.57,0.12,0.25,196.96,86
11117,794,6,30.56,0.35,0.25,38.2,58
11118,794,2,32.65,0.49,0.25,40.81,37
11119,794,3,27.94,0.14,0.25,34.93,35
11120,794,9,30.03,0.43,0.25,37.54,72
11121,305,9,191.76,0.43,0.25,239.7,69
11122,305,8,196.3,0.46,0.25,245.38,35
11123,305,5,172.47,0.11,0.25,215.59,24
11124,305,1,209.92,0.48,0.25,262.4,72
11125,1640,8,598.37,0.37,0.25,747.96,52
11126,1640,5,594.93,0.13,0.25,743.66,84
11127,1640,3,557.1,0.15,0.25,696.38,61
11128,1640,10,622.44,0.45,0.25,778.05,29
11129,3846,3,1017.52,0.11,0.25,1271.9,30
11130,3846,9,1138.01,0.46,0.25,1422.51,13
11131,3846,4,1064.38,0.35,0.25,1330.48,63
11132,3846,6,1184.87,0.38,0.25,1481.09,99
11133,2141,7,31.03,0.48,0.25,38.79,20
11134,2141,9,28.9,0.36,0.25,36.12,78
11135,2141,10,29.96,0.38,0.25,37.45,84
11136,2875,3,171.04,0.11,0.25,213.8,17
11137,2875,10,181.46,0.41,0.25,226.82,49
11138,2875,7,173.12,0.36,0.25,216.4,89
11139,833,8,51.66,0.33,0.25,64.57,91
11140,833,9,55.19,0.35,0.25,68.99,38
11141,833,4,56.48,0.5,0.25,70.6,95
11142,833,2,56.16,0.36,0.25,70.2,45
11143,833,1,53.27,0.35,0.25,66.59,39
11144,3616,5,1716.41,0.15,0.25,2145.51,99
11145,3616,4,1828.79,0.41,0.25,2285.99,68
11146,3616,8,1757.27,0.38,0.25,2196.59,55
11147,3616,1,1604.02,0.34,0.25,2005.02,29
11148,4191,1,571.46,0.48,0.25,714.32,70
11149,4191,4,542.07,0.35,0.25,677.59,69
11150,4191,5,512.68,0.14,0.25,640.85,12
11151,4191,8,564.93,0.4,0.25,706.16,31
11152,4191,7,538.81,0.41,0.25,673.51,83
11153,3453,3,7402.03,0.14,0.25,9252.54,68
11154,3453,9,7359.49,0.45,0.25,9199.36,72
11155,3453,5,6593.76,0.14,0.25,8242.2,16
11156,3453,2,6976.63,0.42,0.25,8720.79,56
11157,3453,10,7231.87,0.31,0.25,9039.84,28
11158,731,9,82.72,0.43,0.25,103.4,67
11159,731,7,79.89,0.34,0.25,99.86,88
11160,731,8,79.89,0.44,0.25,99.86,13
11161,4217,9,827.88,0.47,0.25,1034.85,100
11162,4217,3,777.0,0.12,0.25,971.25,27
11163,4217,4,777.0,0.36,0.25,971.25,37
11164,4217,7,837.12,0.42,0.25,1046.4,81
11165,3653,4,8307.18,0.36,0.25,10383.98,81
11166,3653,5,8067.09,0.12,0.25,10083.86,16
11167,3653,9,8067.09,0.47,0.25,10083.86,23
11168,1925,10,21.85,0.48,0.25,27.31,51
11169,1925,5,18.07,0.12,0.25,22.59,37
11170,1925,7,19.01,0.4,0.25,23.76,57
11171,1771,5,131.3,0.11,0.25,164.12,28
11172,1771,3,137.78,0.11,0.25,172.22,75
11173,1771,1,143.46,0.49,0.25,179.32,48
11174,1771,4,128.87,0.37,0.25,161.09,24
11175,1771,8,137.78,0.5,0.25,172.22,74
11176,1771,10,146.7,0.42,0.25,183.38,59
11177,3977,6,496.25,0.39,0.25,620.31,50
11178,3977,7,572.84,0.49,0.25,716.05,77
11179,3977,4,502.38,0.35,0.25,627.98,47
11180,3977,1,545.27,0.43,0.25,681.59,71
11181,453,1,252.36,0.41,0.25,315.45,84
11182,453,8,241.46,0.34,0.25,301.82,12
11183,453,2,277.29,0.46,0.25,346.61,84
11184,453,6,271.06,0.49,0.25,338.82,94
11185,453,3,250.81,0.12,0.25,313.51,94
11186,5051,1,574.07,0.43,0.25,717.59,54
11187,5051,5,528.14,0.13,0.25,660.18,30
11188,5051,8,574.07,0.4,0.25,717.59,62
11189,5051,10,577.35,0.43,0.25,721.69,73
11190,5051,7,544.55,0.41,0.25,680.69,42
11191,4919,1,172.03,0.43,0.25,215.04,54
11192,4919,6,156.03,0.32,0.25,195.04,23
11193,4919,3,152.03,0.11,0.25,190.04,94
11194,4919,10,182.04,0.49,0.25,227.55,70
11195,457,8,271.86,0.46,0.25,339.83,57
11196,457,4,242.84,0.3,0.25,303.55,39
11197,457,2,270.33,0.42,0.25,337.91,24
11198,457,3,265.75,0.15,0.25,332.19,42
11199,457,6,264.22,0.5,0.25,330.28,18
11200,457,7,277.97,0.49,0.25,347.46,38
11201,759,8,41.73,0.45,0.25,52.16,45
11202,759,10,39.2,0.33,0.25,49.0,84
11203,759,4,41.98,0.38,0.25,52.47,15
11204,759,9,43.75,0.47,0.25,54.69,20
11205,759,6,42.99,0.31,0.25,53.74,44
11206,759,3,41.48,0.13,0.25,51.85,68
11207,3361,6,4650.11,0.4,0.25,5812.64,54
11208,3361,2,4923.65,0.41,0.25,6154.56,83
11209,3361,10,4814.23,0.46,0.25,6017.79,96
11210,4010,8,1295.95,0.37,0.25,1619.94,31
11211,4010,6,1295.95,0.39,0.25,1619.94,59
11212,4010,2,1214.02,0.31,0.25,1517.52,15
11213,4010,1,1243.82,0.43,0.25,1554.78,100
11214,4010,9,1251.26,0.34,0.25,1564.08,75
11215,4010,3,1243.82,0.13,0.25,1554.78,92
11216,1780,6,402.44,0.31,0.25,503.05,69
11217,1780,10,394.75,0.31,0.25,493.44,39
11218,1780,9,435.76,0.44,0.25,544.7,84
11219,3667,1,5518.74,0.41,0.25,6898.42,22
11220,3667,7,5688.03,0.35,0.25,7110.04,40
11221,3667,8,6365.17,0.49,0.25,7956.46,10
11222,3073,10,5355.0,0.48,0.25,6693.75,26
11223,3073,2,5355.0,0.48,0.25,6693.75,55
11224,3073,1,5049.0,0.32,0.25,6311.25,66
11225,3073,9,5263.2,0.36,0.25,6579.0,10
11226,3073,8,5385.6,0.45,0.25,6732.0,76
11227,3073,4,5079.6,0.35,0.25,6349.5,29
11228,74,7,736.46,0.44,0.25,920.58,28
11229,74,2,745.39,0.36,0.25,931.74,36
11230,74,1,816.8,0.48,0.25,1021.0,74
11231,2770,5,272.77,0.14,0.25,340.96,80
11232,2770,10,312.73,0.48,0.25,390.91,78
11233,2770,2,297.1,0.47,0.25,371.38,85
11234,2770,3,277.98,0.14,0.25,347.48,18
11235,2770,9,291.88,0.41,0.25,364.85,88
11236,5203,8,395.52,0.5,0.25,494.4,91
11237,5203,5,388.74,0.13,0.25,485.92,83
11238,5203,6,375.18,0.3,0.25,468.98,88
11239,5203,2,372.92,0.42,0.25,466.15,12
11240,5203,3,359.36,0.12,0.25,449.2,95
11241,3859,3,921.57,0.12,0.25,1151.96,55
11242,3859,2,945.5,0.37,0.25,1181.88,50
11243,3859,10,945.5,0.31,0.25,1181.88,60
11244,3859,9,1077.16,0.46,0.25,1346.45,16
11245,3859,6,1023.3,0.4,0.25,1279.12,67
11246,3383,1,5726.49,0.46,0.25,7158.11,63
11247,3383,5,5200.27,0.13,0.25,6500.34,27
11248,3383,4,5509.81,0.41,0.25,6887.26,95
11249,3383,8,4890.73,0.36,0.25,6113.41,31
11250,3383,3,4983.59,0.14,0.25,6229.49,83
11251,3383,6,5386.0,0.36,0.25,6732.5,77
11252,3144,10,4201.43,0.33,0.25,5251.79,98
11253,3144,2,4349.72,0.45,0.25,5437.15,92
11254,3144,7,4349.72,0.47,0.25,5437.15,100
11255,3144,1,4226.15,0.44,0.25,5282.69,12
11256,3144,8,4053.15,0.43,0.25,5066.44,36
11257,3144,3,3954.29,0.14,0.25,4942.86,15
11258,1499,2,677.05,0.3,0.25,846.31,34
11259,1499,5,620.29,0.12,0.25,775.36,79
11260,1499,8,709.48,0.46,0.25,886.85,71
11261,1499,7,681.11,0.34,0.25,851.39,10
11262,1499,6,750.03,0.48,0.25,937.54,17
11263,1861,1,27.77,0.45,0.25,34.71,29
11264,1861,2,26.31,0.35,0.25,32.89,79
11265,1861,3,26.96,0.1,0.25,33.7,57
11266,4265,2,1878.56,0.36,0.25,2348.2,35
11267,4265,5,1936.9,0.11,0.25,2421.12,77
11268,4265,9,1866.9,0.35,0.25,2333.62,97
11269,4265,8,2123.59,0.43,0.25,2654.49,88
11270,4265,3,1808.56,0.12,0.25,2260.7,17
11271,796,7,24.7,0.31,0.25,30.88,89
11272,796,4,26.15,0.33,0.25,32.69,70
11273,796,9,26.31,0.42,0.25,32.89,40
11274,796,2,27.43,0.41,0.25,34.29,42
11275,796,6,26.63,0.46,0.25,33.29,88
11276,2286,7,120.2,0.35,0.25,150.25,95
11277,2286,4,115.2,0.33,0.25,144.0,82
11278,2286,2,120.2,0.42,0.25,150.25,32
11279,2286,8,133.08,0.47,0.25,166.35,14
11280,2286,10,116.63,0.43,0.25,145.79,12
11281,2286,6,115.91,0.39,0.25,144.89,76
11282,4587,3,1630.39,0.1,0.25,2037.99,61
11283,4587,4,1550.86,0.35,0.25,1938.57,49
11284,4587,8,1769.57,0.44,0.25,2211.96,21
11285,4587,6,1670.16,0.47,0.25,2087.7,58
11286,4587,10,1690.04,0.33,0.25,2112.55,12
11287,1120,2,81.67,0.49,0.25,102.09,40
11288,1120,4,78.1,0.42,0.25,97.62,31
11289,1120,10,78.55,0.48,0.25,98.19,90
11290,1120,8,72.75,0.32,0.25,90.94,70
11291,490,1,126.53,0.47,0.25,158.16,72
11292,490,6,131.77,0.42,0.25,164.71,74
11293,490,7,138.51,0.47,0.25,173.14,62
11294,490,3,122.04,0.14,0.25,152.55,18
11295,490,4,138.51,0.49,0.25,173.14,84
11296,490,9,128.78,0.43,0.25,160.98,54
11297,4696,3,381.3,0.13,0.25,476.62,24
11298,4696,8,409.54,0.5,0.25,511.92,32
11299,4696,10,404.84,0.4,0.25,506.05,70
11300,4696,6,395.42,0.36,0.25,494.28,88
11301,4696,9,390.71,0.42,0.25,488.39,74
11302,881,8,12.65,0.35,0.25,15.81,61
11303,881,9,13.99,0.45,0.25,17.49,44
11304,881,3,12.18,0.12,0.25,15.22,97
11305,4981,5,38.18,0.12,0.25,47.72,45
11306,4981,8,39.41,0.35,0.25,49.26,92
11307,4981,10,39.65,0.37,0.25,49.56,43
11308,4981,2,40.64,0.33,0.25,50.8,53
11309,4981,4,38.42,0.33,0.25,48.03,48
11310,4607,6,1469.69,0.36,0.25,1837.11,36
11311,4607,7,1598.61,0.47,0.25,1998.26,87
11312,4607,1,1486.88,0.37,0.25,1858.6,70
11313,4607,5,1443.91,0.14,0.25,1804.89,83
11314,4607,9,1443.91,0.47,0.25,1804.89,15
11315,4607,8,1478.29,0.36,0.25,1847.86,26
11316,3416,4,2593.56,0.33,0.25,3241.95,16
11317,3416,9,2709.2,0.33,0.25,3386.5,41
11318,3416,2,2857.87,0.34,0.25,3572.34,100
11319,3416,1,2874.39,0.5,0.25,3592.99,38
11320,958,4,266.8,0.43,0.25,333.5,14
11321,958,7,259.35,0.42,0.25,324.19,45
11322,958,10,236.99,0.33,0.25,296.24,37
11323,958,9,239.97,0.37,0.25,299.96,83
11324,958,2,245.93,0.44,0.25,307.41,12
11325,958,6,239.97,0.36,0.25,299.96,76
11326,154,5,414.52,0.11,0.25,518.15,81
11327,154,3,433.12,0.1,0.25,541.4,12
11328,154,10,502.21,0.49,0.25,627.76,55
11329,154,1,486.27,0.48,0.25,607.84,82
11330,154,9,472.98,0.48,0.25,591.22,33
11331,1607,1,555.52,0.49,0.25,694.4,30
11332,1607,7,518.07,0.36,0.25,647.59,80
11333,1607,5,511.83,0.11,0.25,639.79,91
11334,2532,5,122.59,0.14,0.25,153.24,72
11335,2532,7,127.1,0.36,0.25,158.88,22
11336,2532,2,127.86,0.47,0.25,159.82,71
11337,2863,7,292.03,0.35,0.25,365.04,98
11338,2863,4,310.92,0.45,0.25,388.65,69
11339,2863,8,297.18,0.47,0.25,371.48,25
11340,2863,5,273.13,0.13,0.25,341.41,90
11341,3156,8,6709.76,0.5,0.25,8387.2,81
11342,3156,6,6633.08,0.43,0.25,8291.35,60
11343,3156,1,6172.98,0.33,0.25,7716.22,77
11344,3156,2,5942.93,0.33,0.25,7428.66,94
11345,3156,4,6633.08,0.41,0.25,8291.35,86
11346,4685,4,653.34,0.3,0.25,816.68,19
11347,4685,5,678.96,0.13,0.25,848.7,80
11348,4685,9,764.37,0.45,0.25,955.46,94
11349,4685,8,674.69,0.35,0.25,843.36,100
11350,4685,6,708.85,0.31,0.25,886.06,16
11351,4094,8,176.79,0.43,0.25,220.99,29
11352,4094,3,176.79,0.11,0.25,220.99,10
11353,4094,6,177.84,0.45,0.25,222.3,64
11354,2509,2,69.09,0.39,0.25,86.36,28
11355,2509,1,66.57,0.35,0.25,83.21,97
11356,2509,3,65.72,0.15,0.25,82.15,69
11357,2208,10,37.39,0.47,0.25,46.74,99
11358,2208,3,33.14,0.12,0.25,41.42,17
11359,2208,9,35.77,0.38,0.25,44.71,56
11360,3990,10,510.87,0.46,0.25,638.59,29
11361,3990,9,486.83,0.32,0.25,608.54,56
11362,3990,1,543.92,0.46,0.25,679.9,56
11363,3990,2,558.95,0.47,0.25,698.69,93
11364,3990,3,483.82,0.1,0.25,604.78,25
11365,3990,6,507.86,0.46,0.25,634.83,45
11366,1988,8,5.01,0.34,0.25,6.26,79
11367,1988,7,4.51,0.34,0.25,5.64,83
11368,1988,9,5.06,0.5,0.25,6.32,24
11369,1988,2,4.69,0.32,0.25,5.86,26
11370,1988,4,4.83,0.39,0.25,6.04,58
11371,1988,1,4.98,0.43,0.25,6.22,30
11372,4760,7,33.16,0.37,0.25,41.45,72
11373,4760,2,33.35,0.43,0.25,41.69,97
11374,4760,8,31.84,0.44,0.25,39.8,80
11375,4760,10,30.9,0.44,0.25,38.62,48
11376,4760,3,31.65,0.11,0.25,39.56,34
11377,4760,9,34.29,0.45,0.25,42.86,31
11378,3470,10,7380.12,0.45,0.25,9225.15,91
11379,3470,3,6667.27,0.11,0.25,8334.09,26
11380,3470,5,6835.0,0.1,0.25,8543.75,11
11381,3470,6,7002.73,0.47,0.25,8753.41,62
11382,3470,9,6960.8,0.33,0.25,8701.0,32
11383,1591,4,447.44,0.41,0.25,559.3,30
11384,1591,10,420.1,0.32,0.25,525.12,73
11385,1591,7,405.19,0.35,0.25,506.49,80
11386,1591,5,422.59,0.14,0.25,528.24,96
11387,1591,9,459.87,0.48,0.25,574.84,64
11388,3647,4,6814.54,0.37,0.25,8518.17,60
11389,3647,2,6144.9,0.32,0.25,7681.12,67
11390,3647,10,6066.12,0.34,0.25,7582.65,76
11391,3647,5,6775.15,0.14,0.25,8468.94,68
11392,3647,7,6735.76,0.36,0.25,8419.7,71
11393,3049,5,8528.67,0.11,0.25,10660.84,33
11394,3049,9,8477.6,0.35,0.25,10597.0,81
11395,3049,7,8988.3,0.4,0.25,11235.38,44
11396,3049,6,7762.62,0.31,0.25,9703.28,97
11397,2572,4,169.42,0.48,0.25,211.77,64
11398,2572,5,159.85,0.13,0.25,199.81,88
11399,2572,9,155.07,0.41,0.25,193.84,45
11400,944,2,62.38,0.39,0.25,77.98,25
11401,944,7,65.44,0.34,0.25,81.8,87
11402,944,3,59.7,0.14,0.25,74.62,39
11403,3778,9,6346.51,0.47,0.25,7933.14,88
11404,3778,4,5364.73,0.31,0.25,6705.91,56
11405,3778,3,5504.99,0.12,0.25,6881.24,50
11406,3778,5,5820.56,0.12,0.25,7275.7,68
11407,3778,10,5960.81,0.41,0.25,7451.01,14
11408,3778,8,6311.45,0.47,0.25,7889.31,46
11409,605,3,44.46,0.13,0.25,55.58,47
11410,605,10,50.41,0.5,0.25,63.01,96
11411,605,5,47.86,0.1,0.25,59.82,71
11412,605,1,47.01,0.43,0.25,58.76,94
11413,605,2,46.16,0.39,0.25,57.7,80
11414,4215,10,509.37,0.48,0.25,636.71,31
11415,4215,8,497.66,0.39,0.25,622.08,99
11416,4215,7,506.44,0.4,0.25,633.05,20
11417,4215,1,485.95,0.33,0.25,607.44,45
11418,4215,4,468.38,0.35,0.25,585.48,15
11419,1434,6,9.37,0.35,0.25,11.71,54
11420,1434,1,8.72,0.35,0.25,10.9,40
11421,1434,8,9.97,0.48,0.25,12.46,60
11422,1434,3,8.61,0.15,0.25,10.76,21
11423,1434,9,9.7,0.46,0.25,12.12,60
11424,1434,10,9.16,0.38,0.25,11.45,66
11425,2221,7,129.89,0.48,0.25,162.36,72
11426,2221,10,109.05,0.31,0.25,136.31,81
11427,2221,5,110.44,0.13,0.25,138.05,58
11428,2024,2,27.97,0.32,0.25,34.96,16
11429,2024,5,26.5,0.11,0.25,33.12,75
11430,2024,4,29.59,0.47,0.25,36.99,43
11431,3407,10,3450.1,0.46,0.25,4312.62,57
11432,3407,5,3511.35,0.13,0.25,4389.19,84
11433,3407,3,3368.44,0.11,0.25,4210.55,36
11434,3407,9,3531.76,0.47,0.25,4414.7,54
11435,922,3,91.0,0.14,0.25,113.75,21
11436,922,5,91.58,0.1,0.25,114.48,62
11437,922,2,99.69,0.34,0.25,124.61,54
11438,922,6,106.07,0.44,0.25,132.59,98
11439,922,8,94.47,0.36,0.25,118.09,49
11440,4813,1,266.67,0.31,0.25,333.34,51
11441,4813,4,276.54,0.41,0.25,345.68,27
11442,4813,10,291.36,0.4,0.25,364.2,45
11443,4813,7,248.56,0.3,0.25,310.7,47
11444,4813,8,256.79,0.33,0.25,320.99,25
11445,5006,2,330.22,0.48,0.25,412.78,22
11446,5006,5,297.74,0.14,0.25,372.18,11
11447,5006,8,321.2,0.43,0.25,401.5,26
11448,5006,3,299.55,0.15,0.25,374.44,24
11449,5006,10,304.96,0.32,0.25,381.2,95
11450,569,1,46.77,0.35,0.25,58.46,38
11451,569,10,45.95,0.45,0.25,57.44,10
11452,569,4,42.42,0.35,0.25,53.03,49
11453,569,5,45.95,0.11,0.25,57.44,68
11454,569,3,44.05,0.11,0.25,55.06,85
11455,569,2,47.85,0.46,0.25,59.81,32
11456,4302,10,2159.69,0.3,0.25,2699.61,82
11457,4302,5,2013.04,0.11,0.25,2516.3,42
11458,4302,1,2079.7,0.31,0.25,2599.62,55
11459,4302,9,2279.67,0.46,0.25,2849.59,87
11460,4717,9,164.45,0.41,0.25,205.56,58
11461,4717,6,152.91,0.37,0.25,191.14,73
11462,4717,3,163.49,0.15,0.25,204.36,39
11463,4717,10,165.41,0.44,0.25,206.76,11
11464,4717,2,162.53,0.47,0.25,203.16,88
11465,4717,7,165.41,0.39,0.25,206.76,25
11466,5265,3,540.1,0.13,0.25,675.12,84
11467,5265,1,579.86,0.36,0.25,724.82,38
11468,5265,8,510.28,0.34,0.25,637.85,60
11469,5265,6,543.41,0.32,0.25,679.26,76
11470,4747,5,284.42,0.13,0.25,355.52,75
11471,4747,3,300.73,0.13,0.25,375.91,56
11472,4747,10,273.55,0.3,0.25,341.94,40
11473,2698,7,277.14,0.37,0.25,346.42,15
11474,2698,5,247.97,0.12,0.25,309.96,41
11475,2698,1,294.97,0.46,0.25,368.71,91
11476,2698,9,259.31,0.31,0.25,324.14,32
11477,3569,5,5224.14,0.11,0.25,6530.18,96
11478,3569,8,5583.3,0.4,0.25,6979.12,74
11479,3569,4,5256.79,0.35,0.25,6570.99,17
11480,3569,2,5615.95,0.36,0.25,7019.94,64
11481,3940,10,152.78,0.36,0.25,190.98,41
11482,3940,5,151.84,0.11,0.25,189.8,43
11483,3940,3,148.07,0.14,0.25,185.09,77
11484,3940,1,163.16,0.41,0.25,203.95,25
11485,2868,5,23.48,0.12,0.25,29.35,72
11486,2868,3,23.92,0.12,0.25,29.9,70
11487,2868,2,26.6,0.47,0.25,33.25,48
11488,2868,1,23.63,0.3,0.25,29.54,31
11489,460,5,171.91,0.15,0.25,214.89,10
11490,460,1,179.95,0.47,0.25,224.94,77
11491,460,9,162.86,0.32,0.25,203.58,58
11492,460,8,159.84,0.36,0.25,199.8,74
11493,460,2,159.84,0.31,0.25,199.8,72
11494,2242,3,30.99,0.11,0.25,38.74,85
11495,2242,5,34.46,0.15,0.25,43.08,60
11496,2242,9,36.29,0.39,0.25,45.36,48
11497,1526,7,101.66,0.48,0.25,127.07,66
11498,1526,5,97.04,0.14,0.25,121.3,73
11499,1526,10,100.5,0.39,0.25,125.62,25
11500,5222,1,443.22,0.49,0.25,554.03,28
11501,5222,2,411.75,0.37,0.25,514.69,49
11502,5222,8,464.2,0.37,0.25,580.25,86
11503,5222,5,430.11,0.14,0.25,537.64,67
11504,209,2,1178.73,0.4,0.25,1473.41,26
11505,209,10,1103.35,0.33,0.25,1379.19,36
11506,209,1,1171.88,0.38,0.25,1464.85,22
11507,209,8,1158.17,0.35,0.25,1447.71,26
11508,209,6,1199.29,0.5,0.25,1499.11,23
11509,11,8,1955.34,0.31,0.25,2444.17,42
11510,11,2,2191.97,0.48,0.25,2739.96,57
11511,11,7,1942.89,0.33,0.25,2428.61,53
11512,11,4,1967.8,0.33,0.25,2459.75,72
11513,11,5,2142.16,0.14,0.25,2677.7,13
11514,1438,4,160.34,0.36,0.25,200.42,42
11515,1438,3,156.67,0.13,0.25,195.84,43
11516,1438,8,168.58,0.44,0.25,210.73,66
11517,1438,5,153.01,0.13,0.25,191.26,31
11518,1438,6,161.25,0.47,0.25,201.56,47
11519,5034,7,470.59,0.47,0.25,588.24,91
11520,5034,5,446.11,0.11,0.25,557.64,26
11521,5034,10,497.8,0.44,0.25,622.25,72
11522,689,7,86.16,0.4,0.25,107.7,64
11523,689,1,89.25,0.5,0.25,111.56,22
11524,689,3,87.7,0.15,0.25,109.62,90
11525,4996,2,613.05,0.31,0.25,766.31,56
11526,4996,10,627.65,0.37,0.25,784.56,76
11527,4996,8,609.4,0.47,0.25,761.75,60
11528,4996,6,649.54,0.38,0.25,811.92,61
11529,270,6,129.7,0.34,0.25,162.12,81
11530,270,7,118.52,0.34,0.25,148.15,39
11531,270,8,125.23,0.38,0.25,156.54,39
11532,4539,7,1814.84,0.43,0.25,2268.55,65
11533,4539,9,1804.35,0.36,0.25,2255.44,19
11534,4539,8,1783.37,0.43,0.25,2229.21,50
11535,4539,3,1814.84,0.14,0.25,2268.55,68
11536,442,1,194.83,0.44,0.25,243.54,41
11537,442,7,203.49,0.49,0.25,254.36,99
11538,442,5,180.76,0.1,0.25,225.95,96
11539,442,6,171.02,0.38,0.25,213.78,100
11540,442,9,173.18,0.37,0.25,216.48,39
11541,5066,4,16.95,0.46,0.25,21.19,79
11542,5066,1,17.05,0.4,0.25,21.31,58
11543,5066,8,17.45,0.37,0.25,21.81,14
11544,5066,10,16.15,0.39,0.25,20.19,34
11545,5106,7,619.92,0.49,0.25,774.9,81
11546,5106,5,538.91,0.13,0.25,673.64,11
11547,5106,2,602.31,0.49,0.25,752.89,84
11548,4493,2,897.63,0.49,0.25,1122.04,22
11549,4493,7,908.13,0.36,0.25,1135.16,26
11550,4493,10,897.63,0.41,0.25,1122.04,73
11551,4493,1,908.13,0.34,0.25,1135.16,26
11552,2822,1,12.13,0.41,0.25,15.16,10
11553,2822,8,12.72,0.43,0.25,15.9,17
11554,2822,5,12.43,0.12,0.25,15.54,44
11555,482,5,221.65,0.15,0.25,277.06,70
11556,482,1,241.42,0.42,0.25,301.77,100
11557,482,7,235.77,0.37,0.25,294.71,57
11558,482,3,220.24,0.13,0.25,275.3,19
11559,482,9,221.65,0.33,0.25,277.06,40
11560,482,4,240.01,0.35,0.25,300.01,84
11561,698,10,40.49,0.34,0.25,50.61,61
11562,698,3,39.01,0.14,0.25,48.76,58
11563,698,2,43.95,0.46,0.25,54.94,40
11564,698,9,45.18,0.5,0.25,56.48,57
11565,120,6,161.27,0.42,0.25,201.59,87
11566,120,5,155.3,0.11,0.25,194.12,86
11567,120,1,162.27,0.35,0.25,202.84,31
11568,120,3,156.29,0.13,0.25,195.36,83
11569,120,7,173.22,0.46,0.25,216.52,30
11570,2976,4,206.28,0.41,0.25,257.85,61
11571,2976,9,198.78,0.31,0.25,248.48,37
11572,2976,7,208.78,0.37,0.25,260.98,22
11573,4900,9,89.01,0.39,0.25,111.26,63
11574,4900,5,86.86,0.14,0.25,108.58,64
11575,4900,6,85.26,0.31,0.25,106.58,74
11576,4900,8,93.84,0.38,0.25,117.3,20
11577,4900,2,89.55,0.39,0.25,111.94,56
11578,4900,7,91.15,0.33,0.25,113.94,54
11579,3053,6,4718.8,0.42,0.25,5898.5,68
11580,3053,7,4665.48,0.47,0.25,5831.85,67
11581,3053,1,4505.52,0.38,0.25,5631.9,85
11582,3053,4,4532.18,0.33,0.25,5665.22,20
11583,2321,1,104.7,0.36,0.25,130.88,52
11584,2321,9,99.09,0.34,0.25,123.86,77
11585,2321,5,99.09,0.13,0.25,123.86,46
11586,2321,10,111.55,0.4,0.25,139.44,31
11587,2321,6,107.19,0.42,0.25,133.99,32
11588,2321,2,103.45,0.42,0.25,129.31,34
11589,1350,2,158.34,0.36,0.25,197.92,52
11590,1350,7,166.25,0.34,0.25,207.81,59
11591,1350,10,170.21,0.49,0.25,212.76,12
11592,4767,6,257.22,0.37,0.25,321.53,36
11593,4767,4,273.96,0.47,0.25,342.45,14
11594,4767,3,263.31,0.13,0.25,329.14,45
11595,4767,5,260.26,0.15,0.25,325.32,40
11596,778,1,25.54,0.33,0.25,31.92,41
11597,778,10,27.46,0.33,0.25,34.33,66
11598,778,7,27.78,0.48,0.25,34.72,76
11599,778,5,26.18,0.14,0.25,32.72,50
11600,778,9,25.21,0.34,0.25,31.51,58
11601,778,2,28.1,0.38,0.25,35.12,37
11602,4588,4,1452.43,0.39,0.25,1815.54,79
11603,4588,7,1507.24,0.33,0.25,1884.05,47
11604,4588,5,1425.03,0.11,0.25,1781.29,68
11605,4224,1,2374.56,0.35,0.25,2968.2,85
11606,4224,2,2169.86,0.33,0.25,2712.32,38
11607,4224,3,2169.86,0.12,0.25,2712.32,13
11608,4224,8,2183.5,0.38,0.25,2729.38,89
11609,4224,7,2401.85,0.41,0.25,3002.31,53
11610,3163,2,6726.58,0.4,0.25,8408.22,63
11611,3163,4,6475.9,0.32,0.25,8094.88,35
11612,3163,7,7395.06,0.46,0.25,9243.83,70
11613,125,7,763.22,0.44,0.25,954.03,15
11614,125,4,703.53,0.43,0.25,879.41,52
11615,125,6,665.15,0.31,0.25,831.44,41
11616,1009,3,246.19,0.1,0.25,307.74,69
11617,1009,9,266.58,0.38,0.25,333.22,19
11618,1009,6,268.15,0.42,0.25,335.19,21
11619,1009,4,291.67,0.48,0.25,364.59,10
11620,1009,2,268.15,0.48,0.25,335.19,71
11621,1009,7,263.44,0.43,0.25,329.3,25
11622,2846,5,83.3,0.11,0.25,104.12,58
11623,2846,6,86.41,0.44,0.25,108.01,43
11624,2846,10,96.75,0.49,0.25,120.94,16
11625,2846,2,85.89,0.45,0.25,107.36,60
11626,2846,9,87.44,0.49,0.25,109.3,33
11627,3437,3,2131.65,0.13,0.25,2664.56,21
11628,3437,6,2119.11,0.45,0.25,2648.89,96
11629,3437,9,2119.11,0.37,0.25,2648.89,23
11630,3437,2,2043.87,0.31,0.25,2554.84,32
11631,4042,1,870.86,0.3,0.25,1088.58,72
11632,4042,9,992.9,0.45,0.25,1241.12,17
11633,4042,2,920.79,0.36,0.25,1150.99,77
11634,4042,10,965.16,0.4,0.25,1206.45,13
11635,4042,6,1026.18,0.46,0.25,1282.73,72
11636,993,5,121.73,0.15,0.25,152.16,20
11637,993,2,130.15,0.32,0.25,162.69,74
11638,993,6,133.21,0.48,0.25,166.51,16
11639,1149,8,58.5,0.45,0.25,73.12,15
11640,1149,3,54.62,0.13,0.25,68.27,38
11641,1149,10,57.09,0.32,0.25,71.36,89
11642,1149,7,57.09,0.35,0.25,71.36,97
11643,1149,1,62.02,0.37,0.25,77.53,72
11644,1149,5,56.03,0.12,0.25,70.04,15
11645,1065,7,212.64,0.49,0.25,265.8,17
11646,1065,6,192.06,0.42,0.25,240.08,31
11647,1065,8,195.49,0.48,0.25,244.36,38
11648,1724,7,750.33,0.36,0.25,937.91,80
11649,1724,3,724.16,0.14,0.25,905.2,21
11650,1724,10,750.33,0.4,0.25,937.91,20
11651,1724,5,684.9,0.13,0.25,856.12,35
11652,857,4,38.41,0.4,0.25,48.01,95
11653,857,7,40.51,0.42,0.25,50.64,66
11654,857,3,37.71,0.12,0.25,47.14,65
11655,857,9,40.51,0.38,0.25,50.64,10
11656,857,1,39.11,0.41,0.25,48.89,93
11657,2684,5,193.77,0.14,0.25,242.21,70
11658,2684,10,193.77,0.38,0.25,242.21,70
11659,2684,3,200.91,0.13,0.25,251.14,17
11660,2684,1,197.34,0.38,0.25,246.68,46
11661,2684,4,184.26,0.31,0.25,230.32,15
11662,2684,7,208.04,0.47,0.25,260.05,83
11663,2043,2,5.33,0.34,0.25,6.66,67
11664,2043,6,5.0,0.3,0.25,6.25,61
11665,2043,4,5.3,0.31,0.25,6.62,33
11666,2043,3,5.07,0.11,0.25,6.34,68
11667,1616,3,445.06,0.12,0.25,556.33,95
11668,1616,8,453.4,0.42,0.25,566.75,19
11669,1616,9,520.16,0.47,0.25,650.2,51
11670,1616,6,492.34,0.45,0.25,615.42,69
11671,1616,7,461.75,0.32,0.25,577.19,28
11672,414,2,409.05,0.4,0.25,511.31,88
11673,414,8,409.05,0.37,0.25,511.31,41
11674,414,10,399.43,0.34,0.25,499.29,76
11675,414,3,389.8,0.12,0.25,487.25,10
11676,414,4,416.27,0.43,0.25,520.34,66
11677,414,9,399.43,0.37,0.25,499.29,77
11678,2102,4,6.45,0.37,0.25,8.06,27
11679,2102,8,6.29,0.38,0.25,7.86,76
11680,2102,3,6.65,0.15,0.25,8.31,22
11681,2102,7,6.81,0.39,0.25,8.51,20
11682,2102,1,6.81,0.37,0.25,8.51,100
11683,2102,9,7.16,0.48,0.25,8.95,38
11684,4960,1,197.93,0.35,0.25,247.41,99
11685,4960,8,238.53,0.49,0.25,298.16,96
11686,4960,9,214.43,0.34,0.25,268.04,60
11687,4960,7,208.08,0.3,0.25,260.1,21
11688,4960,2,204.28,0.38,0.25,255.35,45
11689,898,10,157.66,0.34,0.25,197.08,79
11690,898,8,149.06,0.32,0.25,186.32,67
11691,898,5,156.7,0.11,0.25,195.88,94
11692,898,2,159.57,0.41,0.25,199.46,19
11693,898,6,158.61,0.39,0.25,198.26,70
11694,898,1,158.61,0.35,0.25,198.26,85
11695,2076,9,4.44,0.35,0.25,5.55,49
11696,2076,10,4.5,0.38,0.25,5.62,19
11697,2076,2,4.72,0.42,0.25,5.9,57
11698,3705,2,5231.23,0.33,0.25,6539.04,15
11699,3705,7,5754.36,0.45,0.25,7192.95,44
11700,3705,1,5688.96,0.48,0.25,7111.2,44
11701,3705,9,5133.15,0.35,0.25,6416.44,35
11702,3705,6,5427.4,0.31,0.25,6784.25,70
11703,3891,6,742.88,0.49,0.25,928.6,26
11704,3891,8,723.12,0.5,0.25,903.9,90
11705,3891,4,667.8,0.43,0.25,834.75,94
11706,3920,1,520.17,0.33,0.25,650.21,58
11707,3920,7,526.55,0.33,0.25,658.19,60
11708,3920,8,583.99,0.44,0.25,729.99,44
11709,2969,7,204.37,0.41,0.25,255.46,17
11710,2969,1,195.7,0.37,0.25,244.62,69
11711,2969,2,214.28,0.45,0.25,267.85,34
11712,2774,2,153.8,0.45,0.25,192.25,64
11713,2774,6,145.66,0.41,0.25,182.08,94
11714,2774,9,152.89,0.36,0.25,191.11,96
11715,2774,8,159.23,0.48,0.25,199.04,44
11716,2774,10,158.32,0.39,0.25,197.9,94
11717,5340,7,285.9,0.43,0.25,357.38,16
11718,5340,6,262.76,0.34,0.25,328.45,24
11719,5340,8,285.9,0.38,0.25,357.38,62
11720,5340,9,262.76,0.39,0.25,328.45,42
11721,5291,1,138.72,0.47,0.25,173.4,57
11722,5291,9,121.38,0.38,0.25,151.72,75
11723,5291,10,131.93,0.47,0.25,164.91,11
11724,150,4,124.47,0.36,0.25,155.59,42
11725,150,10,134.04,0.48,0.25,167.55,89
11726,150,2,123.73,0.38,0.25,154.66,31
11727,150,6,125.94,0.42,0.25,157.43,12
11728,150,7,115.63,0.3,0.25,144.54,61
11729,3176,5,4486.57,0.14,0.25,5608.21,33
11730,3176,2,4354.61,0.32,0.25,5443.26,99
11731,3176,1,4460.18,0.42,0.25,5575.22,82
11732,3176,10,4512.96,0.47,0.25,5641.2,67
11733,3176,4,4512.96,0.41,0.25,5641.2,90
11734,4274,8,1155.46,0.36,0.25,1444.32,20
11735,4274,2,1148.74,0.44,0.25,1435.92,13
11736,4274,3,1095.0,0.12,0.25,1368.75,94
11737,4274,5,1115.15,0.13,0.25,1393.94,17
11738,4274,6,1175.62,0.38,0.25,1469.52,84
11739,4274,7,1128.59,0.48,0.25,1410.74,16
11740,2283,3,140.17,0.14,0.25,175.21,65
11741,2283,4,141.81,0.41,0.25,177.26,70
11742,2283,8,129.45,0.35,0.25,161.81,93
11743,2283,2,134.39,0.37,0.25,167.99,77
11744,2283,10,136.87,0.32,0.25,171.09,44
11745,2283,7,139.34,0.42,0.25,174.18,85
11746,481,7,419.49,0.48,0.25,524.36,93
11747,481,4,365.89,0.32,0.25,457.36,26
11748,481,9,377.54,0.4,0.25,471.92,60
11749,481,10,400.85,0.37,0.25,501.06,96
11750,1950,3,28.67,0.14,0.25,35.84,28
11751,1950,4,32.16,0.37,0.25,40.2,56
11752,1950,9,32.9,0.45,0.25,41.12,22
11753,1950,6,29.04,0.37,0.25,36.3,69
11754,1950,7,32.53,0.42,0.25,40.66,88
11755,1083,5,149.48,0.14,0.25,186.85,45
11756,1083,9,177.27,0.48,0.25,221.59,87
11757,1083,8,172.48,0.41,0.25,215.6,68
11758,1083,2,164.81,0.5,0.25,206.01,57
11759,3979,10,353.36,0.39,0.25,441.7,68
11760,3979,2,351.33,0.35,0.25,439.16,13
11761,3979,8,375.7,0.46,0.25,469.62,85
11762,3979,7,369.61,0.48,0.25,462.01,34
11763,3979,6,347.27,0.48,0.25,434.09,91
11764,4788,3,61.74,0.11,0.25,77.18,22
11765,4788,10,66.95,0.35,0.25,83.69,91
11766,4788,8,70.16,0.38,0.25,87.7,52
11767,4788,2,64.54,0.3,0.25,80.68,96
11768,2187,7,25.79,0.42,0.25,32.24,43
11769,2187,2,25.51,0.44,0.25,31.89,19
11770,2187,5,22.8,0.12,0.25,28.5,11
11771,2187,1,22.94,0.37,0.25,28.68,65
11772,2187,4,23.37,0.31,0.25,29.21,52
11773,140,1,477.66,0.32,0.25,597.08,26
11774,140,7,533.49,0.46,0.25,666.86,42
11775,140,8,502.48,0.34,0.25,628.1,44
11776,140,10,514.88,0.42,0.25,643.6,31
11777,140,4,483.87,0.31,0.25,604.84,39
11778,140,2,555.2,0.46,0.25,694.0,28
11779,1601,9,183.53,0.47,0.25,229.41,56
11780,1601,2,161.47,0.34,0.25,201.84,40
11781,1601,3,166.48,0.1,0.25,208.1,33
11782,1601,4,179.52,0.45,0.25,224.4,90
11783,3149,7,7055.11,0.37,0.25,8818.89,63
11784,3149,8,7358.09,0.34,0.25,9197.61,80
11785,3149,3,7358.09,0.14,0.25,9197.61,36
11786,3149,6,7314.81,0.43,0.25,9143.51,95
11787,3149,10,7228.24,0.43,0.25,9035.3,31
11788,1008,6,229.84,0.37,0.25,287.3,39
11789,1008,1,249.35,0.47,0.25,311.69,26
11790,1008,5,231.24,0.14,0.25,289.05,52
11791,1008,3,231.24,0.13,0.25,289.05,84
11792,1008,10,232.63,0.47,0.25,290.79,57
11793,2737,4,204.24,0.41,0.25,255.3,70
11794,2737,1,217.61,0.42,0.25,272.01,54
11795,2737,7,209.1,0.32,0.25,261.38,39
11796,2737,5,207.88,0.11,0.25,259.85,43
11797,2737,3,183.57,0.11,0.25,229.46,99
11798,2737,10,195.73,0.34,0.25,244.66,99
11799,486,1,112.47,0.32,0.25,140.59,79
11800,486,4,122.13,0.39,0.25,152.66,23
11801,486,3,115.92,0.15,0.25,144.9,89
11802,486,6,112.47,0.37,0.25,140.59,52
11803,486,5,115.92,0.11,0.25,144.9,88
11804,486,7,107.64,0.36,0.25,134.55,45
11805,5153,10,482.39,0.48,0.25,602.99,66
11806,5153,2,513.42,0.48,0.25,641.78,36
11807,5153,5,471.11,0.13,0.25,588.89,74
11808,3255,5,6046.48,0.15,0.25,7558.1,81
11809,3255,1,6343.24,0.41,0.25,7929.05,34
11810,3255,8,6306.15,0.41,0.25,7882.69,61
11811,3255,3,5861.01,0.14,0.25,7326.26,44
11812,3255,6,6306.15,0.39,0.25,7882.69,33
11813,2193,2,28.27,0.42,0.25,35.34,78
11814,2193,7,27.26,0.38,0.25,34.08,44
11815,2193,3,25.56,0.11,0.25,31.95,28
11816,1380,2,145.0,0.49,0.25,181.25,66
11817,1380,9,139.3,0.35,0.25,174.12,97
11818,1380,1,136.04,0.45,0.25,170.05,62
11819,1380,8,147.44,0.43,0.25,184.3,16
11820,1380,7,144.18,0.41,0.25,180.23,12
11821,1380,4,130.34,0.36,0.25,162.93,20
11822,1416,10,31.76,0.46,0.25,39.7,33
11823,1416,4,31.94,0.47,0.25,39.93,86
11824,1416,8,31.94,0.48,0.25,39.93,40
11825,1416,6,32.32,0.45,0.25,40.4,89
11826,1416,9,33.62,0.42,0.25,42.02,56
11827,1328,10,53.0,0.44,0.25,66.25,26
11828,1328,7,52.13,0.49,0.25,65.16,42
11829,1328,5,48.65,0.1,0.25,60.81,21
11830,1328,4,52.13,0.41,0.25,65.16,33
11831,1328,9,47.49,0.42,0.25,59.36,56
11832,3256,2,3712.39,0.35,0.25,4640.49,79
11833,3256,6,3430.16,0.36,0.25,4287.7,23
11834,3256,4,3820.94,0.41,0.25,4776.18,70
11835,3256,10,3820.94,0.48,0.25,4776.18,37
11836,3256,3,3517.0,0.11,0.25,4396.25,68
11837,5069,6,199.2,0.32,0.25,249.0,18
11838,5069,2,222.79,0.33,0.25,278.49,82
11839,5069,9,208.37,0.31,0.25,260.46,44
11840,5069,8,204.44,0.3,0.25,255.55,14
11841,5069,1,229.34,0.41,0.25,286.68,23
11842,5069,5,220.16,0.1,0.25,275.2,65
11843,2176,4,18.44,0.4,0.25,23.05,95
11844,2176,6,18.65,0.45,0.25,23.31,46
11845,2176,10,16.78,0.31,0.25,20.98,31
11846,2176,5,17.51,0.13,0.25,21.89,19
11847,2176,3,17.2,0.11,0.25,21.5,32
11848,3630,8,6092.2,0.4,0.25,7615.25,69
11849,3630,1,5813.7,0.42,0.25,7267.12,18
11850,3630,3,5639.64,0.11,0.25,7049.55,51
11851,3630,10,5918.14,0.36,0.25,7397.68,58
11852,3630,6,5952.95,0.34,0.25,7441.19,30
11853,3630,5,5952.95,0.14,0.25,7441.19,31
11854,3392,8,4053.81,0.33,0.25,5067.26,59
11855,3392,10,3829.98,0.32,0.25,4787.48,11
11856,3392,1,4252.77,0.41,0.25,5315.96,45
11857,3233,4,2794.16,0.5,0.25,3492.7,28
11858,3233,5,2625.28,0.12,0.25,3281.6,16
11859,3233,6,2517.81,0.32,0.25,3147.26,76
11860,3233,7,2655.98,0.41,0.25,3319.98,76
11861,4791,4,170.28,0.39,0.25,212.85,73
11862,4791,7,168.26,0.37,0.25,210.32,48
11863,4791,10,178.39,0.41,0.25,222.99,18
11864,4791,9,177.38,0.45,0.25,221.72,29
11865,4791,3,171.3,0.11,0.25,214.12,95
11866,4791,6,162.18,0.36,0.25,202.73,58
11867,5196,2,657.58,0.46,0.25,821.98,65
11868,5196,4,643.28,0.45,0.25,804.1,97
11869,5196,3,586.1,0.11,0.25,732.62,96
11870,5196,7,646.86,0.46,0.25,808.58,36
11871,1443,4,37.35,0.44,0.25,46.69,58
11872,1443,7,33.76,0.39,0.25,42.2,79
11873,1443,3,35.66,0.1,0.25,44.58,54
11874,1443,9,34.82,0.37,0.25,43.52,48
11875,1443,1,36.08,0.39,0.25,45.1,41
11876,1443,8,36.93,0.41,0.25,46.16,32
11877,688,2,46.9,0.44,0.25,58.62,67
11878,688,4,42.16,0.32,0.25,52.7,90
11879,688,3,42.16,0.1,0.25,52.7,22
11880,688,10,41.63,0.33,0.25,52.04,19
11881,688,1,44.53,0.45,0.25,55.66,18
11882,588,10,49.4,0.36,0.25,61.75,41
11883,588,2,48.54,0.44,0.25,60.68,35
11884,588,3,45.09,0.15,0.25,56.36,43
11885,588,1,48.82,0.36,0.25,61.02,23
11886,588,8,47.39,0.35,0.25,59.24,78
11887,588,5,44.8,0.12,0.25,56.0,94
11888,4632,5,614.5,0.1,0.25,768.12,93
11889,4632,6,662.07,0.32,0.25,827.59,77
11890,4632,10,677.93,0.42,0.25,847.41,97
11891,4632,7,681.89,0.41,0.25,852.36,56
11892,4632,8,681.89,0.33,0.25,852.36,56
11893,4632,3,634.32,0.15,0.25,792.9,100
11894,2547,5,109.01,0.14,0.25,136.26,89
11895,2547,8,118.03,0.45,0.25,147.54,62
11896,2547,3,115.25,0.14,0.25,144.06,21
11897,2547,4,121.5,0.39,0.25,151.88,82
11898,2547,2,131.22,0.49,0.25,164.02,88
11899,5107,2,153.72,0.31,0.25,192.15,72
11900,5107,9,172.82,0.46,0.25,216.02,31
11901,5107,8,161.36,0.36,0.25,201.7,93
11902,5107,4,149.9,0.32,0.25,187.38,84
11903,5107,3,160.41,0.13,0.25,200.51,42
11904,3639,7,1301.75,0.44,0.25,1627.19,47
11905,3639,4,1258.84,0.5,0.25,1573.55,38
11906,3639,8,1165.86,0.35,0.25,1457.32,87
11907,3639,1,1201.62,0.42,0.25,1502.02,79
11908,3639,6,1173.01,0.39,0.25,1466.26,63
11909,3639,2,1308.91,0.48,0.25,1636.14,86
11910,5003,3,136.39,0.14,0.25,170.49,65
11911,5003,1,137.19,0.46,0.25,171.49,85
11912,5003,10,140.4,0.41,0.25,175.5,31
11913,3766,5,291.56,0.13,0.25,364.45,57
11914,3766,3,279.62,0.15,0.25,349.52,30
11915,3766,4,269.39,0.3,0.25,336.74,100
11916,3766,7,294.96,0.4,0.25,368.7,63
11917,983,8,236.68,0.34,0.25,295.85,34
11918,983,2,268.05,0.48,0.25,335.06,14
11919,983,3,223.85,0.13,0.25,279.81,25
11920,983,7,246.66,0.45,0.25,308.32,83
11921,983,9,245.24,0.47,0.25,306.55,26
11922,2963,7,163.27,0.35,0.25,204.09,67
11923,2963,1,164.24,0.4,0.25,205.3,73
11924,2963,9,172.93,0.4,0.25,216.16,36
11925,2963,8,170.03,0.38,0.25,212.54,56
11926,2963,6,167.14,0.42,0.25,208.92,55
11927,2175,4,3.52,0.46,0.25,4.4,52
11928,2175,7,3.23,0.34,0.25,4.04,32
11929,2175,3,2.87,0.1,0.25,3.59,41
11930,4947,6,81.16,0.42,0.25,101.45,75
11931,4947,9,79.36,0.47,0.25,99.2,33
11932,4947,3,69.89,0.13,0.25,87.36,74
11933,1255,5,12.56,0.14,0.25,15.7,70
11934,1255,4,13.36,0.34,0.25,16.7,26
11935,1255,7,13.44,0.39,0.25,16.8,36
11936,3894,2,912.76,0.31,0.25,1140.95,100
11937,3894,6,966.1,0.42,0.25,1207.62,65
11938,3894,9,1096.5,0.46,0.25,1370.62,92
11939,3894,7,983.88,0.41,0.25,1229.85,68
11940,3894,10,1102.42,0.49,0.25,1378.02,21
11941,2425,8,147.21,0.43,0.25,184.01,41
11942,2425,1,151.42,0.48,0.25,189.27,35
11943,2425,3,137.12,0.13,0.25,171.4,83
11944,2425,5,144.69,0.13,0.25,180.86,72
11945,2425,6,144.69,0.35,0.25,180.86,54
11946,2425,7,140.48,0.37,0.25,175.6,78
11947,5024,4,17.72,0.3,0.25,22.15,16
11948,5024,6,19.71,0.43,0.25,24.64,54
11949,5024,8,20.75,0.4,0.25,25.94,18
11950,5024,9,19.47,0.46,0.25,24.34,80
11951,5024,10,20.17,0.4,0.25,25.21,56
11952,5024,3,19.47,0.1,0.25,24.34,83
11953,196,4,778.57,0.32,0.25,973.21,90
11954,196,10,806.71,0.36,0.25,1008.39,63
11955,196,3,787.95,0.1,0.25,984.94,85
11956,196,6,736.36,0.35,0.25,920.45,100
11957,196,8,825.48,0.49,0.25,1031.85,15
11958,196,7,863.0,0.45,0.25,1078.75,42
11959,5011,6,270.22,0.35,0.25,337.78,18
11960,5011,9,293.57,0.44,0.25,366.96,72
11961,5011,3,266.88,0.12,0.25,333.6,76
11962,485,4,152.59,0.42,0.25,190.74,33
11963,485,5,142.25,0.11,0.25,177.81,72
11964,485,7,137.94,0.32,0.25,172.42,83
11965,485,8,148.28,0.33,0.25,185.35,56
11966,2818,6,113.75,0.35,0.25,142.19,10
11967,2818,10,125.26,0.45,0.25,156.58,94
11968,2818,2,108.34,0.37,0.25,135.43,15
11969,2818,8,112.4,0.31,0.25,140.5,89
11970,2818,5,109.69,0.11,0.25,137.11,44
11971,792,10,66.88,0.45,0.25,83.6,12
11972,792,4,68.43,0.42,0.25,85.54,72
11973,792,1,71.52,0.45,0.25,89.4,26
11974,792,2,64.56,0.46,0.25,80.7,55
11975,792,9,64.95,0.3,0.25,81.19,56
11976,792,8,64.95,0.48,0.25,81.19,98
11977,2008,9,13.04,0.46,0.25,16.3,37
11978,2008,1,12.48,0.49,0.25,15.6,83
11979,2008,8,12.55,0.44,0.25,15.69,94
11980,2008,4,11.42,0.33,0.25,14.28,55
11981,2445,10,88.67,0.48,0.25,110.84,84
11982,2445,9,92.1,0.48,0.25,115.12,98
11983,2445,8,79.36,0.33,0.25,99.2,56
11984,2445,4,83.28,0.33,0.25,104.1,51
11985,1610,5,287.87,0.11,0.25,359.84,93
11986,1610,9,325.99,0.48,0.25,407.49,75
11987,1610,2,306.93,0.37,0.25,383.66,20
11988,1610,10,327.9,0.42,0.25,409.88,46
11989,1610,4,308.84,0.37,0.25,386.05,93
11990,1951,5,4.61,0.13,0.25,5.76,44
11991,1951,4,4.87,0.37,0.25,6.09,47
11992,1951,9,4.78,0.31,0.25,5.98,85
11993,1951,6,4.92,0.35,0.25,6.15,63
11994,4683,2,458.24,0.44,0.25,572.8,62
11995,4683,3,466.42,0.15,0.25,583.02,48
11996,4683,4,452.78,0.44,0.25,565.97,77
11997,4772,2,126.62,0.43,0.25,158.28,12
11998,4772,9,124.44,0.44,0.25,155.55,77
11999,4772,7,128.08,0.45,0.25,160.1,12
12000,4772,1,117.16,0.39,0.25,146.45,75
12001,4772,10,133.17,0.44,0.25,166.46,47
12002,3181,7,8174.0,0.37,0.25,10217.5,22
12003,3181,9,8684.88,0.49,0.25,10856.1,35
12004,3181,5,7756.01,0.11,0.25,9695.01,33
12005,3782,7,5339.48,0.35,0.25,6674.35,90
12006,3782,10,5958.08,0.47,0.25,7447.6,38
12007,3782,3,5144.13,0.13,0.25,6430.16,100
12008,3782,9,5697.62,0.49,0.25,7122.02,40
12009,3782,5,5274.36,0.13,0.25,6592.95,91
12010,3782,2,5502.27,0.46,0.25,6877.84,72
12011,1075,3,24.65,0.12,0.25,30.81,37
12012,1075,8,26.88,0.48,0.25,33.6,62
12013,1075,7,24.5,0.39,0.25,30.62,86
12014,3966,9,1489.72,0.3,0.25,1862.15,87
12015,3966,2,1739.61,0.46,0.25,2174.51,33
12016,3966,7,1672.33,0.47,0.25,2090.41,37
12017,373,7,499.33,0.35,0.25,624.16,94
12018,373,9,496.46,0.38,0.25,620.57,46
12019,373,2,490.72,0.42,0.25,613.4,27
12020,373,4,510.81,0.46,0.25,638.51,11
12021,2365,4,12.42,0.41,0.25,15.52,20
12022,2365,9,13.07,0.44,0.25,16.34,22
12023,2365,2,12.49,0.47,0.25,15.61,62
12024,1633,2,325.54,0.32,0.25,406.92,53
12025,1633,4,325.54,0.32,0.25,406.92,21
12026,1633,6,333.53,0.38,0.25,416.91,83
12027,1633,8,337.53,0.4,0.25,421.91,27
12028,1633,9,361.49,0.48,0.25,451.86,54
12029,1102,10,225.97,0.41,0.25,282.46,83
12030,1102,6,208.3,0.42,0.25,260.38,47
12031,1102,3,210.82,0.1,0.25,263.52,36
12032,1102,1,212.08,0.33,0.25,265.1,86
12033,2700,3,26.44,0.12,0.25,33.05,29
12034,2700,1,29.6,0.43,0.25,37.0,32
12035,2700,2,26.77,0.38,0.25,33.46,76
12036,2700,7,28.27,0.43,0.25,35.34,83
12037,4008,10,1786.76,0.3,0.25,2233.45,87
12038,4008,2,2102.08,0.48,0.25,2627.6,67
12039,4008,7,2067.04,0.42,0.25,2583.8,25
12040,4008,4,1915.22,0.44,0.25,2394.02,68
12041,4008,1,2078.72,0.4,0.25,2598.4,74
12042,4008,3,1868.51,0.14,0.25,2335.64,41
12043,977,10,30.01,0.31,0.25,37.51,61
12044,977,1,31.63,0.42,0.25,39.54,21
12045,977,2,31.63,0.41,0.25,39.54,97
12046,3829,7,431.26,0.45,0.25,539.08,56
12047,3829,4,462.62,0.43,0.25,578.28,49
12048,3829,8,423.42,0.41,0.25,529.28,21
12049,3829,5,420.81,0.12,0.25,526.01,96
12050,3829,6,431.26,0.41,0.25,539.08,52
12051,3829,1,436.49,0.36,0.25,545.61,12
12052,3347,10,237.3,0.44,0.25,296.62,27
12053,3347,3,213.96,0.13,0.25,267.45,76
12054,3347,1,236.0,0.43,0.25,295.0,28
12055,5271,5,62.9,0.12,0.25,78.62,16
12056,5271,10,69.34,0.44,0.25,86.68,10
12057,5271,3,61.76,0.14,0.25,77.2,75
12058,5271,4,65.17,0.45,0.25,81.46,78
12059,5271,7,61.0,0.33,0.25,76.25,13
12060,3014,8,5210.41,0.42,0.25,6513.01,21
12061,3014,3,5304.57,0.14,0.25,6630.71,25
12062,3014,4,5273.18,0.31,0.25,6591.48,76
12063,3014,2,5335.96,0.33,0.25,6669.95,84
12064,3014,1,5053.47,0.38,0.25,6316.84,17
12065,2702,2,128.87,0.35,0.25,161.09,76
12066,2702,7,129.61,0.42,0.25,162.01,55
12067,2702,5,125.19,0.15,0.25,156.49,32
12068,355,8,277.35,0.37,0.25,346.69,47
12069,355,10,267.73,0.41,0.25,334.66,27
12070,355,3,253.31,0.1,0.25,316.64,40
12071,355,4,259.72,0.38,0.25,324.65,73
12072,355,5,253.31,0.11,0.25,316.64,96
12073,355,1,296.59,0.45,0.25,370.74,35
12074,996,3,150.44,0.11,0.25,188.05,99
12075,996,4,164.69,0.47,0.25,205.86,42
12076,996,1,151.33,0.4,0.25,189.16,88
12077,2447,7,101.83,0.33,0.25,127.29,46
12078,2447,9,108.28,0.43,0.25,135.35,82
12079,2447,5,101.19,0.13,0.25,126.49,26
12080,2447,3,101.83,0.12,0.25,127.29,13
12081,2447,8,112.14,0.48,0.25,140.18,90
12082,2447,4,109.56,0.49,0.25,136.95,44
12083,4891,10,302.89,0.34,0.25,378.61,83
12084,4891,7,302.89,0.39,0.25,378.61,26
12085,4891,6,288.64,0.33,0.25,360.8,36
12086,12,10,2153.51,0.38,0.25,2691.89,100
12087,12,8,2202.17,0.43,0.25,2752.71,52
12088,12,4,2080.51,0.45,0.25,2600.64,26
12089,4295,2,1792.77,0.37,0.25,2240.96,46
12090,4295,6,1814.63,0.36,0.25,2268.29,12
12091,4295,9,1814.63,0.39,0.25,2268.29,31
12092,4295,7,1869.29,0.49,0.25,2336.61,65
12093,4295,5,1880.22,0.14,0.25,2350.28,75
12094,4295,3,1825.56,0.13,0.25,2281.95,99
12095,3196,3,1456.82,0.11,0.25,1821.02,19
12096,3196,6,1430.65,0.42,0.25,1788.31,41
12097,3196,5,1483.0,0.12,0.25,1853.75,22
12098,76,9,967.32,0.31,0.25,1209.15,65
12099,76,6,1078.94,0.49,0.25,1348.68,65
12100,76,2,1122.34,0.46,0.25,1402.92,96
12101,1091,4,169.35,0.41,0.25,211.69,100
12102,1091,8,168.41,0.5,0.25,210.51,93
12103,1091,2,175.03,0.49,0.25,218.79,27
12104,1091,6,151.38,0.33,0.25,189.22,20
12105,1091,1,162.73,0.45,0.25,203.41,63
12106,1091,7,156.11,0.37,0.25,195.14,54
12107,3749,5,1409.87,0.1,0.25,1762.34,91
12108,3749,1,1435.98,0.43,0.25,1794.98,93
12109,3749,3,1488.2,0.14,0.25,1860.25,99
12110,3749,10,1479.49,0.49,0.25,1849.36,73
12111,3749,9,1479.49,0.31,0.25,1849.36,58
12112,5187,2,332.77,0.43,0.25,415.96,29
12113,5187,3,312.76,0.14,0.25,390.95,63
12114,5187,5,292.76,0.12,0.25,365.95,45
12115,5187,6,300.04,0.3,0.25,375.05,73
12116,4168,8,867.63,0.35,0.25,1084.54,97
12117,4168,3,852.58,0.11,0.25,1065.73,89
12118,4168,6,882.68,0.49,0.25,1103.35,71
12119,4168,5,852.58,0.12,0.25,1065.73,79
12120,4168,7,827.51,0.35,0.25,1034.39,30
12121,4168,9,812.46,0.35,0.25,1015.58,22
12122,2981,5,58.79,0.12,0.25,73.49,71
12123,2981,4,63.87,0.46,0.25,79.84,31
12124,2981,3,62.06,0.13,0.25,77.58,11
12125,2981,2,62.42,0.39,0.25,78.03,17
12126,2981,10,63.87,0.43,0.25,79.84,57
12127,2981,7,55.16,0.31,0.25,68.95,70
12128,4429,6,368.41,0.44,0.25,460.51,61
12129,4429,2,357.57,0.45,0.25,446.96,25
12130,4429,8,385.74,0.5,0.25,482.18,81
12131,4429,3,370.57,0.14,0.25,463.21,35
12132,4429,9,338.07,0.35,0.25,422.59,98
12133,71,6,1088.79,0.32,0.25,1360.99,53
12134,71,3,1109.08,0.14,0.25,1386.35,57
12135,71,9,1190.24,0.37,0.25,1487.8,66
12136,2609,6,177.13,0.33,0.25,221.41,37
12137,2609,1,190.49,0.46,0.25,238.11,34
12138,2609,2,182.7,0.42,0.25,228.38,48
12139,2609,5,188.27,0.13,0.25,235.34,63
12140,4555,4,1027.17,0.44,0.25,1283.96,54
12141,4555,6,1050.52,0.46,0.25,1313.15,33
12142,4555,9,892.94,0.31,0.25,1116.18,30
12143,4555,7,910.45,0.35,0.25,1138.06,37
12144,4555,3,974.65,0.13,0.25,1218.31,14
12145,532,4,27.86,0.34,0.25,34.83,97
12146,532,5,27.86,0.14,0.25,34.83,63
12147,532,1,31.01,0.43,0.25,38.76,36
12148,532,6,28.03,0.34,0.25,35.04,52
12149,703,9,40.37,0.48,0.25,50.46,29
12150,703,6,40.14,0.36,0.25,50.18,88
12151,703,5,38.07,0.13,0.25,47.59,75
12152,1404,3,120.36,0.14,0.25,150.45,47
12153,1404,7,125.72,0.32,0.25,157.15,16
12154,1404,2,124.19,0.31,0.25,155.24,97
12155,2788,2,82.04,0.4,0.25,102.55,43
12156,2788,1,81.1,0.48,0.25,101.38,58
12157,2788,6,78.27,0.37,0.25,97.84,68
12158,2788,3,72.61,0.11,0.25,90.76,97
12159,535,2,62.29,0.44,0.25,77.86,83
12160,535,6,61.93,0.45,0.25,77.41,16
12161,535,7,61.23,0.36,0.25,76.54,98
12162,1666,8,111.65,0.38,0.25,139.56,89
12163,1666,2,113.67,0.4,0.25,142.09,22
12164,1666,3,115.69,0.14,0.25,144.61,63
12165,1666,7,115.69,0.35,0.25,144.61,77
12166,1666,5,104.93,0.13,0.25,131.16,64
12167,286,5,148.68,0.1,0.25,185.85,78
12168,286,10,145.18,0.45,0.25,181.48,35
12169,286,4,151.31,0.35,0.25,189.14,12
12170,286,9,163.55,0.5,0.25,204.44,63
12171,286,7,148.68,0.35,0.25,185.85,89
12172,5405,8,395.46,0.47,0.25,494.32,22
12173,5405,3,393.1,0.14,0.25,491.38,96
12174,5405,10,414.29,0.46,0.25,517.86,11
12175,5405,7,409.58,0.43,0.25,511.98,33
12176,1469,10,93.9,0.44,0.25,117.38,99
12177,1469,2,85.94,0.37,0.25,107.42,90
12178,1469,3,83.82,0.12,0.25,104.78,47
12179,3794,2,1034.78,0.35,0.25,1293.47,26
12180,3794,8,1105.93,0.39,0.25,1382.41,79
12181,3794,9,1015.38,0.32,0.25,1269.22,93
12182,5381,8,678.2,0.47,0.25,847.75,42
12183,5381,4,666.09,0.4,0.25,832.61,41
12184,5381,9,658.01,0.32,0.25,822.51,61
12185,5381,6,702.42,0.38,0.25,878.02,78
12186,5381,3,625.72,0.15,0.25,782.15,86
12187,5381,2,738.75,0.48,0.25,923.44,58
12188,14,5,552.62,0.12,0.25,690.78,82
12189,14,7,549.27,0.4,0.25,686.59,12
12190,14,10,612.9,0.47,0.25,766.12,82
12191,14,6,586.11,0.47,0.25,732.64,83
12192,4289,9,99.39,0.49,0.25,124.24,55
12193,4289,2,96.67,0.46,0.25,120.84,18
12194,4289,1,99.39,0.48,0.25,124.24,37
12195,4289,3,84.72,0.11,0.25,105.9,44
12196,4289,7,86.9,0.3,0.25,108.62,65
12197,4577,8,2497.49,0.46,0.25,3121.86,60
12198,4577,6,2212.45,0.43,0.25,2765.56,50
12199,4577,9,2076.71,0.33,0.25,2595.89,85
12200,4577,7,2131.01,0.36,0.25,2663.76,15
12201,4577,10,2198.87,0.31,0.25,2748.59,83
12202,4577,5,2131.01,0.11,0.25,2663.76,56
12203,918,4,212.55,0.4,0.25,265.69,94
12204,918,7,210.05,0.42,0.25,262.56,21
12205,918,9,200.05,0.39,0.25,250.06,36
12206,918,10,198.8,0.31,0.25,248.5,70
12207,918,5,202.55,0.12,0.25,253.19,10
12208,918,3,200.05,0.12,0.25,250.06,97
12209,3871,6,599.29,0.4,0.25,749.11,87
12210,3871,1,677.46,0.44,0.25,846.82,97
12211,3871,9,632.79,0.44,0.25,790.99,46
12212,3871,7,625.35,0.38,0.25,781.69,26
12213,3871,3,643.96,0.14,0.25,804.95,81
12214,733,5,44.48,0.1,0.25,55.6,34
12215,733,6,46.65,0.37,0.25,58.31,51
12216,733,2,44.75,0.37,0.25,55.94,16
12217,733,8,47.46,0.42,0.25,59.32,51
12218,733,10,50.17,0.46,0.25,62.71,59
12219,3213,9,4088.51,0.49,0.25,5110.64,89
12220,3213,1,3686.75,0.35,0.25,4608.44,70
12221,3213,5,3970.34,0.15,0.25,4962.92,69
12222,3213,8,4135.78,0.45,0.25,5169.72,86
12223,3213,10,3544.95,0.3,0.25,4431.19,87
12224,702,3,67.15,0.11,0.25,83.94,83
12225,702,1,76.08,0.47,0.25,95.1,20
12226,702,7,76.5,0.47,0.25,95.62,64
12227,702,5,70.97,0.1,0.25,88.71,93
12228,702,9,75.22,0.49,0.25,94.02,51
12229,702,10,73.53,0.44,0.25,91.91,65
12230,3806,1,2419.81,0.33,0.25,3024.76,19
12231,3806,2,2478.47,0.32,0.25,3098.09,55
12232,3806,7,2463.8,0.34,0.25,3079.75,63
12233,3806,3,2317.15,0.13,0.25,2896.44,50
12234,3806,4,2317.15,0.31,0.25,2896.44,49
12235,1308,9,29.27,0.37,0.25,36.59,16
12236,1308,1,28.23,0.34,0.25,35.29,11
12237,1308,4,31.7,0.43,0.25,39.62,95
12238,1308,7,29.96,0.35,0.25,37.45,35
12239,1308,6,28.75,0.42,0.25,35.94,94
12240,1308,5,27.89,0.13,0.25,34.86,30
12241,625,1,18.36,0.32,0.25,22.95,15
12242,625,3,18.58,0.1,0.25,23.22,16
12243,625,5,17.16,0.15,0.25,21.45,43
12244,1210,1,185.55,0.31,0.25,231.94,84
12245,1210,6,194.77,0.36,0.25,243.46,62
12246,1210,2,205.14,0.42,0.25,256.42,85
12247,3963,1,1423.12,0.43,0.25,1778.9,86
12248,3963,8,1462.87,0.46,0.25,1828.59,36
12249,3963,6,1256.16,0.36,0.25,1570.2,98
12250,3963,9,1272.06,0.32,0.25,1590.07,57
12251,3963,10,1391.32,0.46,0.25,1739.15,34
12252,1463,7,83.76,0.31,0.25,104.7,48
12253,1463,1,88.53,0.47,0.25,110.66,92
12254,1463,2,97.01,0.49,0.25,121.26,34
12255,1463,4,90.65,0.49,0.25,113.31,87
12256,1463,10,95.42,0.44,0.25,119.28,33
12257,4239,4,1722.16,0.41,0.25,2152.7,46
12258,4239,9,1731.89,0.39,0.25,2164.86,39
12259,4239,5,1644.32,0.1,0.25,2055.4,48
12260,4239,6,1644.32,0.45,0.25,2055.4,31
12261,4239,1,1712.43,0.36,0.25,2140.54,86
12262,5280,1,251.82,0.48,0.25,314.77,84
12263,5280,3,244.41,0.12,0.25,305.51,30
12264,5280,9,253.3,0.48,0.25,316.62,72
12265,4401,1,2268.8,0.41,0.25,2836.0,23
12266,4401,2,2381.53,0.33,0.25,2976.91,71
12267,4401,7,2296.98,0.33,0.25,2871.22,39
12268,2211,1,17.44,0.45,0.25,21.8,26
12269,2211,6,18.37,0.43,0.25,22.96,25
12270,2211,4,17.85,0.38,0.25,22.31,30
12271,2211,5,16.72,0.1,0.25,20.9,55
12272,2211,10,17.65,0.43,0.25,22.06,20
12273,1866,8,30.95,0.5,0.25,38.69,31
12274,1866,2,27.12,0.33,0.25,33.9,65
12275,1866,3,27.96,0.14,0.25,34.95,71
12276,1866,7,29.79,0.41,0.25,37.24,66
12277,3445,2,7172.65,0.36,0.25,8965.81,30
12278,3445,3,7349.75,0.12,0.25,9187.19,57
12279,3445,7,7836.78,0.38,0.25,9795.98,52
12280,851,3,22.81,0.11,0.25,28.51,38
12281,851,8,22.81,0.3,0.25,28.51,12
12282,851,4,21.58,0.32,0.25,26.98,85
12283,851,1,22.4,0.38,0.25,28.0,31
12284,851,7,22.68,0.46,0.25,28.35,42
12285,851,5,23.77,0.14,0.25,29.71,25
12286,1447,7,135.88,0.45,0.25,169.85,41
12287,1447,1,128.42,0.49,0.25,160.52,64
12288,1447,10,139.61,0.49,0.25,174.51,15
12289,1447,6,120.2,0.36,0.25,150.25,27
12290,1447,2,123.94,0.34,0.25,154.93,21
12291,1447,8,130.66,0.38,0.25,163.32,69
12292,5017,4,64.14,0.41,0.25,80.18,34
12293,5017,3,63.0,0.14,0.25,78.75,45
12294,5017,7,59.56,0.31,0.25,74.45,72
12295,1936,6,13.25,0.4,0.25,16.56,72
12296,1936,4,12.64,0.45,0.25,15.8,89
12297,1936,3,12.49,0.12,0.25,15.61,58
12298,1936,2,13.47,0.48,0.25,16.84,63
12299,1054,9,240.57,0.33,0.25,300.71,54
12300,1054,5,261.75,0.15,0.25,327.19,45
12301,1054,1,254.18,0.3,0.25,317.73,82
12302,5297,3,651.03,0.13,0.25,813.79,59
12303,5297,4,682.79,0.43,0.25,853.49,74
12304,5297,5,631.18,0.1,0.25,788.97,75
12305,5297,10,647.06,0.3,0.25,808.82,74
12306,2235,10,55.53,0.34,0.25,69.41,67
12307,2235,6,58.62,0.44,0.25,73.27,14
12308,2235,2,57.25,0.39,0.25,71.56,41
12309,2235,7,57.25,0.44,0.25,71.56,97
12310,2848,6,200.71,0.48,0.25,250.89,36
12311,2848,2,199.56,0.4,0.25,249.45,89
12312,2848,10,205.3,0.48,0.25,256.62,22
12313,2848,7,205.3,0.42,0.25,256.62,55
12314,1414,6,83.86,0.5,0.25,104.82,48
12315,1414,3,83.86,0.15,0.25,104.82,91
12316,1414,7,85.34,0.44,0.25,106.68,45
12317,1414,10,80.9,0.36,0.25,101.12,14
12318,1414,9,82.87,0.31,0.25,103.59,37
12319,1414,8,78.93,0.3,0.25,98.66,49
12320,3776,3,3906.65,0.14,0.25,4883.31,50
12321,3776,7,4454.07,0.4,0.25,5567.59,34
12322,3776,2,4130.59,0.31,0.25,5163.24,25
12323,3776,5,4354.54,0.15,0.25,5443.18,41
12324,1628,5,100.45,0.13,0.25,125.56,39
12325,1628,8,102.86,0.35,0.25,128.57,31
12326,1628,3,95.64,0.14,0.25,119.55,76
12327,1519,4,260.11,0.47,0.25,325.14,75
12328,1519,8,239.18,0.36,0.25,298.98,19
12329,1519,2,258.62,0.48,0.25,323.27,49
12330,1519,3,240.68,0.11,0.25,300.85,18
12331,3882,4,2120.48,0.42,0.25,2650.6,66
12332,3882,5,2120.48,0.1,0.25,2650.6,84
12333,3882,9,2308.68,0.49,0.25,2885.85,63
12334,3882,1,2233.4,0.4,0.25,2791.75,28
12335,3882,2,2333.78,0.47,0.25,2917.23,30
12336,1154,10,22.21,0.42,0.25,27.76,39
12337,1154,6,22.08,0.36,0.25,27.6,40
12338,1154,3,21.94,0.14,0.25,27.42,44
12339,1154,4,22.88,0.46,0.25,28.6,81
12340,1154,5,21.81,0.12,0.25,27.26,30
12341,2240,10,130.24,0.42,0.25,162.8,99
12342,2240,4,127.33,0.39,0.25,159.16,97
12343,2240,9,120.05,0.36,0.25,150.06,28
12344,2240,5,114.23,0.15,0.25,142.79,39
12345,2240,7,115.69,0.33,0.25,144.61,94
12346,2240,8,122.96,0.39,0.25,153.7,76
12347,3852,8,1485.27,0.31,0.25,1856.59,76
12348,3852,6,1729.56,0.38,0.25,2161.95,45
12349,3852,10,1710.01,0.45,0.25,2137.51,19
12350,3852,7,1573.21,0.31,0.25,1966.51,31
12351,3925,5,713.17,0.12,0.25,891.46,92
12352,3925,8,800.14,0.45,0.25,1000.18,32
12353,3925,4,713.17,0.37,0.25,891.46,61
12354,3925,9,730.56,0.43,0.25,913.2,80
12355,3925,6,747.96,0.36,0.25,934.95,53
12356,3925,2,743.61,0.34,0.25,929.51,34
12357,2660,9,227.0,0.35,0.25,283.75,32
12358,2660,1,240.18,0.4,0.25,300.23,30
12359,2660,3,237.25,0.13,0.25,296.56,29
12360,1049,3,134.52,0.11,0.25,168.15,82
12361,1049,4,145.32,0.47,0.25,181.65,44
12362,1049,5,132.03,0.14,0.25,165.04,69
12363,1049,6,142.0,0.42,0.25,177.5,27
12364,1049,7,145.32,0.45,0.25,181.65,57
12365,1049,8,149.47,0.49,0.25,186.84,94
12366,1639,3,520.21,0.11,0.25,650.26,54
12367,1639,4,574.26,0.42,0.25,717.82,77
12368,1639,8,611.42,0.42,0.25,764.28,44
12369,1203,9,106.06,0.49,0.25,132.57,10
12370,1203,3,102.44,0.11,0.25,128.05,87
12371,1203,5,94.61,0.13,0.25,118.26,79
12372,1203,4,106.06,0.4,0.25,132.57,74
12373,4599,1,1083.12,0.33,0.25,1353.9,71
12374,4599,5,1089.73,0.13,0.25,1362.16,20
12375,4599,10,1003.87,0.31,0.25,1254.84,91
12376,4599,4,1129.35,0.45,0.25,1411.69,18
12377,1892,2,17.05,0.39,0.25,21.31,91
12378,1892,10,19.49,0.49,0.25,24.36,68
12379,1892,9,18.11,0.32,0.25,22.64,10
12380,1892,6,19.06,0.45,0.25,23.82,64
12381,1892,1,18.85,0.44,0.25,23.56,25
12382,1892,4,16.63,0.33,0.25,20.79,97
12383,539,3,13.1,0.11,0.25,16.38,43
12384,539,6,14.01,0.42,0.25,17.51,32
12385,539,9,13.27,0.31,0.25,16.59,37
12386,4988,3,353.54,0.13,0.25,441.92,46
12387,4988,8,415.93,0.47,0.25,519.91,76
12388,4988,6,390.51,0.36,0.25,488.14,27
12389,4988,5,381.27,0.12,0.25,476.59,75
12390,4988,7,369.71,0.32,0.25,462.14,87
12391,4988,4,395.13,0.34,0.25,493.91,21
12392,994,7,60.79,0.33,0.25,75.99,63
12393,994,6,63.06,0.33,0.25,78.82,58
12394,994,9,70.99,0.48,0.25,88.74,84
12395,994,2,65.7,0.38,0.25,82.12,100
12396,994,8,68.72,0.45,0.25,85.9,20
12397,994,10,67.21,0.45,0.25,84.01,10
12398,4802,2,34.32,0.49,0.25,42.9,43
12399,4802,1,31.35,0.39,0.25,39.19,82
12400,4802,3,28.38,0.11,0.25,35.48,96
12401,4802,5,28.38,0.1,0.25,35.48,31
12402,4802,6,32.83,0.5,0.25,41.04,93
12403,4802,4,32.65,0.4,0.25,40.81,87
12404,2778,7,291.01,0.33,0.25,363.76,14
12405,2778,6,289.31,0.48,0.25,361.64,95
12406,2778,5,263.78,0.12,0.25,329.72,49
12407,2778,9,301.22,0.47,0.25,376.52,95
12408,2778,2,267.18,0.36,0.25,333.98,20
12409,4666,3,385.55,0.13,0.25,481.94,54
12410,4666,9,397.52,0.33,0.25,496.9,28
12411,4666,4,409.49,0.36,0.25,511.86,12
12412,4666,8,395.13,0.39,0.25,493.91,38
12413,4666,10,409.49,0.4,0.25,511.86,91
12414,5104,3,31.67,0.15,0.25,39.59,57
12415,5104,8,34.03,0.44,0.25,42.54,55
12416,5104,6,31.47,0.38,0.25,39.34,77
12417,5104,2,31.47,0.39,0.25,39.34,25
12418,5104,7,32.85,0.38,0.25,41.06,28
12419,3450,1,5313.69,0.42,0.25,6642.11,52
12420,3450,8,5629.98,0.43,0.25,7037.48,40
12421,3450,2,5250.43,0.3,0.25,6563.04,14
12422,3450,9,5408.58,0.5,0.25,6760.72,63
12423,3450,6,5535.09,0.47,0.25,6918.86,41
12424,3450,4,5092.29,0.33,0.25,6365.36,72
12425,2588,5,194.89,0.14,0.25,243.61,82
12426,2588,2,200.59,0.39,0.25,250.74,37
12427,2588,9,208.57,0.44,0.25,260.71,25
12428,2588,4,182.35,0.33,0.25,227.94,49
12429,2588,7,205.15,0.46,0.25,256.44,13
12430,3387,4,2112.45,0.49,0.25,2640.56,83
12431,3387,3,1768.03,0.12,0.25,2210.04,41
12432,3387,10,1974.68,0.36,0.25,2468.35,30
12433,3387,8,2020.6,0.42,0.25,2525.75,99
12434,2196,5,18.88,0.11,0.25,23.6,33
12435,2196,9,17.55,0.32,0.25,21.94,71
12436,2196,2,20.53,0.5,0.25,25.66,40
12437,2196,7,18.99,0.37,0.25,23.74,53
12438,2196,10,19.21,0.44,0.25,24.01,44
12439,1831,8,20.09,0.5,0.25,25.11,89
12440,1831,4,16.89,0.32,0.25,21.11,81
12441,1831,2,17.44,0.37,0.25,21.8,48
12442,1237,4,80.21,0.42,0.25,100.26,18
12443,1237,5,77.75,0.14,0.25,97.19,89
12444,1237,2,86.12,0.39,0.25,107.65,75
12445,1237,8,87.1,0.45,0.25,108.88,76
12446,1237,1,83.66,0.37,0.25,104.57,42
12447,1237,10,86.61,0.44,0.25,108.26,42
12448,5086,5,397.07,0.1,0.25,496.34,21
12449,5086,1,423.86,0.46,0.25,529.83,46
12450,5086,3,377.58,0.12,0.25,471.98,87
12451,5086,7,436.04,0.42,0.25,545.05,40
12452,3695,4,4273.38,0.37,0.25,5341.72,92
12453,3695,10,4247.32,0.41,0.25,5309.15,31
12454,3695,7,4664.24,0.46,0.25,5830.3,97
12455,3695,3,4169.15,0.12,0.25,5211.44,99
12456,3695,5,4325.5,0.14,0.25,5406.88,81
12457,171,5,207.16,0.15,0.25,258.95,48
12458,171,4,207.16,0.4,0.25,258.95,91
12459,171,1,198.83,0.33,0.25,248.54,95
12460,171,9,203.59,0.44,0.25,254.49,51
12461,171,8,210.74,0.47,0.25,263.42,61
12462,171,6,201.21,0.46,0.25,251.51,35
12463,1146,9,56.3,0.35,0.25,70.38,22
12464,1146,10,59.67,0.41,0.25,74.59,33
12465,1146,7,62.36,0.5,0.25,77.95,50
12466,1146,5,55.62,0.14,0.25,69.52,70
12467,1146,4,62.03,0.48,0.25,77.54,70
12468,2252,3,25.4,0.12,0.25,31.75,30
12469,2252,6,24.47,0.38,0.25,30.59,20
12470,2252,9,28.66,0.46,0.25,35.83,86
12471,2252,1,26.33,0.44,0.25,32.91,82
12472,1668,3,270.94,0.12,0.25,338.68,99
12473,1668,2,272.56,0.38,0.25,340.7,10
12474,1668,6,283.92,0.48,0.25,354.9,75
12475,1668,7,261.21,0.33,0.25,326.51,94
12476,1668,9,275.81,0.42,0.25,344.76,85
12477,1668,10,288.79,0.44,0.25,360.99,94
12478,4467,2,943.91,0.38,0.25,1179.89,38
12479,4467,9,978.03,0.48,0.25,1222.54,26
12480,4467,4,1051.95,0.45,0.25,1314.94,79
12481,4467,1,1046.26,0.44,0.25,1307.82,78
12482,4431,1,1166.88,0.44,0.25,1458.6,45
12483,4431,10,1062.07,0.31,0.25,1327.59,69
12484,4431,9,1173.87,0.31,0.25,1467.34,41
12485,4431,3,1117.97,0.12,0.25,1397.46,13
12486,4431,2,1229.76,0.45,0.25,1537.2,60
12487,99,8,1700.62,0.44,0.25,2125.77,56
12488,99,6,1652.03,0.41,0.25,2065.04,25
12489,99,5,1652.03,0.11,0.25,2065.04,11
12490,4596,6,1293.78,0.5,0.25,1617.22,90
12491,4596,9,1120.31,0.33,0.25,1400.39,59
12492,4596,4,1228.73,0.35,0.25,1535.91,63
12493,4596,5,1141.99,0.15,0.25,1427.49,49
12494,397,10,298.81,0.42,0.25,373.51,79
12495,397,7,279.81,0.39,0.25,349.76,40
12496,397,3,278.08,0.13,0.25,347.6,61
12497,397,4,281.53,0.41,0.25,351.91,19
12498,397,6,284.99,0.4,0.25,356.24,75
12499,2370,8,156.24,0.44,0.25,195.3,21
12500,2370,10,147.11,0.35,0.25,183.89,43
12501,2370,2,145.28,0.33,0.25,181.6,35
12502,2370,5,147.11,0.14,0.25,183.89,38
12503,1627,9,594.08,0.5,0.25,742.6,53
12504,1627,5,528.07,0.1,0.25,660.09,100
12505,1627,1,496.64,0.37,0.25,620.8,68
12506,1627,3,490.35,0.11,0.25,612.94,66
12507,1627,8,528.07,0.37,0.25,660.09,53
12508,1627,7,553.22,0.36,0.25,691.53,26
12509,1606,10,806.75,0.47,0.25,1008.44,86
12510,1606,3,738.76,0.12,0.25,923.45,64
12511,1606,4,779.56,0.33,0.25,974.45,24
12512,1606,1,716.1,0.36,0.25,895.12,84
12513,1606,9,734.23,0.31,0.25,917.79,88
12514,318,9,300.48,0.33,0.25,375.6,96
12515,318,7,327.11,0.35,0.25,408.89,10
12516,318,3,289.07,0.1,0.25,361.34,13
12517,318,4,321.4,0.48,0.25,401.75,59
12518,648,5,67.28,0.1,0.25,84.1,100
12519,648,3,71.26,0.12,0.25,89.08,65
12520,648,2,75.24,0.34,0.25,94.05,36
12521,495,3,387.3,0.14,0.25,484.12,12
12522,495,10,417.09,0.36,0.25,521.36,25
12523,495,1,394.75,0.34,0.25,493.44,75
12524,495,6,382.34,0.32,0.25,477.92,86
12525,1982,1,30.86,0.37,0.25,38.58,98
12526,1982,2,32.97,0.33,0.25,41.21,32
12527,1982,8,32.97,0.36,0.25,41.21,19
12528,1982,3,30.48,0.14,0.25,38.1,23
12529,1982,5,32.01,0.14,0.25,40.01,11
12530,1982,6,33.55,0.41,0.25,41.94,93
12531,2468,7,152.82,0.34,0.25,191.02,38
12532,2468,1,170.21,0.47,0.25,212.76,52
12533,2468,3,152.82,0.11,0.25,191.02,43
12534,2468,9,164.72,0.5,0.25,205.9,27
12535,2468,4,150.99,0.43,0.25,188.74,63
12536,2529,4,35.66,0.38,0.25,44.58,79
12537,2529,7,33.83,0.43,0.25,42.29,78
12538,2529,1,37.5,0.46,0.25,46.88,81
12539,372,4,62.2,0.49,0.25,77.75,18
12540,372,6,57.6,0.36,0.25,72.0,34
12541,372,7,61.49,0.39,0.25,76.86,79
12542,372,8,59.37,0.32,0.25,74.21,46
12543,372,5,60.78,0.13,0.25,75.97,36
12544,5026,3,459.12,0.11,0.25,573.9,12
12545,5026,4,501.37,0.48,0.25,626.71,75
12546,5026,9,478.84,0.42,0.25,598.55,93
12547,568,1,79.06,0.49,0.25,98.82,35
12548,568,7,71.03,0.37,0.25,88.79,42
12549,568,9,73.14,0.43,0.25,91.42,28
12550,568,10,76.53,0.45,0.25,95.66,95
12551,568,6,68.92,0.32,0.25,86.15,74
12552,1833,6,7.39,0.41,0.25,9.24,47
12553,1833,10,7.14,0.44,0.25,8.92,92
12554,1833,5,6.9,0.12,0.25,8.62,85
12555,65,7,941.32,0.33,0.25,1176.65,21
12556,65,6,924.81,0.33,0.25,1156.01,44
12557,65,1,996.37,0.43,0.25,1245.46,75
12558,65,8,996.37,0.47,0.25,1245.46,99
12559,65,5,919.3,0.15,0.25,1149.12,16
12560,1945,8,7.84,0.49,0.25,9.8,23
12561,1945,1,7.46,0.38,0.25,9.32,35
12562,1945,6,7.04,0.4,0.25,8.8,75
12563,1945,5,7.38,0.14,0.25,9.22,34
12564,1945,2,7.04,0.39,0.25,8.8,42
12565,1945,9,7.08,0.44,0.25,8.85,60
12566,1667,9,388.1,0.31,0.25,485.12,35
12567,1667,5,427.9,0.13,0.25,534.88,80
12568,1667,1,435.36,0.43,0.25,544.2,97
12569,1667,4,452.78,0.46,0.25,565.97,34
12570,1667,10,437.85,0.45,0.25,547.31,16
12571,1185,6,268.33,0.43,0.25,335.41,76
12572,1185,4,277.27,0.48,0.25,346.59,80
12573,1185,3,231.06,0.13,0.25,288.82,13
12574,1185,9,268.33,0.46,0.25,335.41,65
12575,1185,2,253.42,0.35,0.25,316.77,74
12576,4476,9,859.66,0.5,0.25,1074.58,27
12577,4476,1,859.66,0.39,0.25,1074.58,59
12578,4476,8,824.67,0.37,0.25,1030.84,90
12579,4476,6,794.68,0.31,0.25,993.35,51
12580,3615,2,7865.52,0.45,0.25,9831.9,50
12581,3615,3,7091.86,0.12,0.25,8864.82,29
12582,3615,1,6705.04,0.36,0.25,8381.3,67
12583,4055,8,1073.61,0.31,0.25,1342.01,44
12584,4055,6,1033.84,0.31,0.25,1292.3,49
12585,4055,4,1206.15,0.46,0.25,1507.69,94
12586,4055,5,1033.84,0.14,0.25,1292.3,35
12587,3614,8,7557.7,0.34,0.25,9447.12,84
12588,3614,5,7557.7,0.12,0.25,9447.12,83
12589,3614,1,7826.02,0.5,0.25,9782.53,13
12590,2466,4,49.47,0.41,0.25,61.84,91
12591,2466,3,45.3,0.11,0.25,56.62,91
12592,2466,10,49.77,0.34,0.25,62.21,33
12593,2466,5,45.59,0.13,0.25,56.99,57
12594,3536,1,4101.47,0.36,0.25,5126.84,94
12595,3536,2,4173.42,0.41,0.25,5216.77,81
12596,3536,3,3885.6,0.14,0.25,4857.0,62
12597,3693,6,3969.49,0.45,0.25,4961.86,45
12598,3693,9,3667.46,0.33,0.25,4584.32,77
12599,3693,5,3451.73,0.11,0.25,4314.66,48
12600,3693,4,3732.18,0.39,0.25,4665.22,73
12601,4660,9,100.42,0.3,0.25,125.52,75
12602,4660,5,95.67,0.12,0.25,119.59,29
12603,4660,2,105.77,0.45,0.25,132.21,41
12604,4660,1,93.88,0.31,0.25,117.35,57
12605,4660,6,105.77,0.44,0.25,132.21,16
12606,3546,8,4148.83,0.46,0.25,5186.04,98
12607,3546,3,4074.3,0.1,0.25,5092.88,43
12608,3546,6,4322.73,0.49,0.25,5403.41,46
12609,3546,9,4347.58,0.48,0.25,5434.48,25
12610,3546,1,4049.46,0.3,0.25,5061.82,69
12611,3231,4,831.33,0.45,0.25,1039.16,97
12612,3231,9,879.39,0.48,0.25,1099.24,94
12613,3231,1,797.7,0.33,0.25,997.12,17
12614,3231,3,788.09,0.14,0.25,985.11,56
12615,1862,6,20.89,0.39,0.25,26.11,45
12616,1862,10,21.83,0.45,0.25,27.29,36
12617,1862,5,20.18,0.14,0.25,25.22,60
12618,1862,9,20.18,0.43,0.25,25.22,82
12619,1862,3,18.53,0.15,0.25,23.16,10
12620,1862,8,19.23,0.4,0.25,24.04,69
12621,4723,8,49.94,0.32,0.25,62.42,24
12622,4723,5,51.18,0.14,0.25,63.98,76
12623,4723,6,54.28,0.35,0.25,67.85,22
12624,4723,2,50.25,0.3,0.25,62.81,33
12625,4723,4,52.11,0.36,0.25,65.14,34
12626,4723,3,53.04,0.14,0.25,66.3,91
12627,1172,1,19.08,0.41,0.25,23.85,24
12628,1172,10,16.31,0.31,0.25,20.39,72
12629,1172,4,18.23,0.48,0.25,22.79,56
12630,1172,3,17.06,0.14,0.25,21.32,84
12631,1172,5,17.06,0.12,0.25,21.32,75
12632,1172,8,18.23,0.4,0.25,22.79,96
12633,3831,2,2469.13,0.44,0.25,3086.41,83
12634,3831,9,2455.49,0.5,0.25,3069.36,17
12635,3831,1,2428.2,0.47,0.25,3035.25,29
12636,336,10,210.12,0.5,0.25,262.65,72
12637,336,4,180.59,0.33,0.25,225.74,92
12638,336,2,177.18,0.31,0.25,221.48,66
12639,336,7,191.95,0.35,0.25,239.94,19
12640,3199,5,2900.73,0.1,0.25,3625.91,69
12641,3199,2,3272.61,0.49,0.25,4090.76,75
12642,3199,10,3012.29,0.35,0.25,3765.36,81
12643,3199,4,3402.78,0.48,0.25,4253.48,14
12644,2444,6,23.5,0.36,0.25,29.38,11
12645,2444,5,23.22,0.14,0.25,29.02,91
12646,2444,10,22.81,0.44,0.25,28.51,70
12647,2444,3,21.45,0.14,0.25,26.81,59
12648,2444,4,24.86,0.45,0.25,31.08,92
12649,438,6,129.89,0.3,0.25,162.36,41
12650,438,4,128.28,0.32,0.25,160.35,85
12651,438,10,123.44,0.3,0.25,154.3,61
12652,438,3,126.67,0.13,0.25,158.34,24
12653,438,9,122.63,0.3,0.25,153.29,68
12654,3840,3,1396.14,0.11,0.25,1745.18,18
12655,3840,4,1463.02,0.39,0.25,1828.78,86
12656,3840,8,1396.14,0.41,0.25,1745.18,81
12657,4161,9,1529.42,0.46,0.25,1911.78,63
12658,4161,10,1433.83,0.38,0.25,1792.29,19
12659,4161,8,1485.97,0.37,0.25,1857.46,60
12660,4161,2,1390.38,0.36,0.25,1737.98,21
12661,1508,8,264.74,0.49,0.25,330.92,90
12662,1508,7,264.74,0.35,0.25,330.92,22
12663,1508,4,244.62,0.31,0.25,305.77,32
12664,1508,9,275.58,0.47,0.25,344.48,42
12665,1508,5,238.42,0.12,0.25,298.02,51
12666,1508,3,249.26,0.12,0.25,311.58,32
12667,1563,7,701.03,0.34,0.25,876.29,29
12668,1563,5,731.51,0.1,0.25,914.39,17
12669,1563,1,727.15,0.38,0.25,908.94,13
12670,1563,2,683.61,0.35,0.25,854.51,71
12671,1518,1,666.19,0.33,0.25,832.74,55
12672,1518,3,666.19,0.14,0.25,832.74,59
12673,1518,6,722.71,0.45,0.25,903.39,67
12674,1518,5,625.81,0.11,0.25,782.26,85
12675,1518,4,646.0,0.33,0.25,807.5,24
12676,1518,7,641.96,0.34,0.25,802.45,73
12677,1648,8,480.16,0.44,0.25,600.2,38
12678,1648,3,447.42,0.14,0.25,559.28,41
12679,1648,5,463.79,0.11,0.25,579.74,75
12680,1648,1,491.08,0.4,0.25,613.85,57
12681,1648,2,499.26,0.47,0.25,624.08,86
12682,1648,10,450.15,0.35,0.25,562.69,86
12683,3853,10,345.01,0.45,0.25,431.26,48
12684,3853,7,333.05,0.46,0.25,416.31,70
12685,3853,8,343.02,0.49,0.25,428.78,39
12686,4581,4,2776.61,0.46,0.25,3470.76,81
12687,4581,8,2371.37,0.33,0.25,2964.21,53
12688,4581,9,2686.56,0.44,0.25,3358.2,28
12689,4581,7,2476.44,0.35,0.25,3095.55,15
12690,4581,6,2296.33,0.32,0.25,2870.41,73
12691,1663,9,656.07,0.39,0.25,820.09,27
12692,1663,1,648.12,0.33,0.25,810.15,15
12693,1663,2,656.07,0.41,0.25,820.09,58
12694,1663,5,660.05,0.14,0.25,825.06,40
12695,1321,1,104.16,0.48,0.25,130.2,25
12696,1321,9,103.0,0.37,0.25,128.75,34
12697,1321,6,103.58,0.47,0.25,129.48,13
12698,1321,2,98.34,0.35,0.25,122.93,34
12699,1321,8,95.43,0.42,0.25,119.29,50
12700,1321,3,93.69,0.13,0.25,117.11,83
12701,4885,7,127.2,0.41,0.25,159.0,18
12702,4885,9,124.11,0.31,0.25,155.14,35
12703,4885,2,124.11,0.39,0.25,155.14,29
12704,4885,6,134.14,0.39,0.25,167.68,38
12705,4885,5,124.11,0.11,0.25,155.14,71
12706,4885,4,137.22,0.47,0.25,171.52,83
12707,1693,8,75.46,0.35,0.25,94.32,65
12708,1693,2,75.9,0.47,0.25,94.88,55
12709,1693,9,69.39,0.34,0.25,86.74,90
12710,1693,6,71.99,0.42,0.25,89.99,68
12711,1693,10,74.16,0.38,0.25,92.7,71
12712,1693,3,72.86,0.11,0.25,91.08,70
12713,2551,6,86.57,0.36,0.25,108.21,54
12714,2551,7,86.57,0.33,0.25,108.21,71
12715,2551,2,92.24,0.4,0.25,115.3,17
12716,5116,1,30.16,0.42,0.25,37.7,52
12717,5116,7,28.56,0.41,0.25,35.7,24
12718,5116,10,31.4,0.49,0.25,39.25,26
12719,5116,2,30.69,0.44,0.25,38.36,44
12720,1710,1,40.16,0.32,0.25,50.2,18
12721,1710,5,43.42,0.14,0.25,54.28,40
12722,1710,7,46.18,0.45,0.25,57.72,16
12723,1710,10,43.42,0.34,0.25,54.28,62
12724,1710,4,40.16,0.34,0.25,50.2,77
12725,813,9,71.25,0.48,0.25,89.06,20
12726,813,10,67.89,0.37,0.25,84.86,14
12727,813,6,67.48,0.36,0.25,84.35,59
12728,813,4,69.15,0.42,0.25,86.44,67
12729,813,5,68.31,0.14,0.25,85.39,56
12730,812,10,51.49,0.44,0.25,64.36,61
12731,812,4,56.42,0.49,0.25,70.53,12
12732,812,8,53.34,0.36,0.25,66.68,77
12733,812,5,49.33,0.12,0.25,61.66,40
12734,1494,9,429.96,0.39,0.25,537.45,72
12735,1494,5,407.85,0.15,0.25,509.81,38
12736,1494,2,432.41,0.46,0.25,540.51,11
12737,1228,6,157.93,0.4,0.25,197.41,71
12738,1228,8,169.87,0.47,0.25,212.34,84
12739,1228,7,162.52,0.42,0.25,203.15,20
12740,5093,3,544.28,0.13,0.25,680.35,39
12741,5093,2,550.72,0.39,0.25,688.4,47
12742,5093,10,553.94,0.34,0.25,692.42,56
12743,5093,9,524.96,0.39,0.25,656.2,61
12744,5093,4,550.72,0.43,0.25,688.4,19
12745,5093,8,521.74,0.33,0.25,652.17,98
12746,1137,8,84.62,0.41,0.25,105.78,68
12747,1137,7,81.76,0.33,0.25,102.2,52
12748,1137,6,78.89,0.43,0.25,98.61,51
12749,4971,8,183.35,0.44,0.25,229.19,35
12750,4971,5,168.24,0.1,0.25,210.3,31
12751,4971,4,181.33,0.5,0.25,226.66,33
12752,4971,7,166.22,0.31,0.25,207.78,83
12753,4014,6,601.73,0.45,0.25,752.16,31
12754,4014,8,581.33,0.48,0.25,726.66,53
12755,4014,9,550.74,0.36,0.25,688.42,99
12756,4014,3,557.53,0.13,0.25,696.91,87
12757,4014,10,530.34,0.33,0.25,662.92,97
12758,4014,7,557.53,0.41,0.25,696.91,30
12759,888,8,28.52,0.47,0.25,35.65,54
12760,888,3,28.36,0.13,0.25,35.45,10
12761,888,9,28.52,0.42,0.25,35.65,98
12762,888,1,26.35,0.35,0.25,32.94,18
12763,888,7,26.85,0.3,0.25,33.56,90
12764,2113,4,12.48,0.46,0.25,15.6,13
12765,2113,8,13.12,0.44,0.25,16.4,71
12766,2113,7,12.91,0.47,0.25,16.14,35
12767,2113,9,11.26,0.33,0.25,14.08,51
12768,2113,10,12.69,0.41,0.25,15.86,25
12769,327,1,42.71,0.41,0.25,53.39,30
12770,327,6,48.73,0.46,0.25,60.91,30
12771,327,10,41.66,0.37,0.25,52.08,92
12772,327,3,41.13,0.15,0.25,51.41,49
12773,1834,1,21.69,0.47,0.25,27.11,26
12774,1834,9,21.43,0.39,0.25,26.79,15
12775,1834,5,20.39,0.1,0.25,25.49,19
12776,3349,1,1784.4,0.33,0.25,2230.5,72
12777,3349,2,1608.03,0.35,0.25,2010.04,88
12778,3349,10,1742.9,0.43,0.25,2178.62,62
12779,3008,2,2142.08,0.3,0.25,2677.6,31
12780,3008,8,2218.59,0.47,0.25,2773.24,46
12781,3008,7,2014.58,0.31,0.25,2518.22,39
12782,3008,10,2167.58,0.31,0.25,2709.48,64
12783,3682,5,256.5,0.11,0.25,320.62,84
12784,3682,8,249.0,0.32,0.25,311.25,79
12785,3682,10,274.5,0.48,0.25,343.12,89
12786,3682,3,243.0,0.13,0.25,303.75,42
12787,4208,8,1864.52,0.35,0.25,2330.65,78
12788,4208,6,2094.71,0.49,0.25,2618.39,79
12789,4208,4,1922.07,0.34,0.25,2402.59,99
12790,4208,7,2048.67,0.48,0.25,2560.84,74
12791,4208,2,1979.62,0.5,0.25,2474.52,82
12792,1258,6,15.42,0.31,0.25,19.27,53
12793,1258,7,16.83,0.46,0.25,21.04,64
12794,1258,1,16.17,0.5,0.25,20.21,50
12795,2518,2,119.23,0.43,0.25,149.04,59
12796,2518,3,114.51,0.13,0.25,143.14,97
12797,2518,5,107.78,0.14,0.25,134.72,77
12798,275,7,53.06,0.44,0.25,66.32,64
12799,275,1,51.0,0.36,0.25,63.75,20
12800,275,3,48.94,0.12,0.25,61.18,73
12801,275,5,50.12,0.13,0.25,62.65,48
12802,275,2,52.18,0.5,0.25,65.22,69
12803,4525,3,1106.69,0.1,0.25,1383.36,82
12804,4525,2,1155.41,0.33,0.25,1444.26,77
12805,4525,9,1120.61,0.39,0.25,1400.76,71
12806,4525,10,1266.77,0.45,0.25,1583.46,91
12807,4525,6,1064.93,0.32,0.25,1331.16,34
12808,2476,8,111.27,0.37,0.25,139.09,64
12809,2476,6,118.99,0.48,0.25,148.74,76
12810,2476,3,105.48,0.13,0.25,131.85,15
12811,1650,2,823.79,0.49,0.25,1029.74,80
12812,1650,8,805.18,0.47,0.25,1006.47,55
12813,1650,9,763.29,0.43,0.25,954.11,37
12814,1650,7,767.94,0.36,0.25,959.92,15
12815,1650,3,772.6,0.12,0.25,965.75,98
12816,1650,10,767.94,0.41,0.25,959.92,100
12817,690,1,42.74,0.45,0.25,53.42,29
12818,690,9,44.23,0.48,0.25,55.29,66
12819,690,6,43.98,0.48,0.25,54.97,17
12820,4672,2,588.76,0.34,0.25,735.95,53
12821,4672,8,618.57,0.44,0.25,773.21,94
12822,4672,6,618.57,0.45,0.25,773.21,72
12823,1749,10,231.44,0.31,0.25,289.3,74
12824,1749,7,242.09,0.39,0.25,302.61,12
12825,1749,9,281.68,0.47,0.25,352.1,40
12826,1749,4,274.07,0.47,0.25,342.59,52
12827,1749,1,255.8,0.37,0.25,319.75,52
12828,3205,5,6572.93,0.15,0.25,8216.16,68
12829,3205,6,6531.33,0.31,0.25,8164.16,28
12830,3205,8,7779.35,0.5,0.25,9724.19,68
12831,3205,3,7030.54,0.12,0.25,8788.17,88
12832,3205,9,7196.94,0.45,0.25,8996.17,40
12833,550,8,34.67,0.5,0.25,43.34,10
12834,550,2,32.54,0.43,0.25,40.67,99
12835,550,3,32.93,0.11,0.25,41.16,38
12836,550,7,33.7,0.38,0.25,42.12,23
12837,550,9,35.25,0.45,0.25,44.06,29
12838,1053,10,84.53,0.47,0.25,105.66,11
12839,1053,7,83.11,0.38,0.25,103.89,65
12840,1053,2,79.31,0.44,0.25,99.14,51
12841,1053,4,76.46,0.34,0.25,95.57,69
12842,1053,5,75.51,0.13,0.25,94.39,12
12843,4451,1,340.43,0.31,0.25,425.54,62
12844,4451,7,359.46,0.43,0.25,449.32,45
12845,4451,8,372.15,0.45,0.25,465.19,83
12846,3526,1,165.9,0.49,0.25,207.38,90
12847,3526,2,143.91,0.33,0.25,179.89,85
12848,3526,7,154.91,0.38,0.25,193.64,72
12849,3526,9,155.82,0.42,0.25,194.77,23
12850,623,10,29.81,0.41,0.25,37.26,30
12851,623,5,27.34,0.14,0.25,34.17,93
12852,623,7,30.16,0.36,0.25,37.7,55
12853,623,9,27.17,0.33,0.25,33.96,57
12854,424,8,217.89,0.35,0.25,272.36,29
12855,424,2,224.75,0.36,0.25,280.94,51
12856,424,10,230.23,0.3,0.25,287.79,92
12857,424,9,230.23,0.46,0.25,287.79,87
12858,424,7,241.19,0.49,0.25,301.49,76
12859,424,4,235.71,0.37,0.25,294.64,48
12860,1593,6,538.14,0.33,0.25,672.68,18
12861,1593,2,571.16,0.37,0.25,713.95,42
12862,1593,10,610.78,0.47,0.25,763.47,100
12863,1593,4,531.54,0.37,0.25,664.42,49
12864,1593,5,571.16,0.14,0.25,713.95,18
12865,1593,7,581.06,0.43,0.25,726.32,85
12866,1087,10,86.97,0.42,0.25,108.71,51
12867,1087,2,92.8,0.4,0.25,116.0,44
12868,1087,3,85.38,0.12,0.25,106.72,33
12869,1087,7,82.73,0.36,0.25,103.41,29
12870,4249,10,2366.79,0.43,0.25,2958.49,82
12871,4249,6,2408.07,0.42,0.25,3010.09,72
12872,4249,2,2463.11,0.42,0.25,3078.89,81
12873,4249,7,2187.9,0.39,0.25,2734.88,58
12874,831,5,53.64,0.11,0.25,67.05,18
12875,831,4,55.62,0.32,0.25,69.52,89
12876,831,1,56.93,0.38,0.25,71.16,69
12877,831,6,53.64,0.37,0.25,67.05,100
12878,831,9,56.61,0.47,0.25,70.76,11
12879,4994,8,335.87,0.42,0.25,419.84,58
12880,4994,3,319.68,0.11,0.25,399.6,87
12881,4994,2,384.43,0.5,0.25,480.54,90
12882,4994,5,321.7,0.14,0.25,402.12,28
12883,4994,10,321.7,0.32,0.25,402.12,42
12884,4994,4,360.15,0.43,0.25,450.19,76
12885,3490,3,6677.64,0.14,0.25,8347.05,19
12886,3490,8,7005.37,0.32,0.25,8756.71,59
12887,3490,10,7292.14,0.49,0.25,9115.18,35
12888,3490,5,6800.54,0.1,0.25,8500.67,55
12889,3490,4,6759.57,0.32,0.25,8449.46,82
12890,2473,1,79.75,0.38,0.25,99.69,84
12891,2473,9,82.48,0.46,0.25,103.1,28
12892,2473,4,79.29,0.4,0.25,99.11,83
12893,2473,10,80.66,0.46,0.25,100.82,37
12894,2373,3,40.69,0.11,0.25,50.86,52
12895,2373,1,43.29,0.3,0.25,54.11,38
12896,2373,4,41.99,0.4,0.25,52.49,75
12897,2373,8,44.32,0.49,0.25,55.4,43
12898,2373,7,41.73,0.41,0.25,52.16,44
12899,2373,10,45.1,0.46,0.25,56.38,10
12900,54,6,1031.44,0.47,0.25,1289.3,10
12901,54,3,995.87,0.1,0.25,1244.84,53
12902,54,9,1031.44,0.46,0.25,1289.3,11
12903,3043,1,1005.01,0.49,0.25,1256.26,100
12904,3043,9,950.98,0.38,0.25,1188.72,35
12905,3043,10,896.95,0.38,0.25,1121.19,20
12906,491,10,195.75,0.44,0.25,244.69,26
12907,491,5,191.09,0.1,0.25,238.86,62
12908,491,8,195.75,0.32,0.25,244.69,15
12909,491,9,185.27,0.34,0.25,231.59,21
12910,491,1,195.75,0.3,0.25,244.69,60
12911,2772,7,17.59,0.45,0.25,21.99,58
12912,2772,4,15.87,0.36,0.25,19.84,51
12913,2772,3,16.98,0.13,0.25,21.22,22
12914,2772,10,18.5,0.47,0.25,23.12,63
12915,2772,9,16.88,0.31,0.25,21.1,82
12916,4974,6,384.75,0.46,0.25,480.94,29
12917,4974,1,384.75,0.4,0.25,480.94,62
12918,4974,10,366.43,0.32,0.25,458.04,100
12919,4974,3,393.91,0.13,0.25,492.39,68
12920,1059,1,120.48,0.42,0.25,150.6,90
12921,1059,5,110.55,0.12,0.25,138.19,10
12922,1059,2,113.86,0.35,0.25,142.32,92
12923,1218,10,88.08,0.47,0.25,110.1,19
12924,1218,8,86.08,0.34,0.25,107.6,59
12925,1218,4,87.08,0.41,0.25,108.85,64
12926,1218,3,85.09,0.11,0.25,106.36,31
12927,1218,1,87.58,0.4,0.25,109.48,30
12928,3380,10,1326.66,0.45,0.25,1658.32,67
12929,3380,2,1364.79,0.39,0.25,1705.99,59
12930,3380,8,1242.79,0.31,0.25,1553.49,24
12931,1342,2,133.35,0.42,0.25,166.69,100
12932,1342,7,131.04,0.31,0.25,163.8,45
12933,1342,6,122.56,0.39,0.25,153.2,45
12934,1342,4,130.27,0.35,0.25,162.84,85
12935,1342,5,130.27,0.1,0.25,162.84,98
12936,1096,6,16.55,0.32,0.25,20.69,30
12937,1096,4,17.04,0.38,0.25,21.3,78
12938,1096,3,15.37,0.12,0.25,19.21,78
12939,1096,8,16.45,0.44,0.25,20.56,62
12940,1096,7,15.37,0.34,0.25,19.21,63
12941,4488,6,2111.66,0.41,0.25,2639.58,31
12942,4488,7,2074.83,0.33,0.25,2593.54,78
12943,4488,3,2025.72,0.11,0.25,2532.15,30
12944,4488,1,2209.88,0.43,0.25,2762.35,35
12945,5323,2,646.03,0.38,0.25,807.54,38
12946,5323,4,716.93,0.42,0.25,896.16,76
12947,5323,10,705.12,0.46,0.25,881.4,28
12948,5323,7,661.79,0.45,0.25,827.24,49
12949,5323,3,614.52,0.15,0.25,768.15,75
12950,5323,6,646.03,0.33,0.25,807.54,76
12951,3807,2,948.32,0.34,0.25,1185.4,66
12952,3807,6,1077.91,0.48,0.25,1347.39,67
12953,3807,10,1001.33,0.34,0.25,1251.66,55
12954,3807,5,995.44,0.15,0.25,1244.3,90
12955,3807,4,924.76,0.34,0.25,1155.95,53
12956,619,4,43.55,0.37,0.25,54.44,86
12957,619,7,50.08,0.47,0.25,62.6,84
12958,619,9,43.55,0.37,0.25,54.44,45
12959,619,2,43.82,0.38,0.25,54.78,19
12960,2239,9,153.75,0.46,0.25,192.19,36
12961,2239,7,162.58,0.47,0.25,203.23,53
12962,2239,2,162.58,0.47,0.25,203.23,46
12963,3240,3,1146.68,0.13,0.25,1433.35,62
12964,3240,6,1078.83,0.34,0.25,1348.54,100
12965,3240,2,1126.33,0.4,0.25,1407.91,65
12966,3240,4,1248.46,0.46,0.25,1560.58,79
12967,3240,1,1180.61,0.35,0.25,1475.76,10
12968,3240,10,1255.24,0.46,0.25,1569.05,67
12969,1134,8,124.33,0.45,0.25,155.41,96
12970,1134,3,121.34,0.13,0.25,151.68,78
12971,1134,5,120.59,0.13,0.25,150.74,11
12972,1134,10,139.31,0.47,0.25,174.14,70
12973,1134,1,130.33,0.41,0.25,162.91,35
12974,1134,4,122.84,0.38,0.25,153.55,73
12975,1023,7,112.82,0.32,0.25,141.02,12
12976,1023,9,117.88,0.35,0.25,147.35,85
12977,1023,2,114.27,0.31,0.25,142.84,11
12978,1023,4,122.94,0.42,0.25,153.68,89
12979,2808,10,32.47,0.45,0.25,40.59,87
12980,2808,2,31.21,0.49,0.25,39.01,16
12981,2808,1,31.75,0.42,0.25,39.69,89
12982,2808,6,31.03,0.46,0.25,38.79,10
12983,2808,4,29.77,0.38,0.25,37.21,18
12984,2808,3,29.59,0.14,0.25,36.99,39
12985,4412,5,2024.14,0.14,0.25,2530.18,97
12986,4412,8,1999.9,0.36,0.25,2499.88,83
12987,4412,7,2121.1,0.43,0.25,2651.38,64
12988,4412,9,2108.98,0.44,0.25,2636.22,84
12989,4412,10,2036.26,0.36,0.25,2545.32,49
12990,4403,5,1333.09,0.12,0.25,1666.36,26
12991,4403,1,1371.84,0.42,0.25,1714.8,23
12992,4403,6,1457.09,0.48,0.25,1821.36,64
12993,4403,7,1286.58,0.4,0.25,1608.22,91
12994,4403,8,1387.34,0.47,0.25,1734.18,57
12995,4878,9,730.85,0.49,0.25,913.56,88
12996,4878,3,603.74,0.12,0.25,754.68,10
12997,4878,1,655.38,0.31,0.25,819.22,19
12998,4878,6,714.96,0.46,0.25,893.7,37
12999,4878,8,651.41,0.44,0.25,814.26,93
13000,4878,2,699.07,0.39,0.25,873.84,39
13001,4157,5,1353.58,0.12,0.25,1691.98,98
13002,4157,1,1540.58,0.36,0.25,1925.72,78
13003,4157,6,1478.25,0.4,0.25,1847.81,58
13004,4157,9,1504.96,0.4,0.25,1881.2,100
13005,2599,2,120.61,0.46,0.25,150.76,37
13006,2599,8,132.16,0.44,0.25,165.2,68
13007,2599,1,122.05,0.47,0.25,152.56,16
13008,2599,4,117.72,0.34,0.25,147.15,42
13009,2599,5,109.77,0.11,0.25,137.21,61
13010,1975,4,6.2,0.45,0.25,7.75,92
13011,1975,1,6.09,0.33,0.25,7.61,42
13012,1975,7,6.49,0.46,0.25,8.11,63
13013,1975,2,6.16,0.41,0.25,7.7,93
13014,1975,6,6.31,0.43,0.25,7.89,11
13015,1975,8,6.31,0.42,0.25,7.89,21
13016,1403,7,91.48,0.4,0.25,114.35,35
13017,1403,3,83.71,0.1,0.25,104.64,10
13018,1403,5,92.58,0.14,0.25,115.72,71
13019,1403,10,95.91,0.48,0.25,119.89,15
13020,3683,4,6250.65,0.43,0.25,7813.31,16
13021,3683,5,5850.9,0.11,0.25,7313.62,21
13022,3683,2,6577.72,0.44,0.25,8222.15,24
13023,3752,5,7130.21,0.13,0.25,8912.76,63
13024,3752,10,6882.92,0.37,0.25,8603.65,86
13025,3752,8,7624.79,0.49,0.25,9530.99,61
13026,3752,7,7336.29,0.48,0.25,9170.36,97
13027,110,7,1728.17,0.36,0.25,2160.21,84
13028,110,9,1925.05,0.38,0.25,2406.31,67
13029,110,10,1760.99,0.3,0.25,2201.24,20
13030,2581,8,174.82,0.32,0.25,218.52,58
13031,2581,4,172.74,0.38,0.25,215.92,67
13032,2581,9,196.67,0.49,0.25,245.84,86
13033,2581,1,163.37,0.31,0.25,204.21,45
13034,2581,6,173.78,0.44,0.25,217.22,90
13035,4708,4,341.04,0.4,0.25,426.3,52
13036,4708,1,374.31,0.43,0.25,467.89,45
13037,4708,5,330.64,0.13,0.25,413.3,89
13038,4708,10,334.8,0.39,0.25,418.5,15
13039,4708,2,338.96,0.4,0.25,423.7,51
13040,2998,2,203.83,0.33,0.25,254.79,61
13041,2998,4,192.05,0.37,0.25,240.06,75
13042,2998,3,194.4,0.11,0.25,243.0,32
13043,2998,9,202.65,0.47,0.25,253.31,67
13044,2998,1,214.43,0.48,0.25,268.04,98
13045,2998,7,194.4,0.38,0.25,243.0,91
13046,1507,2,202.95,0.48,0.25,253.69,27
13047,1507,8,184.5,0.36,0.25,230.62,22
13048,1507,3,193.72,0.11,0.25,242.15,60
13049,1507,7,204.1,0.49,0.25,255.12,86
13050,1507,9,197.18,0.45,0.25,246.48,26
13051,1507,4,192.57,0.38,0.25,240.71,13
13052,4066,1,955.75,0.37,0.25,1194.69,82
13053,4066,7,1085.54,0.48,0.25,1356.92,59
13054,4066,10,961.65,0.43,0.25,1202.06,59
13055,4066,9,943.95,0.35,0.25,1179.94,73
13056,4066,3,920.35,0.13,0.25,1150.44,31
13057,4204,1,1465.56,0.44,0.25,1831.95,45
13058,4204,6,1491.89,0.32,0.25,1864.86,84
13059,4204,2,1526.99,0.43,0.25,1908.74,75
13060,4204,4,1553.32,0.5,0.25,1941.65,91
13061,4204,3,1404.13,0.12,0.25,1755.16,33
13062,998,1,154.29,0.32,0.25,192.86,66
13063,998,3,148.65,0.13,0.25,185.81,92
13064,998,4,174.05,0.49,0.25,217.56,52
13065,1832,6,9.32,0.49,0.25,11.65,79
13066,1832,3,7.94,0.15,0.25,9.93,18
13067,1832,7,8.5,0.35,0.25,10.62,48
13068,5232,1,179.24,0.47,0.25,224.05,88
13069,5232,8,177.15,0.47,0.25,221.44,69
13070,5232,10,180.29,0.32,0.25,225.36,95
13071,5232,5,163.52,0.11,0.25,204.4,22
13072,5232,2,186.58,0.41,0.25,233.23,83
13073,582,4,25.73,0.32,0.25,32.16,75
13074,582,6,30.32,0.47,0.25,37.9,67
13075,582,1,25.73,0.31,0.25,32.16,32
13076,139,5,1433.25,0.12,0.25,1791.56,55
13077,139,4,1697.99,0.5,0.25,2122.49,64
13078,139,7,1579.32,0.44,0.25,1974.15,85
13079,139,10,1478.9,0.31,0.25,1848.62,55
13080,463,2,360.35,0.48,0.25,450.44,39
13081,463,4,356.13,0.47,0.25,445.16,88
13082,463,10,328.74,0.35,0.25,410.92,43
13083,463,5,330.85,0.13,0.25,413.56,46
13084,463,3,330.85,0.1,0.25,413.56,46
13085,463,6,362.46,0.47,0.25,453.08,99
13086,4096,1,631.12,0.39,0.25,788.9,100
13087,4096,7,682.4,0.4,0.25,853.0,56
13088,4096,6,678.45,0.41,0.25,848.06,59
13089,4096,2,694.23,0.48,0.25,867.79,48
13090,4096,3,658.73,0.14,0.25,823.41,14
13091,4806,5,118.16,0.15,0.25,147.7,99
13092,4806,9,126.23,0.38,0.25,157.79,40
13093,4806,2,130.63,0.48,0.25,163.29,96
13094,4806,7,110.82,0.31,0.25,138.52,54
13095,4739,6,495.89,0.37,0.25,619.86,50
13096,4739,4,520.23,0.37,0.25,650.29,16
13097,4739,8,550.66,0.42,0.25,688.32,42
13098,4739,5,495.89,0.15,0.25,619.86,22
13099,2959,5,91.04,0.11,0.25,113.8,52
13100,2959,9,98.0,0.36,0.25,122.5,89
13101,2959,4,95.1,0.38,0.25,118.88,70
13102,2959,8,95.68,0.35,0.25,119.6,71
13103,2959,6,96.84,0.46,0.25,121.05,42
13104,4949,8,68.54,0.39,0.25,85.68,64
13105,4949,3,65.61,0.11,0.25,82.01,85
13106,4949,1,69.37,0.37,0.25,86.71,65
13107,4949,2,64.36,0.32,0.25,80.45,99
13108,4949,6,71.04,0.41,0.25,88.8,76
13109,4949,7,74.8,0.4,0.25,93.5,14
13110,1027,4,96.1,0.39,0.25,120.12,59
13111,1027,10,93.71,0.32,0.25,117.14,71
13112,1027,2,102.67,0.47,0.25,128.34,93
13113,1027,3,100.88,0.13,0.25,126.1,58
13114,4882,8,231.43,0.31,0.25,289.29,15
13115,4882,5,252.2,0.15,0.25,315.25,75
13116,4882,4,256.65,0.36,0.25,320.81,93
13117,4882,1,258.13,0.42,0.25,322.66,80
13118,4882,9,249.23,0.41,0.25,311.54,28
13119,2704,1,127.95,0.32,0.25,159.94,18
13120,2704,2,145.76,0.4,0.25,182.2,11
13121,2704,4,128.76,0.38,0.25,160.95,75
13122,2704,10,142.52,0.43,0.25,178.15,57
13123,2704,8,142.52,0.47,0.25,178.15,74
13124,2704,5,133.62,0.13,0.25,167.02,75
13125,3092,6,324.65,0.36,0.25,405.81,99
13126,3092,1,330.89,0.33,0.25,413.61,37
13127,3092,2,355.87,0.38,0.25,444.84,71
13128,264,2,126.88,0.33,0.25,158.6,32
13129,264,1,124.5,0.31,0.25,155.62,12
13130,264,9,135.6,0.38,0.25,169.5,92
13131,264,6,137.98,0.4,0.25,172.48,73
13132,264,4,142.74,0.42,0.25,178.42,34
13133,264,5,132.43,0.12,0.25,165.54,35
13134,1283,6,13.86,0.35,0.25,17.32,45
13135,1283,5,12.87,0.12,0.25,16.09,64
13136,1283,8,14.6,0.44,0.25,18.25,34
13137,5045,5,496.31,0.14,0.25,620.39,29
13138,5045,9,587.4,0.49,0.25,734.25,39
13139,5045,6,537.15,0.39,0.25,671.44,27
13140,771,8,91.96,0.48,0.25,114.95,56
13141,771,3,78.47,0.12,0.25,98.09,68
13142,771,1,82.47,0.43,0.25,103.09,33
13143,2257,1,19.24,0.44,0.25,24.05,33
13144,2257,4,19.13,0.47,0.25,23.91,38
13145,2257,6,17.47,0.34,0.25,21.84,93
13146,2257,8,18.47,0.38,0.25,23.09,52
13147,2257,3,18.14,0.11,0.25,22.68,12
13148,2257,9,20.02,0.42,0.25,25.02,23
13149,2825,5,192.51,0.12,0.25,240.64,85
13150,2825,4,198.24,0.36,0.25,247.8,80
13151,2825,8,195.95,0.4,0.25,244.94,23
13152,2825,2,185.64,0.38,0.25,232.05,14
13153,1970,6,17.48,0.4,0.25,21.85,47
13154,1970,5,17.48,0.12,0.25,21.85,17
13155,1970,9,16.84,0.32,0.25,21.05,94
13156,1970,7,18.97,0.4,0.25,23.71,63
13157,1970,10,18.12,0.48,0.25,22.65,94
13158,2306,4,70.86,0.39,0.25,88.58,86
13159,2306,8,67.64,0.31,0.25,84.55,56
13160,2306,5,63.21,0.12,0.25,79.01,73
13161,2306,6,68.84,0.45,0.25,86.05,36
13162,2306,1,64.42,0.35,0.25,80.53,75
13163,2800,5,121.41,0.13,0.25,151.76,29
13164,2800,4,120.68,0.32,0.25,150.85,10
13165,2800,6,126.53,0.45,0.25,158.16,80
13166,5398,1,508.15,0.44,0.25,635.19,69
13167,5398,4,486.98,0.36,0.25,608.72,59
13168,5398,7,541.42,0.47,0.25,676.78,78
13169,5398,3,526.3,0.14,0.25,657.88,69
13170,705,2,18.67,0.31,0.25,23.34,81
13171,705,10,19.56,0.43,0.25,24.45,55
13172,705,6,19.78,0.47,0.25,24.72,70
13173,2584,10,257.11,0.39,0.25,321.39,74
13174,2584,2,244.04,0.37,0.25,305.05,45
13175,2584,7,241.13,0.44,0.25,301.41,78
13176,2584,9,244.04,0.41,0.25,305.05,76
13177,3080,2,3126.68,0.36,0.25,3908.35,98
13178,3080,1,3050.42,0.32,0.25,3813.02,96
13179,3080,7,2993.22,0.31,0.25,3741.52,12
13180,3080,10,3355.46,0.36,0.25,4194.32,28
13181,1524,5,708.68,0.11,0.25,885.85,64
13182,1524,3,717.88,0.13,0.25,897.35,67
13183,1524,4,782.31,0.46,0.25,977.89,55
13184,1524,1,796.11,0.36,0.25,995.14,54
13185,3863,6,749.89,0.34,0.25,937.36,22
13186,3863,8,851.49,0.39,0.25,1064.36,89
13187,3863,4,875.68,0.47,0.25,1094.6,72
13188,3863,9,817.62,0.32,0.25,1022.02,53
13189,3834,4,1914.42,0.34,0.25,2393.02,36
13190,3834,3,1961.98,0.13,0.25,2452.48,39
13191,3834,7,2021.44,0.37,0.25,2526.8,67
13192,3834,1,1950.09,0.4,0.25,2437.61,100
13193,265,1,33.44,0.49,0.25,41.8,70
13194,265,2,31.34,0.44,0.25,39.17,68
13195,265,10,29.81,0.36,0.25,37.26,11
13196,265,3,31.15,0.11,0.25,38.94,93
13197,265,4,31.15,0.36,0.25,38.94,37
13198,265,7,35.35,0.48,0.25,44.19,31
13199,1219,10,166.92,0.36,0.25,208.65,10
13200,1219,2,157.38,0.36,0.25,196.72,43
13201,1219,4,162.15,0.42,0.25,202.69,44
13202,1219,5,149.75,0.13,0.25,187.19,72
13203,2831,2,281.89,0.33,0.25,352.36,78
13204,2831,5,288.72,0.14,0.25,360.9,65
13205,2831,7,275.05,0.34,0.25,343.81,83
13206,2831,6,314.35,0.44,0.25,392.94,46
13207,2831,10,287.01,0.43,0.25,358.76,37
13208,3083,3,8782.1,0.13,0.25,10977.62,63
13209,3083,5,8626.21,0.13,0.25,10782.76,80
13210,3083,10,8886.03,0.39,0.25,11107.54,43
13211,3083,8,9301.75,0.48,0.25,11627.19,51
13212,4285,10,2335.33,0.34,0.25,2919.16,95
13213,4285,5,2222.1,0.12,0.25,2777.62,27
13214,4285,6,2250.41,0.35,0.25,2813.01,99
13215,4285,3,2179.64,0.11,0.25,2724.55,97
13216,132,4,170.64,0.45,0.25,213.3,68
13217,132,6,165.53,0.38,0.25,206.91,11
13218,132,9,171.66,0.46,0.25,214.58,25
13219,132,2,158.38,0.3,0.25,197.98,34
13220,1226,6,42.66,0.47,0.25,53.32,26
13221,1226,10,44.94,0.44,0.25,56.18,95
13222,1226,8,41.39,0.41,0.25,51.74,88
13223,1226,1,44.69,0.48,0.25,55.86,28
13224,1226,9,42.91,0.47,0.25,53.64,66
13225,1226,2,44.94,0.48,0.25,56.18,27
13226,5182,10,362.92,0.5,0.25,453.65,49
13227,5182,6,346.32,0.46,0.25,432.9,61
13228,5182,7,356.69,0.34,0.25,445.86,13
13229,1002,10,236.05,0.38,0.25,295.06,72
13230,1002,4,210.71,0.36,0.25,263.39,26
13231,1002,2,237.38,0.49,0.25,296.73,96
13232,5119,3,142.7,0.14,0.25,178.38,29
13233,5119,7,155.19,0.41,0.25,193.99,45
13234,5119,9,148.06,0.35,0.25,185.08,49
13235,5119,4,149.84,0.44,0.25,187.3,61
13236,246,1,166.03,0.41,0.25,207.54,46
13237,246,6,184.37,0.43,0.25,230.46,17
13238,246,2,172.14,0.4,0.25,215.18,32
13239,1497,4,67.46,0.4,0.25,84.32,12
13240,1497,6,72.04,0.49,0.25,90.05,82
13241,1497,10,73.7,0.43,0.25,92.12,15
13242,1497,9,66.62,0.36,0.25,83.28,18
13243,1497,5,72.45,0.15,0.25,90.56,31
13244,1497,8,68.71,0.39,0.25,85.89,14
13245,4333,10,878.19,0.48,0.25,1097.74,80
13246,4333,1,757.56,0.31,0.25,946.95,50
13247,4333,9,873.36,0.46,0.25,1091.7,50
13248,740,7,19.35,0.48,0.25,24.19,48
13249,740,4,17.11,0.34,0.25,21.39,82
13250,740,10,17.43,0.41,0.25,21.79,61
13251,4438,1,1754.88,0.48,0.25,2193.6,72
13252,4438,6,1556.59,0.35,0.25,1945.74,50
13253,4438,7,1546.68,0.33,0.25,1933.35,75
13254,4438,2,1665.65,0.43,0.25,2082.06,92
13255,1311,9,68.5,0.47,0.25,85.62,45
13256,1311,8,64.78,0.4,0.25,80.97,10
13257,1311,5,60.68,0.1,0.25,75.85,47
13258,1311,2,62.55,0.31,0.25,78.19,59
13259,3414,7,3930.21,0.42,0.25,4912.76,44
13260,3414,5,3491.08,0.13,0.25,4363.85,25
13261,3414,4,3776.52,0.35,0.25,4720.65,62
13262,3414,8,3754.56,0.4,0.25,4693.2,10
13263,3002,1,292.45,0.35,0.25,365.56,13
13264,3002,7,305.58,0.3,0.25,381.98,57
13265,3002,10,331.82,0.45,0.25,414.78,18
13266,3210,9,485.1,0.38,0.25,606.38,92
13267,3210,5,497.01,0.12,0.25,621.26,27
13268,3210,10,541.65,0.46,0.25,677.06,45
13269,155,4,377.1,0.35,0.25,471.38,36
13270,155,10,409.69,0.44,0.25,512.11,43
13271,155,9,428.32,0.48,0.25,535.4,80
13272,155,6,414.35,0.45,0.25,517.94,66
13273,155,2,407.36,0.44,0.25,509.2,91
13274,155,3,391.07,0.14,0.25,488.84,14
13275,3956,9,466.19,0.38,0.25,582.74,85
13276,3956,4,505.98,0.46,0.25,632.48,92
13277,3956,3,471.87,0.13,0.25,589.84,38
13278,867,10,19.4,0.46,0.25,24.25,77
13279,867,6,19.4,0.32,0.25,24.25,11
13280,867,9,18.83,0.34,0.25,23.54,17
13281,867,5,19.17,0.13,0.25,23.96,25
13282,87,5,1357.44,0.11,0.25,1696.8,91
13283,87,1,1506.43,0.47,0.25,1883.04,58
13284,87,3,1332.61,0.11,0.25,1665.76,36
13285,87,2,1481.6,0.45,0.25,1852.0,88
13286,87,10,1415.38,0.36,0.25,1769.22,99
13287,87,6,1274.67,0.34,0.25,1593.34,52
13288,2266,7,68.41,0.41,0.25,85.51,39
13289,2266,5,61.8,0.15,0.25,77.25,83
13290,2266,1,64.52,0.43,0.25,80.65,100
13291,104,9,264.3,0.41,0.25,330.38,49
13292,104,10,267.5,0.45,0.25,334.38,31
13293,104,6,262.7,0.4,0.25,328.38,50
13294,3461,3,3338.28,0.1,0.25,4172.85,62
13295,3461,6,3957.3,0.46,0.25,4946.62,60
13296,3461,5,3559.36,0.1,0.25,4449.2,55
13297,3461,9,3692.0,0.38,0.25,4615.0,22
13298,3461,10,3824.65,0.39,0.25,4780.81,26
13299,2593,9,190.64,0.49,0.25,238.3,25
13300,2593,1,179.75,0.39,0.25,224.69,66
13301,2593,2,188.47,0.47,0.25,235.59,65
13302,2593,6,189.56,0.45,0.25,236.95,68
13303,2593,4,186.29,0.42,0.25,232.86,97
13304,2593,8,199.36,0.44,0.25,249.2,96
13305,3666,1,1696.08,0.34,0.25,2120.1,61
13306,3666,7,1716.64,0.31,0.25,2145.8,100
13307,3666,8,1788.6,0.48,0.25,2235.75,50
13308,3666,6,1716.64,0.45,0.25,2145.8,43
13309,3131,6,2914.32,0.32,0.25,3642.9,63
13310,3131,2,2897.28,0.33,0.25,3621.6,28
13311,3131,3,2675.72,0.11,0.25,3344.65,85
13312,3131,10,2812.06,0.39,0.25,3515.08,92
13313,3131,5,2880.23,0.12,0.25,3600.29,57
13314,3131,4,2726.85,0.3,0.25,3408.56,98
13315,4278,2,2614.99,0.49,0.25,3268.74,14
13316,4278,5,2111.57,0.11,0.25,2639.46,24
13317,4278,1,2279.38,0.41,0.25,2849.23,50
13318,4278,3,2125.55,0.12,0.25,2656.94,90
13319,4278,8,2377.26,0.49,0.25,2971.58,44
13320,1327,7,123.85,0.43,0.25,154.81,41
13321,1327,10,122.46,0.49,0.25,153.07,40
13322,1327,4,121.07,0.47,0.25,151.34,60
13323,1707,9,62.78,0.34,0.25,78.47,86
13324,1707,8,67.58,0.46,0.25,84.48,50
13325,1707,6,65.58,0.31,0.25,81.98,34
13326,954,4,87.11,0.4,0.25,108.89,60
13327,954,5,80.06,0.14,0.25,100.08,87
13328,954,6,81.06,0.3,0.25,101.32,38
13329,954,3,80.06,0.14,0.25,100.08,27
13330,1554,6,590.21,0.35,0.25,737.76,11
13331,1554,9,637.87,0.46,0.25,797.34,60
13332,1554,2,590.21,0.32,0.25,737.76,32
13333,2989,9,273.38,0.3,0.25,341.72,73
13334,2989,1,316.92,0.44,0.25,396.15,44
13335,2989,3,269.9,0.1,0.25,337.38,90
13336,2989,7,308.21,0.39,0.25,385.26,49
13337,2057,6,6.57,0.31,0.25,8.21,37
13338,2057,7,6.37,0.3,0.25,7.96,12
13339,2057,9,7.16,0.49,0.25,8.95,89
13340,2703,7,269.07,0.41,0.25,336.34,16
13341,2703,2,282.11,0.44,0.25,352.64,27
13342,2703,1,269.07,0.4,0.25,336.34,51
13343,2703,6,277.22,0.47,0.25,346.52,26
13344,2764,8,294.81,0.47,0.25,368.51,63
13345,2764,3,246.48,0.12,0.25,308.1,57
13346,2764,7,252.93,0.33,0.25,316.16,45
13347,3103,1,4475.92,0.33,0.25,5594.9,77
13348,3103,5,4766.56,0.13,0.25,5958.2,76
13349,3103,9,4708.43,0.31,0.25,5885.54,42
13350,3141,4,6967.45,0.49,0.25,8709.31,74
13351,3141,2,6396.35,0.46,0.25,7995.44,80
13352,3141,1,6434.42,0.39,0.25,8043.02,29
13353,3141,3,6244.05,0.13,0.25,7805.06,87
13354,3141,9,6853.23,0.49,0.25,8566.54,29
13355,3141,8,6777.08,0.45,0.25,8471.35,75
13356,3502,10,7134.22,0.31,0.25,8917.78,70
13357,3502,4,7864.83,0.46,0.25,9831.04,47
13358,3502,7,7134.22,0.37,0.25,8917.78,37
13359,3502,6,6962.31,0.33,0.25,8702.89,42
13360,3502,5,7349.1,0.12,0.25,9186.38,46
13361,3502,2,7349.1,0.41,0.25,9186.38,20
13362,4143,3,1720.47,0.14,0.25,2150.59,78
13363,4143,2,1853.6,0.44,0.25,2317.0,58
13364,4143,1,1730.71,0.33,0.25,2163.39,82
13365,105,9,264.62,0.46,0.25,330.78,88
13366,105,4,260.01,0.36,0.25,325.01,86
13367,105,7,281.55,0.47,0.25,351.94,41
13368,105,5,244.62,0.14,0.25,305.77,42
13369,4374,6,1838.95,0.38,0.25,2298.69,25
13370,4374,10,1906.64,0.45,0.25,2383.3,38
13371,4374,8,1838.95,0.4,0.25,2298.69,89
13372,4374,2,1906.64,0.38,0.25,2383.3,42
13373,4374,3,1929.2,0.14,0.25,2411.5,95
13374,4374,7,1985.61,0.39,0.25,2482.01,88
13375,3508,2,5239.08,0.44,0.25,6548.85,30
13376,3508,4,5209.81,0.41,0.25,6512.26,64
13377,3508,7,4975.66,0.49,0.25,6219.58,44
13378,3508,5,5063.47,0.13,0.25,6329.34,63
13379,3508,8,5092.74,0.41,0.25,6365.92,64
13380,3508,10,5034.2,0.38,0.25,6292.75,36
13381,252,6,304.49,0.42,0.25,380.61,68
13382,252,9,307.91,0.46,0.25,384.89,77
13383,252,8,302.78,0.38,0.25,378.48,46
13384,252,4,307.91,0.42,0.25,384.89,12
13385,252,7,318.17,0.47,0.25,397.71,22
13386,267,4,275.64,0.49,0.25,344.55,71
13387,267,10,261.78,0.34,0.25,327.22,92
13388,267,9,263.32,0.33,0.25,329.15,43
13389,267,3,251.0,0.12,0.25,313.75,72
13390,1750,6,307.85,0.35,0.25,384.81,23
13391,1750,4,327.53,0.48,0.25,409.41,63
13392,1750,10,306.06,0.48,0.25,382.58,90
13393,1750,7,282.79,0.36,0.25,353.49,80
13394,1750,1,325.74,0.46,0.25,407.18,72
13395,5162,4,26.68,0.49,0.25,33.35,13
13396,5162,1,26.68,0.39,0.25,33.35,54
13397,5162,9,25.93,0.41,0.25,32.41,98
13398,5162,3,24.88,0.11,0.25,31.1,91
13399,5162,6,24.88,0.42,0.25,31.1,59
13400,5162,7,26.68,0.46,0.25,33.35,24
13401,5223,4,638.99,0.4,0.25,798.74,76
13402,5223,8,694.56,0.42,0.25,868.2,92
13403,5223,5,658.84,0.13,0.25,823.55,89
13404,5223,3,623.12,0.14,0.25,778.9,77
13405,3118,1,1625.75,0.38,0.25,2032.19,84
13406,3118,9,1705.05,0.49,0.25,2131.31,77
13407,3118,5,1695.14,0.12,0.25,2118.93,78
13408,3118,4,1824.01,0.48,0.25,2280.01,27
13409,2205,7,31.56,0.49,0.25,39.45,46
13410,2205,3,26.88,0.13,0.25,33.6,55
13411,2205,6,29.48,0.44,0.25,36.85,85
13412,2205,8,29.82,0.38,0.25,37.28,42
13413,2205,4,29.82,0.46,0.25,37.28,84
13414,2205,2,30.0,0.39,0.25,37.5,84
13415,986,5,193.57,0.14,0.25,241.96,20
13416,986,9,181.98,0.33,0.25,227.48,10
13417,986,6,193.57,0.34,0.25,241.96,22
13418,4571,4,186.47,0.32,0.25,233.09,39
13419,4571,7,188.71,0.31,0.25,235.89,42
13420,4571,8,197.7,0.42,0.25,247.12,93
13421,4571,6,185.34,0.36,0.25,231.68,15
13422,4571,9,201.07,0.43,0.25,251.34,51
13423,4571,10,198.82,0.49,0.25,248.52,39
13424,676,3,66.19,0.13,0.25,82.74,14
13425,676,9,68.3,0.4,0.25,85.38,65
13426,676,6,77.15,0.48,0.25,96.44,76
13427,676,1,74.2,0.4,0.25,92.75,23
13428,676,4,72.52,0.41,0.25,90.65,32
13429,3432,7,7579.72,0.35,0.25,9474.65,59
13430,3432,5,7626.8,0.14,0.25,9533.5,64
13431,3432,3,7768.04,0.11,0.25,9710.05,77
13432,3432,1,8144.67,0.47,0.25,10180.84,82
13433,3432,9,7768.03,0.39,0.25,9710.04,57
13434,3432,8,7344.32,0.36,0.25,9180.4,35
13435,879,1,8.66,0.43,0.25,10.82,91
13436,879,5,8.45,0.13,0.25,10.56,36
13437,879,4,8.4,0.35,0.25,10.5,47
13438,4210,7,1837.58,0.38,0.25,2296.98,38
13439,4210,2,1740.87,0.34,0.25,2176.09,55
13440,4210,6,1945.04,0.44,0.25,2431.3,55
13441,4210,4,1687.14,0.35,0.25,2108.93,22
13442,5240,9,93.4,0.3,0.25,116.75,34
13443,5240,8,99.86,0.41,0.25,124.82,97
13444,5240,10,105.73,0.45,0.25,132.16,13
13445,5240,3,89.28,0.11,0.25,111.6,39
13446,5240,7,99.86,0.49,0.25,124.82,75
13447,1534,3,639.85,0.11,0.25,799.81,64
13448,1534,6,678.39,0.48,0.25,847.99,15
13449,1534,4,628.28,0.43,0.25,785.35,55
13450,1534,9,651.41,0.43,0.25,814.26,77
13451,1534,2,709.23,0.45,0.25,886.54,82
13452,1534,10,605.16,0.3,0.25,756.45,28
13453,3601,9,3432.27,0.36,0.25,4290.34,50
13454,3601,1,3540.2,0.32,0.25,4425.25,84
13455,3601,6,3561.79,0.45,0.25,4452.24,63
13456,3601,2,3734.48,0.37,0.25,4668.1,65
13457,3996,1,2200.63,0.37,0.25,2750.79,42
13458,3996,8,2267.73,0.4,0.25,2834.66,18
13459,3996,5,2066.45,0.13,0.25,2583.06,29
13460,3996,10,2133.54,0.32,0.25,2666.92,76
13461,3996,2,2334.82,0.49,0.25,2918.52,69
13462,3996,9,2388.49,0.46,0.25,2985.61,96
13463,3243,4,7004.74,0.41,0.25,8755.92,93
13464,3243,1,7384.51,0.37,0.25,9230.64,48
13465,3243,7,7173.52,0.43,0.25,8966.9,84
13466,4399,1,1944.03,0.49,0.25,2430.04,14
13467,4399,10,2023.61,0.44,0.25,2529.51,40
13468,4399,8,1818.98,0.35,0.25,2273.72,11
13469,4220,10,2396.05,0.42,0.25,2995.06,73
13470,4220,4,2326.39,0.31,0.25,2907.99,56
13471,4220,5,2284.6,0.11,0.25,2855.75,52
13472,4220,7,2451.77,0.43,0.25,3064.71,49
13473,4220,9,2201.02,0.35,0.25,2751.28,83
13474,1656,5,717.67,0.14,0.25,897.09,100
13475,1656,3,713.32,0.11,0.25,891.65,68
13476,1656,10,678.52,0.35,0.25,848.15,27
13477,2841,3,265.77,0.11,0.25,332.21,64
13478,2841,2,289.32,0.39,0.25,361.65,88
13479,2841,1,296.05,0.43,0.25,370.06,63
13480,2841,5,274.18,0.12,0.25,342.72,53
13481,2841,8,289.32,0.47,0.25,361.65,79
13482,2841,10,301.1,0.46,0.25,376.38,22
13483,3065,9,4388.51,0.45,0.25,5485.64,10
13484,3065,5,3898.17,0.11,0.25,4872.71,33
13485,3065,6,4265.92,0.37,0.25,5332.4,50
13486,3065,3,3898.17,0.13,0.25,4872.71,95
13487,3065,10,3922.69,0.37,0.25,4903.36,22
13488,1704,2,414.47,0.38,0.25,518.09,52
13489,1704,1,412.01,0.34,0.25,515.01,19
13490,1704,10,407.07,0.34,0.25,508.84,11
13491,1704,9,436.68,0.47,0.25,545.85,57
13492,479,2,361.6,0.49,0.25,452.0,51
13493,479,7,332.67,0.38,0.25,415.84,71
13494,479,10,343.01,0.37,0.25,428.76,24
13495,479,1,345.07,0.42,0.25,431.34,80
13496,3769,1,3219.62,0.41,0.25,4024.52,53
13497,3769,6,3237.91,0.5,0.25,4047.39,62
13498,3769,10,3000.1,0.3,0.25,3750.12,39
13499,3769,3,2945.22,0.15,0.25,3681.52,95
13500,1904,4,28.27,0.41,0.25,35.34,30
13501,1904,3,27.27,0.13,0.25,34.09,88
13502,1904,10,28.76,0.39,0.25,35.95,76
13503,2166,5,27.61,0.1,0.25,34.51,88
13504,2166,10,26.93,0.35,0.25,33.66,23
13505,2166,2,30.53,0.42,0.25,38.16,98
13506,4983,7,775.87,0.47,0.25,969.84,26
13507,4983,3,682.59,0.13,0.25,853.24,37
13508,4983,10,746.19,0.47,0.25,932.74,30
13509,4983,9,674.11,0.33,0.25,842.64,35
13510,4983,4,741.95,0.43,0.25,927.44,61
13511,3160,10,1782.71,0.48,0.25,2228.39,21
13512,3160,8,1720.88,0.35,0.25,2151.1,14
13513,3160,3,1556.01,0.1,0.25,1945.01,51
13514,3160,1,1875.46,0.48,0.25,2344.32,18
13515,3160,9,1720.88,0.31,0.25,2151.1,28
13516,3160,6,1720.88,0.3,0.25,2151.1,41
13517,2979,8,293.18,0.49,0.25,366.48,100
13518,2979,9,284.99,0.47,0.25,356.24,32
13519,2979,1,262.06,0.38,0.25,327.58,43
13520,2979,6,298.1,0.47,0.25,372.62,33
13521,2979,5,271.89,0.11,0.25,339.86,60
13522,2979,3,253.87,0.13,0.25,317.34,88
13523,5146,8,447.09,0.33,0.25,558.86,57
13524,5146,10,512.18,0.47,0.25,640.22,15
13525,5146,6,458.41,0.37,0.25,573.01,91
13526,3435,3,4568.83,0.14,0.25,5711.04,37
13527,3435,4,4812.14,0.49,0.25,6015.18,17
13528,3435,6,4704.0,0.44,0.25,5880.0,81
13529,3435,7,4731.04,0.36,0.25,5913.8,24
13530,3435,9,4352.55,0.4,0.25,5440.69,38
13531,376,3,288.18,0.13,0.25,360.22,100
13532,376,7,281.36,0.36,0.25,351.7,28
13533,376,4,276.24,0.35,0.25,345.3,46
13534,376,9,288.18,0.35,0.25,360.22,93
13535,376,8,269.42,0.38,0.25,336.78,22
13536,376,2,289.88,0.47,0.25,362.35,21
13537,3295,7,5441.16,0.4,0.25,6801.45,49
13538,3295,3,4761.02,0.12,0.25,5951.28,56
13539,3295,1,5502.99,0.43,0.25,6878.74,47
13540,3295,2,5101.09,0.44,0.25,6376.36,19
13541,3295,10,5162.92,0.34,0.25,6453.65,16
13542,3295,6,5286.58,0.46,0.25,6608.22,77
13543,42,6,161.46,0.44,0.25,201.82,42
13544,42,5,136.76,0.13,0.25,170.95,46
13545,42,4,153.52,0.49,0.25,191.9,32
13546,3315,5,7430.81,0.12,0.25,9288.51,65
13547,3315,9,8012.74,0.41,0.25,10015.92,78
13548,3315,2,6983.17,0.31,0.25,8728.96,81
13549,3315,8,7878.45,0.43,0.25,9848.06,45
13550,2695,3,127.51,0.12,0.25,159.39,25
13551,2695,6,124.39,0.35,0.25,155.49,93
13552,2695,9,132.21,0.31,0.25,165.26,15
13553,2695,10,134.56,0.36,0.25,168.2,70
13554,586,4,42.81,0.45,0.25,53.51,17
13555,586,3,43.06,0.12,0.25,53.82,49
13556,586,7,40.53,0.34,0.25,50.66,84
13557,586,9,40.53,0.34,0.25,50.66,24
13558,586,5,40.27,0.14,0.25,50.34,12
13559,58,5,921.86,0.1,0.25,1152.32,33
13560,58,9,1061.36,0.42,0.25,1326.7,64
13561,58,2,952.19,0.33,0.25,1190.24,79
13562,58,6,1055.29,0.48,0.25,1319.11,11
13563,58,3,1043.16,0.13,0.25,1303.95,24
13564,58,4,1031.03,0.5,0.25,1288.79,67
13565,4032,6,2124.76,0.37,0.25,2655.95,45
13566,4032,3,2059.18,0.12,0.25,2573.98,80
13567,4032,7,2111.64,0.35,0.25,2639.55,57
13568,3901,2,2787.03,0.39,0.25,3483.79,84
13569,3901,1,2803.14,0.4,0.25,3503.92,99
13570,3901,6,2722.59,0.4,0.25,3403.24,91
13571,1315,6,26.26,0.46,0.25,32.83,67
13572,1315,4,25.81,0.48,0.25,32.26,87
13573,1315,7,25.35,0.33,0.25,31.69,82
13574,1315,8,25.65,0.31,0.25,32.06,45
13575,1315,3,25.65,0.1,0.25,32.06,26
13576,4681,5,258.28,0.12,0.25,322.85,52
13577,4681,8,266.61,0.31,0.25,333.26,31
13578,4681,9,276.61,0.41,0.25,345.76,48
13579,4681,6,276.61,0.31,0.25,345.76,90
13580,2493,6,75.86,0.36,0.25,94.82,37
13581,2493,2,71.82,0.32,0.25,89.78,20
13582,2493,4,82.15,0.47,0.25,102.69,78
13583,2493,5,69.13,0.13,0.25,86.41,15
13584,2493,9,77.66,0.47,0.25,97.07,31
13585,4397,5,85.96,0.13,0.25,107.45,67
13586,4397,9,96.07,0.35,0.25,120.09,27
13587,4397,7,92.14,0.42,0.25,115.18,29
13588,4397,10,99.44,0.38,0.25,124.3,16
13589,3218,4,6710.01,0.45,0.25,8387.51,65
13590,3218,7,6592.98,0.33,0.25,8241.22,88
13591,3218,3,6514.95,0.13,0.25,8143.69,28
13592,3218,2,6007.8,0.33,0.25,7509.75,14
13593,3218,5,6007.8,0.1,0.25,7509.75,50
13594,5239,10,304.31,0.47,0.25,380.39,83
13595,5239,8,276.5,0.48,0.25,345.62,60
13596,5239,9,291.23,0.44,0.25,364.04,74
13597,5239,7,279.77,0.34,0.25,349.71,92
13598,5239,1,258.5,0.31,0.25,323.12,96
13599,3,8,470.3,0.46,0.25,587.88,93
13600,3,10,470.3,0.46,0.25,587.88,69
13601,3,1,462.1,0.41,0.25,577.62,77
13602,3,5,421.08,0.13,0.25,526.35,60
13603,1406,3,94.13,0.12,0.25,117.66,38
13604,1406,1,99.09,0.38,0.25,123.86,99
13605,1406,2,113.95,0.46,0.25,142.44,53
13606,1406,9,105.9,0.36,0.25,132.38,18
13607,725,10,9.63,0.43,0.25,12.04,34
13608,725,6,8.83,0.41,0.25,11.04,19
13609,725,3,9.04,0.13,0.25,11.3,65
13610,78,5,528.39,0.13,0.25,660.49,52
13611,78,10,589.76,0.48,0.25,737.2,73
13612,78,1,576.12,0.47,0.25,720.15,58
13613,78,3,572.71,0.12,0.25,715.89,80
13614,78,6,562.48,0.36,0.25,703.1,53
13615,1486,2,36.14,0.4,0.25,45.18,84
13616,1486,3,35.51,0.14,0.25,44.39,91
13617,1486,7,37.18,0.4,0.25,46.48,90
13618,1486,6,37.39,0.45,0.25,46.74,71
13619,1486,1,34.26,0.31,0.25,42.82,91
13620,1486,5,32.38,0.15,0.25,40.48,82
13621,853,3,67.62,0.11,0.25,84.52,11
13622,853,7,72.01,0.35,0.25,90.01,50
13623,853,2,71.13,0.38,0.25,88.91,65
13624,853,8,70.7,0.3,0.25,88.38,34
13625,3598,4,5460.54,0.39,0.25,6825.68,85
13626,3598,8,6274.53,0.46,0.25,7843.16,95
13627,3598,7,6037.12,0.44,0.25,7546.4,51
13628,744,10,20.51,0.42,0.25,25.64,11
13629,744,7,20.17,0.36,0.25,25.21,49
13630,744,8,19.71,0.39,0.25,24.64,91
13631,744,6,19.6,0.4,0.25,24.5,11
13632,5137,4,598.47,0.46,0.25,748.09,72
13633,5137,9,568.21,0.31,0.25,710.26,32
13634,5137,5,527.87,0.13,0.25,659.84,86
13635,2728,2,131.16,0.39,0.25,163.95,28
13636,2728,7,126.42,0.36,0.25,158.02,56
13637,2728,9,141.43,0.47,0.25,176.79,47
13638,2728,4,134.32,0.43,0.25,167.9,45
13639,2728,8,133.53,0.45,0.25,166.91,31
13640,1695,2,210.68,0.4,0.25,263.35,95
13641,1695,4,233.94,0.42,0.25,292.42,58
13642,1695,7,224.9,0.37,0.25,281.12,92
13643,1695,5,219.73,0.12,0.25,274.66,61
13644,1695,6,211.97,0.31,0.25,264.96,86
13645,1774,5,336.69,0.11,0.25,420.86,18
13646,1774,1,393.17,0.5,0.25,491.46,72
13647,1774,10,362.76,0.38,0.25,453.45,10
13648,1774,8,349.72,0.31,0.25,437.15,18
13649,1774,3,334.52,0.12,0.25,418.15,38
13650,1782,8,512.68,0.4,0.25,640.85,100
13651,1782,4,486.75,0.37,0.25,608.44,89
13652,1782,6,486.75,0.39,0.25,608.44,88
13653,1782,2,460.83,0.38,0.25,576.04,36
13654,3106,8,6799.4,0.37,0.25,8499.25,93
13655,3106,3,7095.03,0.1,0.25,8868.79,82
13656,3106,5,7221.72,0.15,0.25,9027.15,85
13657,3106,4,6883.86,0.31,0.25,8604.82,24
13658,4856,9,576.18,0.4,0.25,720.22,56
13659,4856,8,529.28,0.3,0.25,661.6,35
13660,4856,7,619.73,0.49,0.25,774.66,86
13661,3617,7,448.06,0.37,0.25,560.08,98
13662,3617,9,456.11,0.36,0.25,570.14,43
13663,3617,4,453.43,0.3,0.25,566.79,52
13664,3617,6,456.11,0.44,0.25,570.14,76
13665,3672,5,9166.51,0.13,0.25,11458.14,75
13666,3672,9,9005.69,0.38,0.25,11257.11,100
13667,3672,8,8576.85,0.34,0.25,10721.06,57
13668,4732,7,592.64,0.34,0.25,740.8,98
13669,4732,9,614.06,0.44,0.25,767.58,64
13670,4732,6,578.36,0.39,0.25,722.95,17
13671,409,4,309.97,0.4,0.25,387.46,81
13672,409,8,313.84,0.42,0.25,392.3,82
13673,409,3,302.22,0.12,0.25,377.78,36
13674,2944,3,124.14,0.11,0.25,155.18,49
13675,2944,1,137.94,0.48,0.25,172.42,33
13676,2944,6,131.45,0.33,0.25,164.31,100
13677,2944,10,137.13,0.36,0.25,171.41,16
13678,2170,9,22.25,0.48,0.25,27.81,89
13679,2170,8,19.34,0.3,0.25,24.18,46
13680,2170,4,20.19,0.35,0.25,25.24,38
13681,2170,6,21.4,0.4,0.25,26.75,89
13682,2170,7,21.52,0.43,0.25,26.9,96
13683,5217,8,149.59,0.39,0.25,186.99,48
13684,5217,9,140.99,0.38,0.25,176.24,39
13685,5217,5,148.73,0.15,0.25,185.91,53
13686,3756,8,8624.58,0.39,0.25,10780.72,30
13687,3756,7,8992.7,0.36,0.25,11240.88,33
13688,3756,1,9413.41,0.5,0.25,11766.76,49
13689,3756,2,8677.17,0.39,0.25,10846.46,85
13690,3756,9,9886.71,0.49,0.25,12358.39,12
13691,1502,4,132.0,0.47,0.25,165.0,10
13692,1502,9,130.49,0.4,0.25,163.11,74
13693,1502,3,128.23,0.14,0.25,160.29,42
13694,1502,10,128.23,0.41,0.25,160.29,81
13695,1502,8,135.77,0.48,0.25,169.71,87
13696,1502,7,128.99,0.31,0.25,161.24,74
13697,4908,10,714.63,0.4,0.25,893.29,74
13698,4908,5,650.4,0.14,0.25,813.0,94
13699,4908,7,694.56,0.4,0.25,868.2,95
13700,4908,3,674.49,0.14,0.25,843.11,38
13701,4908,8,710.62,0.39,0.25,888.28,47
13702,4908,4,726.68,0.43,0.25,908.35,24
13703,206,3,931.3,0.11,0.25,1164.12,67
13704,206,9,1046.95,0.34,0.25,1308.69,74
13705,206,1,1046.95,0.46,0.25,1308.69,72
13706,206,2,1004.34,0.31,0.25,1255.42,42
13707,3252,2,7402.76,0.49,0.25,9253.45,94
13708,3252,6,7648.15,0.48,0.25,9560.19,92
13709,3252,3,7075.56,0.15,0.25,8844.45,41
13710,3252,5,6543.87,0.14,0.25,8179.84,81
13711,971,10,272.55,0.47,0.25,340.69,20
13712,971,7,243.94,0.33,0.25,304.92,32
13713,971,6,260.5,0.38,0.25,325.62,91
13714,971,8,246.95,0.44,0.25,308.69,44
13715,971,9,266.53,0.41,0.25,333.16,60
13716,971,1,269.54,0.42,0.25,336.92,15
13717,3543,7,1563.21,0.37,0.25,1954.01,68
13718,3543,1,1619.71,0.42,0.25,2024.64,35
13719,3543,9,1591.46,0.32,0.25,1989.32,57
13720,3543,5,1487.87,0.1,0.25,1859.84,54
13721,1794,2,46.25,0.42,0.25,57.81,94
13722,1794,10,45.48,0.5,0.25,56.85,37
13723,1794,6,44.19,0.43,0.25,55.24,17
13724,1629,1,163.07,0.47,0.25,203.84,42
13725,1629,7,175.46,0.45,0.25,219.32,63
13726,1629,3,154.48,0.15,0.25,193.1,14
13727,1629,5,146.85,0.14,0.25,183.56,43
13728,1629,10,174.51,0.49,0.25,218.14,33
13729,2022,6,26.95,0.49,0.25,33.69,75
13730,2022,3,25.69,0.1,0.25,32.11,30
13731,2022,5,27.26,0.13,0.25,34.08,44
13732,2022,9,26.95,0.36,0.25,33.69,10
13733,1565,1,491.87,0.37,0.25,614.84,50
13734,1565,7,511.89,0.45,0.25,639.86,60
13735,1565,6,494.73,0.38,0.25,618.41,76
13736,1565,8,517.61,0.43,0.25,647.01,50
13737,1565,2,466.13,0.38,0.25,582.66,72
13738,1709,3,757.25,0.11,0.25,946.56,30
13739,1709,5,776.06,0.11,0.25,970.08,78
13740,1709,2,827.8,0.48,0.25,1034.75,73
13741,1709,4,752.54,0.34,0.25,940.68,45
13742,1964,1,2.47,0.39,0.25,3.09,30
13743,1964,9,2.41,0.31,0.25,3.01,43
13744,1964,7,2.48,0.42,0.25,3.1,11
13745,1964,4,2.54,0.5,0.25,3.18,27
13746,1964,5,2.26,0.1,0.25,2.82,84
13747,5302,5,553.1,0.13,0.25,691.38,21
13748,5302,10,569.08,0.5,0.25,711.35,32
13749,5302,2,537.11,0.32,0.25,671.39,63
13750,5302,9,533.92,0.34,0.25,667.4,48
13751,2519,4,109.16,0.43,0.25,136.45,24
13752,2519,1,113.03,0.44,0.25,141.29,27
13753,2519,5,108.51,0.14,0.25,135.64,60
13754,2519,3,107.87,0.14,0.25,134.84,56
13755,2361,9,86.59,0.35,0.25,108.24,64
13756,2361,8,86.07,0.41,0.25,107.59,26
13757,2361,4,96.38,0.49,0.25,120.48,54
13758,2776,1,241.72,0.35,0.25,302.15,10
13759,2776,9,243.16,0.34,0.25,303.95,70
13760,2776,10,222.9,0.34,0.25,278.62,56
13761,2776,7,266.32,0.44,0.25,332.9,23
13762,2776,5,230.14,0.12,0.25,287.67,67
13763,3965,8,800.08,0.36,0.25,1000.1,18
13764,3965,3,784.89,0.12,0.25,981.11,59
13765,3965,6,830.46,0.38,0.25,1038.08,81
13766,3965,2,881.1,0.39,0.25,1101.38,41
13767,3965,5,789.95,0.14,0.25,987.44,57
13768,3965,9,860.85,0.38,0.25,1076.06,50
13769,2303,4,153.08,0.44,0.25,191.35,88
13770,2303,3,149.44,0.13,0.25,186.8,56
13771,2303,8,168.57,0.49,0.25,210.71,37
13772,2303,6,160.37,0.46,0.25,200.46,36
13773,2303,5,145.79,0.12,0.25,182.24,61
13774,3591,4,8034.12,0.47,0.25,10042.65,25
13775,3591,6,7545.86,0.46,0.25,9432.32,61
13776,3591,8,7945.34,0.41,0.25,9931.67,70
13777,3591,2,7190.76,0.38,0.25,8988.45,68
13778,3591,5,7412.7,0.12,0.25,9265.88,82
13779,692,5,33.67,0.12,0.25,42.09,62
13780,692,10,32.69,0.43,0.25,40.86,83
13781,692,6,32.88,0.44,0.25,41.1,62
13782,692,9,30.52,0.32,0.25,38.15,35
13783,4450,9,814.46,0.46,0.25,1018.08,83
13784,4450,5,739.62,0.11,0.25,924.52,85
13785,4450,3,730.82,0.15,0.25,913.53,27
13786,4450,10,801.26,0.45,0.25,1001.58,95
13787,4450,7,827.67,0.49,0.25,1034.59,13
13788,1560,1,138.44,0.45,0.25,173.05,70
13789,1560,8,140.75,0.43,0.25,175.94,64
13790,1560,4,131.52,0.36,0.25,164.4,90
13791,1560,3,126.9,0.15,0.25,158.62,66
13792,1560,7,126.9,0.43,0.25,158.62,93
13793,932,5,192.13,0.12,0.25,240.16,20
13794,932,9,225.34,0.5,0.25,281.68,27
13795,932,10,206.36,0.5,0.25,257.95,92
13796,1847,7,13.7,0.44,0.25,17.12,39
13797,1847,5,13.08,0.1,0.25,16.35,64
13798,1847,9,13.15,0.41,0.25,16.44,75
13799,1847,4,13.55,0.4,0.25,16.94,76
13800,1847,6,13.31,0.3,0.25,16.64,80
13801,4549,6,982.15,0.34,0.25,1227.69,87
13802,4549,2,942.18,0.39,0.25,1177.72,38
13803,4549,5,942.18,0.14,0.25,1177.72,42
13804,3610,8,6954.21,0.49,0.25,8692.76,72
13805,3610,3,6210.45,0.1,0.25,7763.06,90
13806,3610,4,6247.63,0.39,0.25,7809.54,63
13807,3610,7,6396.39,0.47,0.25,7995.49,30
13808,3610,6,6322.01,0.4,0.25,7902.51,64
13809,1730,8,749.21,0.33,0.25,936.51,48
13810,1730,2,789.83,0.39,0.25,987.29,57
13811,1730,3,749.21,0.13,0.25,936.51,96
13812,500,10,184.09,0.42,0.25,230.11,47
13813,500,1,184.09,0.45,0.25,230.11,18
13814,500,8,196.15,0.48,0.25,245.19,71
13815,4437,8,2424.37,0.42,0.25,3030.46,11
13816,4437,7,2317.21,0.41,0.25,2896.51,87
13817,4437,4,2143.09,0.39,0.25,2678.86,78
13818,4437,2,2277.03,0.49,0.25,2846.29,93
13819,4437,5,2129.69,0.14,0.25,2662.11,80
13820,5151,2,192.33,0.42,0.25,240.41,80
13821,5151,8,185.96,0.35,0.25,232.45,86
13822,5151,9,195.52,0.5,0.25,244.4,49
13823,5151,10,191.27,0.49,0.25,239.09,35
13824,5151,1,182.77,0.33,0.25,228.46,81
13825,1754,8,128.18,0.42,0.25,160.23,21
13826,1754,5,123.23,0.15,0.25,154.04,69
13827,1754,4,116.14,0.4,0.25,145.18,30
13828,1754,9,127.48,0.41,0.25,159.35,35
13829,1754,3,109.77,0.14,0.25,137.21,83
13830,1754,1,109.77,0.3,0.25,137.21,79
13831,3362,2,5201.77,0.47,0.25,6502.21,49
13832,3362,6,4734.19,0.38,0.25,5917.74,24
13833,3362,1,5435.55,0.49,0.25,6794.44,11
13834,3362,3,4558.85,0.15,0.25,5698.56,70
13835,1810,10,23.72,0.37,0.25,29.65,32
13836,1810,1,22.9,0.36,0.25,28.62,72
13837,1810,9,21.8,0.39,0.25,27.25,26
13838,1810,3,20.98,0.12,0.25,26.22,75
13839,2673,6,209.86,0.42,0.25,262.33,78
13840,2673,7,208.59,0.36,0.25,260.74,72
13841,2673,10,230.21,0.48,0.25,287.76,20
13842,3684,4,4543.19,0.37,0.25,5678.99,43
13843,3684,2,4435.02,0.41,0.25,5543.78,65
13844,3684,10,4894.75,0.43,0.25,6118.44,91
13845,3684,1,4299.81,0.32,0.25,5374.76,26
13846,3684,5,4489.1,0.1,0.25,5611.38,22
13847,3684,3,4570.23,0.12,0.25,5712.79,70
13848,2727,6,175.43,0.35,0.25,219.29,13
13849,2727,8,166.97,0.38,0.25,208.71,17
13850,2727,4,179.66,0.43,0.25,224.58,59
13851,4870,2,520.41,0.31,0.25,650.51,20
13852,4870,9,543.61,0.3,0.25,679.51,91
13853,4870,6,580.07,0.42,0.25,725.09,100
13854,4870,3,517.09,0.11,0.25,646.36,85
13855,2304,7,178.21,0.33,0.25,222.76,43
13856,2304,1,169.97,0.31,0.25,212.46,43
13857,2304,9,179.24,0.49,0.25,224.05,77
13858,2304,5,161.73,0.11,0.25,202.16,42
13859,2304,4,160.7,0.35,0.25,200.88,63
13860,4633,10,756.59,0.47,0.25,945.74,50
13861,4633,1,691.74,0.36,0.25,864.68,73
13862,4633,7,765.24,0.39,0.25,956.55,69
13863,4633,9,760.92,0.44,0.25,951.15,98
13864,4633,6,700.39,0.37,0.25,875.49,34
13865,4633,8,808.48,0.49,0.25,1010.6,83
13866,4466,9,1982.24,0.3,0.25,2477.8,81
13867,4466,6,2106.13,0.47,0.25,2632.66,89
13868,4466,1,1945.07,0.31,0.25,2431.34,50
13869,422,2,497.64,0.37,0.25,622.05,84
13870,422,9,506.22,0.38,0.25,632.78,94
13871,422,6,471.9,0.33,0.25,589.88,54
13872,3895,1,579.0,0.43,0.25,723.75,32
13873,3895,2,543.81,0.37,0.25,679.76,52
13874,3895,5,540.61,0.1,0.25,675.76,57
13875,3895,8,524.62,0.39,0.25,655.78,94
13876,1989,2,19.77,0.43,0.25,24.71,84
13877,1989,1,19.44,0.43,0.25,24.3,15
13878,1989,10,19.44,0.48,0.25,24.3,96
13879,1989,7,18.68,0.48,0.25,23.35,57
13880,1989,6,18.57,0.35,0.25,23.21,35
13881,2106,8,35.97,0.42,0.25,44.96,56
13882,2106,5,34.71,0.14,0.25,43.39,100
13883,2106,3,33.67,0.13,0.25,42.09,36
13884,2106,2,35.34,0.41,0.25,44.18,15
13885,2106,4,35.55,0.4,0.25,44.44,21
13886,2106,10,38.68,0.5,0.25,48.35,53
13887,4741,9,95.67,0.44,0.25,119.59,24
13888,4741,3,98.57,0.14,0.25,123.21,100
13889,4741,4,93.35,0.37,0.25,116.69,98
13890,4741,2,95.67,0.37,0.25,119.59,93
13891,4741,8,99.73,0.34,0.25,124.66,42
13892,4808,9,82.95,0.44,0.25,103.69,50
13893,4808,1,79.79,0.43,0.25,99.74,94
13894,4808,7,77.54,0.39,0.25,96.93,10
13895,4808,4,77.99,0.38,0.25,97.49,15
13896,3638,10,5284.05,0.42,0.25,6605.06,95
13897,3638,1,5435.89,0.4,0.25,6794.86,63
13898,3638,2,5192.95,0.48,0.25,6491.19,91
13899,1450,10,66.53,0.33,0.25,83.16,23
13900,1450,6,70.24,0.44,0.25,87.8,48
13901,1450,1,67.35,0.32,0.25,84.19,40
13902,1450,4,66.94,0.34,0.25,83.68,66
13903,1450,9,73.14,0.37,0.25,91.42,78
13904,1450,3,64.87,0.14,0.25,81.09,48
13905,4123,3,1579.4,0.14,0.25,1974.25,11
13906,4123,9,1669.94,0.45,0.25,2087.43,86
13907,4123,7,1720.24,0.32,0.25,2150.3,88
13908,4123,10,1559.28,0.34,0.25,1949.1,44
13909,674,8,41.69,0.43,0.25,52.11,98
13910,674,9,42.9,0.46,0.25,53.62,41
13911,674,4,39.51,0.36,0.25,49.39,100
13912,674,10,40.72,0.45,0.25,50.9,56
13913,2596,7,299.11,0.37,0.25,373.89,61
13914,2596,10,295.71,0.45,0.25,369.64,88
13915,2596,4,307.61,0.5,0.25,384.51,10
13916,2596,8,261.72,0.32,0.25,327.15,37
13917,2596,9,311.01,0.45,0.25,388.76,68
13918,4340,6,1972.1,0.47,0.25,2465.12,14
13919,4340,10,1972.1,0.49,0.25,2465.12,93
13920,4340,4,1810.45,0.38,0.25,2263.06,86
13921,4340,3,1778.12,0.13,0.25,2222.65,88
13922,4340,5,1810.45,0.12,0.25,2263.06,65
13923,4340,7,1864.33,0.43,0.25,2330.41,21
13924,4847,7,768.99,0.49,0.25,961.24,64
13925,4847,3,686.45,0.12,0.25,858.06,71
13926,4847,6,751.62,0.42,0.25,939.52,47
13927,4847,2,738.58,0.38,0.25,923.22,62
13928,5210,8,710.62,0.41,0.25,888.28,92
13929,5210,9,710.62,0.32,0.25,888.28,51
13930,5210,5,706.32,0.12,0.25,882.9,63
13931,5210,2,758.0,0.37,0.25,947.5,41
13932,5210,6,736.46,0.36,0.25,920.58,100
13933,2870,7,42.3,0.34,0.25,52.88,19
13934,2870,9,38.8,0.3,0.25,48.5,71
13935,2870,1,42.3,0.34,0.25,52.88,99
13936,5293,7,527.35,0.38,0.25,659.19,29
13937,5293,10,521.4,0.49,0.25,651.75,37
13938,5293,4,473.72,0.3,0.25,592.15,67
13939,3636,9,7196.58,0.35,0.25,8995.72,52
13940,3636,4,6826.47,0.43,0.25,8533.09,99
13941,3636,7,7032.08,0.4,0.25,8790.1,12
13942,3527,2,7141.93,0.43,0.25,8927.41,64
13943,3527,10,7397.0,0.46,0.25,9246.25,49
13944,3527,6,7141.93,0.38,0.25,8927.41,19
13945,3527,5,6844.35,0.13,0.25,8555.44,75
13946,3527,9,7652.07,0.45,0.25,9565.09,49
13947,3527,7,7226.95,0.42,0.25,9033.69,37
13948,1984,7,6.0,0.33,0.25,7.5,57
13949,1984,6,6.0,0.44,0.25,7.5,84
13950,1984,1,6.03,0.33,0.25,7.54,64
13951,1984,5,5.53,0.12,0.25,6.91,55
13952,1984,4,6.35,0.5,0.25,7.94,36
13953,567,4,67.0,0.48,0.25,83.75,65
13954,567,2,70.1,0.42,0.25,87.62,24
13955,567,10,61.58,0.32,0.25,76.97,63
13956,567,3,63.9,0.13,0.25,79.88,53
13957,1768,6,755.86,0.35,0.25,944.82,58
13958,1768,2,792.29,0.4,0.25,990.36,27
13959,1768,5,764.97,0.15,0.25,956.21,23
13960,2582,1,217.27,0.38,0.25,271.59,74
13961,2582,10,210.92,0.39,0.25,263.65,58
13962,2582,6,213.46,0.43,0.25,266.82,49
13963,1814,4,23.52,0.49,0.25,29.4,36
13964,1814,5,20.63,0.11,0.25,25.79,27
13965,1814,9,23.91,0.42,0.25,29.89,20
13966,1814,7,21.42,0.41,0.25,26.78,25
13967,1814,10,21.55,0.37,0.25,26.94,54
13968,1814,2,22.73,0.4,0.25,28.41,26
13969,1747,5,788.65,0.1,0.25,985.81,13
13970,1747,1,793.4,0.39,0.25,991.75,81
13971,1747,10,750.64,0.37,0.25,938.3,91
13972,2817,6,98.13,0.45,0.25,122.66,11
13973,2817,5,92.07,0.13,0.25,115.09,40
13974,2817,8,94.82,0.49,0.25,118.52,19
13975,2817,7,93.17,0.38,0.25,116.46,19
13976,4389,7,198.18,0.34,0.25,247.73,66
13977,4389,8,204.41,0.44,0.25,255.51,99
13978,4389,9,211.89,0.32,0.25,264.86,12
13979,4389,4,228.09,0.5,0.25,285.11,25
13980,4389,2,206.9,0.33,0.25,258.62,77
13981,4389,5,201.92,0.15,0.25,252.4,93
13982,223,8,251.93,0.44,0.25,314.91,92
13983,223,10,253.36,0.42,0.25,316.7,17
13984,223,3,239.04,0.11,0.25,298.8,23
13985,223,6,226.16,0.32,0.25,282.7,43
13986,223,7,253.36,0.43,0.25,316.7,40
13987,284,2,269.43,0.48,0.25,336.79,33
13988,284,4,252.69,0.33,0.25,315.86,32
13989,284,10,246.6,0.33,0.25,308.25,45
13990,284,3,245.07,0.11,0.25,306.34,13
13991,4911,10,188.44,0.3,0.25,235.55,71
13992,4911,7,208.55,0.31,0.25,260.69,81
13993,4911,5,197.24,0.11,0.25,246.55,20
13994,4911,8,204.78,0.34,0.25,255.98,47
13995,4911,1,228.65,0.46,0.25,285.81,68
13996,4373,1,1537.27,0.38,0.25,1921.59,38
13997,4373,8,1451.86,0.3,0.25,1814.82,51
13998,4373,3,1632.16,0.14,0.25,2040.2,60
13999,2977,7,266.53,0.35,0.25,333.16,22
14000,2977,6,268.06,0.46,0.25,335.08,37
14001,2977,1,258.87,0.37,0.25,323.59,49
14002,1875,4,13.78,0.31,0.25,17.22,14
14003,1875,5,13.95,0.11,0.25,17.44,41
14004,1875,2,14.55,0.35,0.25,18.19,88
14005,1875,8,13.78,0.35,0.25,17.22,21
14006,1875,3,13.17,0.11,0.25,16.46,40
14007,1875,9,13.6,0.36,0.25,17.0,72
14008,2495,4,69.93,0.32,0.25,87.41,37
14009,2495,6,78.51,0.45,0.25,98.14,60
14010,2495,10,77.65,0.49,0.25,97.06,44
14011,2495,1,73.79,0.47,0.25,92.24,83
14012,3329,6,4091.2,0.35,0.25,5114.0,39
14013,3329,8,4577.03,0.5,0.25,5721.29,42
14014,3329,1,4653.74,0.49,0.25,5817.17,24
14015,3329,4,4295.76,0.33,0.25,5369.7,64
14016,3329,10,4525.89,0.48,0.25,5657.36,42
14017,935,9,230.91,0.33,0.25,288.64,88
14018,935,3,248.12,0.13,0.25,310.15,68
14019,935,2,250.98,0.47,0.25,313.72,14
14020,935,5,235.21,0.14,0.25,294.01,20
14021,935,6,218.0,0.3,0.25,272.5,51
14022,935,1,261.02,0.44,0.25,326.27,67
14023,77,6,738.03,0.39,0.25,922.54,75
14024,77,7,751.96,0.31,0.25,939.95,26
14025,77,9,816.94,0.45,0.25,1021.18,49
14026,4072,10,947.84,0.39,0.25,1184.8,89
14027,4072,2,976.56,0.46,0.25,1220.7,32
14028,4072,5,913.38,0.13,0.25,1141.72,26
14029,4072,9,1039.75,0.45,0.25,1299.69,25
14030,4072,8,982.31,0.32,0.25,1227.89,28
14031,4072,3,901.89,0.15,0.25,1127.36,91
14032,3099,2,6079.68,0.49,0.25,7599.6,63
14033,3099,9,6612.99,0.49,0.25,8266.24,100
14034,3099,10,6257.45,0.43,0.25,7821.81,21
14035,3099,7,6115.24,0.34,0.25,7644.05,47
14036,3099,5,6079.68,0.11,0.25,7599.6,92
14037,3099,6,6257.45,0.41,0.25,7821.81,10
14038,3032,2,6513.24,0.44,0.25,8141.55,80
14039,3032,8,6709.42,0.39,0.25,8386.78,44
14040,3032,6,6199.35,0.35,0.25,7749.19,92
14041,3032,7,6356.3,0.34,0.25,7945.38,61
14042,2923,4,30.9,0.34,0.25,38.62,98
14043,2923,3,33.88,0.13,0.25,42.35,43
14044,2923,10,35.06,0.4,0.25,43.82,33
14045,4062,5,751.23,0.12,0.25,939.04,23
14046,4062,4,710.25,0.31,0.25,887.81,26
14047,4062,8,819.52,0.5,0.25,1024.4,90
14048,4062,10,828.63,0.45,0.25,1035.79,36
14049,3970,4,439.17,0.47,0.25,548.96,81
14050,3970,1,383.67,0.31,0.25,479.59,58
14051,3970,10,412.62,0.42,0.25,515.78,27
14052,394,2,496.09,0.36,0.25,620.11,12
14053,394,7,450.73,0.34,0.25,563.41,82
14054,394,8,476.25,0.43,0.25,595.31,13
14055,3967,8,762.06,0.44,0.25,952.58,62
14056,3967,5,744.64,0.13,0.25,930.8,58
14057,3967,3,722.86,0.13,0.25,903.58,49
14058,5154,10,76.94,0.34,0.25,96.18,97
14059,5154,8,72.02,0.32,0.25,90.02,54
14060,5154,4,77.38,0.47,0.25,96.72,77
14061,5154,7,76.04,0.39,0.25,95.05,56
14062,5154,3,68.88,0.1,0.25,86.1,77
14063,4902,10,502.22,0.39,0.25,627.78,15
14064,4902,1,485.2,0.37,0.25,606.5,95
14065,4902,8,482.36,0.3,0.25,602.95,88
14066,2088,5,5.65,0.12,0.25,7.06,98
14067,2088,3,5.47,0.1,0.25,6.84,19
14068,2088,8,5.86,0.4,0.25,7.32,80
14069,2088,4,6.04,0.4,0.25,7.55,75
14070,2088,7,6.21,0.42,0.25,7.76,66
14071,1411,1,77.91,0.43,0.25,97.39,60
14072,1411,10,85.2,0.49,0.25,106.5,13
14073,1411,6,73.81,0.39,0.25,92.26,72
14074,1411,5,71.53,0.13,0.25,89.41,89
14075,57,1,868.73,0.36,0.25,1085.91,54
14076,57,7,805.93,0.32,0.25,1007.41,15
14077,57,2,853.03,0.42,0.25,1066.29,95
14078,57,4,805.93,0.32,0.25,1007.41,93
14079,57,10,847.79,0.37,0.25,1059.74,30
14080,2880,4,181.27,0.36,0.25,226.59,90
14081,2880,10,186.67,0.49,0.25,233.34,75
14082,2880,8,193.14,0.44,0.25,241.42,27
14083,2880,2,183.43,0.38,0.25,229.29,30
14084,2880,6,174.8,0.38,0.25,218.5,31
14085,2880,7,182.35,0.36,0.25,227.94,99
14086,963,8,169.92,0.34,0.25,212.4,24
14087,963,9,152.92,0.32,0.25,191.15,96
14088,963,7,172.91,0.42,0.25,216.14,79
14089,963,4,176.91,0.41,0.25,221.14,52
14090,963,2,183.91,0.48,0.25,229.89,61
14091,963,5,168.92,0.12,0.25,211.15,88
14092,684,3,25.58,0.12,0.25,31.98,86
14093,684,1,27.2,0.43,0.25,34.0,39
14094,684,5,27.04,0.13,0.25,33.8,78
14095,684,2,26.23,0.34,0.25,32.79,80
14096,684,8,29.79,0.47,0.25,37.24,17
14097,4419,1,1347.16,0.31,0.25,1683.95,62
14098,4419,6,1449.47,0.35,0.25,1811.84,56
14099,4419,7,1475.05,0.43,0.25,1843.81,94
14100,1182,9,81.06,0.36,0.25,101.32,17
14101,1182,10,83.5,0.45,0.25,104.38,79
14102,1182,2,83.99,0.35,0.25,104.99,98
14103,1182,5,83.99,0.14,0.25,104.99,21
14104,1182,6,76.17,0.33,0.25,95.21,93
14105,1182,7,84.48,0.36,0.25,105.6,86
14106,2412,9,124.8,0.4,0.25,156.0,92
14107,2412,2,119.72,0.4,0.25,149.65,98
14108,2412,4,128.43,0.37,0.25,160.54,100
14109,2412,6,118.27,0.35,0.25,147.84,81
14110,182,2,1908.99,0.34,0.25,2386.24,25
14111,182,7,1874.7,0.36,0.25,2343.38,13
14112,182,4,1954.72,0.42,0.25,2443.4,12
14113,182,8,2000.44,0.4,0.25,2500.55,75
14114,182,1,1931.86,0.43,0.25,2414.82,56
14115,2392,8,67.27,0.34,0.25,84.09,10
14116,2392,6,67.7,0.37,0.25,84.62,20
14117,2392,1,69.42,0.33,0.25,86.78,34
14118,3862,9,2190.41,0.33,0.25,2738.01,11
14119,3862,4,2408.17,0.49,0.25,3010.21,43
14120,3862,2,2151.98,0.3,0.25,2689.98,35
14121,3271,6,7647.89,0.35,0.25,9559.86,11
14122,3271,8,7014.34,0.3,0.25,8767.92,43
14123,3271,4,7783.65,0.38,0.25,9729.56,98
14124,3339,7,5691.06,0.34,0.25,7113.83,24
14125,3339,1,5723.96,0.48,0.25,7154.95,99
14126,3339,4,5460.79,0.38,0.25,6825.99,72
14127,3339,6,5625.27,0.34,0.25,7031.59,98
14128,3339,10,5855.54,0.48,0.25,7319.42,72
14129,4309,2,1900.93,0.41,0.25,2376.16,44
14130,4309,4,1967.24,0.47,0.25,2459.05,64
14131,4309,3,1713.04,0.13,0.25,2141.3,84
14132,4309,8,1923.03,0.42,0.25,2403.79,23
14133,2915,4,191.87,0.42,0.25,239.84,96
14134,2915,3,166.14,0.13,0.25,207.68,30
14135,2915,6,188.65,0.38,0.25,235.81,39
14136,847,8,41.62,0.32,0.25,52.02,95
14137,847,3,43.69,0.11,0.25,54.61,15
14138,847,7,44.98,0.47,0.25,56.22,74
14139,847,6,46.53,0.46,0.25,58.16,47
14140,3595,1,4329.5,0.41,0.25,5411.88,68
14141,3595,8,4539.42,0.34,0.25,5674.28,62
14142,3595,9,4670.61,0.43,0.25,5838.26,62
14143,3595,6,4801.81,0.46,0.25,6002.26,31
14144,3595,10,4460.7,0.46,0.25,5575.88,10
14145,4430,9,2782.62,0.5,0.25,3478.27,62
14146,4430,10,2410.61,0.42,0.25,3013.26,15
14147,4430,2,2440.37,0.37,0.25,3050.46,26
14148,2736,8,138.72,0.32,0.25,173.4,69
14149,2736,5,154.72,0.15,0.25,193.4,66
14150,2736,3,151.16,0.14,0.25,188.95,28
14151,2736,1,154.72,0.35,0.25,193.4,57
14152,2736,6,153.83,0.36,0.25,192.29,19
14153,2874,5,174.47,0.14,0.25,218.09,59
14154,2874,2,191.46,0.48,0.25,239.32,87
14155,2874,6,190.33,0.34,0.25,237.91,98
14156,1622,1,389.45,0.35,0.25,486.81,82
14157,1622,7,416.74,0.45,0.25,520.92,65
14158,1622,4,431.62,0.5,0.25,539.52,34
14159,2533,5,129.31,0.14,0.25,161.64,98
14160,2533,7,125.53,0.37,0.25,156.91,52
14161,2533,6,142.92,0.49,0.25,178.65,21
14162,2533,10,117.97,0.36,0.25,147.46,37
14163,2533,1,126.29,0.4,0.25,157.86,70
14164,2973,8,54.98,0.48,0.25,68.72,46
14165,2973,2,57.76,0.48,0.25,72.2,52
14166,2973,1,50.04,0.34,0.25,62.55,23
14167,2973,4,54.06,0.4,0.25,67.58,62
14168,2973,5,49.12,0.15,0.25,61.4,55
14169,2973,9,48.81,0.3,0.25,61.01,61
14170,1758,3,744.54,0.11,0.25,930.68,38
14171,1758,9,797.04,0.43,0.25,996.3,53
14172,1758,7,844.77,0.43,0.25,1055.96,51
14173,4970,5,432.59,0.12,0.25,540.74,89
14174,4970,4,467.09,0.46,0.25,583.86,28
14175,4970,8,475.05,0.41,0.25,593.81,63
14176,1205,5,195.21,0.13,0.25,244.01,19
14177,1205,4,201.55,0.31,0.25,251.94,98
14178,1205,6,211.69,0.35,0.25,264.61,22
14179,1205,7,219.29,0.36,0.25,274.11,20
14180,1205,1,221.83,0.42,0.25,277.29,77
14181,1205,9,226.9,0.49,0.25,283.62,100
14182,274,7,174.11,0.44,0.25,217.64,93
14183,274,6,187.35,0.46,0.25,234.19,88
14184,274,1,159.86,0.31,0.25,199.82,10
14185,274,3,173.09,0.11,0.25,216.36,29
14186,899,1,238.44,0.34,0.25,298.05,68
14187,899,7,252.89,0.37,0.25,316.11,36
14188,899,2,234.11,0.41,0.25,292.64,64
14189,899,10,237.0,0.39,0.25,296.25,67
14190,899,3,244.22,0.14,0.25,305.27,86
14191,899,6,235.55,0.4,0.25,294.44,25
14192,3850,4,2349.26,0.4,0.25,2936.58,22
14193,3850,3,2197.25,0.13,0.25,2746.56,99
14194,3850,7,2473.64,0.44,0.25,3092.05,41
14195,3850,5,2155.8,0.11,0.25,2694.75,61
14196,4416,3,914.85,0.11,0.25,1143.56,95
14197,4416,4,925.62,0.42,0.25,1157.03,74
14198,4416,10,914.86,0.4,0.25,1143.58,14
14199,4416,2,936.38,0.34,0.25,1170.47,47
14200,4416,7,850.28,0.35,0.25,1062.85,67
14201,4416,9,925.62,0.36,0.25,1157.03,56
14202,2639,7,273.2,0.47,0.25,341.5,25
14203,2639,2,251.95,0.38,0.25,314.94,63
14204,2639,6,259.54,0.32,0.25,324.42,27
14205,2639,3,239.81,0.13,0.25,299.76,61
14206,2639,8,282.31,0.49,0.25,352.89,18
14207,1885,8,20.14,0.44,0.25,25.18,66
14208,1885,7,17.81,0.31,0.25,22.26,36
14209,1885,6,19.67,0.38,0.25,24.59,77
14210,2773,6,165.7,0.44,0.25,207.12,41
14211,2773,1,172.29,0.45,0.25,215.36,51
14212,2773,8,165.7,0.42,0.25,207.12,17
14213,2773,2,158.17,0.32,0.25,197.71,31
14214,2773,4,163.82,0.41,0.25,204.77,33
14215,2773,3,161.0,0.15,0.25,201.25,35
14216,3607,9,7726.84,0.36,0.25,9658.55,85
14217,3607,2,7329.46,0.46,0.25,9161.83,37
14218,3607,1,7682.69,0.43,0.25,9603.36,18
14219,3607,6,7771.0,0.41,0.25,9713.75,34
14220,3607,10,7771.0,0.4,0.25,9713.75,32
14221,4959,7,519.09,0.45,0.25,648.86,18
14222,4959,9,556.39,0.42,0.25,695.49,88
14223,4959,1,481.79,0.3,0.25,602.24,68
14224,4959,10,519.09,0.39,0.25,648.86,42
14225,4812,10,452.5,0.35,0.25,565.62,80
14226,4812,3,425.41,0.13,0.25,531.76,80
14227,4812,1,471.47,0.37,0.25,589.34,61
14228,5376,4,593.94,0.42,0.25,742.42,33
14229,5376,1,590.68,0.43,0.25,738.35,14
14230,5376,8,574.36,0.42,0.25,717.95,26
14231,4319,3,203.1,0.12,0.25,253.88,82
14232,4319,1,226.68,0.39,0.25,283.35,63
14233,4319,5,222.75,0.14,0.25,278.44,12
14234,1547,3,97.78,0.15,0.25,122.22,19
14235,1547,9,102.33,0.45,0.25,127.91,63
14236,1547,6,101.19,0.46,0.25,126.49,24
14237,1547,4,100.06,0.44,0.25,125.08,72
14238,1547,2,98.92,0.37,0.25,123.65,47
14239,1886,2,26.91,0.5,0.25,33.64,80
14240,1886,7,24.98,0.44,0.25,31.22,48
14241,1886,1,27.36,0.47,0.25,34.2,36
14242,3866,1,1431.78,0.45,0.25,1789.72,88
14243,3866,10,1423.26,0.44,0.25,1779.08,28
14244,3866,2,1389.17,0.37,0.25,1736.46,36
14245,747,4,71.44,0.33,0.25,89.3,17
14246,747,9,69.75,0.38,0.25,87.19,34
14247,747,3,66.79,0.13,0.25,83.49,95
14248,747,7,69.75,0.38,0.25,87.19,76
14249,268,9,275.31,0.34,0.25,344.14,33
14250,268,8,305.52,0.44,0.25,381.9,86
14251,268,2,310.56,0.5,0.25,388.2,65
14252,268,4,298.81,0.5,0.25,373.51,39
14253,268,1,297.13,0.46,0.25,371.41,61
14254,268,5,271.95,0.13,0.25,339.94,92
14255,3221,1,8114.4,0.3,0.25,10143.0,46
14256,3221,5,8672.26,0.12,0.25,10840.32,47
14257,3221,10,7911.54,0.35,0.25,9889.42,92
14258,3221,4,8925.84,0.42,0.25,11157.3,81
14259,3221,7,8469.4,0.43,0.25,10586.75,96
14260,3221,6,9179.42,0.44,0.25,11474.28,36
14261,1514,1,448.0,0.42,0.25,560.0,19
14262,1514,6,421.8,0.4,0.25,527.25,25
14263,1514,5,424.42,0.1,0.25,530.52,80
14264,1272,5,101.84,0.13,0.25,127.3,13
14265,1272,4,92.96,0.3,0.25,116.2,71
14266,1272,6,95.33,0.37,0.25,119.16,83
14267,1272,7,105.39,0.41,0.25,131.74,35
14268,1272,10,92.37,0.33,0.25,115.46,27
14269,1272,1,110.72,0.47,0.25,138.4,92
14270,2851,3,192.42,0.1,0.25,240.52,35
14271,2851,1,195.96,0.4,0.25,244.95,20
14272,2851,5,198.32,0.12,0.25,247.9,41
14273,3365,3,819.45,0.1,0.25,1024.31,85
14274,3365,5,770.38,0.12,0.25,962.98,58
14275,3365,10,829.27,0.38,0.25,1036.59,42
14276,3365,8,902.87,0.46,0.25,1128.59,30
14277,924,10,71.13,0.34,0.25,88.91,89
14278,924,8,75.55,0.42,0.25,94.44,59
14279,924,4,70.69,0.38,0.25,88.36,48
14280,924,3,76.43,0.14,0.25,95.54,50
14281,924,5,75.99,0.14,0.25,94.99,81
14282,924,7,79.08,0.44,0.25,98.85,96
14283,5135,9,444.74,0.45,0.25,555.92,73
14284,5135,2,447.33,0.4,0.25,559.16,76
14285,5135,7,465.43,0.41,0.25,581.79,65
14286,5135,1,465.43,0.45,0.25,581.79,58
14287,23,5,2627.71,0.12,0.25,3284.64,48
14288,23,1,2915.92,0.4,0.25,3644.9,15
14289,23,8,2848.1,0.42,0.25,3560.12,16
14290,23,7,3085.45,0.49,0.25,3856.81,35
14291,23,4,2729.43,0.39,0.25,3411.79,37
14292,23,9,3085.45,0.48,0.25,3856.81,51
14293,3232,1,7849.29,0.37,0.25,9811.61,25
14294,3232,2,7803.65,0.39,0.25,9754.56,64
14295,3232,3,7803.65,0.12,0.25,9754.56,29
14296,3232,10,8351.28,0.48,0.25,10439.1,32
14297,3232,5,7027.85,0.1,0.25,8784.81,23
14298,230,8,190.2,0.39,0.25,237.75,89
14299,230,2,199.37,0.46,0.25,249.21,68
14300,230,3,184.47,0.12,0.25,230.59,80
14301,2513,6,176.12,0.44,0.25,220.15,78
14302,2513,1,176.12,0.5,0.25,220.15,93
14303,2513,10,182.13,0.49,0.25,227.66,35
14304,2513,2,162.11,0.35,0.25,202.64,70
14305,2513,4,163.11,0.31,0.25,203.89,96
14306,2513,9,165.12,0.41,0.25,206.4,13
14307,2363,9,10.7,0.36,0.25,13.38,87
14308,2363,8,11.58,0.34,0.25,14.48,68
14309,2363,10,10.56,0.34,0.25,13.2,15
14310,2363,1,11.24,0.38,0.25,14.05,21
14311,2363,6,11.78,0.35,0.25,14.72,87
14312,3178,9,3409.09,0.45,0.25,4261.36,59
14313,3178,10,3448.73,0.47,0.25,4310.91,35
14314,3178,7,3627.11,0.5,0.25,4533.89,75
14315,3178,1,3627.11,0.48,0.25,4533.89,39
14316,3178,4,3468.55,0.43,0.25,4335.69,86
14317,4126,2,562.43,0.34,0.25,703.04,90
14318,4126,10,590.55,0.34,0.25,738.19,83
14319,4126,6,608.13,0.42,0.25,760.16,70
14320,4126,4,576.49,0.3,0.25,720.61,72
14321,4126,7,572.98,0.31,0.25,716.22,100
14322,4126,3,580.01,0.11,0.25,725.01,56
14323,4915,5,613.9,0.12,0.25,767.38,27
14324,4915,6,666.06,0.32,0.25,832.58,71
14325,4915,4,698.16,0.45,0.25,872.7,50
14326,4915,1,730.26,0.46,0.25,912.82,63
14327,4915,10,718.22,0.43,0.25,897.78,40
14328,4915,2,650.01,0.35,0.25,812.51,63
14329,4774,7,335.03,0.37,0.25,418.79,14
14330,4774,6,349.25,0.45,0.25,436.56,78
14331,4774,5,341.12,0.14,0.25,426.4,76
14332,4774,1,322.85,0.36,0.25,403.56,71
14333,4774,8,353.31,0.42,0.25,441.64,92
14334,4774,3,333.0,0.15,0.25,416.25,33
14335,1468,2,76.73,0.38,0.25,95.91,41
14336,1468,5,71.79,0.11,0.25,89.74,46
14337,1468,8,80.32,0.43,0.25,100.4,27
14338,1468,9,81.21,0.48,0.25,101.51,86
14339,1468,1,74.48,0.43,0.25,93.1,19
14340,1468,6,83.01,0.46,0.25,103.76,26
14341,4837,3,536.34,0.12,0.25,670.42,46
14342,4837,10,545.86,0.48,0.25,682.32,22
14343,4837,6,510.95,0.36,0.25,638.69,54
14344,4837,2,568.07,0.49,0.25,710.09,11
14345,4837,4,526.82,0.32,0.25,658.53,25
14346,1739,7,70.45,0.39,0.25,88.06,38
14347,1739,2,66.72,0.35,0.25,83.4,76
14348,1739,6,67.13,0.31,0.25,83.91,56
14349,1739,5,65.48,0.14,0.25,81.85,96
14350,1739,10,66.72,0.39,0.25,83.4,79
14351,2629,6,40.83,0.43,0.25,51.04,72
14352,2629,9,40.14,0.42,0.25,50.18,10
14353,2629,8,39.68,0.49,0.25,49.6,55
14354,2629,5,35.07,0.12,0.25,43.84,91
14355,2629,10,39.22,0.45,0.25,49.02,86
14356,2629,7,43.37,0.5,0.25,54.21,94
14357,4565,6,1428.15,0.34,0.25,1785.19,34
14358,4565,7,1605.56,0.42,0.25,2006.95,15
14359,4565,3,1445.89,0.13,0.25,1807.36,25
14360,4565,1,1578.95,0.47,0.25,1973.69,78
14361,3755,9,3688.39,0.38,0.25,4610.49,75
14362,3755,7,3646.23,0.48,0.25,4557.79,90
14363,3755,10,3561.93,0.42,0.25,4452.41,52
14364,3755,2,3498.7,0.36,0.25,4373.38,59
14365,3755,8,3878.08,0.46,0.25,4847.6,93
14366,3755,1,3372.24,0.4,0.25,4215.3,28
14367,2155,4,16.3,0.37,0.25,20.38,49
14368,2155,8,17.84,0.37,0.25,22.3,90
14369,2155,6,19.07,0.47,0.25,23.84,68
14370,2155,3,17.22,0.13,0.25,21.52,87
14371,2155,10,17.12,0.35,0.25,21.4,59
14372,72,9,801.99,0.42,0.25,1002.49,59
14373,72,5,735.53,0.13,0.25,919.41,25
14374,72,2,744.39,0.42,0.25,930.49,53
14375,72,1,744.39,0.36,0.25,930.49,98
14376,72,10,744.39,0.36,0.25,930.49,80
14377,72,4,748.82,0.3,0.25,936.03,79
14378,3589,1,4727.93,0.39,0.25,5909.91,44
14379,3589,10,4537.72,0.47,0.25,5672.15,26
14380,3589,2,4782.27,0.46,0.25,5977.84,78
14381,3589,7,4700.76,0.37,0.25,5875.95,66
14382,3589,9,4102.97,0.3,0.25,5128.71,74
14383,3589,6,4592.07,0.47,0.25,5740.09,64
14384,4745,9,405.49,0.34,0.25,506.86,75
14385,4745,3,407.85,0.14,0.25,509.81,11
14386,4745,8,363.06,0.33,0.25,453.82,15
14387,4745,6,429.06,0.42,0.25,536.33,31
14388,3922,9,1598.52,0.45,0.25,1998.15,81
14389,3922,5,1526.27,0.15,0.25,1907.84,98
14390,3922,8,1544.34,0.34,0.25,1930.42,34
14391,3922,1,1598.52,0.43,0.25,1998.15,64
14392,219,10,165.22,0.35,0.25,206.52,84
14393,219,7,176.65,0.38,0.25,220.81,17
14394,219,4,192.23,0.45,0.25,240.29,23
14395,219,2,184.96,0.44,0.25,231.2,56
14396,219,6,173.53,0.32,0.25,216.91,76
14397,219,8,184.96,0.41,0.25,231.2,32
14398,1685,10,787.9,0.48,0.25,984.88,63
14399,1685,2,810.15,0.48,0.25,1012.69,32
14400,1685,7,707.77,0.35,0.25,884.71,41
14401,1685,5,756.74,0.13,0.25,945.92,91
14402,1685,3,730.03,0.11,0.25,912.54,99
14403,1685,1,783.45,0.39,0.25,979.31,16
14404,524,10,139.46,0.35,0.25,174.32,66
14405,524,4,142.67,0.4,0.25,178.34,98
14406,524,9,135.45,0.32,0.25,169.31,91
14407,524,6,134.65,0.39,0.25,168.31,12
14408,524,2,142.67,0.46,0.25,178.34,44
14409,557,5,71.13,0.1,0.25,88.91,94
14410,557,4,72.86,0.32,0.25,91.08,21
14411,557,6,67.22,0.3,0.25,84.02,83
14412,557,3,69.39,0.11,0.25,86.74,70
14413,4391,1,571.57,0.47,0.25,714.46,99
14414,4391,2,565.0,0.34,0.25,706.25,78
14415,4391,5,519.01,0.15,0.25,648.76,44
14416,4391,8,591.28,0.49,0.25,739.1,12
14417,4391,6,591.28,0.42,0.25,739.1,25
14418,4391,7,561.72,0.46,0.25,702.15,44
14419,3308,5,733.22,0.14,0.25,916.53,89
14420,3308,1,780.11,0.44,0.25,975.14,36
14421,3308,2,728.96,0.47,0.25,911.2,94
14422,3308,6,746.01,0.45,0.25,932.51,23
14423,3308,10,746.01,0.45,0.25,932.51,66
14424,3344,3,944.96,0.13,0.25,1181.2,22
14425,3344,4,961.74,0.49,0.25,1202.18,59
14426,3344,10,933.78,0.38,0.25,1167.22,94
14427,3344,1,961.74,0.46,0.25,1202.18,45
14428,3344,7,911.41,0.42,0.25,1139.26,32
14429,3344,8,984.1,0.37,0.25,1230.12,30
14430,4934,8,288.3,0.31,0.25,360.38,45
14431,4934,2,293.92,0.35,0.25,367.4,63
14432,4934,3,307.02,0.11,0.25,383.78,69
14433,2460,8,63.71,0.47,0.25,79.64,88
14434,2460,2,65.84,0.49,0.25,82.3,52
14435,2460,4,55.52,0.32,0.25,69.4,45
14436,2460,9,60.5,0.4,0.25,75.62,33
14437,1775,2,751.61,0.32,0.25,939.51,98
14438,1775,1,824.35,0.43,0.25,1030.44,66
14439,1775,9,863.14,0.48,0.25,1078.92,40
14440,189,6,1361.64,0.5,0.25,1702.05,42
14441,189,1,1316.51,0.37,0.25,1645.64,50
14442,189,7,1324.03,0.43,0.25,1655.04,80
14443,189,5,1203.66,0.12,0.25,1504.58,37
14444,189,2,1354.12,0.5,0.25,1692.65,70
14445,4665,2,36.55,0.44,0.25,45.69,72
14446,4665,4,33.08,0.39,0.25,41.35,88
14447,4665,6,34.92,0.37,0.25,43.65,56
14448,4665,7,34.71,0.32,0.25,43.39,43
14449,4665,5,34.71,0.15,0.25,43.39,52
14450,4665,3,32.06,0.14,0.25,40.08,47
14451,228,6,190.51,0.46,0.25,238.14,41
14452,228,9,210.81,0.48,0.25,263.51,37
14453,228,4,182.62,0.41,0.25,228.28,15
14454,228,2,197.28,0.42,0.25,246.6,80
14455,3524,8,1920.15,0.42,0.25,2400.19,67
14456,3524,5,1674.8,0.14,0.25,2093.5,84
14457,3524,3,1610.79,0.11,0.25,2013.49,30
14458,4843,7,69.52,0.46,0.25,86.9,57
14459,4843,6,75.77,0.45,0.25,94.71,55
14460,4843,5,66.19,0.13,0.25,82.74,66
14461,4843,9,69.52,0.39,0.25,86.9,79
14462,4843,8,68.27,0.37,0.25,85.34,16
14463,3104,5,8047.01,0.15,0.25,10058.76,50
14464,3104,8,9027.1,0.48,0.25,11283.88,19
14465,3104,2,8923.93,0.36,0.25,11154.91,33
14466,3104,10,8150.18,0.31,0.25,10187.72,42
14467,3104,3,7943.84,0.14,0.25,9929.8,57
14468,3104,9,8150.18,0.33,0.25,10187.72,41
14469,5123,3,418.27,0.14,0.25,522.84,50
14470,5123,7,396.25,0.3,0.25,495.31,37
14471,5123,5,403.59,0.13,0.25,504.49,78
14472,5123,9,401.14,0.35,0.25,501.42,54
14473,5123,2,396.25,0.31,0.25,495.31,56
14474,5123,10,447.62,0.49,0.25,559.52,55
14475,1830,4,20.39,0.42,0.25,25.49,75
14476,1830,6,19.93,0.37,0.25,24.91,68
14477,1830,10,21.54,0.49,0.25,26.92,15
14478,629,4,22.1,0.46,0.25,27.62,19
14479,629,6,23.9,0.48,0.25,29.88,97
14480,629,2,22.1,0.41,0.25,27.62,13
14481,629,8,20.69,0.4,0.25,25.86,72
14482,629,5,21.2,0.11,0.25,26.5,33
14483,5050,5,282.82,0.14,0.25,353.52,94
14484,5050,7,291.5,0.41,0.25,364.38,69
14485,5050,3,286.29,0.13,0.25,357.86,13
14486,5050,4,312.32,0.44,0.25,390.4,95
14487,5050,9,294.97,0.36,0.25,368.71,89
14488,2763,1,30.49,0.46,0.25,38.11,12
14489,2763,3,28.68,0.11,0.25,35.85,84
14490,2763,10,32.67,0.47,0.25,40.84,61
14491,498,7,100.14,0.45,0.25,125.18,98
14492,498,1,107.57,0.5,0.25,134.46,54
14493,498,8,98.99,0.37,0.25,123.74,33
14494,498,5,89.84,0.11,0.25,112.3,72
14495,498,10,97.85,0.47,0.25,122.31,64
14496,3058,9,7967.35,0.45,0.25,9959.19,43
14497,3058,5,7394.85,0.15,0.25,9243.56,29
14498,3058,4,7537.97,0.38,0.25,9422.46,75
14499,3058,8,8682.98,0.45,0.25,10853.72,79
14500,3058,6,8396.73,0.36,0.25,10495.91,78
14501,3058,2,8539.86,0.49,0.25,10674.82,59
14502,2645,1,32.0,0.38,0.25,40.0,96
14503,2645,5,34.22,0.12,0.25,42.78,36
14504,2645,10,37.46,0.46,0.25,46.82,34
14505,2645,3,34.63,0.13,0.25,43.29,90
14506,2645,6,34.43,0.38,0.25,43.04,15
14507,2645,7,36.45,0.42,0.25,45.56,28
14508,2507,1,53.01,0.5,0.25,66.26,87
14509,2507,4,44.66,0.32,0.25,55.82,58
14510,2507,10,50.71,0.46,0.25,63.39,38
14511,2507,6,44.94,0.34,0.25,56.18,54
14512,4868,1,164.95,0.31,0.25,206.19,51
14513,4868,10,147.58,0.3,0.25,184.48,47
14514,4868,9,153.37,0.34,0.25,191.71,37
14515,1615,6,253.27,0.42,0.25,316.59,50
14516,1615,9,248.91,0.36,0.25,311.14,73
14517,1615,5,234.35,0.13,0.25,292.94,32
14518,1615,8,259.1,0.5,0.25,323.88,24
14519,1615,4,246.0,0.36,0.25,307.5,67
14520,4275,6,1736.15,0.49,0.25,2170.19,45
14521,4275,3,1635.21,0.11,0.25,2044.01,53
14522,4275,10,1776.53,0.39,0.25,2220.66,57
14523,4275,7,1726.06,0.36,0.25,2157.57,57
14524,2011,4,28.17,0.32,0.25,35.21,62
14525,2011,7,29.49,0.41,0.25,36.86,27
14526,2011,9,27.67,0.37,0.25,34.59,75
14527,2011,1,29.99,0.46,0.25,37.49,14
14528,2011,8,27.51,0.45,0.25,34.39,27
14529,2011,5,25.19,0.1,0.25,31.49,47
14530,1963,8,18.75,0.47,0.25,23.44,40
14531,1963,9,18.31,0.45,0.25,22.89,77
14532,1963,5,17.33,0.15,0.25,21.66,81
14533,111,10,1627.42,0.43,0.25,2034.28,89
14534,111,5,1491.8,0.1,0.25,1864.75,92
14535,111,8,1582.21,0.4,0.25,1977.76,81
14536,111,1,1509.88,0.4,0.25,1887.35,40
14537,4082,3,1538.35,0.13,0.25,1922.94,21
14538,4082,4,1675.53,0.49,0.25,2094.41,47
14539,4082,10,1763.71,0.48,0.25,2204.64,92
14540,4082,5,1577.54,0.15,0.25,1971.92,10
14541,1937,8,17.86,0.33,0.25,22.32,16
14542,1937,9,19.71,0.44,0.25,24.64,65
14543,1937,2,18.95,0.36,0.25,23.69,95
14544,1937,7,19.38,0.47,0.25,24.22,51
14545,1937,3,18.95,0.15,0.25,23.69,93
14546,2717,9,52.65,0.45,0.25,65.81,71
14547,2717,10,47.03,0.37,0.25,58.79,86
14548,2717,8,53.54,0.41,0.25,66.92,81
14549,2717,3,47.92,0.1,0.25,59.9,79
14550,2717,1,50.29,0.39,0.25,62.86,54
14551,259,5,87.18,0.14,0.25,108.98,59
14552,259,10,85.12,0.35,0.25,106.4,99
14553,259,9,84.1,0.32,0.25,105.12,72
14554,259,1,87.69,0.44,0.25,109.61,29
14555,4326,9,1173.36,0.36,0.25,1466.7,45
14556,4326,10,1173.36,0.43,0.25,1466.7,59
14557,4326,5,1152.28,0.11,0.25,1440.35,89
14558,4148,7,1632.22,0.48,0.25,2040.28,51
14559,4148,2,1650.99,0.4,0.25,2063.74,77
14560,4148,8,1472.75,0.3,0.25,1840.94,53
14561,4148,6,1669.75,0.45,0.25,2087.19,74
14562,3142,9,181.33,0.42,0.25,226.66,42
14563,3142,1,164.01,0.31,0.25,205.01,95
14564,3142,7,170.12,0.43,0.25,212.65,43
14565,4162,7,1672.28,0.37,0.25,2090.35,79
14566,4162,3,1558.9,0.12,0.25,1948.62,12
14567,4162,5,1577.8,0.13,0.25,1972.25,49
14568,4657,5,363.18,0.13,0.25,453.98,15
14569,4657,6,390.76,0.32,0.25,488.45,38
14570,4657,3,376.97,0.12,0.25,471.21,81
14571,4657,10,390.76,0.38,0.25,488.45,69
14572,4045,2,258.74,0.33,0.25,323.42,45
14573,4045,9,270.35,0.41,0.25,337.94,79
14574,4045,7,291.91,0.39,0.25,364.89,53
14575,4045,10,295.23,0.48,0.25,369.04,59
14576,4045,5,255.42,0.14,0.25,319.27,80
14577,4045,8,283.62,0.44,0.25,354.52,11
14578,639,5,55.82,0.13,0.25,69.78,23
14579,639,1,59.66,0.36,0.25,74.57,56
14580,639,2,59.31,0.39,0.25,74.14,27
14581,639,10,57.57,0.44,0.25,71.96,74
14582,1820,6,16.86,0.46,0.25,21.08,12
14583,1820,1,17.66,0.45,0.25,22.08,79
14584,1820,3,16.27,0.1,0.25,20.34,15
14585,2135,3,23.89,0.13,0.25,29.86,78
14586,2135,9,26.61,0.42,0.25,33.26,15
14587,2135,5,22.98,0.1,0.25,28.72,58
14588,2135,1,24.65,0.35,0.25,30.81,13
14589,1705,3,620.87,0.1,0.25,776.09,57
14590,1705,2,650.79,0.38,0.25,813.49,39
14591,1705,9,613.39,0.3,0.25,766.74,17
14592,1705,10,590.95,0.31,0.25,738.69,89
14593,791,10,49.19,0.41,0.25,61.49,11
14594,791,6,47.76,0.45,0.25,59.7,53
14595,791,7,47.76,0.4,0.25,59.7,71
14596,791,9,46.62,0.37,0.25,58.28,33
14597,791,4,48.62,0.39,0.25,60.78,89
14598,791,5,48.33,0.14,0.25,60.41,99
14599,2805,7,295.15,0.46,0.25,368.94,75
14600,2805,9,283.8,0.49,0.25,354.75,49
14601,2805,4,251.36,0.32,0.25,314.2,78
14602,2805,3,249.74,0.11,0.25,312.18,55
14603,2805,1,282.18,0.38,0.25,352.72,45
14604,2120,5,20.87,0.12,0.25,26.09,41
14605,2120,4,22.0,0.43,0.25,27.5,36
14606,2120,8,21.24,0.46,0.25,26.55,15
14607,3991,6,382.59,0.48,0.25,478.24,46
14608,3991,5,354.33,0.13,0.25,442.91,92
14609,3991,9,367.37,0.37,0.25,459.21,72
14610,1200,9,68.68,0.35,0.25,85.85,20
14611,1200,7,66.7,0.44,0.25,83.38,77
14612,1200,5,67.89,0.15,0.25,84.86,91
14613,4192,3,1000.15,0.14,0.25,1250.19,60
14614,4192,5,1024.55,0.14,0.25,1280.69,58
14615,4192,1,1103.83,0.44,0.25,1379.79,18
14616,4192,6,945.27,0.35,0.25,1181.59,15
14617,159,10,727.04,0.3,0.25,908.8,74
14618,159,8,705.53,0.41,0.25,881.91,20
14619,159,5,671.11,0.1,0.25,838.89,38
14620,167,4,1318.48,0.39,0.25,1648.1,31
14621,167,7,1350.06,0.42,0.25,1687.57,82
14622,167,3,1350.06,0.15,0.25,1687.57,93
14623,167,5,1365.85,0.14,0.25,1707.31,10
14624,3352,4,4749.23,0.33,0.25,5936.54,10
14625,3352,7,5162.2,0.43,0.25,6452.75,52
14626,3352,1,4719.73,0.35,0.25,5899.66,68
14627,3352,5,4601.73,0.14,0.25,5752.16,67
14628,3352,3,4955.71,0.13,0.25,6194.64,77
14629,3352,2,4926.22,0.37,0.25,6157.78,10
14630,1110,9,221.28,0.4,0.25,276.6,53
14631,1110,5,205.19,0.12,0.25,256.49,71
14632,1110,2,227.99,0.44,0.25,284.99,47
14633,1110,8,225.3,0.36,0.25,281.62,25
14634,1110,4,233.35,0.36,0.25,291.69,73
14635,2955,5,244.19,0.15,0.25,305.24,41
14636,2955,7,227.35,0.4,0.25,284.19,20
14637,2955,10,225.95,0.3,0.25,282.44,67
14638,2955,1,224.54,0.31,0.25,280.68,26
14639,5371,2,691.52,0.44,0.25,864.4,37
14640,5371,10,691.52,0.36,0.25,864.4,10
14641,5371,6,656.16,0.44,0.25,820.2,99
14642,5371,7,679.73,0.42,0.25,849.66,40
14643,326,9,181.34,0.46,0.25,226.68,30
14644,326,5,159.3,0.15,0.25,199.12,45
14645,326,10,178.34,0.43,0.25,222.92,59
14646,326,2,179.34,0.41,0.25,224.18,50
14647,326,6,150.28,0.3,0.25,187.85,78
14648,2027,7,21.26,0.43,0.25,26.58,67
14649,2027,4,21.01,0.32,0.25,26.26,96
14650,2027,6,23.12,0.5,0.25,28.9,46
14651,1684,6,749.41,0.42,0.25,936.76,17
14652,1684,9,736.92,0.39,0.25,921.15,49
14653,1684,8,699.45,0.38,0.25,874.31,36
14654,1684,4,711.94,0.38,0.25,889.92,15
14655,1684,5,657.82,0.14,0.25,822.28,34
14656,2553,6,227.09,0.34,0.25,283.86,62
14657,2553,1,229.81,0.4,0.25,287.26,32
14658,2553,7,227.09,0.31,0.25,283.86,66
14659,3783,1,6417.44,0.4,0.25,8021.8,25
14660,3783,2,6656.6,0.39,0.25,8320.75,35
14661,3783,3,6058.7,0.11,0.25,7573.38,34
14662,3783,7,6855.9,0.37,0.25,8569.88,40
14663,5091,6,483.93,0.35,0.25,604.91,40
14664,5091,4,464.12,0.43,0.25,580.15,50
14665,5091,3,466.95,0.1,0.25,583.69,93
14666,5091,2,503.74,0.38,0.25,629.67,36
14667,5091,8,517.89,0.47,0.25,647.36,31
14668,5091,1,498.08,0.42,0.25,622.6,94
14669,4241,1,1336.32,0.39,0.25,1670.4,95
14670,4241,7,1411.49,0.46,0.25,1764.36,63
14671,4241,5,1344.67,0.12,0.25,1680.84,36
14672,4241,2,1453.25,0.4,0.25,1816.56,98
14673,4241,10,1486.66,0.5,0.25,1858.32,26
14674,3747,6,3906.48,0.31,0.25,4883.1,12
14675,3747,10,4382.88,0.47,0.25,5478.6,65
14676,3747,7,4097.04,0.34,0.25,5121.3,88
14677,3747,5,3977.94,0.14,0.25,4972.42,86
14678,364,10,76.52,0.42,0.25,95.65,45
14679,364,5,69.26,0.1,0.25,86.58,32
14680,364,6,70.96,0.36,0.25,88.7,73
14681,364,2,77.38,0.48,0.25,96.72,87
14682,364,8,71.82,0.37,0.25,89.78,16
14683,566,2,39.77,0.48,0.25,49.71,25
14684,566,5,36.13,0.13,0.25,45.16,77
14685,566,3,35.49,0.14,0.25,44.36,45
14686,4779,8,509.84,0.49,0.25,637.3,16
14687,4779,9,504.04,0.35,0.25,630.05,96
14688,4779,3,457.69,0.12,0.25,572.11,84
14689,4779,10,454.8,0.32,0.25,568.5,91
14690,1920,9,36.8,0.48,0.25,46.0,15
14691,1920,2,35.98,0.45,0.25,44.97,96
14692,1920,10,31.51,0.31,0.25,39.39,49
14693,1920,6,32.53,0.33,0.25,40.66,61
14694,1920,4,35.17,0.38,0.25,43.96,41
14695,2042,4,27.57,0.46,0.25,34.46,69
14696,2042,2,29.2,0.46,0.25,36.5,94
14697,2042,6,27.74,0.42,0.25,34.67,49
14698,2042,5,25.95,0.13,0.25,32.44,67
14699,3353,8,1582.25,0.44,0.25,1977.81,71
14700,3353,2,1375.87,0.4,0.25,1719.84,11
14701,3353,5,1375.87,0.11,0.25,1719.84,23
14702,3982,6,1606.7,0.4,0.25,2008.38,21
14703,3982,4,1616.09,0.46,0.25,2020.11,11
14704,3982,8,1465.76,0.35,0.25,1832.2,40
14705,1184,3,61.53,0.12,0.25,76.91,84
14706,1184,5,61.17,0.13,0.25,76.46,66
14707,1184,8,58.98,0.31,0.25,73.72,38
14708,1184,10,66.27,0.42,0.25,82.84,52
14709,626,10,86.17,0.45,0.25,107.71,54
14710,626,3,78.47,0.13,0.25,98.09,64
14711,626,6,86.65,0.43,0.25,108.31,71
14712,2182,2,20.07,0.47,0.25,25.09,82
14713,2182,1,19.73,0.4,0.25,24.66,31
14714,2182,7,19.39,0.35,0.25,24.24,52
14715,2182,10,19.84,0.44,0.25,24.8,51
14716,4810,9,43.63,0.49,0.25,54.54,21
14717,4810,4,38.06,0.32,0.25,47.58,83
14718,4810,3,38.3,0.14,0.25,47.88,52
14719,4810,7,41.31,0.5,0.25,51.64,25
14720,4810,1,38.06,0.33,0.25,47.58,98
14721,4810,2,36.21,0.33,0.25,45.26,16
14722,4362,4,1072.85,0.38,0.25,1341.06,74
14723,4362,1,1220.36,0.43,0.25,1525.45,77
14724,4362,7,1126.49,0.37,0.25,1408.11,89
14725,4362,2,1066.14,0.39,0.25,1332.68,91
14726,4362,5,1032.62,0.12,0.25,1290.77,18
14727,1872,2,9.05,0.39,0.25,11.31,34
14728,1872,9,9.94,0.4,0.25,12.42,26
14729,1872,7,9.16,0.37,0.25,11.45,32
14730,2098,2,24.68,0.49,0.25,30.85,87
14731,2098,9,21.48,0.34,0.25,26.85,45
14732,2098,4,23.48,0.48,0.25,29.35,81
14733,2098,10,22.94,0.34,0.25,28.68,62
14734,2098,7,23.48,0.43,0.25,29.35,29
14735,2098,5,21.34,0.12,0.25,26.68,85
14736,2585,9,227.74,0.43,0.25,284.68,88
14737,2585,4,223.79,0.31,0.25,279.74,41
14738,2585,8,215.89,0.34,0.25,269.86,89
14739,2585,2,242.22,0.49,0.25,302.77,30
14740,3762,7,916.56,0.46,0.25,1145.7,64
14741,3762,5,880.92,0.15,0.25,1101.15,32
14742,3762,1,835.09,0.42,0.25,1043.86,35
14743,3762,2,819.81,0.3,0.25,1024.76,89
14744,770,5,65.83,0.12,0.25,82.29,40
14745,770,4,77.96,0.45,0.25,97.45,82
14746,770,7,74.49,0.36,0.25,93.11,44
14747,770,6,70.16,0.37,0.25,87.7,82
14748,770,9,79.69,0.48,0.25,99.61,87
14749,770,10,69.73,0.36,0.25,87.16,23
14750,232,2,77.24,0.47,0.25,96.55,28
14751,232,1,71.81,0.39,0.25,89.76,99
14752,232,5,63.88,0.11,0.25,79.85,10
14753,232,4,68.89,0.36,0.25,86.11,24
14754,232,9,73.9,0.45,0.25,92.38,74
14755,232,8,75.15,0.48,0.25,93.94,17
14756,3994,10,2314.75,0.46,0.25,2893.44,55
14757,3994,7,2356.09,0.34,0.25,2945.11,34
14758,3994,8,2232.08,0.3,0.25,2790.1,58
14759,3994,1,2369.87,0.37,0.25,2962.34,68
14760,1651,2,590.93,0.5,0.25,738.66,25
14761,1651,8,531.51,0.31,0.25,664.39,76
14762,1651,7,551.32,0.42,0.25,689.15,27
14763,1651,4,617.34,0.5,0.25,771.68,100
14764,2809,4,274.4,0.42,0.25,343.0,25
14765,2809,7,255.69,0.42,0.25,319.61,31
14766,2809,2,244.78,0.31,0.25,305.98,48
14767,2809,8,263.49,0.45,0.25,329.36,82
14768,2256,10,76.0,0.32,0.25,95.0,56
14769,2256,4,73.27,0.3,0.25,91.59,64
14770,2256,5,75.09,0.13,0.25,93.86,97
14771,2256,3,74.64,0.13,0.25,93.3,32
14772,2489,5,46.97,0.11,0.25,58.71,90
14773,2489,8,42.8,0.32,0.25,53.5,26
14774,2489,2,49.74,0.44,0.25,62.18,60
14775,2489,4,47.24,0.44,0.25,59.05,51
14776,2489,6,47.52,0.49,0.25,59.4,42
14777,5416,7,193.06,0.32,0.25,241.32,88
14778,5416,2,204.97,0.45,0.25,256.21,59
14779,5416,3,191.86,0.13,0.25,239.82,38
14780,5416,8,212.12,0.4,0.25,265.15,18
14781,5416,4,213.31,0.44,0.25,266.64,76
14782,5416,1,201.4,0.31,0.25,251.75,39
14783,3937,7,1324.12,0.41,0.25,1655.15,49
14784,3937,3,1188.7,0.15,0.25,1485.88,54
14785,3937,5,1263.93,0.12,0.25,1579.91,11
14786,3937,2,1354.21,0.46,0.25,1692.76,17
14787,3937,1,1226.31,0.42,0.25,1532.89,20
14788,3937,9,1316.6,0.41,0.25,1645.75,34
14789,4206,7,2602.96,0.35,0.25,3253.7,29
14790,4206,1,2557.56,0.41,0.25,3196.95,16
14791,4206,8,2451.63,0.37,0.25,3064.54,92
14792,4206,4,2618.1,0.5,0.25,3272.62,68
14793,4206,2,2754.3,0.49,0.25,3442.88,94
14794,4206,6,2512.16,0.4,0.25,3140.2,98
14795,3576,5,4920.22,0.13,0.25,6150.28,68
14796,3576,4,5439.75,0.45,0.25,6799.69,38
14797,3576,10,5286.95,0.37,0.25,6608.69,84
14798,3576,6,5317.51,0.48,0.25,6646.89,37
14799,4602,1,841.11,0.42,0.25,1051.39,25
14800,4602,7,836.04,0.44,0.25,1045.05,39
14801,4602,4,932.31,0.49,0.25,1165.39,78
14802,4602,3,851.24,0.15,0.25,1064.05,55
14803,1567,4,557.39,0.38,0.25,696.74,59
14804,1567,6,541.09,0.44,0.25,676.36,66
14805,1567,2,619.32,0.5,0.25,774.15,71
14806,1567,9,560.65,0.44,0.25,700.81,10
14807,3645,10,6120.31,0.43,0.25,7650.39,100
14808,3645,4,5607.44,0.37,0.25,7009.3,67
14809,3645,8,5812.59,0.37,0.25,7265.74,99
14810,2906,7,10.79,0.48,0.25,13.49,71
14811,2906,9,10.04,0.36,0.25,12.55,66
14812,2906,3,9.98,0.14,0.25,12.48,62
14813,2906,2,9.23,0.36,0.25,11.54,93
14814,2906,8,9.58,0.32,0.25,11.98,69
14815,4033,3,336.97,0.1,0.25,421.21,11
14816,4033,9,322.93,0.33,0.25,403.66,70
14817,4033,4,316.92,0.32,0.25,396.15,81
14818,4033,6,310.9,0.34,0.25,388.62,94
14819,4948,2,556.69,0.43,0.25,695.86,44
14820,4948,3,566.94,0.15,0.25,708.68,30
14821,4948,5,584.02,0.11,0.25,730.02,75
14822,2646,4,257.31,0.46,0.25,321.64,89
14823,2646,1,251.78,0.44,0.25,314.73,41
14824,2646,6,253.16,0.48,0.25,316.45,16
14825,2646,3,235.18,0.13,0.25,293.98,75
14826,2646,8,232.41,0.46,0.25,290.51,85
14827,3719,9,4167.86,0.44,0.25,5209.82,36
14828,3719,6,3999.22,0.46,0.25,4999.02,67
14829,3719,1,4336.51,0.48,0.25,5420.64,16
14830,3823,8,751.7,0.37,0.25,939.62,84
14831,3823,10,791.26,0.45,0.25,989.08,17
14832,3823,2,690.16,0.34,0.25,862.7,73
14833,3823,9,729.72,0.42,0.25,912.15,17
14834,3823,3,716.53,0.14,0.25,895.66,71
14835,357,2,296.48,0.31,0.25,370.6,37
14836,357,9,346.22,0.44,0.25,432.78,19
14837,357,3,302.22,0.11,0.25,377.78,94
14838,357,6,325.18,0.47,0.25,406.48,66
14839,4616,2,2114.7,0.41,0.25,2643.38,71
14840,4616,9,2282.33,0.42,0.25,2852.91,45
14841,4616,4,2140.49,0.44,0.25,2675.61,47
14842,4111,6,2621.64,0.38,0.25,3277.05,73
14843,4111,9,2458.71,0.36,0.25,3073.39,44
14844,4111,4,2517.96,0.32,0.25,3147.45,38
14845,1214,6,134.31,0.42,0.25,167.89,48
14846,1214,2,144.08,0.46,0.25,180.1,96
14847,1214,4,148.15,0.46,0.25,185.19,59
14848,1214,5,126.98,0.12,0.25,158.72,82
14849,1214,7,145.71,0.41,0.25,182.14,58
14850,2679,4,147.18,0.36,0.25,183.98,50
14851,2679,2,168.34,0.49,0.25,210.42,99
14852,2679,3,157.3,0.13,0.25,196.62,45
14853,2679,10,142.58,0.33,0.25,178.23,78
14854,2679,5,158.22,0.13,0.25,197.78,63
14855,2679,8,150.86,0.42,0.25,188.58,38
14856,2946,5,62.0,0.15,0.25,77.5,41
14857,2946,1,72.08,0.47,0.25,90.1,17
14858,2946,7,65.1,0.41,0.25,81.38,95
14859,3710,5,6110.8,0.11,0.25,7638.5,53
14860,3710,8,6859.86,0.4,0.25,8574.82,91
14861,3710,7,6741.59,0.33,0.25,8426.99,99
14862,3710,6,6702.16,0.34,0.25,8377.7,76
14863,3710,10,7293.53,0.45,0.25,9116.91,49
14864,1213,10,50.7,0.32,0.25,63.38,82
14865,1213,5,49.75,0.13,0.25,62.19,86
14866,1213,3,48.17,0.12,0.25,60.21,29
14867,1213,7,49.12,0.3,0.25,61.4,30
14868,1213,4,52.61,0.39,0.25,65.76,32
14869,170,9,1512.84,0.37,0.25,1891.05,25
14870,170,5,1504.05,0.14,0.25,1880.06,60
14871,170,1,1504.05,0.35,0.25,1880.06,52
14872,170,4,1424.89,0.38,0.25,1781.11,28
14873,170,3,1398.5,0.13,0.25,1748.12,29
14874,36,8,500.17,0.44,0.25,625.21,44
14875,36,2,531.61,0.47,0.25,664.51,58
14876,36,6,474.44,0.42,0.25,593.05,53
14877,36,5,451.58,0.11,0.25,564.48,50
14878,36,4,474.44,0.37,0.25,593.05,99
14879,4944,2,100.81,0.33,0.25,126.01,54
14880,4944,6,112.85,0.4,0.25,141.06,72
14881,4944,1,108.41,0.47,0.25,135.51,83
14882,757,4,51.67,0.38,0.25,64.59,81
14883,757,7,54.94,0.33,0.25,68.68,65
14884,757,6,56.57,0.47,0.25,70.71,33
14885,757,9,52.65,0.37,0.25,65.81,40
14886,2713,5,70.3,0.12,0.25,87.88,24
14887,2713,2,73.6,0.47,0.25,92.0,67
14888,2713,8,75.67,0.49,0.25,94.59,37
14889,2713,10,69.05,0.33,0.25,86.31,94
14890,113,5,155.39,0.14,0.25,194.24,90
14891,113,10,168.82,0.48,0.25,211.02,32
14892,113,8,164.98,0.49,0.25,206.22,55
14893,113,9,152.51,0.34,0.25,190.64,17
14894,113,7,164.98,0.34,0.25,206.22,81
14895,113,2,162.1,0.31,0.25,202.62,81
14896,1504,10,304.91,0.36,0.25,381.14,70
14897,1504,9,310.67,0.36,0.25,388.34,74
14898,1504,7,320.26,0.39,0.25,400.32,86
14899,1504,8,301.08,0.34,0.25,376.35,12
14900,1734,4,351.99,0.34,0.25,439.99,14
14901,1734,8,347.92,0.4,0.25,434.9,82
14902,1734,7,335.71,0.39,0.25,419.64,98
14903,1734,10,356.06,0.4,0.25,445.08,59
14904,1734,2,376.4,0.47,0.25,470.5,36
14905,1734,3,343.85,0.14,0.25,429.81,71
14906,5202,3,194.6,0.13,0.25,243.25,46
14907,5202,5,194.6,0.13,0.25,243.25,65
14908,5202,2,198.32,0.33,0.25,247.9,89
14909,5202,10,207.0,0.36,0.25,258.75,89
14910,679,1,47.64,0.47,0.25,59.55,100
14911,679,3,45.72,0.12,0.25,57.15,94
14912,679,5,44.08,0.12,0.25,55.1,83
14913,4473,4,718.72,0.48,0.25,898.4,37
14914,4473,1,664.04,0.48,0.25,830.05,21
14915,4473,3,648.41,0.13,0.25,810.51,56
14916,4473,2,671.85,0.5,0.25,839.81,51
14917,4473,5,640.6,0.11,0.25,800.75,83
14918,4939,7,157.53,0.32,0.25,196.91,92
14919,4939,10,155.62,0.37,0.25,194.52,50
14920,4939,9,164.21,0.49,0.25,205.26,95
14921,4939,6,167.07,0.36,0.25,208.84,10
14922,4939,3,158.48,0.12,0.25,198.1,91
14923,4939,2,155.62,0.33,0.25,194.52,13
14924,3700,1,1875.43,0.31,0.25,2344.29,98
14925,3700,9,1923.21,0.36,0.25,2404.01,19
14926,3700,7,2066.55,0.43,0.25,2583.19,96
14927,3700,8,1875.43,0.34,0.25,2344.29,41
14928,3700,2,1923.21,0.31,0.25,2404.01,14
14929,1179,3,202.76,0.13,0.25,253.45,36
14930,1179,2,235.91,0.48,0.25,294.89,73
14931,1179,8,216.78,0.49,0.25,270.98,83
14932,3458,2,8127.94,0.3,0.25,10159.92,49
14933,3458,3,7589.34,0.13,0.25,9486.67,32
14934,3458,5,7981.05,0.15,0.25,9976.31,36
14935,1669,2,168.07,0.45,0.25,210.09,57
14936,1669,6,165.24,0.36,0.25,206.55,60
14937,1669,4,159.57,0.45,0.25,199.46,28
14938,1669,7,174.68,0.48,0.25,218.35,41
14939,1669,3,149.18,0.12,0.25,186.48,50
14940,5279,3,609.23,0.12,0.25,761.54,22
14941,5279,4,668.96,0.3,0.25,836.2,48
14942,5279,10,657.01,0.38,0.25,821.26,93
14943,5279,5,688.87,0.14,0.25,861.09,97
14944,5279,8,668.96,0.45,0.25,836.2,78
14945,5279,6,688.87,0.38,0.25,861.09,81
14946,622,7,19.34,0.39,0.25,24.18,24
14947,622,4,20.73,0.45,0.25,25.91,95
14948,622,10,18.88,0.33,0.25,23.6,76
14949,622,3,19.57,0.13,0.25,24.46,93
14950,622,9,20.38,0.5,0.25,25.48,79
14951,3641,6,6681.28,0.34,0.25,8351.6,22
14952,3641,2,6399.54,0.31,0.25,7999.42,61
14953,3641,9,7365.51,0.47,0.25,9206.89,58
14954,3641,1,6560.54,0.31,0.25,8200.67,90
14955,829,3,13.1,0.14,0.25,16.38,61
14956,829,4,13.97,0.41,0.25,17.46,91
14957,829,9,14.29,0.46,0.25,17.86,63
14958,829,8,13.97,0.39,0.25,17.46,88
14959,1246,2,10.5,0.33,0.25,13.12,30
14960,1246,5,11.8,0.13,0.25,14.75,53
14961,1246,9,12.35,0.49,0.25,15.44,37
14962,1871,9,16.98,0.39,0.25,21.22,63
14963,1871,4,16.3,0.47,0.25,20.38,69
14964,1871,5,16.3,0.12,0.25,20.38,92
14965,2807,3,254.72,0.12,0.25,318.4,84
14966,2807,9,269.05,0.32,0.25,336.31,98
14967,2807,5,253.13,0.12,0.25,316.41,59
14968,2807,10,277.01,0.37,0.25,346.26,92
14969,5298,5,422.09,0.13,0.25,527.61,84
14970,5298,7,412.27,0.38,0.25,515.34,20
14971,5298,6,409.82,0.34,0.25,512.28,26
14972,5298,10,395.09,0.4,0.25,493.86,96
14973,5298,4,422.09,0.44,0.25,527.61,52
14974,4575,2,1340.22,0.33,0.25,1675.28,69
14975,4575,7,1331.58,0.33,0.25,1664.48,66
14976,4575,1,1357.52,0.32,0.25,1696.9,81
14977,4575,3,1383.46,0.11,0.25,1729.32,31
14978,4575,10,1565.03,0.49,0.25,1956.29,14
14979,4575,4,1469.92,0.31,0.25,1837.4,34
14980,1762,3,635.77,0.12,0.25,794.71,28
14981,1762,7,668.17,0.31,0.25,835.21,65
14982,1762,1,651.97,0.37,0.25,814.96,94
14983,1762,4,720.81,0.45,0.25,901.01,24
14984,1762,2,704.61,0.48,0.25,880.76,32
14985,4013,2,1805.52,0.43,0.25,2256.9,54
14986,4013,8,1623.96,0.33,0.25,2029.95,20
14987,4013,7,1583.61,0.35,0.25,1979.51,14
14988,4013,10,1724.83,0.36,0.25,2156.04,23
14989,2223,7,145.9,0.34,0.25,182.38,61
14990,2223,4,161.41,0.43,0.25,201.76,55
14991,2223,9,149.55,0.42,0.25,186.94,45
14992,2223,6,152.29,0.35,0.25,190.36,69
14993,677,4,14.84,0.35,0.25,18.55,37
14994,677,6,14.41,0.38,0.25,18.01,40
14995,677,9,13.81,0.32,0.25,17.26,87
14996,2478,1,153.35,0.48,0.25,191.69,52
14997,2478,3,150.66,0.13,0.25,188.32,34
14998,2478,4,138.11,0.31,0.25,172.64,15
14999,1034,10,251.32,0.3,0.25,314.15,17
15000,1034,2,272.39,0.47,0.25,340.49,42
15001,1034,3,257.34,0.13,0.25,321.67,67
15002,1034,7,237.77,0.32,0.25,297.21,72
15003,1034,4,285.93,0.5,0.25,357.41,30
15004,2898,5,166.0,0.15,0.25,207.5,16
15005,2898,1,168.86,0.38,0.25,211.08,30
15006,2898,10,158.36,0.34,0.25,197.95,84
15007,2898,4,165.04,0.39,0.25,206.3,79
15008,2898,8,156.46,0.36,0.25,195.58,53
15009,1681,2,790.03,0.4,0.25,987.54,37
15010,1681,3,770.4,0.13,0.25,963.0,83
15011,1681,8,780.21,0.35,0.25,975.26,14
15012,1681,7,829.28,0.44,0.25,1036.6,78
15013,1837,8,19.31,0.43,0.25,24.14,34
15014,1837,9,17.78,0.35,0.25,22.22,71
15015,1837,10,17.35,0.37,0.25,21.69,40
15016,1837,3,17.78,0.13,0.25,22.22,95
15017,1837,1,19.86,0.49,0.25,24.82,82
15018,2004,6,27.34,0.43,0.25,34.17,79
15019,2004,2,24.33,0.36,0.25,30.41,87
15020,2004,4,27.04,0.42,0.25,33.8,74
15021,2004,1,25.23,0.48,0.25,31.54,17
15022,2336,4,13.22,0.39,0.25,16.53,21
15023,2336,2,12.3,0.38,0.25,15.38,92
15024,2336,10,12.76,0.34,0.25,15.95,75
15025,2336,5,12.22,0.13,0.25,15.28,40
15026,2336,1,12.22,0.37,0.25,15.28,86
15027,691,2,30.34,0.44,0.25,37.92,63
15028,691,1,30.52,0.4,0.25,38.15,98
15029,691,9,32.87,0.45,0.25,41.09,26
15030,691,5,27.63,0.1,0.25,34.54,19
15031,3055,9,2988.44,0.31,0.25,3735.55,73
15032,3055,3,2952.0,0.12,0.25,3690.0,79
15033,3055,6,2897.33,0.36,0.25,3621.66,19
15034,3055,10,3116.0,0.41,0.25,3895.0,84
15035,3055,4,2952.0,0.3,0.25,3690.0,88
15036,3055,8,3043.11,0.38,0.25,3803.89,48
15037,3600,2,2660.0,0.49,0.25,3325.0,42
15038,3600,9,2645.46,0.44,0.25,3306.82,62
15039,3600,3,2340.22,0.14,0.25,2925.27,47
15040,3600,8,2747.21,0.5,0.25,3434.01,26
15041,4012,8,2058.62,0.32,0.25,2573.27,81
15042,4012,3,2010.18,0.12,0.25,2512.72,28
15043,4012,4,2070.72,0.36,0.25,2588.4,90
15044,4012,7,2058.62,0.43,0.25,2573.27,47
15045,4012,5,1937.52,0.14,0.25,2421.9,69
15046,4551,8,852.06,0.34,0.25,1065.07,86
15047,4551,9,919.6,0.49,0.25,1149.5,40
15048,4551,6,867.65,0.47,0.25,1084.56,54
15049,748,3,45.88,0.13,0.25,57.35,90
15050,748,4,47.63,0.38,0.25,59.54,54
15051,748,10,47.92,0.39,0.25,59.9,94
15052,748,2,50.82,0.46,0.25,63.52,62
15053,4233,7,537.1,0.48,0.25,671.38,63
15054,4233,10,481.63,0.42,0.25,602.04,11
15055,4233,5,496.23,0.13,0.25,620.29,41
15056,5038,9,43.95,0.35,0.25,54.94,48
15057,5038,6,42.14,0.38,0.25,52.68,86
15058,5038,10,41.36,0.39,0.25,51.7,61
15059,5038,5,42.91,0.11,0.25,53.64,30
15060,5038,2,47.31,0.46,0.25,59.14,93
15061,5038,8,43.43,0.43,0.25,54.29,86
15062,1224,1,85.89,0.47,0.25,107.36,90
15063,1224,10,78.08,0.49,0.25,97.6,16
15064,1224,3,78.08,0.13,0.25,97.6,13
15065,3878,5,1824.52,0.14,0.25,2280.65,32
15066,3878,10,1685.81,0.36,0.25,2107.26,65
15067,3878,2,1899.21,0.39,0.25,2374.01,24
15068,3878,9,1760.5,0.31,0.25,2200.62,15
15069,3878,8,1824.52,0.49,0.25,2280.65,30
15070,2374,3,145.59,0.11,0.25,181.99,52
15071,2374,4,134.45,0.33,0.25,168.06,60
15072,2374,1,147.3,0.47,0.25,184.12,38
15073,2374,8,138.74,0.37,0.25,173.42,52
15074,2374,5,143.02,0.12,0.25,178.78,91
15075,2374,2,161.0,0.48,0.25,201.25,90
15076,4004,7,1286.98,0.47,0.25,1608.72,29
15077,4004,2,1384.82,0.47,0.25,1731.02,39
15078,4004,5,1264.4,0.11,0.25,1580.5,18
15079,4004,8,1294.51,0.47,0.25,1618.14,80
15080,4004,6,1234.3,0.36,0.25,1542.88,81
15081,5023,5,394.22,0.15,0.25,492.78,48
15082,5023,8,385.06,0.48,0.25,481.32,79
15083,5023,2,428.6,0.48,0.25,535.75,89
15084,5023,1,380.47,0.41,0.25,475.59,25
15085,5023,4,398.81,0.48,0.25,498.51,17
15086,985,1,210.17,0.3,0.25,262.71,95
15087,985,9,216.42,0.36,0.25,270.52,97
15088,985,4,205.16,0.41,0.25,256.45,14
15089,985,10,191.4,0.31,0.25,239.25,80
15090,4186,9,2259.94,0.43,0.25,2824.92,92
15091,4186,10,2487.27,0.49,0.25,3109.09,63
15092,4186,3,2246.56,0.11,0.25,2808.2,60
15093,4186,1,2259.94,0.45,0.25,2824.92,57
15094,4186,2,2420.4,0.45,0.25,3025.5,25
15095,5394,8,97.58,0.49,0.25,121.98,25
15096,5394,6,98.64,0.48,0.25,123.3,60
15097,5394,9,94.91,0.49,0.25,118.64,22
15098,5394,3,84.78,0.1,0.25,105.98,16
15099,5394,10,89.04,0.32,0.25,111.3,64
15100,5394,7,93.31,0.5,0.25,116.64,31
15101,957,9,127.77,0.42,0.25,159.71,75
15102,957,6,136.34,0.5,0.25,170.42,99
15103,957,1,132.45,0.48,0.25,165.56,91
15104,3734,2,4894.72,0.37,0.25,6118.4,66
15105,3734,9,4866.27,0.5,0.25,6082.84,98
15106,3734,5,4638.61,0.15,0.25,5798.26,99
15107,3734,7,4553.23,0.38,0.25,5691.54,98
15108,3734,1,5264.67,0.47,0.25,6580.84,20
15109,250,10,16.67,0.46,0.25,20.84,31
15110,250,7,15.87,0.38,0.25,19.84,45
15111,250,5,15.38,0.14,0.25,19.23,25
15112,250,1,17.26,0.4,0.25,21.58,62
15113,3685,3,5947.94,0.15,0.25,7434.92,37
15114,3685,2,6516.22,0.38,0.25,8145.28,16
15115,3685,9,5985.83,0.31,0.25,7482.29,74
15116,3685,8,6251.02,0.35,0.25,7813.78,92
15117,3685,6,6970.84,0.46,0.25,8713.55,73
15118,3685,7,6023.71,0.35,0.25,7529.64,99
15119,127,8,633.73,0.31,0.25,792.16,54
15120,127,4,657.64,0.4,0.25,822.05,87
15121,127,9,665.61,0.38,0.25,832.01,48
15122,127,3,677.57,0.13,0.25,846.96,88
15123,127,7,665.61,0.45,0.25,832.01,44
15124,127,6,693.51,0.35,0.25,866.89,78
15125,1515,8,186.59,0.4,0.25,233.24,80
15126,1515,7,180.83,0.32,0.25,226.04,38
15127,1515,2,196.96,0.42,0.25,246.2,52
15128,1515,4,188.9,0.33,0.25,236.12,46
15129,786,5,46.19,0.1,0.25,57.74,45
15130,786,8,46.47,0.33,0.25,58.09,62
15131,786,3,44.76,0.12,0.25,55.95,96
15132,786,9,51.6,0.49,0.25,64.5,98
15133,786,7,47.9,0.4,0.25,59.88,32
15134,5225,5,116.3,0.11,0.25,145.38,45
15135,5225,3,113.5,0.1,0.25,141.88,23
15136,5225,8,117.0,0.43,0.25,146.25,51
15137,5100,8,438.93,0.42,0.25,548.66,23
15138,5100,7,402.35,0.43,0.25,502.94,46
15139,5100,4,382.84,0.3,0.25,478.55,45
15140,5100,10,409.67,0.32,0.25,512.09,44
15141,2297,10,30.7,0.42,0.25,38.38,91
15142,2297,3,27.19,0.11,0.25,33.99,70
15143,2297,7,31.4,0.45,0.25,39.25,21
15144,2297,4,29.82,0.35,0.25,37.28,35
15145,2297,9,29.47,0.46,0.25,36.84,72
15146,926,9,280.66,0.42,0.25,350.83,21
15147,926,4,267.83,0.31,0.25,334.79,74
15148,926,5,271.04,0.15,0.25,338.8,87
15149,926,2,282.27,0.41,0.25,352.84,78
15150,926,1,282.27,0.48,0.25,352.84,67
15151,926,3,266.23,0.12,0.25,332.79,38
15152,2526,9,138.06,0.45,0.25,172.58,26
15153,2526,10,144.64,0.49,0.25,180.8,88
15154,2526,1,132.31,0.33,0.25,165.39,29
15155,2526,8,138.06,0.32,0.25,172.58,30
15156,2526,3,139.71,0.15,0.25,174.64,75
15157,2526,6,140.53,0.45,0.25,175.66,16
15158,4059,5,2231.24,0.11,0.25,2789.05,16
15159,4059,1,2086.01,0.31,0.25,2607.51,55
15160,4059,9,2218.04,0.37,0.25,2772.55,13
15161,715,4,38.68,0.48,0.25,48.35,87
15162,715,7,35.36,0.32,0.25,44.2,41
15163,715,5,35.8,0.15,0.25,44.75,20
15164,715,3,36.91,0.11,0.25,46.14,87
15165,715,8,37.13,0.31,0.25,46.41,95
15166,2220,9,125.7,0.49,0.25,157.12,76
15167,2220,7,117.66,0.38,0.25,147.07,87
15168,2220,3,121.31,0.13,0.25,151.64,25
15169,1602,3,383.85,0.13,0.25,479.81,35
15170,1602,7,430.0,0.42,0.25,537.5,47
15171,1602,5,393.56,0.13,0.25,491.95,40
15172,1602,10,439.72,0.43,0.25,549.65,11
15173,1602,4,381.42,0.36,0.25,476.78,57
15174,361,4,504.57,0.39,0.25,630.71,35
15175,361,2,475.06,0.37,0.25,593.83,52
15176,361,5,480.96,0.13,0.25,601.2,18
15177,2038,3,4.34,0.14,0.25,5.42,72
15178,2038,2,4.63,0.45,0.25,5.79,41
15179,2038,1,3.97,0.31,0.25,4.96,66
15180,4238,9,867.5,0.41,0.25,1084.38,66
15181,4238,6,971.39,0.48,0.25,1214.24,25
15182,4238,3,831.14,0.13,0.25,1038.92,66
15183,4238,8,940.22,0.49,0.25,1175.28,20
15184,4201,2,2290.19,0.46,0.25,2862.74,29
15185,4201,10,2235.98,0.38,0.25,2794.98,17
15186,4201,9,2385.05,0.42,0.25,2981.31,87
15187,4201,4,2235.98,0.42,0.25,2794.98,20
15188,4201,1,2208.88,0.42,0.25,2761.1,92
15189,4201,7,2479.91,0.44,0.25,3099.89,38
15190,1966,2,32.9,0.44,0.25,41.12,89
15191,1966,4,31.25,0.35,0.25,39.06,62
15192,1966,9,30.69,0.32,0.25,38.36,73
15193,947,1,121.02,0.32,0.25,151.28,17
15194,947,3,120.25,0.12,0.25,150.31,39
15195,947,4,134.21,0.4,0.25,167.76,70
15196,947,2,142.75,0.46,0.25,178.44,47
15197,947,10,124.9,0.33,0.25,156.12,25
15198,5208,7,542.15,0.45,0.25,677.69,57
15199,5208,1,526.75,0.45,0.25,658.44,100
15200,5208,8,468.22,0.31,0.25,585.28,47
15201,5208,5,468.22,0.12,0.25,585.28,88
15202,5208,3,526.75,0.12,0.25,658.44,18
15203,4359,10,164.53,0.38,0.25,205.66,62
15204,4359,8,165.54,0.42,0.25,206.92,24
15205,4359,5,156.46,0.1,0.25,195.58,53
15206,2433,6,155.13,0.33,0.25,193.91,36
15207,2433,7,161.41,0.48,0.25,201.76,59
15208,2433,5,151.54,0.12,0.25,189.42,96
15209,2433,8,152.44,0.33,0.25,190.55,34
15210,2433,9,156.92,0.38,0.25,196.15,71
15211,2433,3,147.06,0.11,0.25,183.82,25
15212,4886,5,337.23,0.12,0.25,421.54,56
15213,4886,1,339.3,0.34,0.25,424.12,10
15214,4886,4,339.3,0.42,0.25,424.12,94
15215,2462,9,162.86,0.45,0.25,203.58,30
15216,2462,10,146.02,0.36,0.25,182.52,70
15217,2462,4,149.76,0.37,0.25,187.2,19
15218,2462,7,160.99,0.33,0.25,201.24,17
15219,2462,5,153.5,0.14,0.25,191.88,79
15220,2462,2,161.93,0.49,0.25,202.41,80
15221,401,6,99.69,0.38,0.25,124.61,82
15222,401,1,102.03,0.45,0.25,127.54,39
15223,401,4,107.31,0.45,0.25,134.14,66
15224,401,3,94.41,0.13,0.25,118.01,79
15225,401,5,99.1,0.13,0.25,123.88,31
15226,1072,3,51.1,0.11,0.25,63.88,96
15227,1072,2,54.44,0.34,0.25,68.05,78
15228,1072,8,51.77,0.31,0.25,64.71,53
15229,1072,1,53.77,0.34,0.25,67.21,55
15230,1072,7,58.45,0.47,0.25,73.06,20
15231,1072,4,58.12,0.45,0.25,72.65,86
15232,2226,6,21.43,0.33,0.25,26.79,95
15233,2226,1,24.94,0.49,0.25,31.18,86
15234,2226,7,21.43,0.39,0.25,26.79,55
15235,3906,4,1968.48,0.3,0.25,2460.6,39
15236,3906,5,2059.74,0.11,0.25,2574.67,80
15237,3906,8,2203.13,0.41,0.25,2753.91,35
15238,3906,6,2190.1,0.41,0.25,2737.62,80
15239,3906,3,2268.32,0.14,0.25,2835.4,90
15240,2340,2,46.88,0.41,0.25,58.6,21
15241,2340,6,45.58,0.39,0.25,56.97,78
15242,2340,8,42.73,0.41,0.25,53.41,13
15243,2340,3,40.4,0.13,0.25,50.5,18
15244,2340,7,43.77,0.37,0.25,54.71,70
15245,2340,1,42.73,0.37,0.25,53.41,78
15246,2649,9,133.57,0.39,0.25,166.96,56
15247,2649,1,141.81,0.42,0.25,177.26,73
15248,2649,7,149.23,0.42,0.25,186.54,78
15249,2649,2,148.41,0.43,0.25,185.51,42
15250,2649,8,144.29,0.44,0.25,180.36,76
15251,2891,6,328.32,0.43,0.25,410.4,31
15252,2891,7,317.38,0.38,0.25,396.72,80
15253,2891,3,277.25,0.12,0.25,346.56,84
15254,1171,9,148.67,0.42,0.25,185.84,94
15255,1171,4,141.06,0.42,0.25,176.32,61
15256,1171,7,147.82,0.41,0.25,184.77,41
15257,2443,8,60.04,0.44,0.25,75.05,34
15258,2443,9,58.63,0.32,0.25,73.29,16
15259,2443,5,54.04,0.11,0.25,67.55,48
15260,2443,10,61.81,0.42,0.25,77.26,36
15261,2982,5,301.3,0.13,0.25,376.62,74
15262,2982,9,290.14,0.33,0.25,362.67,38
15263,2982,1,308.74,0.33,0.25,385.92,97
15264,2982,7,325.48,0.41,0.25,406.85,53
15265,4506,10,1733.65,0.35,0.25,2167.06,100
15266,4506,9,1733.65,0.45,0.25,2167.06,22
15267,4506,8,1869.42,0.42,0.25,2336.78,23
15268,5094,7,328.11,0.41,0.25,410.14,47
15269,5094,5,326.17,0.11,0.25,407.71,38
15270,5094,2,320.35,0.42,0.25,400.44,16
15271,1769,7,542.25,0.47,0.25,677.81,67
15272,1769,3,481.02,0.11,0.25,601.28,16
15273,1769,2,472.28,0.31,0.25,590.35,86
15274,1769,8,539.33,0.47,0.25,674.16,22
15275,251,10,107.38,0.49,0.25,134.22,44
15276,251,4,112.35,0.44,0.25,140.44,64
15277,251,2,110.48,0.46,0.25,138.1,44
15278,251,1,105.52,0.33,0.25,131.9,31
15279,251,5,98.69,0.15,0.25,123.36,97
15280,4317,4,1246.47,0.37,0.25,1558.09,79
15281,4317,9,1246.47,0.39,0.25,1558.09,68
15282,4317,3,1180.87,0.14,0.25,1476.09,53
15283,4494,4,114.8,0.38,0.25,143.5,79
15284,4494,7,105.35,0.32,0.25,131.69,73
15285,4494,2,118.18,0.45,0.25,147.73,78
15286,3992,8,821.84,0.34,0.25,1027.3,95
15287,3992,2,787.6,0.33,0.25,984.5,59
15288,3992,9,856.08,0.45,0.25,1070.1,63
15289,3992,6,846.3,0.42,0.25,1057.88,78
15290,3992,10,797.38,0.41,0.25,996.72,20
15291,777,8,35.97,0.34,0.25,44.96,12
15292,777,2,37.78,0.36,0.25,47.22,54
15293,777,1,36.64,0.39,0.25,45.8,90
15294,777,4,40.04,0.38,0.25,50.05,14
15295,777,10,36.64,0.32,0.25,45.8,27
15296,777,6,38.23,0.38,0.25,47.79,19
15297,5133,4,303.73,0.42,0.25,379.66,31
15298,5133,7,307.28,0.37,0.25,384.1,30
15299,5133,9,330.37,0.47,0.25,412.96,95
15300,5133,2,301.95,0.33,0.25,377.44,28
15301,5133,10,307.28,0.41,0.25,384.1,86
15302,5133,3,291.3,0.13,0.25,364.12,75
15303,3606,1,8027.76,0.5,0.25,10034.7,11
15304,3606,6,7035.08,0.31,0.25,8793.85,40
15305,3606,7,7509.84,0.38,0.25,9387.3,35
15306,3606,2,7423.52,0.36,0.25,9279.4,49
15307,3606,8,7811.96,0.48,0.25,9764.95,81
15308,3606,10,7337.2,0.38,0.25,9171.5,57
15309,3220,5,8517.26,0.14,0.25,10646.58,27
15310,3220,10,9043.02,0.38,0.25,11303.78,67
15311,3220,4,8622.41,0.34,0.25,10778.01,99
15312,3220,2,8937.87,0.46,0.25,11172.34,13
15313,2116,6,35.12,0.49,0.25,43.9,82
15314,2116,4,32.11,0.44,0.25,40.14,43
15315,2116,1,32.86,0.49,0.25,41.08,16
15316,5355,8,155.51,0.33,0.25,194.39,16
15317,5355,3,158.32,0.1,0.25,197.9,19
15318,5355,7,161.13,0.45,0.25,201.41,22
15319,2190,6,17.65,0.4,0.25,22.06,63
15320,2190,7,16.45,0.45,0.25,20.56,14
15321,2190,4,17.25,0.47,0.25,21.56,34
15322,2253,6,68.21,0.41,0.25,85.26,75
15323,2253,9,68.21,0.39,0.25,85.26,54
15324,2253,3,63.11,0.13,0.25,78.89,78
15325,2253,4,65.46,0.45,0.25,81.82,94
15326,2253,10,68.6,0.43,0.25,85.75,39
15327,2253,5,60.76,0.1,0.25,75.95,97
15328,4499,1,1596.1,0.31,0.25,1995.12,19
15329,4499,10,1616.05,0.39,0.25,2020.06,24
15330,4499,4,1675.9,0.46,0.25,2094.88,64
15331,887,4,81.57,0.33,0.25,101.96,71
15332,887,3,81.57,0.13,0.25,101.96,84
15333,887,6,80.06,0.36,0.25,100.08,74
15334,887,5,76.53,0.12,0.25,95.66,36
15335,3642,5,5203.14,0.11,0.25,6503.92,51
15336,3642,2,5449.44,0.38,0.25,6811.8,59
15337,3642,7,5726.53,0.47,0.25,7158.16,53
15338,3642,3,4833.68,0.11,0.25,6042.1,49
15339,3605,3,230.16,0.14,0.25,287.7,17
15340,3605,8,236.81,0.43,0.25,296.01,26
15341,3605,7,219.52,0.4,0.25,274.4,93
15342,3605,5,212.86,0.13,0.25,266.08,79
15343,3605,1,208.87,0.32,0.25,261.09,61
15344,3605,4,227.5,0.45,0.25,284.38,94
15345,854,9,69.39,0.37,0.25,86.74,23
15346,854,10,72.79,0.45,0.25,90.99,47
15347,854,8,73.65,0.47,0.25,92.06,56
15348,854,4,68.11,0.38,0.25,85.14,68
15349,854,7,77.9,0.49,0.25,97.38,57
15350,2850,9,81.35,0.37,0.25,101.69,80
15351,2850,3,78.11,0.14,0.25,97.64,61
15352,2850,4,78.57,0.33,0.25,98.21,97
15353,2850,6,77.65,0.3,0.25,97.06,44
15354,2850,7,72.57,0.35,0.25,90.71,92
15355,3814,2,949.66,0.45,0.25,1187.08,43
15356,3814,10,856.25,0.42,0.25,1070.31,42
15357,3814,1,877.01,0.48,0.25,1096.26,38
15358,1310,10,35.93,0.47,0.25,44.91,25
15359,1310,5,31.65,0.13,0.25,39.56,39
15360,1310,4,35.54,0.46,0.25,44.42,97
15361,1310,9,33.21,0.42,0.25,41.51,23
15362,200,1,484.31,0.39,0.25,605.39,54
15363,200,2,459.4,0.45,0.25,574.25,76
15364,200,8,473.24,0.48,0.25,591.55,67
15365,200,7,448.34,0.4,0.25,560.42,18
15366,200,6,473.24,0.46,0.25,591.55,99
15367,174,8,647.11,0.34,0.25,808.89,19
15368,174,6,688.32,0.47,0.25,860.4,57
15369,174,2,684.2,0.4,0.25,855.25,25
15370,3798,4,2739.92,0.44,0.25,3424.9,19
15371,3798,6,2772.73,0.47,0.25,3465.91,31
15372,3798,8,2789.14,0.46,0.25,3486.42,73
15373,3798,3,2789.14,0.14,0.25,3486.42,27
15374,3798,9,2953.21,0.44,0.25,3691.51,65
15375,3798,2,2953.21,0.48,0.25,3691.51,97
15376,1484,6,111.48,0.32,0.25,139.35,47
15377,1484,7,111.48,0.41,0.25,139.35,77
15378,1484,9,124.47,0.44,0.25,155.59,52
15379,1484,3,106.69,0.14,0.25,133.36,42
15380,1484,8,118.31,0.49,0.25,147.89,94
15381,2691,4,144.92,0.31,0.25,181.15,14
15382,2691,2,155.4,0.35,0.25,194.25,65
15383,2691,5,159.22,0.14,0.25,199.02,95
15384,2691,1,164.94,0.41,0.25,206.18,82
15385,2691,3,163.98,0.13,0.25,204.98,88
15386,3516,7,4457.44,0.49,0.25,5571.8,11
15387,3516,9,3924.48,0.42,0.25,4905.6,23
15388,3516,3,4094.06,0.12,0.25,5117.58,80
15389,3516,8,4166.73,0.34,0.25,5208.41,45
15390,3516,4,3924.48,0.37,0.25,4905.6,39
15391,285,3,296.59,0.11,0.25,370.74,21
15392,285,10,322.38,0.45,0.25,402.98,50
15393,285,5,289.23,0.1,0.25,361.54,35
15394,285,8,316.86,0.34,0.25,396.08,38
15395,285,9,313.17,0.38,0.25,391.46,16
15396,389,4,97.56,0.48,0.25,121.95,75
15397,389,2,92.63,0.48,0.25,115.79,82
15398,389,6,97.56,0.42,0.25,121.95,78
15399,350,3,455.8,0.15,0.25,569.75,30
15400,350,2,455.8,0.39,0.25,569.75,53
15401,350,9,442.4,0.41,0.25,553.0,15
15402,338,4,321.11,0.47,0.25,401.39,35
15403,338,9,304.79,0.35,0.25,380.99,39
15404,338,6,301.16,0.32,0.25,376.45,76
15405,338,5,304.79,0.1,0.25,380.99,28
15406,577,4,83.52,0.4,0.25,104.4,99
15407,577,6,84.91,0.48,0.25,106.14,68
15408,577,10,83.98,0.46,0.25,104.98,76
15409,577,3,73.78,0.13,0.25,92.22,92
15410,577,9,81.2,0.43,0.25,101.5,19
15411,577,2,77.02,0.4,0.25,96.28,54
15412,2781,6,260.53,0.49,0.25,325.66,42
15413,2781,7,246.14,0.36,0.25,307.67,23
15414,2781,2,236.06,0.36,0.25,295.08,68
15415,2781,9,247.58,0.34,0.25,309.48,47
15416,3934,1,1489.65,0.47,0.25,1862.06,57
15417,3934,2,1429.72,0.36,0.25,1787.15,88
15418,3934,4,1429.72,0.37,0.25,1787.15,43
15419,197,9,1373.24,0.44,0.25,1716.55,24
15420,197,1,1470.18,0.43,0.25,1837.72,19
15421,197,3,1284.39,0.14,0.25,1605.49,26
15422,197,10,1252.07,0.34,0.25,1565.09,75
15423,197,7,1308.62,0.32,0.25,1635.78,71
15424,1613,10,201.27,0.38,0.25,251.59,40
15425,1613,2,195.48,0.33,0.25,244.35,20
15426,1613,4,179.29,0.34,0.25,224.11,12
15427,1613,7,194.33,0.33,0.25,242.91,82
15428,1613,6,193.17,0.33,0.25,241.46,35
15429,2692,7,326.39,0.48,0.25,407.99,21
15430,2692,2,282.63,0.33,0.25,353.29,12
15431,2692,8,311.8,0.4,0.25,389.75,55
15432,3135,4,3919.96,0.43,0.25,4899.95,69
15433,3135,8,3686.63,0.32,0.25,4608.29,33
15434,3135,1,3849.96,0.36,0.25,4812.45,49
15435,4074,4,1188.43,0.43,0.25,1485.54,69
15436,4074,5,1152.63,0.12,0.25,1440.79,30
15437,4074,6,1152.63,0.4,0.25,1440.79,93
15438,4074,8,1274.34,0.42,0.25,1592.92,37
15439,4074,9,1238.54,0.46,0.25,1548.18,85
15440,410,1,290.8,0.3,0.25,363.5,90
15441,410,5,279.76,0.11,0.25,349.7,52
15442,410,4,305.52,0.34,0.25,381.9,35
15443,5388,8,299.84,0.34,0.25,374.8,39
15444,5388,5,280.32,0.1,0.25,350.4,21
15445,5388,6,289.19,0.33,0.25,361.49,27
15446,5388,9,294.52,0.36,0.25,368.15,41
15447,5388,10,312.26,0.38,0.25,390.32,21
15448,362,8,359.73,0.36,0.25,449.66,55
15449,362,4,345.34,0.46,0.25,431.67,28
15450,362,5,333.01,0.15,0.25,416.26,84
15451,4763,4,20.08,0.48,0.25,25.1,38
15452,4763,8,20.31,0.49,0.25,25.39,29
15453,4763,3,19.36,0.14,0.25,24.2,51
15454,3955,4,1579.42,0.38,0.25,1974.28,60
15455,3955,8,1552.5,0.45,0.25,1940.62,19
15456,3955,2,1597.37,0.41,0.25,1996.71,42
15457,3328,6,1297.74,0.46,0.25,1622.18,86
15458,3328,10,1244.92,0.4,0.25,1556.15,12
15459,3328,2,1327.92,0.46,0.25,1659.9,56
15460,3328,4,1312.83,0.39,0.25,1641.04,88
15461,3449,7,8045.87,0.38,0.25,10057.34,71
15462,3449,6,8845.76,0.48,0.25,11057.2,81
15463,3449,1,7716.51,0.31,0.25,9645.64,39
15464,3449,3,7857.67,0.13,0.25,9822.09,71
15465,3449,8,7575.36,0.33,0.25,9469.2,12
15466,245,3,149.82,0.13,0.25,187.27,81
15467,245,9,160.46,0.33,0.25,200.58,71
15468,245,4,155.62,0.37,0.25,194.52,79
15469,245,7,177.85,0.47,0.25,222.31,74
15470,245,10,151.76,0.35,0.25,189.7,88
15471,2326,3,68.72,0.11,0.25,85.9,68
15472,2326,6,71.3,0.44,0.25,89.12,50
15473,2326,7,76.02,0.38,0.25,95.02,13
15474,2326,5,67.0,0.11,0.25,83.75,19
15475,1727,4,75.53,0.32,0.25,94.41,38
15476,1727,8,70.64,0.33,0.25,88.3,59
15477,1727,9,69.76,0.32,0.25,87.2,77
15478,1727,1,73.31,0.43,0.25,91.64,13
15479,1727,5,76.86,0.15,0.25,96.08,59
15480,41,6,326.54,0.45,0.25,408.18,11
15481,41,3,308.83,0.12,0.25,386.04,94
15482,41,4,344.24,0.47,0.25,430.3,77
15483,41,1,324.57,0.33,0.25,405.71,12
15484,41,9,324.57,0.43,0.25,405.71,32
15485,2896,9,69.32,0.35,0.25,86.65,24
15486,2896,5,69.75,0.12,0.25,87.19,16
15487,2896,4,66.36,0.33,0.25,82.95,91
15488,2896,10,76.51,0.47,0.25,95.64,51
15489,2896,1,66.79,0.36,0.25,83.49,21
15490,2896,6,70.17,0.39,0.25,87.71,88
15491,1379,3,87.62,0.11,0.25,109.52,18
15492,1379,9,88.65,0.33,0.25,110.81,25
15493,1379,2,89.16,0.43,0.25,111.45,100
15494,1379,5,84.53,0.13,0.25,105.66,82
15495,1379,10,91.74,0.39,0.25,114.68,14
15496,1379,1,87.1,0.34,0.25,108.88,25
15497,4622,4,363.33,0.42,0.25,454.16,48
15498,4622,8,383.39,0.42,0.25,479.24,49
15499,4622,10,374.47,0.44,0.25,468.09,34
15500,4834,4,602.7,0.33,0.25,753.38,38
15501,4834,9,671.27,0.48,0.25,839.09,62
15502,4834,10,656.84,0.44,0.25,821.05,77
15503,4834,6,667.66,0.49,0.25,834.58,24
15504,3774,4,124.87,0.4,0.25,156.09,46
15505,3774,2,141.83,0.44,0.25,177.29,17
15506,3774,10,131.04,0.46,0.25,163.8,18
15507,3774,6,130.27,0.34,0.25,162.84,31
15508,5095,2,487.13,0.31,0.25,608.91,89
15509,5095,10,511.03,0.43,0.25,638.79,31
15510,5095,5,508.04,0.13,0.25,635.05,76
15511,4134,5,1831.39,0.13,0.25,2289.24,78
15512,4134,4,1996.8,0.4,0.25,2496.0,40
15513,4134,6,2020.43,0.47,0.25,2525.54,98
15514,4134,7,1914.09,0.4,0.25,2392.61,46
15515,967,3,136.66,0.14,0.25,170.82,31
15516,967,8,142.49,0.49,0.25,178.11,13
15517,967,4,137.49,0.31,0.25,171.86,24
15518,967,5,139.99,0.11,0.25,174.99,91
15519,967,9,149.99,0.41,0.25,187.49,46
15520,967,6,126.66,0.31,0.25,158.32,64
15521,2552,10,370.64,0.36,0.25,463.3,76
15522,2552,3,340.82,0.15,0.25,426.02,34
15523,2552,1,357.86,0.42,0.25,447.33,100
15524,2552,5,334.43,0.11,0.25,418.04,69
15525,2552,9,381.29,0.44,0.25,476.61,57
15526,2552,4,362.12,0.34,0.25,452.65,56
15527,146,1,605.7,0.38,0.25,757.12,43
15528,146,9,592.09,0.38,0.25,740.11,61
15529,146,6,568.27,0.42,0.25,710.34,76
15530,20,5,1390.93,0.13,0.25,1738.66,77
15531,20,1,1431.6,0.39,0.25,1789.5,30
15532,20,3,1301.46,0.11,0.25,1626.82,98
15533,20,4,1480.41,0.49,0.25,1850.51,86
15534,20,7,1268.92,0.32,0.25,1586.15,81
15535,3890,3,2310.23,0.14,0.25,2887.79,75
15536,3890,1,2114.21,0.3,0.25,2642.76,84
15537,3890,10,2464.25,0.4,0.25,3080.31,48
15538,3890,5,2254.23,0.1,0.25,2817.79,79
15539,3890,8,2226.22,0.37,0.25,2782.77,83
15540,3890,6,2422.24,0.41,0.25,3027.8,14
15541,2799,6,82.4,0.4,0.25,103.0,66
15542,2799,7,87.55,0.49,0.25,109.44,13
15543,2799,1,72.57,0.32,0.25,90.71,73
15544,2799,9,81.0,0.38,0.25,101.25,29
15545,2799,10,80.06,0.31,0.25,100.08,23
15546,4991,8,260.09,0.46,0.25,325.11,80
15547,4991,9,277.02,0.49,0.25,346.28,76
15548,4991,10,260.09,0.36,0.25,325.11,33
15549,4991,2,270.86,0.37,0.25,338.58,76
15550,4991,1,277.02,0.5,0.25,346.28,38
15551,4561,1,1483.26,0.44,0.25,1854.08,11
15552,4561,4,1440.89,0.36,0.25,1801.11,60
15553,4561,10,1415.46,0.37,0.25,1769.32,14
15554,4561,8,1449.36,0.45,0.25,1811.7,96
15555,4561,7,1466.31,0.37,0.25,1832.89,65
15556,406,4,174.95,0.4,0.25,218.69,63
15557,406,2,179.14,0.4,0.25,223.92,33
15558,406,1,188.57,0.42,0.25,235.71,14
15559,3153,1,427.85,0.46,0.25,534.81,81
15560,3153,3,383.33,0.11,0.25,479.16,62
15561,3153,10,415.48,0.38,0.25,519.35,18
15562,3153,4,430.32,0.42,0.25,537.9,14
15563,3153,6,450.1,0.44,0.25,562.62,91
15564,1376,1,54.34,0.43,0.25,67.93,86
15565,1376,8,50.76,0.33,0.25,63.45,85
15566,1376,5,52.71,0.15,0.25,65.89,51
15567,440,7,134.4,0.48,0.25,168.0,30
15568,440,8,125.68,0.37,0.25,157.1,64
15569,440,2,121.33,0.37,0.25,151.66,86
15570,440,5,124.96,0.13,0.25,156.2,63
15571,440,3,114.06,0.15,0.25,142.57,88
15572,440,6,124.23,0.37,0.25,155.29,53
15573,128,6,313.64,0.36,0.25,392.05,31
15574,128,5,333.13,0.12,0.25,416.41,17
15575,128,9,356.5,0.47,0.25,445.62,21
15576,126,3,758.9,0.15,0.25,948.62,18
15577,126,1,705.64,0.3,0.25,882.05,46
15578,126,7,723.39,0.41,0.25,904.24,75
15579,126,2,705.64,0.37,0.25,882.05,59
15580,126,6,727.83,0.39,0.25,909.79,62
15581,126,9,732.27,0.36,0.25,915.34,86
15582,1644,1,565.0,0.31,0.25,706.25,61
15583,1644,3,568.4,0.11,0.25,710.5,50
15584,1644,10,636.47,0.49,0.25,795.59,13
15585,1644,7,585.42,0.34,0.25,731.78,88
15586,1644,4,602.44,0.48,0.25,753.05,56
15587,226,8,117.49,0.47,0.25,146.86,27
15588,226,6,107.25,0.37,0.25,134.06,63
15589,226,1,108.61,0.33,0.25,135.76,48
15590,2950,5,149.63,0.1,0.25,187.04,60
15591,2950,1,162.49,0.43,0.25,203.11,77
15592,2950,4,142.29,0.34,0.25,177.86,98
15593,2950,6,156.06,0.48,0.25,195.08,81
15594,2950,8,162.49,0.5,0.25,203.11,13
15595,2876,8,222.4,0.36,0.25,278.0,84
15596,2876,2,227.67,0.45,0.25,284.59,97
15597,2876,1,243.46,0.47,0.25,304.32,37
15598,1906,8,21.36,0.42,0.25,26.7,83
15599,1906,1,21.62,0.35,0.25,27.02,71
15600,1906,4,21.24,0.39,0.25,26.55,13
15601,1906,9,20.98,0.34,0.25,26.22,49
15602,3259,3,6637.47,0.11,0.25,8296.84,77
15603,3259,8,7743.72,0.43,0.25,9679.65,81
15604,3259,2,6892.76,0.35,0.25,8615.95,17
15605,3259,1,7148.05,0.41,0.25,8935.06,67
15606,3259,5,6935.31,0.13,0.25,8669.14,72
15607,4266,3,406.0,0.13,0.25,507.5,65
15608,4266,1,376.29,0.3,0.25,470.36,14
15609,4266,5,391.14,0.15,0.25,488.92,16
15610,4792,4,335.66,0.43,0.25,419.58,96
15611,4792,7,348.94,0.44,0.25,436.18,68
15612,4792,6,303.42,0.36,0.25,379.28,48
15613,2185,3,4.77,0.13,0.25,5.96,92
15614,2185,9,4.66,0.31,0.25,5.82,79
15615,2185,6,4.6,0.36,0.25,5.75,27
15616,2498,5,46.04,0.14,0.25,57.55,65
15617,2498,9,46.04,0.42,0.25,57.55,19
15618,2498,6,42.22,0.31,0.25,52.78,66
15619,2498,7,46.58,0.45,0.25,58.22,22
15620,5008,3,150.06,0.12,0.25,187.58,16
15621,5008,9,164.77,0.42,0.25,205.96,68
15622,5008,4,179.49,0.45,0.25,224.36,87
15623,5008,8,155.95,0.36,0.25,194.94,57
15624,5008,2,164.77,0.34,0.25,205.96,51
15625,979,8,171.16,0.48,0.25,213.95,74
15626,979,6,173.19,0.39,0.25,216.49,31
15627,979,5,159.01,0.14,0.25,198.76,68
15628,979,1,176.23,0.46,0.25,220.29,26
15629,979,4,163.06,0.35,0.25,203.82,75
15630,979,7,175.21,0.41,0.25,219.01,58
15631,3485,9,6994.44,0.5,0.25,8743.05,76
15632,3485,6,6678.31,0.35,0.25,8347.89,50
15633,3485,1,6204.11,0.36,0.25,7755.14,70
15634,3485,10,6480.72,0.31,0.25,8100.9,82
15635,3485,4,6520.24,0.43,0.25,8150.3,42
15636,4814,10,361.47,0.43,0.25,451.84,27
15637,4814,6,351.54,0.45,0.25,439.42,57
15638,4814,7,339.62,0.42,0.25,424.52,13
15639,4814,3,321.75,0.14,0.25,402.19,99
15640,4814,1,347.57,0.43,0.25,434.46,66
15641,4814,9,327.71,0.35,0.25,409.64,40
15642,3954,9,1518.6,0.43,0.25,1898.25,35
15643,3954,3,1458.2,0.11,0.25,1822.75,74
15644,3954,5,1320.15,0.12,0.25,1650.19,22
15645,3954,7,1501.34,0.48,0.25,1876.68,54
15646,3954,6,1509.97,0.38,0.25,1887.46,89
15647,61,6,1101.31,0.42,0.25,1376.64,62
15648,61,9,1082.43,0.38,0.25,1353.04,24
15649,61,1,1082.43,0.48,0.25,1353.04,17
15650,61,2,1139.07,0.48,0.25,1423.84,61
15651,61,4,1139.07,0.45,0.25,1423.84,61
15652,3047,9,8652.55,0.38,0.25,10815.69,24
15653,3047,3,7620.14,0.13,0.25,9525.18,50
15654,3047,6,9045.84,0.47,0.25,11307.3,99
15655,3047,4,8062.6,0.39,0.25,10078.25,74
15656,2084,8,4.36,0.38,0.25,5.45,52
15657,2084,1,4.46,0.43,0.25,5.58,80
15658,2084,2,3.88,0.31,0.25,4.85,98
15659,2084,7,4.18,0.36,0.25,5.22,64
15660,2084,9,4.46,0.49,0.25,5.58,67
15661,2084,6,4.39,0.34,0.25,5.49,88
15662,1435,9,82.7,0.47,0.25,103.38,98
15663,1435,1,78.23,0.46,0.25,97.79,19
15664,1435,3,71.97,0.11,0.25,89.96,35
15665,1435,5,74.2,0.14,0.25,92.75,68
15666,1060,9,196.78,0.34,0.25,245.98,91
15667,1060,5,188.28,0.14,0.25,235.35,53
15668,1060,2,206.5,0.41,0.25,258.12,98
15669,1060,6,208.93,0.37,0.25,261.16,38
15670,1060,4,221.08,0.47,0.25,276.35,90
15671,4335,9,1913.28,0.41,0.25,2391.6,76
15672,4335,8,1782.08,0.35,0.25,2227.6,58
15673,4335,6,1782.08,0.41,0.25,2227.6,82
15674,4335,10,1880.48,0.34,0.25,2350.6,83
15675,4335,1,1880.48,0.43,0.25,2350.6,52
15676,4335,2,1869.54,0.41,0.25,2336.93,30
15677,109,10,241.7,0.42,0.25,302.12,52
15678,109,4,227.81,0.44,0.25,284.76,30
15679,109,8,229.2,0.31,0.25,286.5,82
15680,109,3,216.7,0.14,0.25,270.88,76
15681,109,7,238.93,0.48,0.25,298.66,32
15682,4015,10,1994.58,0.44,0.25,2493.22,24
15683,4015,3,1947.09,0.1,0.25,2433.86,49
15684,4015,5,2018.33,0.14,0.25,2522.91,66
15685,4015,7,2077.69,0.44,0.25,2597.11,12
15686,4015,2,2042.07,0.38,0.25,2552.59,26
15687,4015,4,2006.45,0.43,0.25,2508.06,62
15688,3718,5,5599.39,0.14,0.25,6999.24,75
15689,3718,9,5940.81,0.39,0.25,7426.01,44
15690,3718,7,5633.53,0.43,0.25,7041.91,75
15691,3718,4,6179.81,0.43,0.25,7724.76,22
15692,3718,1,5735.96,0.39,0.25,7169.95,82
15693,3718,6,5496.96,0.41,0.25,6871.2,90
15694,1181,10,92.58,0.35,0.25,115.72,47
15695,1181,7,103.79,0.5,0.25,129.74,14
15696,1181,4,92.58,0.31,0.25,115.72,99
15697,1181,1,102.02,0.34,0.25,127.52,55
15698,1181,6,110.86,0.5,0.25,138.57,83
15699,1181,3,99.66,0.1,0.25,124.57,50
15700,4535,2,1755.28,0.38,0.25,2194.1,67
15701,4535,3,1786.26,0.13,0.25,2232.82,73
15702,4535,7,1590.08,0.34,0.25,1987.6,33
15703,4535,9,1579.76,0.32,0.25,1974.7,92
15704,4535,6,1817.24,0.42,0.25,2271.55,79
15705,4535,10,1765.61,0.4,0.25,2207.01,78
15706,3054,10,6524.36,0.36,0.25,8155.45,28
15707,3054,5,6720.88,0.15,0.25,8401.1,71
15708,3054,4,6799.49,0.44,0.25,8499.36,29
15709,3904,5,1171.32,0.12,0.25,1464.15,75
15710,3904,7,1221.62,0.42,0.25,1527.02,20
15711,3904,2,1128.2,0.33,0.25,1410.25,31
15712,3904,3,1106.64,0.11,0.25,1383.3,11
15713,3904,1,1279.11,0.5,0.25,1598.89,23
15714,3904,9,1200.06,0.31,0.25,1500.07,41
15715,1260,3,11.65,0.13,0.25,14.56,70
15716,1260,2,12.59,0.35,0.25,15.74,51
15717,1260,5,12.01,0.13,0.25,15.01,51
15718,1260,4,12.3,0.43,0.25,15.38,95
15719,3760,8,7409.42,0.3,0.25,9261.78,69
15720,3760,4,7858.48,0.48,0.25,9823.1,54
15721,3760,7,8352.44,0.49,0.25,10440.55,70
15722,3760,6,8217.72,0.49,0.25,10272.15,97
15723,3760,3,7633.95,0.12,0.25,9542.44,16
15724,2843,4,261.87,0.37,0.25,327.34,12
15725,2843,6,239.3,0.36,0.25,299.12,15
15726,2843,3,257.36,0.12,0.25,321.7,35
15727,2192,8,17.07,0.35,0.25,21.34,83
15728,2192,9,18.66,0.38,0.25,23.32,57
15729,2192,2,17.81,0.37,0.25,22.26,74
15730,2192,1,16.76,0.33,0.25,20.95,98
15731,2192,5,17.5,0.13,0.25,21.88,37
15732,2192,3,18.23,0.14,0.25,22.79,76
15733,749,6,8.13,0.41,0.25,10.16,19
15734,749,2,7.58,0.3,0.25,9.48,28
15735,749,9,8.43,0.37,0.25,10.54,61
15736,749,7,8.68,0.41,0.25,10.85,75
15737,5341,3,232.19,0.13,0.25,290.24,31
15738,5341,10,252.38,0.42,0.25,315.48,74
15739,5341,8,258.15,0.46,0.25,322.69,50
15740,5341,2,239.41,0.43,0.25,299.26,51
15741,5341,1,248.06,0.34,0.25,310.08,74
15742,5341,7,230.75,0.4,0.25,288.44,10
15743,1309,9,79.73,0.49,0.25,99.66,95
15744,1309,8,84.77,0.47,0.25,105.96,34
15745,1309,10,85.68,0.49,0.25,107.1,52
15746,1309,7,81.56,0.46,0.25,101.95,16
15747,1309,1,82.02,0.4,0.25,102.52,95
15748,1309,3,75.6,0.11,0.25,94.5,15
15749,2389,4,77.57,0.45,0.25,96.96,67
15750,2389,9,79.41,0.34,0.25,99.26,50
15751,2389,10,82.64,0.41,0.25,103.3,23
15752,2389,6,78.49,0.46,0.25,98.11,23
15753,4271,5,248.15,0.11,0.25,310.19,85
15754,4271,4,274.86,0.35,0.25,343.58,54
15755,4271,7,259.15,0.35,0.25,323.94,53
15756,4271,3,268.57,0.11,0.25,335.71,22
15757,4271,2,256.01,0.39,0.25,320.01,87
15758,4271,8,284.28,0.45,0.25,355.35,90
15759,3200,1,2049.26,0.45,0.25,2561.58,49
15760,3200,8,1968.67,0.33,0.25,2460.84,28
15761,3200,3,1934.13,0.12,0.25,2417.66,23
15762,3200,7,2164.39,0.49,0.25,2705.49,46
15763,3200,9,1980.18,0.36,0.25,2475.22,70
15764,3200,6,2003.21,0.45,0.25,2504.01,31
15765,1293,6,9.1,0.34,0.25,11.38,51
15766,1293,4,8.77,0.35,0.25,10.96,28
15767,1293,3,8.77,0.12,0.25,10.96,22
15768,1293,1,9.1,0.41,0.25,11.38,35
15769,1293,9,9.44,0.36,0.25,11.8,84
15770,1293,2,10.12,0.42,0.25,12.65,73
15771,29,8,1903.1,0.38,0.25,2378.88,50
15772,29,10,2070.67,0.45,0.25,2588.34,74
15773,29,5,2034.76,0.11,0.25,2543.45,85
15774,964,6,165.75,0.42,0.25,207.19,14
15775,964,9,163.84,0.48,0.25,204.8,67
15776,964,5,160.0,0.11,0.25,200.0,86
15777,620,1,17.49,0.35,0.25,21.86,76
15778,620,3,15.66,0.11,0.25,19.58,39
15779,620,5,16.98,0.1,0.25,21.22,19
15780,620,9,16.37,0.37,0.25,20.46,89
15781,620,6,17.9,0.46,0.25,22.38,67
15782,620,10,16.17,0.38,0.25,20.21,77
15783,4584,2,1887.51,0.38,0.25,2359.39,51
15784,4584,7,1843.1,0.38,0.25,2303.88,92
15785,4584,4,1832.0,0.45,0.25,2290.0,66
15786,4584,3,1732.07,0.14,0.25,2165.09,18
15787,4584,1,1765.38,0.32,0.25,2206.73,18
15788,4584,5,1743.17,0.11,0.25,2178.96,89
15789,1926,9,4.7,0.43,0.25,5.88,20
15790,1926,10,4.01,0.32,0.25,5.01,88
15791,1926,4,4.65,0.42,0.25,5.81,30
15792,1926,6,3.98,0.31,0.25,4.97,67
15793,1926,3,4.09,0.11,0.25,5.11,62
15794,49,9,262.14,0.46,0.25,327.67,14
15795,49,7,243.52,0.32,0.25,304.4,40
15796,49,10,251.28,0.4,0.25,314.1,28
15797,49,4,266.79,0.43,0.25,333.49,64
15798,49,6,269.89,0.36,0.25,337.36,53
15799,2055,8,15.58,0.43,0.25,19.48,90
15800,2055,9,16.53,0.41,0.25,20.66,17
15801,2055,3,14.92,0.13,0.25,18.65,65
15802,4226,7,1323.89,0.44,0.25,1654.86,87
15803,4226,4,1213.57,0.34,0.25,1516.96,44
15804,4226,6,1394.81,0.39,0.25,1743.51,60
15805,4226,1,1339.65,0.32,0.25,1674.56,92
15806,4226,10,1339.65,0.34,0.25,1674.56,58
15807,1533,9,110.54,0.38,0.25,138.18,37
15808,1533,5,118.18,0.12,0.25,147.73,37
15809,1533,7,113.32,0.35,0.25,141.65,95
15810,415,2,43.74,0.36,0.25,54.68,25
15811,415,10,44.29,0.34,0.25,55.36,28
15812,415,1,42.11,0.33,0.25,52.64,53
15813,415,6,42.93,0.37,0.25,53.66,19
15814,2126,8,31.87,0.46,0.25,39.84,67
15815,2126,3,29.62,0.15,0.25,37.02,50
15816,2126,5,26.33,0.1,0.25,32.91,60
15817,2126,10,29.44,0.33,0.25,36.8,70
15818,1458,5,27.56,0.11,0.25,34.45,37
15819,1458,6,31.06,0.49,0.25,38.82,58
15820,1458,4,27.89,0.44,0.25,34.86,22
15821,1458,3,27.39,0.15,0.25,34.24,51
15822,1458,9,27.55,0.42,0.25,34.44,47
15823,2757,2,14.63,0.41,0.25,18.29,34
15824,2757,10,15.24,0.41,0.25,19.05,23
15825,2757,8,13.41,0.31,0.25,16.76,42
15826,2757,6,13.76,0.32,0.25,17.2,49
15827,1521,7,270.49,0.31,0.25,338.11,14
15828,1521,8,277.42,0.32,0.25,346.78,73
15829,1521,9,289.56,0.31,0.25,361.95,95
15830,1521,2,306.9,0.39,0.25,383.62,53
15831,1521,10,293.03,0.34,0.25,366.29,17
15832,1521,1,315.57,0.44,0.25,394.46,68
15833,3555,10,1042.51,0.5,0.25,1303.14,48
15834,3555,1,949.23,0.45,0.25,1186.54,12
15835,3555,6,877.9,0.31,0.25,1097.38,83
15836,3555,2,932.77,0.5,0.25,1165.96,74
15837,3555,8,943.75,0.35,0.25,1179.69,39
15838,3555,9,971.18,0.38,0.25,1213.97,27
15839,3771,2,2871.47,0.38,0.25,3589.34,66
15840,3771,3,2737.91,0.13,0.25,3422.39,76
15841,3771,10,2854.78,0.33,0.25,3568.48,69
15842,5273,6,644.65,0.49,0.25,805.81,73
15843,5273,10,648.42,0.44,0.25,810.52,91
15844,5273,7,701.2,0.48,0.25,876.5,81
15845,5273,3,629.57,0.12,0.25,786.96,16
15846,5273,8,663.5,0.43,0.25,829.38,58
15847,5261,7,327.47,0.38,0.25,409.34,79
15848,5261,10,329.41,0.45,0.25,411.76,86
15849,5261,6,339.1,0.42,0.25,423.88,22
15850,2624,3,281.84,0.13,0.25,352.3,93
15851,2624,8,298.92,0.44,0.25,373.65,60
15852,2624,4,293.79,0.41,0.25,367.24,56
15853,2624,2,310.87,0.46,0.25,388.59,59
15854,3285,10,4795.21,0.47,0.25,5994.01,63
15855,3285,4,5100.11,0.5,0.25,6375.14,53
15856,3285,8,4462.6,0.3,0.25,5578.25,79
15857,3285,6,4518.03,0.32,0.25,5647.54,61
15858,5383,7,25.94,0.35,0.25,32.43,27
15859,5383,5,27.09,0.11,0.25,33.86,56
15860,5383,2,29.06,0.42,0.25,36.32,12
15861,5383,3,27.42,0.12,0.25,34.28,44
15862,5383,4,26.76,0.39,0.25,33.45,23
15863,5383,8,27.75,0.41,0.25,34.69,38
15864,1040,4,133.4,0.39,0.25,166.75,79
15865,1040,8,118.33,0.32,0.25,147.91,43
15866,1040,6,119.08,0.36,0.25,148.85,44
15867,1040,3,128.88,0.12,0.25,161.1,15
15868,1040,5,128.13,0.1,0.25,160.16,36
15869,2222,8,19.57,0.39,0.25,24.46,52
15870,2222,10,20.79,0.38,0.25,25.99,57
15871,2222,7,20.79,0.32,0.25,25.99,84
15872,2222,6,19.81,0.38,0.25,24.76,11
15873,1682,6,841.2,0.47,0.25,1051.5,35
15874,1682,7,817.96,0.41,0.25,1022.45,90
15875,1682,1,873.73,0.49,0.25,1092.16,56
15876,1682,10,799.37,0.38,0.25,999.21,98
15877,1682,3,752.9,0.13,0.25,941.12,89
15878,3898,5,912.66,0.15,0.25,1140.82,80
15879,3898,9,963.99,0.47,0.25,1204.99,65
15880,3898,1,969.7,0.41,0.25,1212.12,22
15881,3898,8,998.22,0.37,0.25,1247.78,72
15882,3898,6,958.29,0.42,0.25,1197.86,11
15883,3658,3,5774.8,0.13,0.25,7218.5,94
15884,3658,1,5909.09,0.45,0.25,7386.36,29
15885,3658,5,5506.2,0.14,0.25,6882.75,66
15886,3658,9,5741.22,0.34,0.25,7176.52,42
15887,808,8,14.0,0.48,0.25,17.5,51
15888,808,10,12.46,0.31,0.25,15.58,97
15889,808,4,13.59,0.34,0.25,16.99,45
15890,808,9,12.54,0.31,0.25,15.68,27
15891,808,2,12.3,0.32,0.25,15.38,32
15892,2590,9,128.81,0.33,0.25,161.01,35
15893,2590,1,135.17,0.36,0.25,168.96,82
15894,2590,7,141.53,0.39,0.25,176.91,32
15895,2590,8,144.71,0.43,0.25,180.89,99
15896,2625,6,185.18,0.35,0.25,231.48,91
15897,2625,8,185.18,0.35,0.25,231.48,78
15898,2625,5,184.03,0.13,0.25,230.04,10
15899,4630,8,781.62,0.35,0.25,977.02,61
15900,4630,9,805.31,0.49,0.25,1006.64,35
15901,4630,6,724.78,0.32,0.25,905.97,30
15902,4630,3,805.31,0.12,0.25,1006.64,83
15903,3326,7,1207.91,0.5,0.25,1509.89,65
15904,3326,9,1235.36,0.45,0.25,1544.2,70
15905,3326,1,1146.14,0.38,0.25,1432.68,97
15906,3326,8,1194.18,0.47,0.25,1492.72,27
15907,3326,3,1050.05,0.12,0.25,1312.56,45
15908,3326,5,1084.37,0.1,0.25,1355.46,32
15909,4216,10,1227.79,0.44,0.25,1534.74,36
15910,4216,2,1213.51,0.34,0.25,1516.89,13
15911,4216,5,1142.13,0.11,0.25,1427.66,19
15912,4216,4,1177.82,0.35,0.25,1472.28,74
15913,4809,6,370.93,0.39,0.25,463.66,15
15914,4809,8,362.35,0.46,0.25,452.94,63
15915,4809,1,340.91,0.34,0.25,426.14,74
15916,4809,7,394.51,0.5,0.25,493.14,89
15917,3034,8,617.06,0.5,0.25,771.32,99
15918,3034,4,620.56,0.38,0.25,775.7,94
15919,3034,1,606.54,0.41,0.25,758.18,68
15920,3034,2,560.96,0.35,0.25,701.2,61
15921,3464,2,2716.94,0.3,0.25,3396.18,67
15922,3464,8,2936.32,0.45,0.25,3670.4,31
15923,3464,1,2885.69,0.35,0.25,3607.11,50
15924,218,5,204.32,0.11,0.25,255.4,50
15925,218,7,199.43,0.42,0.25,249.29,86
15926,218,8,187.2,0.33,0.25,234.0,78
15927,1931,8,20.4,0.47,0.25,25.5,99
15928,1931,6,19.85,0.45,0.25,24.81,28
15929,1931,10,19.74,0.38,0.25,24.67,41
15930,3222,9,5986.18,0.37,0.25,7482.72,39
15931,3222,3,5570.95,0.12,0.25,6963.69,86
15932,3222,5,5640.16,0.12,0.25,7050.2,22
15933,3222,6,5467.15,0.32,0.25,6833.94,39
15934,5079,9,529.51,0.49,0.25,661.89,96
15935,5079,5,458.72,0.12,0.25,573.4,43
15936,5079,1,495.53,0.44,0.25,619.41,50
15937,5079,8,523.85,0.46,0.25,654.81,23
15938,5079,10,495.53,0.38,0.25,619.41,52
15939,1256,3,134.12,0.1,0.25,167.65,63
15940,1256,7,141.09,0.3,0.25,176.36,63
15941,1256,8,135.86,0.34,0.25,169.82,87
15942,1256,2,133.25,0.33,0.25,166.56,64
15943,22,9,472.72,0.35,0.25,590.9,70
15944,22,6,480.87,0.48,0.25,601.09,95
15945,22,3,456.42,0.11,0.25,570.52,25
15946,3154,6,2826.19,0.31,0.25,3532.74,67
15947,3154,10,2862.9,0.35,0.25,3578.62,34
15948,3154,8,3174.88,0.35,0.25,3968.6,58
15949,3154,2,2844.54,0.32,0.25,3555.68,94
15950,3154,5,2807.84,0.13,0.25,3509.8,16
15951,3015,4,5065.56,0.35,0.25,6331.95,63
15952,3015,5,5065.56,0.12,0.25,6331.95,68
15953,3015,1,4853.23,0.36,0.25,6066.54,34
15954,3015,6,5035.23,0.4,0.25,6294.04,64
15955,2119,9,13.88,0.46,0.25,17.35,69
15956,2119,7,12.88,0.32,0.25,16.1,68
15957,2119,8,12.88,0.34,0.25,16.1,95
15958,2119,1,14.21,0.41,0.25,17.76,43
15959,2119,4,14.87,0.41,0.25,18.59,33
15960,4992,1,124.45,0.39,0.25,155.56,46
15961,4992,8,120.75,0.34,0.25,150.94,26
15962,4992,9,123.71,0.38,0.25,154.64,55
15963,4992,5,115.56,0.14,0.25,144.45,55
15964,4992,3,114.82,0.14,0.25,143.52,67
15965,4992,4,130.38,0.46,0.25,162.98,70
15966,1445,5,96.3,0.13,0.25,120.38,77
15967,1445,8,102.76,0.37,0.25,128.45,94
15968,1445,1,99.82,0.4,0.25,124.78,12
15969,1445,4,96.3,0.37,0.25,120.38,91
15970,1445,10,96.3,0.34,0.25,120.38,46
15971,1445,7,101.59,0.49,0.25,126.99,31
15972,4530,3,116.05,0.15,0.25,145.06,66
15973,4530,8,113.87,0.37,0.25,142.34,65
15974,4530,6,124.75,0.36,0.25,155.94,68
15975,1481,8,13.82,0.42,0.25,17.27,58
15976,1481,5,13.59,0.12,0.25,16.99,39
15977,1481,7,12.72,0.37,0.25,15.9,23
15978,1276,10,147.96,0.3,0.25,184.95,34
15979,1276,7,171.48,0.39,0.25,214.35,38
15980,1276,9,155.8,0.35,0.25,194.75,56
15981,1276,1,171.48,0.49,0.25,214.35,27
15982,1276,8,165.6,0.41,0.25,207.0,27
15983,1276,2,169.52,0.36,0.25,211.9,44
15984,116,10,1502.26,0.38,0.25,1877.82,44
15985,116,3,1530.61,0.1,0.25,1913.26,61
15986,116,4,1587.3,0.37,0.25,1984.12,34
15987,116,6,1615.64,0.45,0.25,2019.55,54
15988,116,9,1568.4,0.34,0.25,1960.5,42
15989,4202,8,610.43,0.47,0.25,763.04,58
15990,4202,5,582.36,0.11,0.25,727.95,26
15991,4202,3,557.8,0.13,0.25,697.25,80
15992,4202,2,606.92,0.45,0.25,758.65,84
15993,4202,4,571.84,0.39,0.25,714.8,31
15994,4202,1,613.93,0.48,0.25,767.41,43
15995,289,2,298.94,0.39,0.25,373.68,50
15996,289,1,295.29,0.38,0.25,369.11,82
15997,289,7,315.34,0.42,0.25,394.17,88
15998,2001,6,2.28,0.46,0.25,2.85,44
15999,2001,7,2.3,0.41,0.25,2.88,10
16000,2001,4,2.2,0.36,0.25,2.75,40
16001,2001,5,2.2,0.15,0.25,2.75,37
16002,2001,1,2.13,0.33,0.25,2.66,37
16003,2001,8,2.31,0.45,0.25,2.89,44
16004,2732,8,88.37,0.46,0.25,110.46,58
16005,2732,6,81.61,0.41,0.25,102.01,37
16006,2732,2,82.58,0.37,0.25,103.22,61
16007,2732,10,74.37,0.31,0.25,92.96,79
16008,2732,4,84.02,0.49,0.25,105.02,53
16009,2732,9,87.89,0.49,0.25,109.86,64
16010,1354,8,133.63,0.42,0.25,167.04,99
16011,1354,5,121.75,0.13,0.25,152.19,27
16012,1354,7,123.98,0.35,0.25,154.98,71
16013,1354,10,129.92,0.36,0.25,162.4,15
16014,1354,1,123.98,0.45,0.25,154.98,95
16015,1354,2,120.27,0.35,0.25,150.34,21
16016,50,9,938.95,0.37,0.25,1173.69,10
16017,50,2,974.84,0.33,0.25,1218.55,25
16018,50,8,1052.59,0.43,0.25,1315.74,97
16019,50,7,992.78,0.34,0.25,1240.97,27
16020,50,5,956.9,0.14,0.25,1196.12,68
16021,50,3,932.97,0.12,0.25,1166.21,18
16022,2927,1,200.92,0.32,0.25,251.15,98
16023,2927,4,195.05,0.41,0.25,243.81,22
16024,2927,3,189.18,0.12,0.25,236.48,26
16025,215,3,26.33,0.11,0.25,32.91,75
16026,215,5,27.18,0.11,0.25,33.98,80
16027,215,7,29.05,0.43,0.25,36.31,80
16028,215,10,29.22,0.41,0.25,36.52,91
16029,4065,4,1879.44,0.37,0.25,2349.3,95
16030,4065,1,1805.11,0.32,0.25,2256.39,14
16031,4065,7,1953.77,0.47,0.25,2442.21,97
16032,4065,3,1677.69,0.15,0.25,2097.11,85
16033,4065,5,1624.6,0.1,0.25,2030.75,53
16034,4065,2,1709.55,0.35,0.25,2136.94,86
16035,3981,1,966.66,0.44,0.25,1208.32,93
16036,3981,9,914.87,0.31,0.25,1143.59,22
16037,3981,8,914.87,0.35,0.25,1143.59,37
16038,3981,7,972.41,0.47,0.25,1215.51,79
16039,3981,5,949.39,0.1,0.25,1186.74,39
16040,3981,3,983.92,0.12,0.25,1229.9,87
16041,1637,2,526.15,0.35,0.25,657.69,46
16042,1637,1,562.86,0.47,0.25,703.58,10
16043,1637,3,483.32,0.11,0.25,604.15,91
16044,1637,7,516.97,0.4,0.25,646.21,42
16045,1637,6,471.09,0.3,0.25,588.86,100
16046,1781,5,680.57,0.14,0.25,850.71,89
16047,1781,8,647.77,0.31,0.25,809.71,46
16048,1781,3,668.27,0.15,0.25,835.34,45
16049,1781,6,651.87,0.35,0.25,814.84,56
16050,573,4,43.16,0.3,0.25,53.95,74
16051,573,2,40.81,0.31,0.25,51.01,58
16052,573,3,43.95,0.15,0.25,54.94,83
16053,573,10,43.43,0.46,0.25,54.29,61
16054,1212,6,114.16,0.38,0.25,142.7,19
16055,1212,4,116.25,0.45,0.25,145.31,75
16056,1212,9,117.64,0.47,0.25,147.05,12
16057,2247,6,21.6,0.35,0.25,27.0,53
16058,2247,9,25.46,0.49,0.25,31.83,17
16059,2247,7,23.25,0.35,0.25,29.06,10
16060,2247,2,26.14,0.5,0.25,32.67,62
16061,2247,1,22.57,0.4,0.25,28.21,94
16062,2247,4,24.22,0.41,0.25,30.28,26
16063,4890,5,276.89,0.11,0.25,346.11,62
16064,4890,9,273.61,0.45,0.25,342.01,89
16065,4890,8,262.14,0.34,0.25,327.67,81
16066,3074,6,804.3,0.36,0.25,1005.38,52
16067,3074,7,765.54,0.37,0.25,956.92,18
16068,3074,10,828.53,0.42,0.25,1035.66,31
16069,1244,7,157.49,0.5,0.25,196.86,45
16070,1244,10,149.07,0.37,0.25,186.34,20
16071,1244,9,134.75,0.34,0.25,168.44,92
16072,3520,5,7495.53,0.13,0.25,9369.41,57
16073,3520,2,7405.22,0.34,0.25,9256.52,67
16074,3520,8,7089.15,0.37,0.25,8861.44,99
16075,2086,1,21.3,0.48,0.25,26.62,41
16076,2086,6,20.05,0.38,0.25,25.06,40
16077,2086,10,20.39,0.45,0.25,25.49,99
16078,3655,3,2835.39,0.14,0.25,3544.24,71
16079,3655,7,3014.84,0.38,0.25,3768.55,28
16080,3655,2,2745.66,0.32,0.25,3432.08,56
16081,3655,1,3050.74,0.35,0.25,3813.42,11
16082,3655,8,3158.41,0.41,0.25,3948.01,90
16083,596,4,48.11,0.49,0.25,60.14,41
16084,596,2,49.2,0.43,0.25,61.5,98
16085,596,6,51.37,0.5,0.25,64.21,61
16086,596,5,44.85,0.13,0.25,56.06,79
16087,596,3,44.03,0.12,0.25,55.04,90
16088,2978,6,226.35,0.33,0.25,282.94,100
16089,2978,1,248.99,0.49,0.25,311.24,61
16090,2978,2,243.33,0.43,0.25,304.16,86
16091,2978,5,239.08,0.11,0.25,298.85,67
16092,1944,9,13.99,0.33,0.25,17.49,97
16093,1944,3,14.24,0.13,0.25,17.8,43
16094,1944,7,15.58,0.5,0.25,19.48,65
16095,3182,1,4360.62,0.35,0.25,5450.78,62
16096,3182,7,4492.76,0.32,0.25,5615.95,100
16097,3182,2,4836.32,0.45,0.25,6045.4,93
16098,3182,6,4254.91,0.38,0.25,5318.64,49
16099,3182,9,4783.47,0.49,0.25,5979.34,15
16100,2245,2,57.12,0.36,0.25,71.4,48
16101,2245,4,52.5,0.33,0.25,65.62,92
16102,2245,3,55.14,0.12,0.25,68.92,26
16103,2245,5,55.47,0.12,0.25,69.34,19
16104,1783,1,380.24,0.36,0.25,475.3,18
16105,1783,3,366.58,0.14,0.25,458.22,96
16106,1783,8,400.73,0.44,0.25,500.91,51
16107,1783,4,389.35,0.36,0.25,486.69,30
16108,1783,2,403.01,0.38,0.25,503.76,57
16109,3173,2,462.3,0.36,0.25,577.88,10
16110,3173,10,530.37,0.48,0.25,662.96,72
16111,3173,1,450.96,0.34,0.25,563.7,30
16112,3173,9,499.17,0.36,0.25,623.96,33
16113,3173,8,499.17,0.49,0.25,623.96,21
16114,5072,10,130.98,0.41,0.25,163.72,13
16115,5072,8,132.55,0.38,0.25,165.69,36
16116,5072,9,134.12,0.4,0.25,167.65,35
16117,5072,2,134.12,0.46,0.25,167.65,67
16118,5072,7,138.04,0.49,0.25,172.55,86
16119,5072,5,130.98,0.11,0.25,163.72,54
16120,3984,1,932.2,0.41,0.25,1165.25,49
16121,3984,9,921.17,0.32,0.25,1151.46,96
16122,3984,6,937.72,0.41,0.25,1172.15,67
16123,3984,5,904.62,0.11,0.25,1130.78,44
16124,1098,3,31.51,0.12,0.25,39.39,68
16125,1098,1,34.7,0.35,0.25,43.38,19
16126,1098,2,36.49,0.47,0.25,45.61,100
16127,3903,2,1719.92,0.33,0.25,2149.9,70
16128,3903,8,1730.04,0.43,0.25,2162.55,66
16129,3903,5,1689.57,0.11,0.25,2111.96,36
16130,3903,4,1770.51,0.47,0.25,2213.14,50
16131,396,5,404.93,0.13,0.25,506.16,72
16132,396,1,466.84,0.5,0.25,583.55,20
16133,396,3,446.2,0.14,0.25,557.75,99
16134,2282,9,36.61,0.33,0.25,45.76,92
16135,2282,8,38.26,0.35,0.25,47.82,90
16136,2282,10,37.08,0.36,0.25,46.35,94
16137,583,4,54.79,0.39,0.25,68.49,73
16138,583,6,54.79,0.39,0.25,68.49,32
16139,583,3,58.17,0.14,0.25,72.71,52
16140,583,7,60.54,0.5,0.25,75.68,17
16141,172,10,488.71,0.46,0.25,610.89,25
16142,172,8,457.63,0.36,0.25,572.04,51
16143,172,4,500.01,0.38,0.25,625.01,68
16144,3495,1,7298.91,0.41,0.25,9123.64,10
16145,3495,2,7383.78,0.44,0.25,9229.72,15
16146,3495,7,6832.12,0.32,0.25,8540.15,58
16147,3495,9,7001.86,0.32,0.25,8752.32,17
16148,2522,3,52.51,0.12,0.25,65.64,53
16149,2522,4,50.29,0.36,0.25,62.86,26
16150,2522,10,52.51,0.43,0.25,65.64,42
16151,2522,1,52.82,0.39,0.25,66.03,59
16152,2522,8,54.4,0.36,0.25,68.0,87
16153,73,3,671.03,0.12,0.25,838.79,59
16154,73,9,701.33,0.37,0.25,876.66,81
16155,73,1,779.26,0.45,0.25,974.08,42
16156,73,7,705.66,0.33,0.25,882.08,90
16157,73,4,727.31,0.33,0.25,909.14,26
16158,239,8,224.05,0.37,0.25,280.06,37
16159,239,7,222.78,0.46,0.25,278.48,41
16160,239,9,217.72,0.42,0.25,272.15,25
16161,239,4,217.72,0.47,0.25,272.15,46
16162,239,5,198.73,0.13,0.25,248.41,41
16163,239,2,202.53,0.33,0.25,253.16,44
16164,5199,9,105.47,0.47,0.25,131.84,14
16165,5199,8,107.28,0.41,0.25,134.1,68
16166,5199,4,110.29,0.45,0.25,137.86,23
16167,5199,6,108.49,0.48,0.25,135.61,11
16168,5199,5,95.23,0.1,0.25,119.04,24
16169,5199,10,105.47,0.4,0.25,131.84,83
16170,4805,7,99.47,0.31,0.25,124.34,49
16171,4805,10,91.91,0.35,0.25,114.89,17
16172,4805,8,106.45,0.46,0.25,133.06,59
16173,4805,9,98.31,0.34,0.25,122.89,84
16174,4805,4,98.31,0.31,0.25,122.89,92
16175,4805,2,104.71,0.42,0.25,130.89,27
16176,3310,7,5132.78,0.41,0.25,6415.98,69
16177,3310,8,5102.58,0.37,0.25,6378.22,76
16178,3310,6,5374.32,0.4,0.25,6717.9,45
16179,3310,3,4830.85,0.11,0.25,6038.56,37
16180,529,2,252.6,0.45,0.25,315.75,60
16181,529,1,249.74,0.47,0.25,312.18,31
16182,529,8,264.01,0.45,0.25,330.01,97
16183,529,10,235.47,0.33,0.25,294.34,43
16184,4923,4,515.75,0.46,0.25,644.69,44
16185,4923,5,460.07,0.12,0.25,575.09,70
16186,4923,3,463.0,0.11,0.25,578.75,47
16187,3627,3,2917.58,0.11,0.25,3646.98,12
16188,3627,9,3182.81,0.4,0.25,3978.51,67
16189,3627,2,3112.08,0.46,0.25,3890.1,60
16190,3627,1,3059.04,0.39,0.25,3823.8,86
16191,2797,8,251.61,0.44,0.25,314.51,80
16192,2797,3,235.42,0.1,0.25,294.27,31
16193,2797,5,250.14,0.11,0.25,312.67,95
16194,2797,6,247.2,0.41,0.25,309.0,100
16195,3475,9,3102.39,0.47,0.25,3877.99,97
16196,3475,3,2783.77,0.13,0.25,3479.71,89
16197,3475,8,3035.32,0.45,0.25,3794.15,78
16198,5074,1,108.49,0.43,0.25,135.61,36
16199,5074,6,110.34,0.41,0.25,137.93,37
16200,5074,5,103.56,0.12,0.25,129.45,25
16201,5074,8,95.54,0.33,0.25,119.43,97
16202,5074,10,102.32,0.36,0.25,127.9,42
16203,2372,3,46.14,0.11,0.25,57.68,50
16204,2372,6,47.62,0.37,0.25,59.52,60
16205,2372,5,44.96,0.12,0.25,56.2,19
16206,2372,2,51.76,0.45,0.25,64.7,98
16207,4409,6,968.55,0.31,0.25,1210.69,75
16208,4409,10,1037.28,0.41,0.25,1296.6,34
16209,4409,1,1081.03,0.45,0.25,1351.29,78
16210,4409,2,974.8,0.34,0.25,1218.5,14
16211,4409,7,1093.52,0.48,0.25,1366.9,97
16212,4409,8,1106.02,0.41,0.25,1382.52,95
16213,2026,5,24.37,0.11,0.25,30.46,12
16214,2026,1,26.93,0.4,0.25,33.66,62
16215,2026,6,27.09,0.32,0.25,33.86,33
16216,2026,4,25.97,0.39,0.25,32.46,91
16217,2026,8,26.13,0.35,0.25,32.66,65
16218,2026,3,25.65,0.13,0.25,32.06,72
16219,3022,3,6017.13,0.15,0.25,7521.41,20
16220,3022,4,5804.76,0.39,0.25,7255.95,60
16221,3022,2,6194.11,0.43,0.25,7742.64,47
16222,5253,7,197.01,0.3,0.25,246.26,91
16223,5253,6,193.41,0.38,0.25,241.76,64
16224,5253,10,216.23,0.42,0.25,270.29,39
16225,5253,1,187.4,0.35,0.25,234.25,56
16226,168,8,2028.93,0.32,0.25,2536.16,87
16227,168,6,2181.1,0.38,0.25,2726.38,56
16228,168,7,2016.25,0.32,0.25,2520.31,47
16229,168,9,2105.01,0.32,0.25,2631.26,48
16230,168,5,1978.2,0.12,0.25,2472.75,95
16231,2241,4,60.76,0.33,0.25,75.95,50
16232,2241,6,63.5,0.35,0.25,79.38,38
16233,2241,8,68.99,0.48,0.25,86.24,27
16234,3023,10,3563.18,0.5,0.25,4453.97,62
16235,3023,6,3204.98,0.39,0.25,4006.22,71
16236,3023,8,3336.95,0.41,0.25,4171.19,98
16237,1756,1,253.98,0.49,0.25,317.47,13
16238,1756,4,253.98,0.48,0.25,317.47,98
16239,1756,5,221.53,0.11,0.25,276.91,100
16240,1756,3,220.12,0.12,0.25,275.15,13
16241,1756,9,249.75,0.43,0.25,312.19,32
16242,1756,7,245.51,0.39,0.25,306.89,54
16243,3551,3,398.63,0.14,0.25,498.29,82
16244,3551,10,429.12,0.49,0.25,536.4,52
16245,3551,5,363.46,0.14,0.25,454.32,87
16246,3551,1,379.87,0.33,0.25,474.84,87
16247,1230,3,36.07,0.12,0.25,45.09,24
16248,1230,5,37.16,0.15,0.25,46.45,44
16249,1230,6,36.29,0.42,0.25,45.36,20
16250,1230,2,40.66,0.47,0.25,50.82,46
16251,1230,1,38.25,0.36,0.25,47.81,99
16252,943,10,22.05,0.34,0.25,27.56,62
16253,943,2,23.16,0.37,0.25,28.95,100
16254,943,4,23.58,0.33,0.25,29.48,12
16255,943,5,23.3,0.11,0.25,29.12,24
16256,943,8,24.41,0.41,0.25,30.51,46
16257,943,6,23.58,0.42,0.25,29.48,99
16258,4486,3,1243.44,0.12,0.25,1554.3,41
16259,4486,10,1366.14,0.36,0.25,1707.68,84
16260,4486,8,1415.23,0.35,0.25,1769.04,35
16261,4486,4,1447.95,0.42,0.25,1809.94,58
16262,4486,1,1415.23,0.37,0.25,1769.04,72
16263,4315,2,1255.58,0.48,0.25,1569.48,51
16264,4315,9,1283.64,0.49,0.25,1604.55,82
16265,4315,7,1073.2,0.3,0.25,1341.5,81
16266,4315,5,1171.4,0.13,0.25,1464.25,51
16267,873,5,38.12,0.1,0.25,47.65,96
16268,873,1,40.97,0.35,0.25,51.21,98
16269,873,10,40.49,0.5,0.25,50.61,11
16270,873,3,37.89,0.11,0.25,47.36,72
16271,3928,2,622.15,0.47,0.25,777.69,97
16272,3928,9,604.77,0.35,0.25,755.96,48
16273,3928,3,556.11,0.14,0.25,695.14,75
16274,3928,6,583.92,0.35,0.25,729.9,87
16275,1603,4,154.24,0.39,0.25,192.8,62
16276,1603,1,159.89,0.39,0.25,199.86,91
16277,1603,5,155.18,0.1,0.25,193.98,41
16278,2674,3,69.09,0.13,0.25,86.36,95
16279,2674,10,74.05,0.46,0.25,92.56,89
16280,2674,8,68.67,0.33,0.25,85.84,44
16281,2674,9,73.22,0.41,0.25,91.52,66
16282,5138,9,246.05,0.48,0.25,307.56,71
16283,5138,2,251.81,0.46,0.25,314.76,90
16284,5138,8,247.49,0.4,0.25,309.36,95
16285,5138,6,257.56,0.45,0.25,321.95,24
16286,2327,4,56.62,0.3,0.25,70.77,14
16287,2327,9,60.64,0.33,0.25,75.8,74
16288,2327,5,60.27,0.15,0.25,75.34,51
16289,2327,1,66.85,0.49,0.25,83.56,47
16290,2327,7,65.02,0.49,0.25,81.27,80
16291,4138,4,629.41,0.35,0.25,786.76,92
16292,4138,6,641.59,0.32,0.25,801.99,84
16293,4138,8,734.99,0.42,0.25,918.74,64
16294,4138,5,617.23,0.12,0.25,771.54,83
16295,2012,10,14.15,0.42,0.25,17.69,48
16296,2012,5,14.48,0.14,0.25,18.1,61
16297,2012,9,13.05,0.34,0.25,16.31,12
16298,2012,6,14.65,0.48,0.25,18.31,93
16299,3100,7,2337.76,0.4,0.25,2922.2,13
16300,3100,6,2298.36,0.36,0.25,2872.95,20
16301,3100,9,2193.29,0.41,0.25,2741.61,40
16302,3100,10,2061.96,0.3,0.25,2577.45,94
16303,4159,4,427.83,0.48,0.25,534.79,25
16304,4159,7,437.78,0.37,0.25,547.22,90
16305,4159,1,402.96,0.36,0.25,503.7,14
16306,4159,8,417.88,0.35,0.25,522.35,94
16307,4159,3,422.86,0.11,0.25,528.58,95
16308,4003,7,1288.76,0.36,0.25,1610.95,37
16309,4003,6,1426.55,0.46,0.25,1783.19,41
16310,4003,2,1361.71,0.42,0.25,1702.14,100
16311,4003,4,1288.76,0.39,0.25,1610.95,55
16312,4003,9,1377.92,0.47,0.25,1722.4,11
16313,4003,8,1288.76,0.38,0.25,1610.95,49
16314,3132,6,7630.81,0.36,0.25,9538.51,97
16315,3132,4,7630.81,0.39,0.25,9538.51,47
16316,3132,8,7946.88,0.43,0.25,9933.6,18
16317,3132,2,7901.72,0.44,0.25,9877.15,35
16318,3132,9,7269.58,0.33,0.25,9086.98,74
16319,3132,5,6953.52,0.12,0.25,8691.9,56
16320,4229,3,1769.4,0.13,0.25,2211.75,71
16321,4229,4,1853.15,0.49,0.25,2316.44,70
16322,4229,9,1779.87,0.44,0.25,2224.84,92
16323,4229,1,1654.23,0.32,0.25,2067.79,16
16324,4229,7,1748.46,0.34,0.25,2185.57,97
16325,1166,4,90.41,0.37,0.25,113.01,59
16326,1166,9,93.82,0.33,0.25,117.28,51
16327,1166,1,100.64,0.49,0.25,125.8,52
16328,2925,5,179.47,0.13,0.25,224.34,62
16329,2925,9,203.79,0.46,0.25,254.74,76
16330,2925,6,188.74,0.35,0.25,235.92,81
16331,2925,2,194.53,0.32,0.25,243.16,66
16332,2925,7,188.74,0.35,0.25,235.92,10
16333,4663,7,287.04,0.46,0.25,358.8,45
16334,4663,8,261.09,0.32,0.25,326.36,72
16335,4663,9,293.53,0.44,0.25,366.91,73
16336,4663,3,269.2,0.14,0.25,336.5,29
16337,4663,6,288.66,0.45,0.25,360.83,15
16338,4659,7,650.81,0.42,0.25,813.51,27
16339,4659,6,662.09,0.44,0.25,827.61,90
16340,4659,3,624.48,0.11,0.25,780.6,10
16341,4659,8,643.28,0.4,0.25,804.1,74
16342,4435,8,1007.39,0.38,0.25,1259.24,40
16343,4435,9,1064.78,0.32,0.25,1330.98,61
16344,4435,1,1083.9,0.32,0.25,1354.88,86
16345,824,6,83.72,0.47,0.25,104.65,60
16346,824,8,78.6,0.38,0.25,98.25,98
16347,824,9,82.79,0.4,0.25,103.49,49
16348,824,2,81.86,0.49,0.25,102.32,61
16349,824,7,76.74,0.43,0.25,95.92,36
16350,824,4,74.42,0.33,0.25,93.02,64
16351,3533,5,1295.94,0.13,0.25,1619.93,10
16352,3533,2,1221.03,0.36,0.25,1526.29,75
16353,3533,1,1265.98,0.41,0.25,1582.48,58
16354,3384,7,4521.5,0.39,0.25,5651.88,76
16355,3384,8,4216.68,0.39,0.25,5270.85,34
16356,3384,3,4089.67,0.12,0.25,5112.09,59
16357,897,8,73.58,0.39,0.25,91.98,35
16358,897,1,76.98,0.47,0.25,96.22,71
16359,897,3,71.45,0.11,0.25,89.31,11
16360,897,10,71.88,0.43,0.25,89.85,85
16361,897,9,69.75,0.33,0.25,87.19,41
16362,1987,10,25.09,0.36,0.25,31.36,16
16363,1987,7,28.88,0.49,0.25,36.1,20
16364,1987,4,25.09,0.38,0.25,31.36,99
16365,1987,9,26.67,0.38,0.25,33.34,33
16366,1987,3,24.3,0.1,0.25,30.38,47
16367,3209,6,3353.46,0.34,0.25,4191.82,72
16368,3209,10,3786.16,0.45,0.25,4732.7,46
16369,3209,7,3764.52,0.37,0.25,4705.65,38
16370,1955,3,6.6,0.14,0.25,8.25,42
16371,1955,1,7.18,0.46,0.25,8.98,30
16372,1955,10,7.1,0.38,0.25,8.88,42
16373,1955,7,6.89,0.41,0.25,8.61,96
16374,2862,8,77.47,0.32,0.25,96.84,49
16375,2862,9,80.8,0.46,0.25,101.0,46
16376,2862,1,84.13,0.47,0.25,105.16,17
16377,2862,7,75.57,0.36,0.25,94.46,82
16378,2862,3,78.42,0.14,0.25,98.02,96
16379,2862,10,77.47,0.41,0.25,96.84,87
16380,1971,5,25.41,0.15,0.25,31.76,89
16381,1971,8,28.74,0.46,0.25,35.92,82
16382,1971,7,26.68,0.37,0.25,33.35,43
16383,1971,1,28.58,0.5,0.25,35.72,64
16384,1971,6,27.0,0.48,0.25,33.75,16
16385,5126,1,208.61,0.34,0.25,260.76,27
16386,5126,5,200.02,0.13,0.25,250.02,33
16387,5126,8,213.52,0.36,0.25,266.9,47
16388,5126,6,195.11,0.39,0.25,243.89,63
16389,5126,7,217.2,0.44,0.25,271.5,83
16390,4078,1,1015.13,0.41,0.25,1268.91,53
16391,4078,5,964.37,0.13,0.25,1205.46,88
16392,4078,6,907.98,0.37,0.25,1134.97,88
16393,4078,8,1026.41,0.43,0.25,1283.01,77
16394,4078,4,913.62,0.3,0.25,1142.03,17
16395,2189,9,20.68,0.45,0.25,25.85,97
16396,2189,7,19.78,0.46,0.25,24.72,24
16397,2189,8,20.34,0.41,0.25,25.42,80
16398,2189,1,19.21,0.48,0.25,24.01,100
16399,2189,2,18.87,0.38,0.25,23.59,73
16400,655,3,38.95,0.12,0.25,48.69,59
16401,655,7,43.8,0.5,0.25,54.75,50
16402,655,8,38.03,0.33,0.25,47.54,31
16403,4068,2,259.64,0.34,0.25,324.55,98
16404,4068,8,265.75,0.49,0.25,332.19,34
16405,4068,7,284.08,0.49,0.25,355.1,89
16406,4068,9,255.06,0.36,0.25,318.82,41
16407,4068,1,256.59,0.39,0.25,320.74,39
16408,4068,6,238.26,0.31,0.25,297.82,67
16409,2149,8,9.03,0.3,0.25,11.29,39
16410,2149,10,9.92,0.35,0.25,12.4,37
16411,2149,6,9.62,0.4,0.25,12.02,23
16412,3723,9,4294.0,0.4,0.25,5367.5,98
16413,3723,6,4396.85,0.44,0.25,5496.06,33
16414,3723,8,4885.39,0.5,0.25,6106.74,12
16415,3833,1,1700.12,0.49,0.25,2125.15,98
16416,3833,4,1627.78,0.47,0.25,2034.72,66
16417,3833,5,1465.0,0.12,0.25,1831.25,34
16418,3842,7,2043.99,0.46,0.25,2554.99,67
16419,3842,3,2031.68,0.1,0.25,2539.6,69
16420,3842,9,2265.63,0.48,0.25,2832.04,76
16421,3842,8,1957.8,0.37,0.25,2447.25,93
16422,3842,6,2265.63,0.48,0.25,2832.04,95
16423,3842,4,2179.44,0.4,0.25,2724.3,42
16424,2195,1,15.42,0.41,0.25,19.27,67
16425,2195,7,14.09,0.35,0.25,17.61,73
16426,2195,4,15.86,0.45,0.25,19.82,58
16427,2195,5,15.06,0.13,0.25,18.82,70
16428,4677,6,332.02,0.33,0.25,415.02,11
16429,4677,8,336.07,0.33,0.25,420.09,44
16430,4677,7,348.21,0.39,0.25,435.26,84
16431,4677,4,340.12,0.46,0.25,425.15,59
16432,2939,10,301.39,0.39,0.25,376.74,22
16433,2939,7,314.33,0.37,0.25,392.91,18
16434,2939,8,342.07,0.48,0.25,427.59,75
16435,2939,2,349.46,0.5,0.25,436.82,15
16436,2939,5,306.93,0.1,0.25,383.66,25
16437,2939,1,310.63,0.32,0.25,388.29,22
16438,277,4,99.23,0.37,0.25,124.04,59
16439,277,9,101.51,0.43,0.25,126.89,52
16440,277,5,92.96,0.12,0.25,116.2,60
16441,4946,3,353.87,0.1,0.25,442.34,64
16442,4946,5,347.15,0.11,0.25,433.94,10
16443,4946,1,360.59,0.38,0.25,450.74,23
16444,4946,10,369.55,0.42,0.25,461.94,52
16445,257,1,320.75,0.3,0.25,400.94,40
16446,257,9,366.57,0.4,0.25,458.21,71
16447,257,7,389.48,0.48,0.25,486.85,44
16448,257,6,322.83,0.32,0.25,403.54,82
16449,5403,2,125.15,0.35,0.25,156.44,64
16450,5403,8,128.94,0.47,0.25,161.18,22
16451,5403,9,131.22,0.46,0.25,164.02,54
16452,5250,5,484.71,0.13,0.25,605.89,17
16453,5250,4,493.17,0.45,0.25,616.46,58
16454,5250,8,462.17,0.44,0.25,577.71,67
16455,5250,1,473.44,0.38,0.25,591.8,79
16456,5250,6,428.35,0.3,0.25,535.44,73
16457,5250,3,439.62,0.1,0.25,549.52,79
16458,2470,1,142.04,0.35,0.25,177.55,23
16459,2470,10,152.05,0.43,0.25,190.06,19
16460,2470,3,138.4,0.11,0.25,173.0,30
16461,2470,9,151.14,0.34,0.25,188.92,33
16462,4109,7,1910.37,0.43,0.25,2387.96,48
16463,4109,10,1866.2,0.4,0.25,2332.75,36
16464,4109,2,1855.16,0.45,0.25,2318.95,81
16465,4109,4,1777.86,0.33,0.25,2222.32,40
16466,4109,8,1855.16,0.36,0.25,2318.95,77
16467,3709,4,5609.85,0.34,0.25,7012.31,60
16468,3709,1,5847.85,0.35,0.25,7309.81,14
16469,3709,8,5643.85,0.44,0.25,7054.81,44
16470,1176,10,248.04,0.31,0.25,310.05,84
16471,1176,6,249.58,0.31,0.25,311.98,10
16472,1176,3,248.04,0.13,0.25,310.05,33
16473,1176,7,254.2,0.32,0.25,317.75,30
16474,1176,1,255.74,0.31,0.25,319.68,26
16475,2025,6,12.28,0.42,0.25,15.35,42
16476,2025,1,12.73,0.47,0.25,15.91,60
16477,2025,4,13.42,0.42,0.25,16.77,15
16478,2025,3,11.98,0.1,0.25,14.98,95
16479,2025,9,12.43,0.37,0.25,15.54,37
16480,378,1,378.49,0.47,0.25,473.11,59
16481,378,6,417.02,0.47,0.25,521.28,12
16482,378,10,360.36,0.34,0.25,450.45,47
16483,378,2,403.42,0.43,0.25,504.28,62
16484,4296,1,1420.5,0.38,0.25,1775.62,22
16485,4296,6,1470.93,0.44,0.25,1838.66,13
16486,4296,4,1395.28,0.46,0.25,1744.1,52
16487,4296,7,1420.5,0.47,0.25,1775.62,93
16488,1369,7,140.43,0.32,0.25,175.54,26
16489,1369,5,142.13,0.12,0.25,177.66,92
16490,1369,1,160.01,0.49,0.25,200.01,75
16491,1369,4,140.43,0.31,0.25,175.54,40
16492,1369,9,146.39,0.35,0.25,182.99,52
16493,1143,8,88.01,0.4,0.25,110.01,72
16494,1143,3,85.3,0.11,0.25,106.62,47
16495,1143,6,93.99,0.41,0.25,117.49,70
16496,1143,5,90.73,0.13,0.25,113.41,90
16497,1143,1,92.9,0.39,0.25,116.12,91
16498,1143,4,93.99,0.41,0.25,117.49,29
16499,2423,7,37.81,0.49,0.25,47.26,25
16500,2423,5,31.85,0.11,0.25,39.81,97
16501,2423,4,32.47,0.37,0.25,40.59,43
16502,751,3,30.6,0.12,0.25,38.25,80
16503,751,9,35.45,0.48,0.25,44.31,93
16504,751,8,32.15,0.33,0.25,40.19,57
16505,751,4,34.87,0.43,0.25,43.59,87
16506,751,1,34.28,0.46,0.25,42.85,17
16507,751,7,35.25,0.45,0.25,44.06,23
16508,3167,1,7383.7,0.39,0.25,9229.62,28
16509,3167,4,8168.21,0.42,0.25,10210.26,61
16510,3167,7,7706.73,0.32,0.25,9633.41,70
16511,3167,10,7245.25,0.34,0.25,9056.56,68
16512,3167,6,7799.03,0.36,0.25,9748.79,73
16513,224,8,271.55,0.33,0.25,339.44,25
16514,224,6,268.34,0.37,0.25,335.42,27
16515,224,10,281.19,0.5,0.25,351.49,90
16516,224,3,260.3,0.11,0.25,325.38,33
16517,224,1,244.23,0.31,0.25,305.29,49
16518,224,4,279.58,0.46,0.25,349.48,90
16519,1731,7,496.38,0.38,0.25,620.48,75
16520,1731,8,440.29,0.37,0.25,550.36,95
16521,1731,6,473.94,0.44,0.25,592.42,35
16522,1731,2,443.1,0.36,0.25,553.88,35
16523,1731,1,516.01,0.45,0.25,645.01,83
16524,1731,5,445.9,0.11,0.25,557.38,74
16525,2658,4,111.35,0.3,0.25,139.19,28
16526,2658,7,108.07,0.4,0.25,135.09,30
16527,2658,6,104.8,0.33,0.25,131.0,24
16528,2658,5,105.46,0.13,0.25,131.82,95
16529,2658,9,124.45,0.5,0.25,155.56,78
16530,2051,8,10.79,0.36,0.25,13.49,37
16531,2051,10,9.49,0.31,0.25,11.86,46
16532,2051,5,10.6,0.14,0.25,13.25,68
16533,1460,4,91.66,0.32,0.25,114.57,10
16534,1460,6,86.66,0.31,0.25,108.32,20
16535,1460,8,99.43,0.49,0.25,124.29,71
16536,1460,1,101.1,0.46,0.25,126.38,21
16537,1460,7,91.66,0.42,0.25,114.57,11
16538,1270,3,145.4,0.11,0.25,181.75,32
16539,1270,6,144.55,0.48,0.25,180.69,15
16540,1270,8,130.86,0.31,0.25,163.58,65
16541,1270,5,132.57,0.11,0.25,165.71,85
16542,1270,7,147.11,0.34,0.25,183.89,66
16543,1270,4,142.84,0.4,0.25,178.55,55
16544,1296,8,31.47,0.33,0.25,39.34,91
16545,1296,3,32.87,0.11,0.25,41.09,91
16546,1296,4,35.26,0.39,0.25,44.08,93
16547,1296,1,32.07,0.3,0.25,40.09,73
16548,4803,7,360.04,0.5,0.25,450.05,80
16549,4803,10,349.81,0.38,0.25,437.26,86
16550,4803,9,339.59,0.34,0.25,424.49,18
16551,3881,4,467.8,0.35,0.25,584.75,69
16552,3881,8,464.9,0.31,0.25,581.12,23
16553,3881,2,482.33,0.45,0.25,602.91,89
16554,3881,9,514.29,0.41,0.25,642.86,58
16555,3881,3,485.24,0.14,0.25,606.55,45
16556,2991,1,180.3,0.39,0.25,225.38,55
16557,2991,10,176.94,0.35,0.25,221.18,33
16558,2991,4,197.1,0.47,0.25,246.38,39
16559,2991,6,194.86,0.41,0.25,243.58,68
16560,4693,4,258.74,0.4,0.25,323.42,11
16561,4693,5,239.92,0.12,0.25,299.9,46
16562,4693,10,269.71,0.44,0.25,337.14,36
16563,4693,7,265.01,0.42,0.25,331.26,64
16564,192,5,1854.22,0.13,0.25,2317.78,49
16565,192,9,2065.47,0.46,0.25,2581.84,52
16566,192,6,2135.88,0.43,0.25,2669.85,17
16567,192,1,1995.05,0.34,0.25,2493.81,27
16568,192,3,1912.9,0.1,0.25,2391.12,78
16569,1874,3,28.83,0.14,0.25,36.04,57
16570,1874,9,30.13,0.42,0.25,37.66,69
16571,1874,6,32.92,0.4,0.25,41.15,81
16572,1874,8,32.92,0.4,0.25,41.15,13
16573,1874,1,30.69,0.38,0.25,38.36,98
16574,1874,7,29.02,0.3,0.25,36.28,35
16575,210,9,746.36,0.37,0.25,932.95,85
16576,210,8,720.92,0.49,0.25,901.15,24
16577,210,6,754.84,0.45,0.25,943.55,23
16578,2845,10,61.92,0.34,0.25,77.4,69
16579,2845,8,70.56,0.49,0.25,88.2,48
16580,2845,7,61.55,0.41,0.25,76.94,53
16581,2845,9,62.68,0.46,0.25,78.35,47
16582,3549,1,4015.35,0.49,0.25,5019.19,30
16583,3549,3,3545.72,0.11,0.25,4432.15,63
16584,3549,2,3686.61,0.33,0.25,4608.26,40
16585,3549,8,3804.02,0.42,0.25,4755.02,16
16586,1235,5,93.28,0.1,0.25,116.6,25
16587,1235,3,96.2,0.15,0.25,120.25,93
16588,1235,4,100.86,0.5,0.25,126.08,19
16589,4997,2,252.23,0.46,0.25,315.29,28
16590,4997,1,222.47,0.34,0.25,278.09,24
16591,4997,10,218.22,0.31,0.25,272.77,79
16592,728,2,82.95,0.4,0.25,103.69,43
16593,728,9,84.81,0.46,0.25,106.01,77
16594,728,3,75.49,0.15,0.25,94.36,26
16595,5377,2,232.18,0.4,0.25,290.23,81
16596,5377,5,240.58,0.15,0.25,300.73,77
16597,5377,10,243.37,0.49,0.25,304.21,80
16598,5377,8,212.6,0.32,0.25,265.75,29
16599,2699,2,130.46,0.45,0.25,163.08,49
16600,2699,3,122.06,0.14,0.25,152.57,29
16601,2699,1,128.17,0.34,0.25,160.21,69
16602,2699,8,143.43,0.49,0.25,179.29,75
16603,3909,6,285.78,0.34,0.25,357.22,61
16604,3909,4,305.19,0.44,0.25,381.49,99
16605,3909,5,284.02,0.15,0.25,355.02,75
16606,3909,7,299.9,0.48,0.25,374.88,58
16607,3909,9,294.6,0.33,0.25,368.25,73
16608,3909,3,292.84,0.13,0.25,366.05,59
16609,2872,5,171.73,0.11,0.25,214.66,56
16610,2872,4,160.49,0.33,0.25,200.61,99
16611,2872,3,158.44,0.13,0.25,198.05,40
16612,2872,10,159.46,0.34,0.25,199.32,10
16613,3064,4,6493.05,0.45,0.25,8116.31,14
16614,3064,5,5915.89,0.13,0.25,7394.86,36
16615,3064,3,5951.96,0.12,0.25,7439.95,27
16616,3064,6,6024.11,0.38,0.25,7530.14,39
16617,3064,9,6529.12,0.45,0.25,8161.4,37
16618,3064,10,6493.05,0.48,0.25,8116.31,62
16619,635,4,16.79,0.45,0.25,20.99,70
16620,635,3,16.4,0.14,0.25,20.5,91
16621,635,7,16.3,0.44,0.25,20.38,28
16622,635,2,18.15,0.48,0.25,22.69,87
16623,5155,10,364.54,0.4,0.25,455.68,61
16624,5155,5,337.92,0.14,0.25,422.4,51
16625,5155,2,323.58,0.35,0.25,404.48,96
16626,5155,8,352.26,0.39,0.25,440.32,55
16627,5155,7,374.78,0.44,0.25,468.48,63
16628,253,7,194.7,0.43,0.25,243.38,86
16629,253,3,186.44,0.11,0.25,233.05,41
16630,253,1,218.3,0.49,0.25,272.88,79
16631,253,6,200.6,0.43,0.25,250.75,49
16632,253,10,199.42,0.39,0.25,249.27,78
16633,4906,9,418.46,0.36,0.25,523.07,55
16634,4906,6,408.73,0.43,0.25,510.91,99
16635,4906,5,389.26,0.11,0.25,486.58,86
16636,4906,4,423.32,0.48,0.25,529.15,48
16637,4906,2,384.4,0.37,0.25,480.5,82
16638,2722,8,89.64,0.45,0.25,112.05,15
16639,2722,1,83.46,0.31,0.25,104.32,64
16640,2722,2,86.04,0.42,0.25,107.55,22
16641,2722,4,87.07,0.48,0.25,108.84,62
16642,2722,10,86.04,0.36,0.25,107.55,14
16643,2722,7,81.4,0.35,0.25,101.75,60
16644,1250,4,53.52,0.4,0.25,66.9,63
16645,1250,10,54.45,0.45,0.25,68.06,39
16646,1250,1,56.6,0.49,0.25,70.75,75
16647,1250,6,49.83,0.38,0.25,62.29,93
16648,1250,3,50.45,0.14,0.25,63.06,99
16649,1250,7,57.21,0.48,0.25,71.51,82
16650,2871,2,303.16,0.43,0.25,378.95,24
16651,2871,9,297.99,0.49,0.25,372.49,34
16652,2871,1,270.43,0.32,0.25,338.04,10
16653,2871,8,308.33,0.39,0.25,385.41,37
16654,2871,10,285.94,0.41,0.25,357.42,19
16655,4491,4,1507.37,0.45,0.25,1884.21,100
16656,4491,7,1516.14,0.36,0.25,1895.18,69
16657,4491,6,1568.72,0.46,0.25,1960.9,29
16658,4368,8,1590.86,0.45,0.25,1988.57,24
16659,4368,5,1395.5,0.1,0.25,1744.38,50
16660,4368,2,1525.74,0.34,0.25,1907.18,20
16661,1798,7,573.81,0.31,0.25,717.26,34
16662,1798,9,583.99,0.4,0.25,729.99,56
16663,1798,6,567.02,0.47,0.25,708.78,68
16664,1798,1,573.81,0.47,0.25,717.26,91
16665,1798,2,556.83,0.4,0.25,696.04,70
16666,477,2,437.85,0.42,0.25,547.31,88
16667,477,6,398.05,0.31,0.25,497.56,12
16668,477,1,455.27,0.5,0.25,569.09,22
16669,477,8,445.32,0.47,0.25,556.65,63
16670,4958,7,198.68,0.41,0.25,248.35,85
16671,4958,5,177.48,0.13,0.25,221.85,34
16672,4958,6,207.61,0.47,0.25,259.51,95
16673,4958,8,196.45,0.38,0.25,245.56,82
16674,4958,1,196.45,0.37,0.25,245.56,100
16675,2668,6,109.19,0.4,0.25,136.49,15
16676,2668,10,116.56,0.49,0.25,145.7,38
16677,2668,9,119.91,0.42,0.25,149.89,75
16678,2668,4,108.52,0.37,0.25,135.65,63
16679,2668,8,121.25,0.49,0.25,151.56,78
16680,2668,2,119.24,0.45,0.25,149.05,17
16681,2428,2,14.81,0.44,0.25,18.51,97
16682,2428,6,13.33,0.32,0.25,16.66,53
16683,2428,3,13.83,0.13,0.25,17.29,78
16684,2428,4,13.91,0.35,0.25,17.39,79
16685,2428,10,12.84,0.36,0.25,16.05,56
16686,2428,8,14.73,0.42,0.25,18.41,86
16687,2922,4,262.05,0.42,0.25,327.56,95
16688,2922,9,236.88,0.4,0.25,296.1,21
16689,2922,1,248.72,0.46,0.25,310.9,76
16690,2922,2,248.72,0.39,0.25,310.9,75
16691,2922,7,247.24,0.42,0.25,309.05,12
16692,2922,5,228.0,0.11,0.25,285.0,65
16693,2411,9,19.15,0.38,0.25,23.94,37
16694,2411,3,19.03,0.11,0.25,23.79,38
16695,2411,4,20.73,0.44,0.25,25.91,33
16696,2411,2,18.69,0.38,0.25,23.36,51
16697,2411,6,21.07,0.46,0.25,26.34,11
16698,2603,7,121.56,0.48,0.25,151.95,44
16699,2603,5,108.44,0.12,0.25,135.55,38
16700,2603,1,128.47,0.47,0.25,160.59,69
16701,2603,2,116.73,0.45,0.25,145.91,71
16702,2603,4,127.09,0.49,0.25,158.86,97
16703,1678,9,452.34,0.45,0.25,565.42,21
16704,1678,1,444.5,0.47,0.25,555.62,39
16705,1678,2,413.12,0.32,0.25,516.4,34
16706,1678,5,397.43,0.12,0.25,496.79,87
16707,1678,7,447.11,0.38,0.25,558.89,78
16708,950,6,266.31,0.37,0.25,332.89,99
16709,950,7,283.54,0.41,0.25,354.42,98
16710,950,2,292.94,0.48,0.25,366.18,55
16711,950,9,285.1,0.48,0.25,356.38,30
16712,1804,10,24.96,0.49,0.25,31.2,52
16713,1804,6,22.96,0.3,0.25,28.7,19
16714,1804,5,22.1,0.12,0.25,27.62,80
16715,1804,8,24.38,0.49,0.25,30.48,37
16716,1804,3,23.53,0.14,0.25,29.41,78
16717,4313,4,2261.79,0.38,0.25,2827.24,87
16718,4313,3,2001.82,0.13,0.25,2502.28,70
16719,4313,6,2352.78,0.48,0.25,2940.98,89
16720,5183,5,291.5,0.14,0.25,364.38,30
16721,5183,7,286.26,0.3,0.25,357.82,99
16722,5183,10,303.72,0.44,0.25,379.65,85
16723,5379,2,652.49,0.41,0.25,815.61,59
16724,5379,8,667.24,0.49,0.25,834.05,21
16725,5379,3,600.88,0.15,0.25,751.1,42
16726,5379,9,575.08,0.34,0.25,718.85,16
16727,3143,10,1553.11,0.44,0.25,1941.39,13
16728,3143,2,1682.54,0.48,0.25,2103.18,57
16729,3143,9,1599.33,0.36,0.25,1999.16,73
16730,3143,1,1451.42,0.3,0.25,1814.28,82
16731,3143,3,1395.95,0.1,0.25,1744.94,61
16732,2662,5,119.2,0.11,0.25,149.0,39
16733,2662,2,117.1,0.33,0.25,146.38,70
16734,2662,7,119.91,0.4,0.25,149.89,91
16735,2662,3,110.79,0.14,0.25,138.49,47
16736,2662,10,117.1,0.43,0.25,146.38,58
16737,2662,4,121.31,0.36,0.25,151.64,75
16738,1089,9,153.81,0.39,0.25,192.26,33
16739,1089,8,164.48,0.46,0.25,205.6,68
16740,1089,3,146.7,0.11,0.25,183.38,10
16741,1089,4,149.37,0.41,0.25,186.71,76
16742,1089,1,142.26,0.37,0.25,177.82,67
16743,1089,2,138.7,0.31,0.25,173.38,68
16744,131,5,699.99,0.14,0.25,874.99,11
16745,131,1,670.47,0.31,0.25,838.09,43
16746,131,8,763.24,0.49,0.25,954.05,31
16747,131,4,683.12,0.3,0.25,853.9,26
16748,2486,3,113.41,0.13,0.25,141.76,49
16749,2486,10,116.08,0.49,0.25,145.1,94
16750,2486,6,114.07,0.42,0.25,142.59,20
16751,2486,1,107.4,0.31,0.25,134.25,18
16752,2486,4,118.74,0.42,0.25,148.42,85
16753,1770,3,567.73,0.13,0.25,709.66,96
16754,1770,8,574.79,0.35,0.25,718.49,28
16755,1770,1,634.73,0.42,0.25,793.41,12
16756,2490,10,65.28,0.35,0.25,81.6,33
16757,2490,2,60.23,0.3,0.25,75.29,18
16758,2490,4,66.06,0.41,0.25,82.58,29
16759,160,7,823.94,0.49,0.25,1029.93,42
16760,160,9,838.48,0.48,0.25,1048.1,18
16761,160,5,785.17,0.1,0.25,981.46,52
16762,160,1,814.25,0.48,0.25,1017.81,34
16763,160,10,809.4,0.32,0.25,1011.75,79
16764,160,6,857.87,0.42,0.25,1072.34,90
16765,1698,10,572.51,0.32,0.25,715.64,83
16766,1698,5,583.11,0.13,0.25,728.89,99
16767,1698,4,600.78,0.36,0.25,750.97,40
16768,1698,9,664.39,0.48,0.25,830.49,84
16769,1698,7,586.64,0.34,0.25,733.3,19
16770,1698,2,653.79,0.49,0.25,817.24,78
16771,905,2,200.62,0.39,0.25,250.78,24
16772,905,4,201.86,0.32,0.25,252.32,11
16773,905,10,201.86,0.4,0.25,252.32,65
16774,3040,4,2462.73,0.34,0.25,3078.41,90
16775,3040,6,2650.97,0.4,0.25,3313.71,81
16776,3040,3,2447.05,0.13,0.25,3058.81,44
16777,3040,1,2635.28,0.46,0.25,3294.1,58
16778,3040,5,2478.42,0.15,0.25,3098.02,65
16779,1661,10,737.24,0.38,0.25,921.55,11
16780,1661,1,811.42,0.36,0.25,1014.28,62
16781,1661,2,853.15,0.47,0.25,1066.44,18
16782,3534,3,6069.69,0.13,0.25,7587.11,61
16783,3534,2,6249.26,0.49,0.25,7811.58,69
16784,3534,10,6177.43,0.37,0.25,7721.79,61
16785,3534,9,6033.77,0.39,0.25,7542.21,98
16786,3534,7,6069.69,0.44,0.25,7587.11,47
16787,3534,1,6105.6,0.41,0.25,7632.0,96
16788,3879,4,2068.57,0.4,0.25,2585.71,32
16789,3879,10,1971.79,0.4,0.25,2464.74,60
16790,3879,6,2116.96,0.47,0.25,2646.2,93
16791,2085,2,16.2,0.32,0.25,20.25,42
16792,2085,9,17.75,0.45,0.25,22.19,71
16793,2085,10,18.68,0.45,0.25,23.35,31
16794,841,3,47.1,0.15,0.25,58.88,27
16795,841,10,47.1,0.39,0.25,58.88,11
16796,841,6,46.56,0.36,0.25,58.2,93
16797,1128,6,108.08,0.47,0.25,135.1,80
16798,1128,8,110.6,0.4,0.25,138.25,100
16799,1128,4,97.4,0.32,0.25,121.75,55
16800,1128,9,104.31,0.44,0.25,130.39,75
16801,1128,10,108.08,0.4,0.25,135.1,81
16802,1128,2,101.8,0.4,0.25,127.25,61
16803,902,10,134.89,0.38,0.25,168.61,20
16804,902,2,142.16,0.36,0.25,177.7,35
16805,902,4,139.73,0.45,0.25,174.66,38
16806,902,3,130.85,0.12,0.25,163.56,25
16807,902,9,148.62,0.46,0.25,185.78,86
16808,902,1,137.31,0.41,0.25,171.64,30
16809,1312,9,83.88,0.32,0.25,104.85,86
16810,1312,7,93.66,0.47,0.25,117.07,81
16811,1312,10,90.57,0.5,0.25,113.21,22
16812,1312,4,80.28,0.33,0.25,100.35,64
16813,1312,2,83.88,0.36,0.25,104.85,19
16814,4287,5,565.49,0.13,0.25,706.86,43
16815,4287,4,568.81,0.44,0.25,711.01,33
16816,4287,1,568.81,0.48,0.25,711.01,57
16817,3186,3,7217.81,0.13,0.25,9022.26,66
16818,3186,9,8288.84,0.49,0.25,10361.05,57
16819,3186,10,8288.84,0.43,0.25,10361.05,36
16820,3186,5,7404.07,0.15,0.25,9255.09,96
16821,4243,9,2377.64,0.49,0.25,2972.05,40
16822,4243,6,2338.01,0.47,0.25,2922.51,70
16823,4243,7,2417.27,0.44,0.25,3021.59,95
16824,4243,5,2192.71,0.13,0.25,2740.89,27
16825,4243,1,2113.46,0.39,0.25,2641.82,10
16826,107,6,580.27,0.43,0.25,725.34,72
16827,107,4,573.48,0.41,0.25,716.85,69
16828,107,7,539.55,0.31,0.25,674.44,79
16829,107,3,559.91,0.12,0.25,699.89,65
16830,107,8,607.42,0.41,0.25,759.28,10
16831,107,9,546.34,0.37,0.25,682.92,33
16832,234,2,290.36,0.31,0.25,362.95,49
16833,234,9,286.89,0.37,0.25,358.61,77
16834,234,10,290.36,0.31,0.25,362.95,37
16835,4047,4,2067.93,0.44,0.25,2584.91,77
16836,4047,9,2105.53,0.42,0.25,2631.91,97
16837,4047,1,2067.93,0.37,0.25,2584.91,17
16838,4047,2,2092.99,0.36,0.25,2616.24,25
16839,4047,7,2130.59,0.32,0.25,2663.24,53
16840,4047,10,1955.13,0.35,0.25,2443.91,24
16841,5149,5,372.64,0.12,0.25,465.8,17
16842,5149,4,354.68,0.35,0.25,443.35,12
16843,5149,3,341.21,0.1,0.25,426.51,40
16844,5149,10,397.33,0.48,0.25,496.66,23
16845,5149,8,379.37,0.37,0.25,474.21,76
16846,5149,2,404.06,0.49,0.25,505.08,58
16847,3805,1,1623.66,0.45,0.25,2029.58,87
16848,3805,8,1678.39,0.46,0.25,2097.99,78
16849,3805,2,1587.18,0.38,0.25,1983.98,55
16850,3805,7,1541.57,0.35,0.25,1926.96,69
16851,3278,2,3757.24,0.49,0.25,4696.55,39
16852,3278,9,3295.12,0.37,0.25,4118.9,33
16853,3278,10,3455.86,0.32,0.25,4319.82,82
16854,3278,1,3415.67,0.48,0.25,4269.59,17
16855,1621,2,143.01,0.36,0.25,178.76,74
16856,1621,8,153.03,0.31,0.25,191.29,45
16857,1621,1,163.05,0.42,0.25,203.81,36
16858,4256,2,1182.85,0.38,0.25,1478.56,36
16859,4256,3,1225.86,0.14,0.25,1532.32,32
16860,4256,8,1247.37,0.38,0.25,1559.21,45
16861,4256,1,1240.2,0.36,0.25,1550.25,93
16862,4256,4,1283.22,0.47,0.25,1604.02,13
16863,4256,10,1139.84,0.31,0.25,1424.8,42
16864,3704,10,4765.45,0.32,0.25,5956.81,50
16865,3704,6,5112.03,0.47,0.25,6390.04,18
16866,3704,4,5112.03,0.43,0.25,6390.04,35
16867,3704,8,5025.38,0.5,0.25,6281.72,85
16868,3704,2,4852.09,0.31,0.25,6065.11,61
16869,1575,5,40.28,0.14,0.25,50.35,35
16870,1575,3,40.53,0.11,0.25,50.66,42
16871,1575,10,39.03,0.33,0.25,48.79,36
16872,1575,7,42.03,0.36,0.25,52.54,82
16873,1575,6,40.28,0.35,0.25,50.35,88
16874,1575,4,43.03,0.48,0.25,53.79,31
16875,3006,4,111.95,0.32,0.25,139.94,88
16876,3006,6,125.25,0.47,0.25,156.56,28
16877,3006,10,132.24,0.49,0.25,165.3,42
16878,3006,2,126.65,0.44,0.25,158.31,17
16879,3006,3,112.65,0.12,0.25,140.81,14
16880,3006,5,114.05,0.1,0.25,142.56,85
16881,4355,9,1070.2,0.45,0.25,1337.75,79
16882,4355,6,1041.12,0.49,0.25,1301.4,24
16883,4355,3,942.24,0.13,0.25,1177.8,96
16884,4355,1,942.24,0.36,0.25,1177.8,66
16885,1600,5,678.58,0.12,0.25,848.22,70
16886,1600,9,707.37,0.45,0.25,884.21,82
16887,1600,10,707.37,0.4,0.25,884.21,63
16888,1600,7,653.9,0.38,0.25,817.38,38
16889,1600,8,752.61,0.45,0.25,940.76,89
16890,3298,6,6859.27,0.4,0.25,8574.09,73
16891,3298,7,6859.27,0.41,0.25,8574.09,56
16892,3298,10,6204.17,0.3,0.25,7755.21,68
16893,3298,3,6011.49,0.13,0.25,7514.36,40
16894,3298,1,6319.77,0.36,0.25,7899.71,33
16895,3298,9,6897.8,0.46,0.25,8622.25,97
16896,4583,1,267.89,0.41,0.25,334.86,66
16897,4583,2,257.23,0.39,0.25,321.54,67
16898,4583,10,257.23,0.36,0.25,321.54,77
16899,4583,5,231.36,0.1,0.25,289.2,94
16900,959,5,72.8,0.13,0.25,91.0,46
16901,959,8,81.23,0.43,0.25,101.54,15
16902,959,2,72.36,0.39,0.25,90.45,100
16903,959,9,68.36,0.33,0.25,85.45,56
16904,959,10,76.35,0.37,0.25,95.44,73
16905,959,6,75.46,0.32,0.25,94.32,79
16906,2597,4,193.76,0.35,0.25,242.2,18
16907,2597,1,213.02,0.46,0.25,266.28,29
16908,2597,7,217.83,0.46,0.25,272.29,20
16909,1268,7,94.64,0.33,0.25,118.3,69
16910,1268,8,105.02,0.41,0.25,131.28,31
16911,1268,6,112.96,0.46,0.25,141.2,70
16912,3282,7,2183.51,0.4,0.25,2729.39,55
16913,3282,2,2097.15,0.33,0.25,2621.44,78
16914,3282,3,1986.13,0.1,0.25,2482.66,12
16915,3282,5,2072.48,0.11,0.25,2590.6,88
16916,3282,1,2023.14,0.32,0.25,2528.93,85
16917,3282,8,2047.81,0.44,0.25,2559.76,44
16918,580,8,82.13,0.47,0.25,102.66,53
16919,580,9,82.62,0.3,0.25,103.28,51
16920,580,1,84.08,0.46,0.25,105.1,41
16921,580,3,76.3,0.15,0.25,95.38,97
16922,5004,4,269.39,0.43,0.25,336.74,48
16923,5004,6,273.96,0.45,0.25,342.45,78
16924,5004,1,260.26,0.42,0.25,325.32,76
16925,4480,7,1916.21,0.43,0.25,2395.26,98
16926,4480,6,1926.97,0.44,0.25,2408.71,95
16927,4480,2,1690.14,0.36,0.25,2112.68,70
16928,4480,10,1830.08,0.4,0.25,2287.6,46
16929,4104,2,830.02,0.38,0.25,1037.53,32
16930,4104,5,805.32,0.13,0.25,1006.65,25
16931,4104,4,844.84,0.42,0.25,1056.05,72
16932,4104,7,849.78,0.43,0.25,1062.22,75
16933,279,1,138.21,0.31,0.25,172.76,92
16934,279,7,168.53,0.5,0.25,210.66,76
16935,279,4,156.94,0.47,0.25,196.18,26
16936,279,9,151.59,0.42,0.25,189.49,70
16937,47,1,409.58,0.39,0.25,511.98,47
16938,47,6,419.7,0.32,0.25,524.62,28
16939,47,3,394.41,0.11,0.25,493.01,34
16940,47,4,419.7,0.31,0.25,524.62,10
16941,4441,8,1802.19,0.44,0.25,2252.74,67
16942,4441,5,1644.1,0.12,0.25,2055.12,54
16943,4441,4,1844.34,0.4,0.25,2305.42,88
16944,3512,1,4970.54,0.41,0.25,6213.18,53
16945,3512,10,4999.96,0.32,0.25,6249.95,31
16946,3512,8,4970.54,0.32,0.25,6213.18,11
16947,5305,7,442.5,0.48,0.25,553.12,18
16948,5305,8,409.06,0.34,0.25,511.32,73
16949,5305,10,473.38,0.48,0.25,591.72,90
16950,4069,7,968.7,0.44,0.25,1210.88,10
16951,4069,4,1034.38,0.5,0.25,1292.98,45
16952,4069,1,919.45,0.44,0.25,1149.31,62
16953,4069,2,924.92,0.33,0.25,1156.15,72
16954,4069,6,913.97,0.32,0.25,1142.46,30
16955,4069,5,897.56,0.14,0.25,1121.95,23
16956,2013,9,25.28,0.35,0.25,31.6,70
16957,2013,2,27.11,0.42,0.25,33.89,60
16958,2013,10,27.41,0.42,0.25,34.26,89
16959,1852,6,30.2,0.49,0.25,37.75,23
16960,1852,1,29.53,0.41,0.25,36.91,98
16961,1852,10,29.86,0.47,0.25,37.33,21
16962,1852,9,25.58,0.34,0.25,31.98,91
16963,4793,6,600.43,0.43,0.25,750.54,51
16964,4793,2,607.71,0.41,0.25,759.64,68
16965,4793,3,578.6,0.15,0.25,723.25,92
16966,4793,4,644.1,0.48,0.25,805.12,33
16967,4793,10,596.8,0.42,0.25,746.0,67
16968,4793,8,596.8,0.4,0.25,746.0,79
16969,3845,5,529.19,0.14,0.25,661.49,22
16970,3845,7,550.98,0.48,0.25,688.72,34
16971,3845,8,535.42,0.4,0.25,669.28,49
16972,3845,6,547.87,0.47,0.25,684.84,95
16973,2277,1,30.31,0.43,0.25,37.89,68
16974,2277,2,30.31,0.39,0.25,37.89,83
16975,2277,4,27.33,0.3,0.25,34.16,21
16976,2277,6,30.13,0.37,0.25,37.66,86
16977,2277,7,28.38,0.34,0.25,35.48,93
16978,211,8,1831.67,0.42,0.25,2289.59,26
16979,211,6,1791.19,0.39,0.25,2238.99,74
16980,211,4,1619.15,0.33,0.25,2023.94,23
16981,243,3,65.41,0.14,0.25,81.76,28
16982,243,8,68.74,0.43,0.25,85.92,57
16983,243,10,72.9,0.44,0.25,91.12,27
16984,243,9,71.24,0.34,0.25,89.05,85
16985,2777,3,274.43,0.15,0.25,343.04,72
16986,2777,7,269.5,0.39,0.25,336.88,85
16987,2777,1,284.29,0.49,0.25,355.36,37
16988,2777,9,299.08,0.47,0.25,373.85,62
16989,2777,4,294.15,0.45,0.25,367.69,71
16990,2777,10,290.86,0.44,0.25,363.58,85
16991,4830,1,69.33,0.48,0.25,86.66,10
16992,4830,4,68.15,0.36,0.25,85.19,79
16993,4830,6,60.62,0.31,0.25,75.77,83
16994,2577,8,338.84,0.4,0.25,423.55,21
16995,2577,6,344.96,0.41,0.25,431.2,22
16996,2577,1,359.25,0.39,0.25,449.06,40
16997,2577,7,306.18,0.3,0.25,382.72,82
16998,2577,10,369.46,0.43,0.25,461.82,53
16999,866,2,53.67,0.49,0.25,67.09,64
17000,866,3,49.08,0.14,0.25,61.35,47
17001,866,6,49.36,0.48,0.25,61.7,34
17002,866,8,49.65,0.34,0.25,62.06,70
17003,866,7,47.36,0.43,0.25,59.2,30
17004,2127,1,2.45,0.36,0.25,3.06,95
17005,2127,9,2.4,0.33,0.25,3.0,89
17006,2127,10,2.35,0.43,0.25,2.94,52
17007,2127,5,2.27,0.13,0.25,2.84,38
17008,1000,5,71.91,0.15,0.25,89.89,79
17009,1000,2,67.53,0.3,0.25,84.41,12
17010,1000,4,69.72,0.34,0.25,87.15,16
17011,1000,6,80.68,0.49,0.25,100.85,30
17012,1000,8,70.6,0.4,0.25,88.25,29
17013,2432,5,158.1,0.11,0.25,197.62,86
17014,2432,6,151.55,0.4,0.25,189.44,26
17015,2432,4,172.13,0.44,0.25,215.16,83
17016,2432,1,163.71,0.47,0.25,204.64,14
17017,2432,9,159.97,0.45,0.25,199.96,74
17018,2432,3,153.42,0.14,0.25,191.77,88
17019,3056,9,9886.48,0.42,0.25,12358.1,48
17020,3056,2,9343.26,0.49,0.25,11679.08,61
17021,3056,1,8908.69,0.36,0.25,11135.86,74
17022,3056,3,8800.05,0.14,0.25,11000.06,34
17023,3056,4,8365.48,0.33,0.25,10456.85,93
17024,3056,10,9940.8,0.49,0.25,12426.0,89
17025,4846,5,194.59,0.13,0.25,243.24,96
17026,4846,3,192.2,0.13,0.25,240.25,98
17027,4846,1,188.62,0.36,0.25,235.78,64
17028,4846,9,204.14,0.33,0.25,255.18,84
17029,4846,4,224.43,0.48,0.25,280.54,23
17030,24,5,643.97,0.13,0.25,804.96,66
17031,24,7,691.67,0.43,0.25,864.59,60
17032,24,4,636.02,0.3,0.25,795.02,100
17033,24,1,671.79,0.45,0.25,839.74,35
17034,24,3,679.74,0.13,0.25,849.68,63
17035,5198,4,473.26,0.33,0.25,591.58,54
17036,5198,9,473.26,0.36,0.25,591.58,59
17037,5198,6,506.67,0.48,0.25,633.34,33
17038,5198,5,428.72,0.13,0.25,535.9,87
17039,5198,8,470.48,0.47,0.25,588.1,75
17040,2824,6,293.43,0.39,0.25,366.79,82
17041,2824,3,269.55,0.11,0.25,336.94,68
17042,2824,8,295.14,0.4,0.25,368.92,68
17043,2824,2,271.25,0.36,0.25,339.06,53
17044,2824,4,293.43,0.34,0.25,366.79,28
17045,1190,8,212.08,0.41,0.25,265.1,96
17046,1190,2,207.39,0.48,0.25,259.24,38
17047,1190,4,179.27,0.33,0.25,224.09,95
17048,1190,3,194.5,0.11,0.25,243.12,57
17049,1190,1,196.85,0.4,0.25,246.06,75
17050,4337,3,1807.88,0.12,0.25,2259.85,79
17051,4337,8,2074.43,0.47,0.25,2593.04,40
17052,4337,6,2086.02,0.4,0.25,2607.52,44
17053,745,4,30.5,0.4,0.25,38.12,86
17054,745,8,29.28,0.45,0.25,36.6,25
17055,745,1,29.28,0.48,0.25,36.6,49
17056,5282,3,120.73,0.11,0.25,150.91,64
17057,5282,9,125.73,0.39,0.25,157.16,79
17058,5282,10,132.88,0.49,0.25,166.1,29
17059,5282,1,125.02,0.41,0.25,156.28,78
17060,1795,7,661.72,0.49,0.25,827.15,57
17061,1795,5,598.37,0.15,0.25,747.96,20
17062,1795,10,601.89,0.48,0.25,752.36,67
17063,1795,6,615.96,0.41,0.25,769.95,93
17064,4743,9,506.07,0.42,0.25,632.59,27
17065,4743,6,509.05,0.46,0.25,636.31,44
17066,4743,7,535.84,0.46,0.25,669.8,58
17067,4743,1,544.77,0.47,0.25,680.96,20
17068,4743,8,553.7,0.47,0.25,692.12,58
17069,4743,5,464.4,0.11,0.25,580.5,21
17070,416,4,190.58,0.39,0.25,238.23,63
17071,416,2,191.72,0.38,0.25,239.65,38
17072,416,5,186.02,0.11,0.25,232.52,24
17073,4101,10,1553.24,0.32,0.25,1941.55,36
17074,4101,5,1434.46,0.14,0.25,1793.08,95
17075,4101,3,1580.65,0.15,0.25,1975.81,79
17076,4101,2,1562.38,0.48,0.25,1952.98,44
17077,4101,8,1516.69,0.3,0.25,1895.86,53
17078,4101,6,1498.42,0.34,0.25,1873.02,32
17079,3415,7,5675.63,0.3,0.25,7094.54,54
17080,3415,4,6011.46,0.44,0.25,7514.32,69
17081,3415,1,5877.13,0.35,0.25,7346.41,41
17082,3415,8,5608.46,0.31,0.25,7010.58,98
17083,739,8,34.63,0.35,0.25,43.29,61
17084,739,10,31.17,0.31,0.25,38.96,72
17085,739,1,36.46,0.49,0.25,45.58,53
17086,3094,3,6260.57,0.11,0.25,7825.71,61
17087,3094,2,6649.42,0.48,0.25,8311.78,80
17088,3094,7,6377.22,0.42,0.25,7971.52,53
17089,3094,6,6610.54,0.38,0.25,8263.17,74
17090,3094,5,6454.99,0.15,0.25,8068.74,85
17091,2075,5,29.37,0.12,0.25,36.71,59
17092,2075,6,30.24,0.47,0.25,37.8,96
17093,2075,3,27.11,0.12,0.25,33.89,56
17094,3888,7,758.98,0.39,0.25,948.72,35
17095,3888,9,776.13,0.44,0.25,970.16,54
17096,3888,1,728.96,0.37,0.25,911.2,26
17097,3888,8,754.69,0.38,0.25,943.36,60
17098,3888,10,720.38,0.47,0.25,900.48,38
17099,3888,5,746.11,0.15,0.25,932.64,87
17100,3659,1,2899.78,0.48,0.25,3624.73,39
17101,3659,2,2966.44,0.41,0.25,3708.05,48
17102,3659,5,2866.45,0.12,0.25,3583.06,81
17103,1221,4,80.87,0.38,0.25,101.09,27
17104,1221,8,72.55,0.3,0.25,90.69,34
17105,1221,1,77.17,0.4,0.25,96.46,85
17106,1221,5,73.47,0.12,0.25,91.84,34
17107,5054,4,315.58,0.46,0.25,394.48,13
17108,5054,3,289.74,0.11,0.25,362.18,47
17109,5054,5,291.59,0.11,0.25,364.49,42
17110,5054,1,332.19,0.42,0.25,415.24,11
17111,5054,6,311.89,0.3,0.25,389.86,93
17112,5054,9,326.65,0.49,0.25,408.31,97
17113,4245,1,786.49,0.41,0.25,983.11,63
17114,4245,8,804.68,0.46,0.25,1005.85,20
17115,4245,2,822.86,0.42,0.25,1028.58,83
17116,4245,5,722.85,0.12,0.25,903.56,12
17117,4245,6,836.5,0.48,0.25,1045.62,23
17118,1020,5,190.39,0.13,0.25,237.99,52
17119,1020,3,182.6,0.13,0.25,228.25,50
17120,1020,6,188.16,0.36,0.25,235.2,29
17121,1020,4,199.3,0.46,0.25,249.12,28
17122,1487,3,102.3,0.11,0.25,127.88,99
17123,1487,10,99.16,0.33,0.25,123.95,46
17124,1487,6,101.04,0.4,0.25,126.3,53
17125,1487,9,106.06,0.42,0.25,132.57,29
17126,1487,2,104.81,0.36,0.25,131.01,47
17127,1487,5,106.69,0.14,0.25,133.36,57
17128,990,3,118.11,0.11,0.25,147.64,57
17129,990,10,113.22,0.36,0.25,141.52,55
17130,990,2,117.42,0.45,0.25,146.78,100
17131,990,9,113.22,0.37,0.25,141.52,90
17132,990,6,120.21,0.35,0.25,150.26,92
17133,2974,10,274.5,0.35,0.25,343.12,85
17134,2974,8,259.97,0.37,0.25,324.96,28
17135,2974,6,263.2,0.43,0.25,329.0,87
17136,2974,2,268.04,0.36,0.25,335.05,19
17137,2974,3,276.11,0.13,0.25,345.14,92
17138,2124,1,27.33,0.41,0.25,34.16,47
17139,2124,2,27.02,0.45,0.25,33.78,51
17140,2124,6,26.25,0.43,0.25,32.81,38
17141,2124,3,25.0,0.13,0.25,31.25,20
17142,2124,8,28.11,0.43,0.25,35.14,59
17143,2124,9,28.58,0.47,0.25,35.72,45
17144,2368,2,59.23,0.31,0.25,74.04,83
17145,2368,1,67.81,0.34,0.25,84.76,95
17146,2368,9,72.48,0.49,0.25,90.6,62
17147,2368,5,65.47,0.13,0.25,81.84,56
17148,1506,1,430.92,0.45,0.25,538.65,77
17149,1506,5,406.98,0.13,0.25,508.72,56
17150,1506,10,418.95,0.45,0.25,523.69,99
17151,3730,3,7298.47,0.1,0.25,9123.09,56
17152,3730,2,7701.45,0.39,0.25,9626.81,28
17153,3730,8,8149.21,0.45,0.25,10186.51,38
17154,3730,6,7522.35,0.35,0.25,9402.94,47
17155,3730,7,7343.25,0.42,0.25,9179.06,25
17156,3730,1,8373.09,0.48,0.25,10466.36,35
17157,3341,8,653.48,0.36,0.25,816.85,67
17158,3341,2,688.91,0.48,0.25,861.14,20
17159,3341,1,704.65,0.41,0.25,880.81,47
17160,3341,7,677.1,0.43,0.25,846.38,37
17161,3341,10,700.71,0.38,0.25,875.89,88
17162,2665,1,255.66,0.42,0.25,319.58,18
17163,2665,7,252.79,0.49,0.25,315.99,18
17164,2665,10,247.04,0.46,0.25,308.8,96
17165,2665,6,251.35,0.42,0.25,314.19,66
17166,3358,5,6137.26,0.12,0.25,7671.58,87
17167,3358,6,6137.26,0.36,0.25,7671.58,24
17168,3358,8,6597.56,0.35,0.25,8246.95,33
17169,2276,9,105.84,0.37,0.25,132.3,68
17170,2276,1,110.3,0.4,0.25,137.88,73
17171,2276,7,112.22,0.43,0.25,140.28,48
17172,3663,6,1237.77,0.38,0.25,1547.21,62
17173,3663,2,1173.74,0.38,0.25,1467.18,17
17174,3663,9,1308.9,0.5,0.25,1636.12,30
17175,3663,10,1316.02,0.49,0.25,1645.02,46
17176,3663,3,1138.18,0.11,0.25,1422.72,10
17177,308,3,164.22,0.13,0.25,205.28,59
17178,308,9,167.13,0.49,0.25,208.91,47
17179,308,4,155.47,0.3,0.25,194.34,14
17180,308,7,168.1,0.34,0.25,210.12,87
17181,308,5,160.33,0.14,0.25,200.41,65
17182,878,4,71.27,0.44,0.25,89.09,83
17183,878,1,69.97,0.4,0.25,87.46,26
17184,878,6,75.62,0.39,0.25,94.52,17
17185,5029,4,141.39,0.48,0.25,176.74,23
17186,5029,1,143.07,0.46,0.25,178.84,94
17187,5029,8,143.07,0.46,0.25,178.84,41
17188,5029,9,138.86,0.37,0.25,173.58,32
17189,5029,2,147.28,0.49,0.25,184.1,53
17190,5029,5,136.34,0.14,0.25,170.42,26
17191,1761,9,40.24,0.48,0.25,50.3,67
17192,1761,4,37.88,0.42,0.25,47.35,91
17193,1761,10,36.58,0.43,0.25,45.72,99
17194,4609,7,1437.16,0.47,0.25,1796.45,53
17195,4609,9,1486.16,0.45,0.25,1857.7,54
17196,4609,10,1502.49,0.46,0.25,1878.11,54
17197,46,1,464.63,0.42,0.25,580.79,58
17198,46,5,438.98,0.12,0.25,548.72,96
17199,46,6,476.03,0.41,0.25,595.04,42
17200,46,8,527.34,0.46,0.25,659.18,75
17201,46,7,458.93,0.37,0.25,573.66,92
17202,972,6,35.18,0.35,0.25,43.98,31
17203,972,1,35.18,0.45,0.25,43.98,100
17204,972,8,36.45,0.5,0.25,45.56,20
17205,972,7,36.02,0.44,0.25,45.03,20
17206,972,10,33.48,0.32,0.25,41.85,54
17207,972,5,35.39,0.12,0.25,44.24,81
17208,5101,10,567.75,0.42,0.25,709.69,22
17209,5101,1,564.45,0.45,0.25,705.56,90
17210,5101,5,554.55,0.11,0.25,693.19,38
17211,5101,2,620.57,0.48,0.25,775.71,64
17212,3493,3,3980.35,0.12,0.25,4975.44,29
17213,3493,4,4247.32,0.46,0.25,5309.15,60
17214,3493,9,4053.16,0.46,0.25,5066.45,74
17215,5219,4,563.82,0.41,0.25,704.78,16
17216,5219,5,594.95,0.12,0.25,743.69,78
17217,5219,10,622.62,0.44,0.25,778.28,94
17218,5219,3,546.52,0.15,0.25,683.15,60
17219,5219,2,594.95,0.33,0.25,743.69,50
17220,3877,1,1574.33,0.47,0.25,1967.91,54
17221,3877,4,1583.54,0.32,0.25,1979.42,42
17222,3877,9,1555.92,0.44,0.25,1944.9,16
17223,3877,3,1427.02,0.13,0.25,1783.78,37
17224,3877,2,1684.81,0.45,0.25,2106.01,70
17225,846,6,73.39,0.43,0.25,91.74,80
17226,846,7,74.23,0.39,0.25,92.79,84
17227,846,10,69.22,0.4,0.25,86.52,69
17228,846,5,68.39,0.1,0.25,85.49,91
17229,846,3,72.14,0.14,0.25,90.18,98
17230,846,2,72.56,0.36,0.25,90.7,23
17231,4070,7,1709.35,0.39,0.25,2136.69,22
17232,4070,5,1621.44,0.11,0.25,2026.8,27
17233,4070,9,1709.35,0.35,0.25,2136.69,43
17234,2402,10,77.54,0.35,0.25,96.93,13
17235,2402,7,82.91,0.31,0.25,103.64,76
17236,2402,4,79.01,0.38,0.25,98.76,60
17237,4829,5,442.37,0.11,0.25,552.96,10
17238,4829,4,445.02,0.41,0.25,556.28,82
17239,4829,10,455.61,0.49,0.25,569.51,51
17240,4829,2,479.45,0.42,0.25,599.31,19
17241,4829,9,466.21,0.38,0.25,582.76,95
17242,3260,7,4275.92,0.47,0.25,5344.9,71
17243,3260,5,3713.94,0.11,0.25,4642.42,19
17244,3260,4,4129.31,0.32,0.25,5161.64,17
17245,1307,1,156.0,0.47,0.25,195.0,86
17246,1307,6,146.52,0.32,0.25,183.15,68
17247,1307,2,140.49,0.33,0.25,175.61,10
17248,2744,5,264.19,0.12,0.25,330.24,92
17249,2744,8,270.88,0.4,0.25,338.6,26
17250,2744,10,254.16,0.3,0.25,317.7,47
17251,2744,6,279.24,0.34,0.25,349.05,56
17252,2744,1,285.93,0.49,0.25,357.41,73
17253,3573,9,6546.87,0.36,0.25,8183.59,22
17254,3573,7,6546.87,0.41,0.25,8183.59,28
17255,3573,10,7112.65,0.44,0.25,8890.81,13
17256,3120,9,327.26,0.32,0.25,409.08,47
17257,3120,7,338.68,0.41,0.25,423.35,84
17258,3120,10,315.85,0.34,0.25,394.81,83
17259,484,10,63.6,0.3,0.25,79.5,31
17260,484,7,73.85,0.48,0.25,92.31,49
17261,484,4,73.03,0.42,0.25,91.29,25
17262,484,8,65.65,0.39,0.25,82.06,52
17263,242,3,55.41,0.13,0.25,69.26,61
17264,242,6,55.41,0.34,0.25,69.26,20
17265,242,2,56.73,0.38,0.25,70.91,88
17266,242,9,57.06,0.39,0.25,71.32,95
17267,242,10,52.11,0.3,0.25,65.14,53
17268,4534,3,1703.89,0.12,0.25,2129.86,38
17269,4534,1,1860.69,0.45,0.25,2325.86,60
17270,4534,7,1797.97,0.32,0.25,2247.46,61
17271,4534,9,1881.59,0.48,0.25,2351.99,59
17272,4534,8,1797.97,0.42,0.25,2247.46,20
17273,4534,2,1724.79,0.43,0.25,2155.99,31
17274,1455,9,81.66,0.35,0.25,102.07,72
17275,1455,6,87.75,0.44,0.25,109.69,40
17276,1455,1,86.22,0.46,0.25,107.78,45
17277,1455,7,88.76,0.4,0.25,110.95,38
17278,1455,5,79.12,0.13,0.25,98.9,30
17279,2561,7,175.98,0.32,0.25,219.98,27
17280,2561,4,186.07,0.39,0.25,232.59,82
17281,2561,9,177.1,0.33,0.25,221.38,52
17282,2855,3,208.59,0.13,0.25,260.74,73
17283,2855,9,201.14,0.37,0.25,251.42,94
17284,2855,10,219.76,0.42,0.25,274.7,12
17285,2855,8,223.49,0.49,0.25,279.36,71
17286,785,4,14.11,0.46,0.25,17.64,85
17287,785,7,14.11,0.36,0.25,17.64,50
17288,785,6,14.87,0.43,0.25,18.59,48
17289,785,10,14.03,0.41,0.25,17.54,12
17290,785,9,14.03,0.33,0.25,17.54,30
17291,785,5,14.03,0.14,0.25,17.54,61
17292,1004,4,194.65,0.31,0.25,243.31,36
17293,1004,7,220.68,0.5,0.25,275.85,78
17294,1004,6,198.37,0.31,0.25,247.96,67
17295,1004,5,203.33,0.13,0.25,254.16,22
17296,1004,3,197.13,0.13,0.25,246.41,25
17297,1004,9,209.53,0.46,0.25,261.91,39
17298,2960,9,306.66,0.37,0.25,383.33,14
17299,2960,10,280.53,0.32,0.25,350.66,97
17300,2960,4,278.78,0.3,0.25,348.48,85
17301,2369,8,98.28,0.39,0.25,122.85,29
17302,2369,5,91.42,0.13,0.25,114.28,74
17303,2369,10,98.28,0.39,0.25,122.85,83
17304,600,7,67.11,0.35,0.25,83.89,68
17305,600,5,65.52,0.12,0.25,81.9,15
17306,600,9,72.27,0.47,0.25,90.34,28
17307,600,2,69.1,0.46,0.25,86.38,40
17308,600,10,66.32,0.41,0.25,82.9,36
17309,600,1,68.7,0.42,0.25,85.88,29
17310,4314,9,2340.82,0.3,0.25,2926.02,67
17311,4314,1,2417.32,0.38,0.25,3021.65,97
17312,4314,2,2524.42,0.3,0.25,3155.52,33
17313,4314,10,2524.42,0.36,0.25,3155.52,58
17314,928,6,36.7,0.39,0.25,45.88,55
17315,928,3,37.85,0.14,0.25,47.31,75
17316,928,4,41.75,0.42,0.25,52.19,74
17317,928,9,39.46,0.4,0.25,49.32,88
17318,928,1,40.37,0.38,0.25,50.46,37
17319,2647,1,33.15,0.45,0.25,41.44,100
17320,2647,3,33.15,0.14,0.25,41.44,96
17321,2647,5,30.95,0.12,0.25,38.69,27
17322,2647,8,33.55,0.43,0.25,41.94,88
17323,3277,1,9467.99,0.46,0.25,11834.99,28
17324,3277,8,8727.48,0.39,0.25,10909.35,31
17325,3277,6,8991.95,0.41,0.25,11239.94,70
17326,3277,7,8304.33,0.32,0.25,10380.41,15
17327,3277,3,8515.9,0.1,0.25,10644.88,45
17328,3277,2,8145.65,0.32,0.25,10182.06,97
17329,2352,4,18.59,0.44,0.25,23.24,40
17330,2352,6,17.77,0.35,0.25,22.21,89
17331,2352,2,17.15,0.41,0.25,21.44,82
17332,2352,9,18.18,0.41,0.25,22.72,42
17333,2352,5,17.15,0.11,0.25,21.44,35
17334,2352,10,19.01,0.47,0.25,23.76,75
17335,293,7,252.23,0.31,0.25,315.29,15
17336,293,5,252.23,0.11,0.25,315.29,57
17337,293,8,294.54,0.47,0.25,368.18,79
17338,2634,5,266.77,0.1,0.25,333.46,76
17339,2634,6,270.24,0.32,0.25,337.8,68
17340,2634,8,292.76,0.33,0.25,365.95,50
17341,2634,10,306.62,0.42,0.25,383.28,64
17342,2634,1,287.56,0.46,0.25,359.45,100
17343,5195,1,390.48,0.31,0.25,488.1,98
17344,5195,10,374.49,0.4,0.25,468.11,31
17345,5195,2,376.78,0.36,0.25,470.98,40
17346,2289,3,46.14,0.13,0.25,57.68,42
17347,2289,1,44.42,0.31,0.25,55.53,85
17348,2289,4,49.3,0.38,0.25,61.62,97
17349,2289,7,49.87,0.48,0.25,62.34,47
17350,2289,2,45.86,0.37,0.25,57.32,79
17351,3283,1,6053.21,0.44,0.25,7566.51,96
17352,3283,10,5917.18,0.47,0.25,7396.48,95
17353,3283,2,5985.2,0.47,0.25,7481.5,57
17354,3283,9,6257.25,0.48,0.25,7821.56,64
17355,3993,9,1436.27,0.3,0.25,1795.34,36
17356,3993,5,1375.7,0.15,0.25,1719.62,73
17357,3993,8,1418.96,0.44,0.25,1773.7,98
17358,3993,6,1540.09,0.41,0.25,1925.11,73
17359,3993,3,1488.18,0.12,0.25,1860.22,61
17360,3993,1,1548.74,0.47,0.25,1935.92,83
17361,2312,6,151.56,0.32,0.25,189.45,77
17362,2312,8,162.25,0.47,0.25,202.81,15
17363,2312,3,144.42,0.11,0.25,180.52,86
17364,2312,4,143.53,0.36,0.25,179.41,30
17365,450,10,401.4,0.41,0.25,501.75,58
17366,450,9,425.59,0.47,0.25,531.99,12
17367,450,5,377.22,0.1,0.25,471.52,15
17368,450,8,386.9,0.3,0.25,483.62,87
17369,450,4,418.33,0.43,0.25,522.91,19
17370,450,2,432.84,0.43,0.25,541.05,84
17371,1150,7,94.05,0.47,0.25,117.56,91
17372,1150,6,90.11,0.35,0.25,112.64,74
17373,1150,1,94.62,0.32,0.25,118.28,77
17374,1150,5,90.11,0.13,0.25,112.64,80
17375,1150,9,92.36,0.41,0.25,115.45,86
17376,4022,2,1891.89,0.39,0.25,2364.86,16
17377,4022,4,1782.54,0.42,0.25,2228.18,43
17378,4022,6,1968.44,0.48,0.25,2460.55,26
17379,4022,9,1793.47,0.33,0.25,2241.84,84
17380,4022,8,1902.83,0.45,0.25,2378.54,97
17381,628,1,11.96,0.44,0.25,14.95,74
17382,628,2,13.12,0.48,0.25,16.4,95
17383,628,4,12.4,0.36,0.25,15.5,94
17384,628,9,12.62,0.39,0.25,15.77,18
17385,628,5,11.38,0.12,0.25,14.23,95
17386,3017,9,7844.81,0.47,0.25,9806.01,58
17387,3017,7,7844.81,0.42,0.25,9806.01,37
17388,3017,8,8116.88,0.47,0.25,10146.1,18
17389,3017,6,7436.69,0.39,0.25,9295.86,16
17390,408,1,64.99,0.36,0.25,81.24,21
17391,408,7,62.24,0.35,0.25,77.8,73
17392,408,2,70.11,0.43,0.25,87.64,61
17393,408,9,72.87,0.46,0.25,91.09,59
17394,2019,1,16.42,0.4,0.25,20.52,35
17395,2019,3,16.51,0.15,0.25,20.64,84
17396,2019,7,15.85,0.32,0.25,19.81,59
17397,2019,4,16.7,0.37,0.25,20.88,48
17398,2019,8,16.13,0.46,0.25,20.16,36
17399,2019,10,15.37,0.33,0.25,19.21,82
17400,4250,7,1757.24,0.4,0.25,2196.55,31
17401,4250,5,1726.95,0.12,0.25,2158.69,56
17402,4250,8,1585.56,0.33,0.25,1981.95,57
17403,4907,4,376.52,0.37,0.25,470.65,98
17404,4907,7,370.03,0.33,0.25,462.54,78
17405,4907,1,376.52,0.46,0.25,470.65,59
17406,4907,10,372.19,0.37,0.25,465.24,58
17407,5270,7,539.56,0.46,0.25,674.45,91
17408,5270,9,530.25,0.48,0.25,662.81,10
17409,5270,10,533.35,0.42,0.25,666.69,91
17410,5270,4,530.25,0.37,0.25,662.81,15
17411,5270,8,527.15,0.44,0.25,658.94,18
17412,5270,1,517.85,0.46,0.25,647.31,79
17413,1893,4,26.95,0.34,0.25,33.69,23
17414,1893,10,27.76,0.43,0.25,34.7,23
17415,1893,3,26.47,0.15,0.25,33.09,66
17416,1341,3,78.42,0.13,0.25,98.02,28
17417,1341,4,83.87,0.4,0.25,104.84,68
17418,1341,2,79.41,0.3,0.25,99.26,84
17419,1341,6,85.36,0.47,0.25,106.7,39
17420,1341,1,82.39,0.4,0.25,102.99,47
17421,4240,8,1960.99,0.35,0.25,2451.24,61
17422,4240,7,1948.66,0.31,0.25,2435.83,72
17423,4240,4,2207.66,0.43,0.25,2759.58,41
17424,4240,2,2096.66,0.45,0.25,2620.82,64
17425,4548,9,1566.67,0.36,0.25,1958.34,60
17426,4548,4,1537.66,0.37,0.25,1922.08,76
17427,4548,8,1586.01,0.42,0.25,1982.51,62
17428,4548,6,1634.37,0.4,0.25,2042.96,37
17429,4548,3,1624.69,0.12,0.25,2030.86,61
17430,4548,7,1479.63,0.33,0.25,1849.54,97
17431,3398,2,1859.34,0.42,0.25,2324.17,20
17432,3398,7,1717.16,0.31,0.25,2146.45,25
17433,3398,4,1979.65,0.44,0.25,2474.56,51
17434,3398,6,1979.65,0.48,0.25,2474.56,90
17435,3398,3,1717.16,0.11,0.25,2146.45,42
17436,3398,5,1749.97,0.15,0.25,2187.46,10
17437,5014,5,281.67,0.14,0.25,352.09,56
17438,5014,1,290.21,0.33,0.25,362.76,67
17439,5014,7,274.84,0.36,0.25,343.55,60
17440,5014,3,256.06,0.1,0.25,320.08,48
17441,5014,8,274.84,0.33,0.25,343.55,82
17442,3575,3,401.12,0.12,0.25,501.4,68
17443,3575,4,396.13,0.37,0.25,495.16,52
17444,3575,9,445.96,0.42,0.25,557.45,75
17445,3575,8,440.98,0.46,0.25,551.22,24
17446,4638,10,2204.77,0.33,0.25,2755.96,75
17447,4638,3,2122.6,0.1,0.25,2653.25,29
17448,4638,5,2328.01,0.11,0.25,2910.01,98
17449,4638,2,2396.48,0.48,0.25,2995.6,46
17450,4638,7,2328.01,0.31,0.25,2910.01,42
17451,2212,8,18.01,0.37,0.25,22.51,93
17452,2212,4,18.11,0.34,0.25,22.64,46
17453,2212,1,16.74,0.34,0.25,20.92,72
17454,3357,5,480.24,0.14,0.25,600.3,84
17455,3357,10,494.7,0.46,0.25,618.38,80
17456,3357,4,451.31,0.31,0.25,564.14,37
17457,3357,9,494.7,0.48,0.25,618.38,13
17458,4156,9,2139.82,0.4,0.25,2674.78,18
17459,4156,8,2064.3,0.36,0.25,2580.38,64
17460,4156,7,2026.54,0.32,0.25,2533.18,73
17461,5042,5,375.38,0.12,0.25,469.22,64
17462,5042,4,357.18,0.32,0.25,446.48,98
17463,5042,9,366.28,0.3,0.25,457.85,85
17464,4594,7,393.14,0.42,0.25,491.42,76
17465,4594,8,425.71,0.43,0.25,532.14,91
17466,4594,4,367.56,0.31,0.25,459.45,75
17467,643,2,11.33,0.32,0.25,14.16,11
17468,643,9,11.48,0.41,0.25,14.35,23
17469,643,10,11.05,0.36,0.25,13.81,62
17470,4189,2,1568.47,0.48,0.25,1960.59,97
17471,4189,7,1568.47,0.39,0.25,1960.59,94
17472,4189,6,1507.13,0.46,0.25,1883.91,38
17473,4189,5,1419.51,0.14,0.25,1774.39,67
17474,4472,8,2448.44,0.5,0.25,3060.55,53
17475,4472,9,2406.23,0.44,0.25,3007.79,88
17476,4472,4,2546.94,0.42,0.25,3183.68,43
17477,616,5,64.83,0.13,0.25,81.04,17
17478,616,2,60.95,0.31,0.25,76.19,59
17479,616,10,69.88,0.42,0.25,87.35,40
17480,616,3,63.28,0.14,0.25,79.1,71
17481,616,8,64.05,0.43,0.25,80.06,15
17482,616,1,66.38,0.32,0.25,82.98,72
17483,5049,7,150.84,0.36,0.25,188.55,50
17484,5049,8,149.96,0.34,0.25,187.45,52
17485,5049,5,137.61,0.15,0.25,172.01,99
17486,5083,5,160.27,0.14,0.25,200.34,21
17487,5083,1,156.27,0.32,0.25,195.34,23
17488,5083,10,175.3,0.45,0.25,219.12,71
17489,5083,7,169.29,0.39,0.25,211.61,12
17490,5083,4,175.3,0.39,0.25,219.12,48
17491,4661,8,641.27,0.36,0.25,801.59,60
17492,4661,1,630.34,0.4,0.25,787.92,23
17493,4661,7,633.99,0.48,0.25,792.49,82
17494,4661,10,648.56,0.41,0.25,810.7,42
17495,496,6,346.86,0.33,0.25,433.58,77
17496,496,4,352.9,0.47,0.25,441.12,15
17497,496,3,328.71,0.14,0.25,410.89,73
17498,496,9,338.79,0.38,0.25,423.49,78
17499,496,1,338.79,0.42,0.25,423.49,41
17500,830,2,25.13,0.38,0.25,31.41,49
17501,830,5,21.58,0.11,0.25,26.98,79
17502,830,10,23.0,0.42,0.25,28.75,66
17503,830,7,24.85,0.44,0.25,31.06,100
17504,830,4,24.28,0.42,0.25,30.35,23
17505,1796,1,580.33,0.49,0.25,725.41,14
17506,1796,2,580.33,0.37,0.25,725.41,55
17507,1796,6,611.05,0.48,0.25,763.81,88
17508,1796,4,587.16,0.37,0.25,733.95,97
17509,1796,9,542.78,0.37,0.25,678.47,12
17510,2262,4,152.53,0.36,0.25,190.66,32
17511,2262,1,174.32,0.44,0.25,217.9,48
17512,2262,9,152.53,0.38,0.25,190.66,61
17513,4358,6,649.87,0.33,0.25,812.34,12
17514,4358,3,614.42,0.13,0.25,768.02,37
17515,4358,7,708.95,0.49,0.25,886.19,81
17516,2912,10,128.3,0.49,0.25,160.38,17
17517,2912,5,111.15,0.13,0.25,138.94,14
17518,2912,2,114.58,0.31,0.25,143.22,13
17519,2912,1,115.26,0.3,0.25,144.08,92
17520,2912,6,124.87,0.46,0.25,156.09,36
17521,3354,10,3255.42,0.35,0.25,4069.28,11
17522,3354,5,3195.14,0.1,0.25,3993.92,73
17523,3354,6,3416.18,0.31,0.25,4270.22,81
17524,3354,2,3456.37,0.34,0.25,4320.46,72
17525,3354,9,3496.56,0.49,0.25,4370.7,66
17526,1624,10,699.62,0.46,0.25,874.52,18
17527,1624,6,691.39,0.37,0.25,864.24,94
17528,1624,7,724.31,0.37,0.25,905.39,88
17529,1624,2,724.31,0.41,0.25,905.39,61
17530,3031,4,7435.4,0.37,0.25,9294.25,92
17531,3031,5,7349.44,0.14,0.25,9186.8,91
17532,3031,10,7091.57,0.34,0.25,8864.46,59
17533,3031,3,6962.63,0.11,0.25,8703.29,13
17534,3031,9,7994.13,0.5,0.25,9992.66,47
17535,3031,6,6833.69,0.38,0.25,8542.11,66
17536,1338,2,24.6,0.48,0.25,30.75,98
17537,1338,6,24.04,0.43,0.25,30.05,29
17538,1338,7,25.17,0.46,0.25,31.46,53
17539,1338,8,26.16,0.46,0.25,32.7,63
17540,1338,9,22.48,0.34,0.25,28.1,98
17541,1338,1,25.59,0.45,0.25,31.99,75
17542,2068,6,8.77,0.33,0.25,10.96,67
17543,2068,3,8.61,0.15,0.25,10.76,46
17544,2068,9,9.4,0.48,0.25,11.75,64
17545,2068,7,8.25,0.3,0.25,10.31,17
17546,5055,3,557.57,0.15,0.25,696.96,37
17547,5055,5,585.62,0.13,0.25,732.02,83
17548,5055,4,596.14,0.45,0.25,745.18,27
17549,1546,6,599.82,0.34,0.25,749.78,21
17550,1546,3,584.83,0.12,0.25,731.04,53
17551,1546,9,603.57,0.32,0.25,754.46,61
17552,1546,1,656.06,0.35,0.25,820.08,38
17553,1546,10,622.32,0.45,0.25,777.9,82
17554,1546,5,641.06,0.13,0.25,801.32,89
17555,875,4,48.11,0.35,0.25,60.14,94
17556,875,10,50.45,0.37,0.25,63.06,25
17557,875,7,49.86,0.43,0.25,62.32,19
17558,875,6,52.49,0.43,0.25,65.61,22
17559,875,3,48.11,0.13,0.25,60.14,18
17560,1827,2,27.59,0.38,0.25,34.49,40
17561,1827,3,27.43,0.14,0.25,34.29,58
17562,1827,8,29.67,0.47,0.25,37.09,29
17563,1827,1,25.36,0.34,0.25,31.7,20
17564,1827,5,27.27,0.14,0.25,34.09,46
17565,1827,10,27.91,0.36,0.25,34.89,87
17566,3266,2,4193.48,0.49,0.25,5241.85,36
17567,3266,9,4292.74,0.39,0.25,5365.92,67
17568,3266,10,4243.11,0.44,0.25,5303.89,66
17569,3266,7,4391.99,0.47,0.25,5489.99,38
17570,5113,6,178.08,0.31,0.25,222.6,24
17571,5113,1,188.81,0.46,0.25,236.01,64
17572,5113,5,177.01,0.14,0.25,221.26,59
17573,2852,9,80.38,0.47,0.25,100.48,27
17574,2852,4,79.41,0.34,0.25,99.26,11
17575,2852,5,83.75,0.14,0.25,104.69,15
17576,4716,9,409.35,0.31,0.25,511.69,61
17577,4716,10,441.22,0.46,0.25,551.53,83
17578,4716,2,409.35,0.44,0.25,511.69,28
17579,4716,5,406.9,0.13,0.25,508.62,62
17580,4716,1,411.8,0.46,0.25,514.75,33
17581,1638,1,417.59,0.3,0.25,521.99,13
17582,1638,6,422.77,0.39,0.25,528.46,10
17583,1638,10,459.08,0.46,0.25,573.85,58
17584,2514,5,119.9,0.12,0.25,149.88,34
17585,2514,9,128.83,0.4,0.25,161.04,86
17586,2514,3,119.9,0.15,0.25,149.88,45
17587,2514,10,140.0,0.49,0.25,175.0,92
17588,3585,10,244.7,0.36,0.25,305.88,43
17589,3585,7,266.66,0.4,0.25,333.33,60
17590,3585,5,247.84,0.1,0.25,309.8,69
17591,375,9,239.79,0.38,0.25,299.74,21
17592,375,7,256.18,0.39,0.25,320.23,88
17593,375,6,242.77,0.31,0.25,303.46,51
17594,375,10,253.2,0.41,0.25,316.5,39
17595,375,3,245.75,0.14,0.25,307.19,56
17596,375,5,235.33,0.13,0.25,294.16,63
17597,893,3,189.87,0.11,0.25,237.34,29
17598,893,10,196.03,0.38,0.25,245.04,57
17599,893,1,207.13,0.42,0.25,258.91,85
17600,893,5,194.8,0.14,0.25,243.5,41
17601,893,8,197.26,0.36,0.25,246.58,69
17602,893,7,221.92,0.45,0.25,277.4,69
17603,2167,7,8.51,0.34,0.25,10.64,70
17604,2167,2,8.12,0.44,0.25,10.15,52
17605,2167,3,8.12,0.12,0.25,10.15,96
17606,2167,1,8.71,0.41,0.25,10.89,27
17607,2167,9,9.0,0.47,0.25,11.25,39
17608,2167,4,8.95,0.5,0.25,11.19,27
17609,4848,4,404.04,0.31,0.25,505.05,17
17610,4848,5,409.15,0.12,0.25,511.44,75
17611,4848,1,427.05,0.37,0.25,533.81,42
17612,3046,3,7862.73,0.12,0.25,9828.41,84
17613,3046,2,8993.32,0.46,0.25,11241.65,52
17614,3046,10,9404.44,0.48,0.25,11755.55,41
17615,3399,2,5523.01,0.48,0.25,6903.76,57
17616,3399,5,5171.83,0.13,0.25,6464.79,84
17617,3399,3,4916.43,0.14,0.25,6145.54,77
17618,1220,2,18.61,0.47,0.25,23.26,79
17619,1220,1,16.44,0.38,0.25,20.55,62
17620,1220,6,16.65,0.4,0.25,20.81,85
17621,1220,5,17.27,0.1,0.25,21.59,92
17622,2908,8,187.97,0.47,0.25,234.96,56
17623,2908,7,167.45,0.31,0.25,209.31,74
17624,2908,10,192.29,0.38,0.25,240.36,58
17625,2724,5,126.7,0.11,0.25,158.38,67
17626,2724,7,122.95,0.34,0.25,153.69,33
17627,2724,2,134.95,0.42,0.25,168.69,27
17628,2724,8,127.45,0.35,0.25,159.31,95
17629,2724,10,130.45,0.34,0.25,163.06,63
17630,2724,9,139.44,0.47,0.25,174.3,55
17631,1569,9,374.05,0.36,0.25,467.56,40
17632,1569,6,385.25,0.36,0.25,481.56,16
17633,1569,10,398.68,0.38,0.25,498.35,98
17634,332,8,230.62,0.47,0.25,288.27,53
17635,332,2,217.74,0.48,0.25,272.18,63
17636,332,4,215.16,0.37,0.25,268.95,87
17637,1817,3,20.31,0.14,0.25,25.39,16
17638,1817,1,19.14,0.34,0.25,23.92,36
17639,1817,9,19.14,0.4,0.25,23.92,70
17640,1817,5,18.44,0.1,0.25,23.05,78
17641,1817,2,18.79,0.41,0.25,23.49,92
17642,32,3,163.42,0.12,0.25,204.27,45
17643,32,2,171.6,0.44,0.25,214.5,34
17644,32,6,177.72,0.4,0.25,222.15,30
17645,166,3,94.11,0.11,0.25,117.64,72
17646,166,6,103.74,0.46,0.25,129.67,28
17647,166,1,94.11,0.34,0.25,117.64,41
17648,166,9,92.97,0.43,0.25,116.21,69
17649,768,10,62.05,0.37,0.25,77.56,16
17650,768,2,63.96,0.45,0.25,79.95,65
17651,768,8,61.29,0.3,0.25,76.61,69
17652,3203,4,9639.16,0.44,0.25,12048.95,55
17653,3203,5,8627.31,0.11,0.25,10784.14,96
17654,3203,7,8467.54,0.38,0.25,10584.42,18
17655,3203,8,9958.68,0.49,0.25,12448.35,21
17656,3203,1,8574.05,0.36,0.25,10717.56,77
17657,3203,3,7988.25,0.1,0.25,9985.31,39
17658,1784,10,459.49,0.42,0.25,574.36,30
17659,1784,2,459.49,0.36,0.25,574.36,75
17660,1784,1,517.97,0.48,0.25,647.46,24
17661,2919,2,218.49,0.35,0.25,273.11,92
17662,2919,9,236.02,0.39,0.25,295.03,28
17663,2919,3,213.09,0.14,0.25,266.36,72
17664,3552,8,6614.93,0.42,0.25,8268.66,41
17665,3552,7,6340.94,0.36,0.25,7926.17,93
17666,3552,2,6340.94,0.34,0.25,7926.17,50
17667,3552,6,6458.36,0.33,0.25,8072.95,34
17668,3552,1,6419.22,0.42,0.25,8024.02,66
17669,3552,4,6654.07,0.38,0.25,8317.59,58
17670,4701,8,161.24,0.4,0.25,201.55,43
17671,4701,2,169.54,0.45,0.25,211.92,52
17672,4701,10,143.74,0.3,0.25,179.68,18
17673,4701,4,158.48,0.43,0.25,198.1,72
17674,2314,3,28.29,0.13,0.25,35.36,12
17675,2314,4,32.33,0.37,0.25,40.41,19
17676,2314,5,30.68,0.11,0.25,38.35,41
17677,2314,7,31.6,0.46,0.25,39.5,42
17678,2586,8,70.97,0.45,0.25,88.71,63
17679,2586,2,61.12,0.32,0.25,76.4,45
17680,2586,1,65.06,0.39,0.25,81.32,94
17681,2586,5,65.85,0.15,0.25,82.31,92
17682,2586,10,62.3,0.3,0.25,77.88,61
17683,2586,3,67.03,0.12,0.25,83.79,68
17684,4026,10,2240.77,0.37,0.25,2800.96,22
17685,4026,7,2294.12,0.39,0.25,2867.65,22
17686,4026,1,2307.46,0.43,0.25,2884.32,21
17687,4026,4,2374.15,0.41,0.25,2967.69,69
17688,348,1,205.2,0.49,0.25,256.5,61
17689,348,9,224.4,0.49,0.25,280.5,78
17690,348,5,200.4,0.11,0.25,250.5,72
17691,2710,4,301.61,0.34,0.25,377.01,100
17692,2710,5,301.61,0.12,0.25,377.01,62
17693,2710,7,317.96,0.39,0.25,397.45,40
17694,2710,6,297.97,0.33,0.25,372.46,27
17695,2710,2,325.23,0.43,0.25,406.54,98
17696,5121,3,694.02,0.13,0.25,867.52,40
17697,5121,2,681.7,0.43,0.25,852.12,86
17698,5121,9,681.7,0.31,0.25,852.12,44
17699,807,5,68.98,0.12,0.25,86.22,89
17700,807,1,69.41,0.32,0.25,86.76,68
17701,807,2,74.15,0.35,0.25,92.69,30
17702,807,4,72.42,0.35,0.25,90.52,68
17703,807,7,75.01,0.46,0.25,93.76,23
17704,807,6,66.82,0.31,0.25,83.52,97
17705,2396,2,93.9,0.37,0.25,117.38,67
17706,2396,5,89.23,0.1,0.25,111.54,10
17707,2396,9,103.81,0.46,0.25,129.76,90
17708,2396,10,99.73,0.46,0.25,124.66,76
17709,2396,1,94.48,0.39,0.25,118.1,56
17710,2059,5,21.46,0.13,0.25,26.83,55
17711,2059,2,22.22,0.36,0.25,27.78,91
17712,2059,1,19.56,0.3,0.25,24.45,69
17713,2059,3,20.96,0.11,0.25,26.2,81
17714,2059,8,21.34,0.31,0.25,26.68,37
17715,2059,7,21.84,0.39,0.25,27.3,81
17716,3574,2,2581.34,0.48,0.25,3226.68,17
17717,3574,10,2246.47,0.41,0.25,2808.09,57
17718,3574,6,2260.42,0.42,0.25,2825.52,32
17719,5175,8,428.43,0.41,0.25,535.54,73
17720,5175,5,384.86,0.14,0.25,481.08,15
17721,5175,9,411.48,0.48,0.25,514.35,90
17722,5175,1,440.53,0.44,0.25,550.66,73
17723,4183,6,1516.21,0.39,0.25,1895.26,79
17724,4183,7,1392.8,0.32,0.25,1741.0,47
17725,4183,10,1489.77,0.44,0.25,1862.21,36
17726,4183,2,1507.4,0.43,0.25,1884.25,47
17727,4183,8,1428.06,0.4,0.25,1785.07,34
17728,489,9,75.74,0.3,0.25,94.68,62
17729,489,10,88.85,0.46,0.25,111.06,66
17730,489,6,82.54,0.35,0.25,103.18,68
17731,489,1,82.54,0.47,0.25,103.18,92
17732,489,8,83.99,0.46,0.25,104.99,45
17733,2122,2,5.3,0.42,0.25,6.62,31
17734,2122,8,5.75,0.42,0.25,7.19,55
17735,2122,1,5.3,0.31,0.25,6.62,94
17736,2122,10,5.3,0.33,0.25,6.62,34
17737,2122,6,5.49,0.43,0.25,6.86,58
17738,2122,7,5.36,0.4,0.25,6.7,80
17739,2083,5,3.28,0.14,0.25,4.1,43
17740,2083,6,3.2,0.3,0.25,4.0,22
17741,2083,3,3.16,0.14,0.25,3.95,60
17742,5220,3,30.15,0.13,0.25,37.69,67
17743,5220,4,30.54,0.31,0.25,38.17,21
17744,5220,10,29.95,0.32,0.25,37.44,64
17745,5220,9,34.23,0.49,0.25,42.79,69
17746,5220,5,31.31,0.14,0.25,39.14,50
17747,2033,1,1.58,0.38,0.25,1.98,11
17748,2033,6,1.54,0.3,0.25,1.92,91
17749,2033,2,1.71,0.42,0.25,2.14,53
17750,2033,3,1.54,0.13,0.25,1.92,43
17751,2033,5,1.54,0.13,0.25,1.92,100
17752,2033,4,1.74,0.46,0.25,2.17,44
17753,2712,9,332.54,0.42,0.25,415.68,37
17754,2712,6,344.27,0.42,0.25,430.34,33
17755,2712,10,332.54,0.31,0.25,415.68,81
17756,2712,5,301.24,0.12,0.25,376.55,94
17757,2712,7,338.41,0.37,0.25,423.01,59
17758,2504,4,155.35,0.37,0.25,194.19,38
17759,2504,9,167.89,0.48,0.25,209.86,68
17760,2504,8,166.93,0.43,0.25,208.66,19
17761,2504,2,175.61,0.47,0.25,219.51,78
17762,2504,10,163.07,0.39,0.25,203.84,89
17763,2504,7,153.42,0.36,0.25,191.77,30
17764,4405,3,1298.39,0.12,0.25,1622.99,47
17765,4405,6,1416.42,0.42,0.25,1770.52,59
17766,4405,9,1517.6,0.49,0.25,1897.0,12
17767,4405,5,1281.53,0.12,0.25,1601.91,28
17768,756,6,11.99,0.48,0.25,14.99,47
17769,756,8,10.99,0.41,0.25,13.74,95
17770,756,4,12.19,0.49,0.25,15.24,85
17771,756,10,11.26,0.36,0.25,14.08,11
17772,756,7,11.66,0.43,0.25,14.58,51
17773,756,2,11.59,0.37,0.25,14.49,70
17774,3678,2,4868.2,0.32,0.25,6085.25,79
17775,3678,6,4960.05,0.35,0.25,6200.06,40
17776,3678,3,4837.58,0.14,0.25,6046.98,38
17777,3678,4,5082.52,0.32,0.25,6353.15,31
17778,3678,1,5235.61,0.36,0.25,6544.51,21
17779,5299,8,660.9,0.31,0.25,826.12,85
17780,5299,4,739.16,0.37,0.25,923.95,35
17781,5299,7,769.6,0.39,0.25,962.0,46
17782,3522,10,283.67,0.44,0.25,354.59,79
17783,3522,3,254.22,0.15,0.25,317.77,81
17784,3522,6,257.32,0.33,0.25,321.65,100
17785,3522,7,275.92,0.39,0.25,344.9,92
17786,3522,1,251.12,0.32,0.25,313.9,61
17787,3624,9,5666.97,0.3,0.25,7083.71,17
17788,3624,8,6561.76,0.48,0.25,8202.2,88
17789,3624,1,6375.34,0.46,0.25,7969.18,21
17790,3624,10,6449.91,0.48,0.25,8062.39,39
17791,3624,5,5890.67,0.13,0.25,7363.34,20
17792,214,4,96.28,0.4,0.25,120.35,59
17793,214,8,102.26,0.33,0.25,127.82,71
17794,214,7,98.67,0.36,0.25,123.34,53
17795,214,10,111.83,0.48,0.25,139.79,93
17796,214,5,98.07,0.14,0.25,122.59,100
17797,122,6,393.63,0.48,0.25,492.04,93
17798,122,9,361.77,0.38,0.25,452.21,18
17799,122,2,370.87,0.31,0.25,463.59,51
17800,122,8,391.35,0.49,0.25,489.19,15
17801,1401,10,68.24,0.45,0.25,85.3,46
17802,1401,9,65.13,0.37,0.25,81.41,21
17803,1401,6,60.09,0.32,0.25,75.11,40
17804,1401,4,62.81,0.33,0.25,78.51,15
17805,1401,8,67.46,0.49,0.25,84.32,68
17806,5090,1,242.23,0.44,0.25,302.79,68
17807,5090,4,231.46,0.38,0.25,289.32,47
17808,5090,10,218.0,0.35,0.25,272.5,76
17809,5090,5,212.62,0.13,0.25,265.77,59
17810,5090,2,215.31,0.4,0.25,269.14,34
17811,5090,7,220.69,0.34,0.25,275.86,81
17812,2032,2,4.47,0.49,0.25,5.59,55
17813,2032,4,3.99,0.32,0.25,4.99,24
17814,2032,8,4.22,0.37,0.25,5.28,69
17815,2032,6,4.44,0.43,0.25,5.55,84
17816,2032,3,4.07,0.15,0.25,5.09,90
17817,2037,5,34.15,0.14,0.25,42.69,68
17818,2037,1,31.92,0.36,0.25,39.9,33
17819,2037,4,31.51,0.35,0.25,39.39,79
17820,2037,6,37.41,0.48,0.25,46.76,63
17821,2037,7,33.75,0.45,0.25,42.19,32
17822,2096,8,6.95,0.49,0.25,8.69,45
17823,2096,2,7.03,0.39,0.25,8.79,28
17824,2096,1,6.58,0.36,0.25,8.22,96
17825,2096,4,6.86,0.4,0.25,8.58,59
17826,2096,9,6.86,0.3,0.25,8.58,90
17827,2096,7,7.03,0.33,0.25,8.79,13
17828,2071,4,29.12,0.44,0.25,36.4,50
17829,2071,2,30.14,0.42,0.25,37.67,16
17830,2071,7,30.65,0.45,0.25,38.31,44
17831,2071,5,29.12,0.15,0.25,36.4,72
17832,1280,9,46.13,0.32,0.25,57.66,68
17833,1280,2,50.0,0.39,0.25,62.5,38
17834,1280,6,53.27,0.42,0.25,66.59,73
17835,1280,7,51.78,0.38,0.25,64.72,85
17836,3257,7,3576.46,0.31,0.25,4470.58,33
17837,3257,2,3949.47,0.5,0.25,4936.84,56
17838,3257,8,3817.82,0.47,0.25,4772.28,97
17839,1568,1,558.84,0.44,0.25,698.55,14
17840,1568,5,501.68,0.12,0.25,627.1,19
17841,1568,8,558.84,0.47,0.25,698.55,50
17842,1568,7,536.61,0.41,0.25,670.76,63
17843,3088,1,3821.53,0.4,0.25,4776.91,89
17844,3088,2,3908.88,0.49,0.25,4886.1,61
17845,3088,6,3799.69,0.39,0.25,4749.61,35
17846,3088,10,3734.18,0.44,0.25,4667.72,91
17847,3088,4,3712.34,0.47,0.25,4640.42,30
17848,3088,8,3646.83,0.41,0.25,4558.54,30
17849,4671,3,123.69,0.13,0.25,154.61,20
17850,4671,1,133.33,0.4,0.25,166.66,66
17851,4671,4,131.72,0.41,0.25,164.65,31
17852,4671,6,134.13,0.47,0.25,167.66,84
17853,4671,8,140.56,0.46,0.25,175.7,53
17854,472,2,86.83,0.44,0.25,108.54,41
17855,472,4,87.84,0.37,0.25,109.8,39
17856,472,9,89.85,0.5,0.25,112.31,35
17857,445,4,178.85,0.38,0.25,223.56,35
17858,445,3,168.21,0.15,0.25,210.26,36
17859,445,2,193.76,0.44,0.25,242.2,78
17860,445,7,183.11,0.5,0.25,228.89,73
17861,2802,7,32.18,0.31,0.25,40.22,22
17862,2802,2,38.74,0.48,0.25,48.42,25
17863,2802,8,35.78,0.48,0.25,44.72,36
17864,2802,9,39.16,0.48,0.25,48.95,35
17865,2802,6,36.2,0.34,0.25,45.25,44
17866,2802,3,32.81,0.14,0.25,41.01,25
17867,907,3,27.45,0.12,0.25,34.31,25
17868,907,6,27.45,0.38,0.25,34.31,26
17869,907,8,28.1,0.37,0.25,35.12,96
17870,907,7,27.77,0.48,0.25,34.71,65
17871,907,5,27.28,0.12,0.25,34.1,12
17872,907,10,28.1,0.35,0.25,35.12,23
17873,3936,8,684.93,0.34,0.25,856.16,100
17874,3936,10,795.4,0.4,0.25,994.25,49
17875,3936,4,821.92,0.48,0.25,1027.4,92
17876,3936,6,733.54,0.35,0.25,916.92,66
17877,3936,3,724.7,0.15,0.25,905.88,76
17878,3936,5,742.38,0.14,0.25,927.98,51
17879,147,9,1840.32,0.4,0.25,2300.4,58
17880,147,10,1861.6,0.38,0.25,2327.0,84
17881,147,7,1861.6,0.39,0.25,2327.0,28
17882,147,2,1925.42,0.47,0.25,2406.78,82
17883,1326,2,124.2,0.47,0.25,155.25,10
17884,1326,5,109.76,0.11,0.25,137.2,69
17885,1326,4,123.48,0.32,0.25,154.35,37
17886,1264,4,108.45,0.34,0.25,135.56,31
17887,1264,9,117.32,0.46,0.25,146.65,21
17888,1264,2,124.82,0.44,0.25,156.02,60
17889,1264,3,108.45,0.11,0.25,135.56,47
17890,1264,1,115.27,0.38,0.25,144.09,68
17891,1264,5,110.5,0.13,0.25,138.12,18
17892,4046,4,1402.28,0.49,0.25,1752.85,83
17893,4046,1,1386.78,0.48,0.25,1733.48,77
17894,4046,8,1262.83,0.39,0.25,1578.54,10
17895,4046,3,1185.35,0.13,0.25,1481.69,81
17896,5185,8,521.28,0.46,0.25,651.6,15
17897,5185,9,496.06,0.37,0.25,620.08,90
17898,5185,7,484.85,0.34,0.25,606.06,93
17899,1657,9,384.47,0.35,0.25,480.59,39
17900,1657,4,386.81,0.37,0.25,483.51,21
17901,1657,2,389.15,0.44,0.25,486.44,16
17902,3571,6,1223.36,0.39,0.25,1529.2,51
17903,3571,7,1297.5,0.37,0.25,1621.88,18
17904,3571,5,1164.05,0.12,0.25,1455.06,40
17905,4171,10,1343.37,0.41,0.25,1679.21,91
17906,4171,6,1175.45,0.32,0.25,1469.31,56
17907,4171,9,1328.11,0.47,0.25,1660.14,95
17908,4171,4,1205.98,0.37,0.25,1507.48,59
17909,4171,1,1221.25,0.32,0.25,1526.56,31
17910,4171,7,1358.64,0.48,0.25,1698.3,87
17911,3602,5,1514.05,0.11,0.25,1892.56,13
17912,3602,2,1654.24,0.4,0.25,2067.8,11
17913,3602,7,1635.55,0.47,0.25,2044.44,63
17914,3602,10,1570.13,0.34,0.25,1962.66,35
17915,5013,10,267.44,0.45,0.25,334.3,96
17916,5013,3,228.81,0.13,0.25,286.01,86
17917,5013,8,257.04,0.45,0.25,321.3,43
17918,5013,5,249.61,0.13,0.25,312.01,37
17919,3090,3,6502.79,0.14,0.25,8128.49,77
17920,3090,7,6918.66,0.49,0.25,8648.33,82
17921,3090,10,6313.75,0.37,0.25,7892.19,18
17922,2479,8,147.66,0.34,0.25,184.58,65
17923,2479,10,146.74,0.32,0.25,183.42,66
17924,2479,2,155.05,0.41,0.25,193.81,53
17925,2479,6,164.28,0.39,0.25,205.35,63
17926,2479,4,159.66,0.39,0.25,199.58,92
17927,1390,1,58.12,0.46,0.25,72.65,24
17928,1390,2,56.45,0.33,0.25,70.56,35
17929,1390,4,53.77,0.31,0.25,67.21,13
17930,1152,1,249.72,0.45,0.25,312.15,52
17931,1152,2,222.28,0.35,0.25,277.85,81
17932,1152,5,231.88,0.11,0.25,289.85,46
17933,1152,7,236.0,0.41,0.25,295.0,40
17934,1152,4,231.88,0.39,0.25,289.85,70
17935,1152,3,230.51,0.11,0.25,288.14,32
17936,4351,2,1855.77,0.34,0.25,2319.71,59
17937,4351,8,1965.58,0.45,0.25,2456.98,15
17938,4351,4,1778.91,0.33,0.25,2223.64,60
17939,4351,10,1899.7,0.45,0.25,2374.62,58
17940,4351,5,1745.96,0.1,0.25,2182.45,35
17941,5059,2,499.64,0.34,0.25,624.55,49
17942,5059,3,485.2,0.13,0.25,606.5,57
17943,5059,6,502.53,0.44,0.25,628.16,80
17944,5059,1,450.54,0.3,0.25,563.18,94
17945,5059,4,528.52,0.47,0.25,660.65,100
17946,5059,7,447.66,0.33,0.25,559.58,66
17947,1605,3,126.19,0.13,0.25,157.74,77
17948,1605,7,136.09,0.32,0.25,170.11,43
17949,1605,9,155.06,0.49,0.25,193.82,27
17950,1605,8,137.74,0.41,0.25,172.18,66
17951,1605,1,137.74,0.37,0.25,172.18,22
17952,3491,5,5224.59,0.13,0.25,6530.74,26
17953,3491,1,5422.99,0.44,0.25,6778.74,45
17954,3491,7,5224.59,0.3,0.25,6530.74,37
17955,3491,4,5753.66,0.34,0.25,7192.08,16
17956,70,9,208.67,0.49,0.25,260.84,99
17957,70,3,179.85,0.14,0.25,224.81,91
17958,70,2,193.69,0.43,0.25,242.11,50
17959,70,5,179.85,0.12,0.25,224.81,30
17960,70,1,185.62,0.37,0.25,232.02,85
17961,70,10,183.31,0.34,0.25,229.14,48
17962,3579,9,7069.71,0.35,0.25,8837.14,62
17963,3579,4,7662.38,0.45,0.25,9577.98,41
17964,3579,1,7154.38,0.36,0.25,8942.98,24
17965,3579,5,6477.04,0.11,0.25,8096.3,89
17966,3579,8,7281.38,0.46,0.25,9101.72,72
17967,5132,8,85.49,0.38,0.25,106.86,69
17968,5132,5,78.61,0.12,0.25,98.26,13
17969,5132,4,77.63,0.35,0.25,97.04,32
17970,3787,7,5598.92,0.5,0.25,6998.65,79
17971,3787,1,4887.94,0.43,0.25,6109.92,23
17972,3787,4,4917.57,0.39,0.25,6146.96,47
17973,3787,6,4650.95,0.37,0.25,5813.69,68
17974,3787,9,5273.05,0.48,0.25,6591.31,99
17975,3787,3,4799.07,0.11,0.25,5998.84,80
17976,4692,10,437.23,0.39,0.25,546.54,77
17977,4692,1,480.7,0.5,0.25,600.88,12
17978,4692,5,444.9,0.14,0.25,556.12,46
17979,4692,6,421.89,0.32,0.25,527.36,75
17980,4692,4,416.77,0.39,0.25,520.96,24
17981,1748,9,138.48,0.49,0.25,173.1,11
17982,1748,8,124.86,0.33,0.25,156.07,37
17983,1748,1,125.61,0.39,0.25,157.01,48
17984,1748,3,130.15,0.13,0.25,162.69,84
17985,1188,8,136.9,0.46,0.25,171.12,81
17986,1188,1,145.87,0.49,0.25,182.34,13
17987,1188,3,138.53,0.11,0.25,173.16,39
17988,4155,3,1412.24,0.11,0.25,1765.3,83
17989,4155,4,1386.4,0.4,0.25,1733.0,36
17990,4155,10,1532.79,0.47,0.25,1915.99,98
17991,4155,1,1532.79,0.45,0.25,1915.99,32
17992,3234,5,4416.94,0.13,0.25,5521.17,61
17993,3234,7,4105.16,0.32,0.25,5131.45,38
17994,3234,2,4053.19,0.35,0.25,5066.49,11
17995,3234,9,4520.87,0.44,0.25,5651.09,39
17996,3234,4,4702.74,0.42,0.25,5878.42,14
17997,3234,1,4338.99,0.32,0.25,5423.74,62
17998,5320,3,228.32,0.11,0.25,285.4,20
17999,5320,9,235.37,0.44,0.25,294.21,72
18000,5320,2,214.23,0.32,0.25,267.79,84
18001,5320,4,238.19,0.44,0.25,297.74,100
18002,699,1,35.62,0.37,0.25,44.52,74
18003,699,4,35.21,0.35,0.25,44.01,24
18004,699,5,31.48,0.12,0.25,39.35,76
18005,699,10,37.07,0.39,0.25,46.34,96
18006,699,6,36.24,0.39,0.25,45.3,48
18007,699,7,32.72,0.32,0.25,40.9,19
18008,1478,8,184.66,0.49,0.25,230.82,45
18009,1478,4,167.12,0.4,0.25,208.9,86
18010,1478,7,171.25,0.31,0.25,214.06,52
18011,1478,2,162.99,0.33,0.25,203.74,19
18012,2345,10,122.57,0.35,0.25,153.21,61
18013,2345,7,127.87,0.43,0.25,159.84,93
18014,2345,4,127.87,0.43,0.25,159.84,96
18015,2345,2,130.89,0.47,0.25,163.61,17
18016,2345,3,123.33,0.13,0.25,154.16,28
18017,2345,9,132.4,0.42,0.25,165.5,76
18018,3689,9,4743.63,0.5,0.25,5929.54,12
18019,3689,3,4496.85,0.14,0.25,5621.06,30
18020,3689,8,4579.11,0.38,0.25,5723.89,94
18021,3689,1,4250.07,0.34,0.25,5312.59,88
18022,3689,6,4743.63,0.46,0.25,5929.54,33
18023,5057,6,505.05,0.37,0.25,631.31,16
18024,5057,4,495.46,0.34,0.25,619.32,60
18025,5057,9,594.55,0.49,0.25,743.19,90
18026,5057,7,498.65,0.35,0.25,623.31,19
18027,4141,7,1700.19,0.45,0.25,2125.24,22
18028,4141,3,1475.99,0.12,0.25,1844.99,12
18029,4141,10,1494.67,0.35,0.25,1868.34,45
18030,4141,1,1541.38,0.3,0.25,1926.72,38
18031,4141,9,1625.46,0.39,0.25,2031.82,59
18032,4141,2,1541.38,0.31,0.25,1926.72,50
18033,968,3,115.57,0.15,0.25,144.46,53
18034,968,2,123.46,0.42,0.25,154.32,70
18035,968,1,120.59,0.37,0.25,150.74,61
18036,968,5,119.87,0.14,0.25,149.84,55
18037,968,9,119.15,0.42,0.25,148.94,88
18038,4651,5,512.31,0.14,0.25,640.39,75
18039,4651,6,527.64,0.44,0.25,659.55,89
18040,4651,2,506.17,0.42,0.25,632.71,78
18041,4651,10,539.92,0.44,0.25,674.9,17
18042,4651,3,496.97,0.1,0.25,621.21,87
18043,5321,4,153.72,0.42,0.25,192.15,87
18044,5321,7,153.72,0.31,0.25,192.15,39
18045,5321,2,161.12,0.47,0.25,201.4,46
18046,5321,10,150.94,0.32,0.25,188.68,72
18047,4824,1,357.98,0.34,0.25,447.48,26
18048,4824,5,368.96,0.13,0.25,461.2,41
18049,4824,3,362.37,0.14,0.25,452.96,43
18050,4824,6,390.92,0.41,0.25,488.65,31
18051,4459,9,1805.54,0.45,0.25,2256.93,33
18052,4459,7,1700.56,0.37,0.25,2125.7,97
18053,4459,1,1732.05,0.42,0.25,2165.06,49
18054,4459,5,1679.57,0.14,0.25,2099.46,74
18055,4459,3,1753.05,0.11,0.25,2191.31,76
18056,10,9,1731.01,0.43,0.25,2163.76,72
18057,10,3,1626.74,0.11,0.25,2033.42,23
18058,10,7,1814.44,0.41,0.25,2268.05,82
18059,10,8,1720.59,0.33,0.25,2150.74,88
18060,10,4,1720.59,0.31,0.25,2150.74,76
18061,10,2,1762.3,0.43,0.25,2202.88,13
18062,2499,8,58.45,0.31,0.25,73.06,48
18063,2499,6,63.2,0.4,0.25,79.0,17
18064,2499,10,63.2,0.37,0.25,79.0,76
18065,2499,7,60.27,0.41,0.25,75.34,67
18066,2499,5,58.81,0.1,0.25,73.51,64
18067,2499,1,56.62,0.31,0.25,70.77,12
18068,425,1,288.93,0.35,0.25,361.16,12
18069,425,9,313.75,0.46,0.25,392.19,29
18070,425,7,308.43,0.4,0.25,385.54,59
18071,425,8,299.57,0.32,0.25,374.46,15
18072,425,6,303.11,0.38,0.25,378.89,34
18073,425,3,303.11,0.13,0.25,378.89,77
18074,2078,4,31.54,0.39,0.25,39.42,55
18075,2078,6,31.01,0.45,0.25,38.76,20
18076,2078,9,30.3,0.42,0.25,37.88,88
18077,743,7,16.09,0.49,0.25,20.11,57
18078,743,6,16.83,0.43,0.25,21.04,97
18079,743,1,15.07,0.36,0.25,18.84,100
18080,1994,9,24.86,0.47,0.25,31.08,26
18081,1994,8,22.8,0.32,0.25,28.5,79
18082,1994,7,24.42,0.37,0.25,30.52,81
18083,1994,2,26.92,0.48,0.25,33.65,63
18084,5019,3,492.74,0.14,0.25,615.92,59
18085,5019,5,517.22,0.11,0.25,646.53,87
18086,5019,8,465.2,0.32,0.25,581.5,13
18087,5019,9,501.92,0.32,0.25,627.4,28
18088,5019,6,477.44,0.32,0.25,596.8,40
18089,5019,2,514.16,0.41,0.25,642.7,36
18090,1013,3,173.44,0.14,0.25,216.8,56
18091,1013,10,179.71,0.45,0.25,224.64,62
18092,1013,2,175.53,0.38,0.25,219.41,98
18093,1208,5,92.55,0.11,0.25,115.69,45
18094,1208,4,109.87,0.46,0.25,137.34,15
18095,1208,10,111.06,0.49,0.25,138.82,37
18096,1208,1,104.49,0.38,0.25,130.61,54
18097,315,6,341.17,0.41,0.25,426.46,51
18098,315,2,326.01,0.49,0.25,407.51,100
18099,315,4,320.32,0.34,0.25,400.4,95
18100,315,7,344.96,0.48,0.25,431.2,95
18101,315,1,288.1,0.3,0.25,360.12,47
18102,3648,5,924.69,0.13,0.25,1155.86,29
18103,3648,3,913.2,0.14,0.25,1141.5,66
18104,3648,9,993.61,0.48,0.25,1242.01,77
18105,3648,4,941.92,0.33,0.25,1177.4,57
18106,2640,3,60.36,0.12,0.25,75.45,41
18107,2640,9,64.7,0.34,0.25,80.88,80
18108,2640,5,65.49,0.1,0.25,81.86,62
18109,2640,7,72.98,0.5,0.25,91.22,73
18110,2640,1,71.8,0.42,0.25,89.75,17
18111,1101,9,252.32,0.46,0.25,315.4,60
18112,1101,5,233.57,0.12,0.25,291.96,95
18113,1101,3,237.9,0.12,0.25,297.38,91
18114,2936,10,60.3,0.49,0.25,75.38,76
18115,2936,2,63.11,0.41,0.25,78.89,84
18116,2936,3,58.55,0.14,0.25,73.19,91
18117,1680,7,703.87,0.47,0.25,879.84,29
18118,1680,4,666.38,0.33,0.25,832.98,69
18119,1680,9,712.2,0.35,0.25,890.25,58
18120,3736,5,124.58,0.1,0.25,155.72,94
18121,3736,3,127.04,0.13,0.25,158.8,42
18122,3736,1,149.99,0.45,0.25,187.49,73
18123,3736,8,131.96,0.35,0.25,164.95,37
18124,4408,3,121.62,0.14,0.25,152.02,56
18125,4408,5,123.06,0.1,0.25,153.82,14
18126,4408,8,133.2,0.5,0.25,166.5,81
18127,2933,4,33.26,0.34,0.25,41.58,53
18128,2933,1,34.34,0.35,0.25,42.92,100
18129,2933,10,35.42,0.38,0.25,44.28,83
18130,2933,6,33.48,0.34,0.25,41.85,49
18131,2933,2,33.26,0.34,0.25,41.58,72
18132,3687,6,1095.93,0.32,0.25,1369.91,82
18133,3687,7,1157.19,0.4,0.25,1446.49,29
18134,3687,9,1150.38,0.43,0.25,1437.98,68
18135,3687,3,1055.08,0.14,0.25,1318.85,99
18136,3687,1,1191.23,0.42,0.25,1489.04,99
18137,3687,8,1191.23,0.44,0.25,1489.04,62
18138,1464,1,150.18,0.46,0.25,187.73,93
18139,1464,4,142.06,0.37,0.25,177.58,89
18140,1464,3,134.76,0.11,0.25,168.45,20
18141,1464,9,147.75,0.46,0.25,184.69,28
18142,1464,2,149.37,0.44,0.25,186.71,20
18143,1464,7,146.94,0.49,0.25,183.68,95
18144,618,3,56.43,0.13,0.25,70.54,35
18145,618,5,52.04,0.13,0.25,65.05,73
18146,618,10,60.48,0.44,0.25,75.6,81
18147,1673,4,701.74,0.49,0.25,877.18,37
18148,1673,10,693.58,0.46,0.25,866.98,85
18149,1673,8,718.06,0.45,0.25,897.58,58
18150,4361,1,1109.93,0.31,0.25,1387.41,80
18151,4361,6,1043.86,0.37,0.25,1304.82,86
18152,4361,7,1142.96,0.34,0.25,1428.7,15
18153,4361,3,1116.53,0.12,0.25,1395.66,40
18154,4361,5,1004.22,0.12,0.25,1255.28,21
18155,4678,10,211.2,0.37,0.25,264.0,75
18156,4678,1,213.86,0.35,0.25,267.33,61
18157,4678,6,235.11,0.45,0.25,293.89,61
18158,4678,9,219.17,0.42,0.25,273.96,14
18159,4678,4,228.47,0.43,0.25,285.59,86
18160,5128,7,356.34,0.32,0.25,445.42,39
18161,5128,1,381.31,0.4,0.25,476.64,49
18162,5128,6,385.85,0.35,0.25,482.31,68
18163,5128,10,369.96,0.32,0.25,462.45,32
18164,4187,3,1740.66,0.15,0.25,2175.83,56
18165,4187,9,1740.66,0.32,0.25,2175.83,47
18166,4187,6,1844.28,0.49,0.25,2305.35,90
18167,4187,4,1647.41,0.38,0.25,2059.26,24
18168,4176,5,1140.14,0.14,0.25,1425.18,35
18169,4176,7,1053.47,0.35,0.25,1316.84,20
18170,4176,10,1160.15,0.39,0.25,1450.19,91
18171,4176,8,1053.47,0.34,0.25,1316.84,19
18172,4176,2,1180.15,0.38,0.25,1475.19,99
18173,4176,6,1100.14,0.41,0.25,1375.18,26
18174,1160,3,162.71,0.13,0.25,203.39,22
18175,1160,1,168.77,0.44,0.25,210.96,98
18176,1160,4,188.98,0.47,0.25,236.22,27
18177,1160,7,178.88,0.46,0.25,223.6,77
18178,1160,10,162.71,0.37,0.25,203.39,87
18179,4777,6,384.43,0.36,0.25,480.54,84
18180,4777,4,408.92,0.32,0.25,511.15,47
18181,4777,3,372.19,0.11,0.25,465.24,44
18182,4777,7,430.95,0.4,0.25,538.69,83
18183,4777,9,401.57,0.42,0.25,501.96,54
18184,2400,9,68.99,0.49,0.25,86.24,15
18185,2400,2,66.2,0.32,0.25,82.75,45
18186,2400,5,69.39,0.15,0.25,86.74,20
18187,2400,1,69.79,0.38,0.25,87.24,22
18188,2400,8,63.41,0.34,0.25,79.26,10
18189,2400,10,67.0,0.34,0.25,83.75,43
18190,193,5,1038.52,0.15,0.25,1298.15,52
18191,193,7,1156.83,0.4,0.25,1446.04,42
18192,193,6,1137.11,0.4,0.25,1421.39,86
18193,193,2,1051.66,0.31,0.25,1314.58,92
18194,193,1,1150.26,0.39,0.25,1437.82,90
18195,5058,2,507.41,0.34,0.25,634.26,56
18196,5058,10,523.17,0.39,0.25,653.96,35
18197,5058,8,567.29,0.45,0.25,709.11,85
18198,5058,5,507.41,0.14,0.25,634.26,23
18199,5058,7,523.17,0.32,0.25,653.96,54
18200,5058,6,532.62,0.43,0.25,665.78,35
18201,4823,3,508.69,0.14,0.25,635.86,75
18202,4823,1,530.14,0.39,0.25,662.68,36
18203,4823,8,502.56,0.31,0.25,628.2,17
18204,4823,6,517.88,0.47,0.25,647.35,21
18205,4823,10,533.21,0.4,0.25,666.51,77
18206,4823,7,557.72,0.48,0.25,697.15,75
18207,3404,3,2595.85,0.14,0.25,3244.81,95
18208,3404,5,2580.3,0.13,0.25,3225.38,19
18209,3404,7,2626.94,0.35,0.25,3283.68,16
18210,3404,8,2642.48,0.33,0.25,3303.1,31
18211,783,8,57.24,0.33,0.25,71.55,64
18212,783,9,62.41,0.34,0.25,78.01,83
18213,783,3,57.24,0.13,0.25,71.55,39
18214,783,1,61.67,0.37,0.25,77.09,27
18215,783,6,65.0,0.49,0.25,81.25,20
18216,3185,5,6446.17,0.13,0.25,8057.71,54
18217,3185,2,7122.62,0.44,0.25,8903.28,96
18218,3185,4,6485.97,0.31,0.25,8107.46,21
18219,3185,8,6963.46,0.44,0.25,8704.33,13
18220,3185,7,7082.83,0.48,0.25,8853.54,91
18221,3185,1,7281.79,0.5,0.25,9102.24,35
18222,2421,8,144.64,0.39,0.25,180.8,65
18223,2421,6,136.47,0.35,0.25,170.59,30
18224,2421,2,126.67,0.33,0.25,158.34,22
18225,2421,5,133.2,0.12,0.25,166.5,17
18226,2421,4,147.91,0.42,0.25,184.89,17
18227,2421,7,133.2,0.35,0.25,166.5,11
18228,1423,1,53.43,0.31,0.25,66.79,72
18229,1423,8,55.5,0.39,0.25,69.38,45
18230,1423,4,54.46,0.35,0.25,68.08,42
18231,3795,2,2534.68,0.33,0.25,3168.35,29
18232,3795,7,2638.44,0.44,0.25,3298.05,34
18233,3795,4,2564.33,0.33,0.25,3205.41,61
18234,3795,6,2668.09,0.48,0.25,3335.11,25
18235,3795,8,2786.67,0.49,0.25,3483.34,66
18236,3795,1,2490.21,0.35,0.25,3112.76,78
18237,1990,6,21.49,0.38,0.25,26.86,57
18238,1990,4,21.36,0.33,0.25,26.7,40
18239,1990,5,19.87,0.11,0.25,24.84,85
18240,1990,3,19.75,0.11,0.25,24.69,30
18241,1990,7,22.6,0.45,0.25,28.25,94
18242,3396,8,7784.28,0.36,0.25,9730.35,68
18243,3396,7,8118.57,0.42,0.25,10148.21,50
18244,3396,4,8214.08,0.33,0.25,10267.6,98
18245,3396,1,7354.47,0.33,0.25,9193.09,100
18246,3396,6,8500.62,0.41,0.25,10625.78,16
18247,3396,2,8691.65,0.49,0.25,10864.56,71
18248,2461,7,89.56,0.3,0.25,111.95,96
18249,2461,5,96.32,0.12,0.25,120.4,79
18250,2461,10,89.56,0.32,0.25,111.95,76
18251,4178,4,479.93,0.34,0.25,599.91,22
18252,4178,5,463.19,0.14,0.25,578.99,28
18253,4178,6,488.3,0.44,0.25,610.38,13
18254,421,9,201.84,0.3,0.25,252.3,21
18255,421,3,207.92,0.12,0.25,259.9,24
18256,421,10,217.65,0.43,0.25,272.06,67
18257,421,5,188.46,0.12,0.25,235.58,57
18258,5342,9,301.57,0.44,0.25,376.96,62
18259,5342,3,284.82,0.11,0.25,356.02,13
18260,5342,8,283.14,0.32,0.25,353.92,90
18261,5342,5,288.17,0.15,0.25,360.21,60
18262,5342,4,294.87,0.39,0.25,368.59,35
18263,5352,1,380.82,0.39,0.25,476.02,85
18264,5352,9,362.25,0.33,0.25,452.81,33
18265,5352,10,390.11,0.33,0.25,487.64,93
18266,5352,7,380.82,0.35,0.25,476.02,38
18267,856,10,21.18,0.31,0.25,26.48,97
18268,856,3,21.18,0.15,0.25,26.48,97
18269,856,8,20.8,0.34,0.25,26.0,71
18270,856,4,21.55,0.34,0.25,26.94,23
18271,856,1,22.05,0.39,0.25,27.56,57
18272,856,6,20.42,0.38,0.25,25.52,99
18273,2133,9,18.92,0.31,0.25,23.65,89
18274,2133,3,17.7,0.11,0.25,22.12,98
18275,2133,2,18.92,0.39,0.25,23.65,48
18276,2133,10,17.81,0.39,0.25,22.26,96
18277,2133,1,18.25,0.33,0.25,22.81,12
18278,3168,7,5213.56,0.34,0.25,6516.95,89
18279,3168,9,4731.38,0.3,0.25,5914.22,21
18280,3168,2,5303.97,0.5,0.25,6629.96,60
18281,3168,1,5424.52,0.45,0.25,6780.65,81
18282,3168,3,5213.56,0.14,0.25,6516.95,61
18283,3168,8,4912.2,0.39,0.25,6140.25,100
18284,4136,4,267.62,0.39,0.25,334.52,37
18285,4136,1,280.67,0.33,0.25,350.84,10
18286,4136,6,262.72,0.39,0.25,328.4,100
18287,2756,5,124.02,0.11,0.25,155.02,96
18288,2756,1,126.29,0.38,0.25,157.86,82
18289,2756,8,127.04,0.32,0.25,158.8,47
18290,2756,6,129.31,0.37,0.25,161.64,20
18291,2756,4,125.53,0.35,0.25,156.91,46
18292,2756,3,117.21,0.14,0.25,146.51,63
18293,4646,3,587.34,0.13,0.25,734.18,85
18294,4646,4,594.54,0.44,0.25,743.18,46
18295,4646,10,590.94,0.41,0.25,738.68,17
18296,4646,1,594.54,0.32,0.25,743.18,99
18297,4646,9,551.3,0.3,0.25,689.12,50
18298,4646,2,641.39,0.49,0.25,801.74,18
18299,1498,7,36.29,0.35,0.25,45.36,95
18300,1498,1,35.03,0.44,0.25,43.79,67
18301,1498,5,32.49,0.11,0.25,40.61,23
18302,4073,1,1126.05,0.33,0.25,1407.56,89
18303,4073,7,1228.42,0.43,0.25,1535.52,68
18304,4073,5,1147.98,0.11,0.25,1434.98,45
18305,4073,2,1162.61,0.32,0.25,1453.26,31
18306,4073,3,1199.17,0.12,0.25,1498.96,57
18307,3456,6,789.77,0.47,0.25,987.21,60
18308,3456,3,729.35,0.13,0.25,911.69,31
18309,3456,5,720.72,0.12,0.25,900.9,85
18310,3456,1,742.3,0.4,0.25,927.88,57
18311,3456,9,785.46,0.48,0.25,981.82,64
18312,3377,9,5375.83,0.37,0.25,6719.79,54
18313,3377,2,5375.83,0.39,0.25,6719.79,44
18314,3377,10,5313.32,0.35,0.25,6641.65,34
18315,3377,8,5750.88,0.48,0.25,7188.6,44
18316,201,4,1502.32,0.41,0.25,1877.9,91
18317,201,1,1475.5,0.45,0.25,1844.38,76
18318,201,10,1582.8,0.39,0.25,1978.5,85
18319,201,9,1412.9,0.36,0.25,1766.12,87
18320,201,3,1493.38,0.13,0.25,1866.72,74
18321,201,7,1582.8,0.43,0.25,1978.5,72
18322,3911,3,693.34,0.12,0.25,866.68,33
18323,3911,7,722.06,0.42,0.25,902.58,85
18324,3911,5,627.7,0.11,0.25,784.62,52
18325,4188,9,1023.47,0.38,0.25,1279.34,70
18326,4188,7,1004.75,0.4,0.25,1255.94,59
18327,4188,4,1060.92,0.33,0.25,1326.15,98
18328,4188,3,1035.96,0.13,0.25,1294.95,37
18329,4188,6,1054.68,0.38,0.25,1318.35,54
18330,4188,8,1129.57,0.44,0.25,1411.96,88
18331,1694,9,749.34,0.33,0.25,936.68,82
18332,1694,4,772.33,0.32,0.25,965.41,97
18333,1694,5,726.36,0.12,0.25,907.95,99
18334,1694,10,795.32,0.41,0.25,994.15,40
18335,3518,7,2954.39,0.49,0.25,3692.99,89
18336,3518,9,2751.18,0.47,0.25,3438.98,72
18337,3518,1,2860.6,0.48,0.25,3575.75,76
18338,3518,8,2641.76,0.32,0.25,3302.2,62
18339,2968,10,96.35,0.43,0.25,120.44,71
18340,2968,6,97.51,0.33,0.25,121.89,79
18341,2968,8,106.21,0.45,0.25,132.76,55
18342,542,10,46.0,0.47,0.25,57.5,26
18343,542,9,42.29,0.47,0.25,52.86,75
18344,542,1,41.3,0.39,0.25,51.62,68
18345,1294,5,141.25,0.15,0.25,176.56,60
18346,1294,8,164.95,0.46,0.25,206.19,33
18347,1294,10,166.77,0.43,0.25,208.46,62
18348,1294,1,150.36,0.34,0.25,187.95,48
18349,1294,4,147.63,0.41,0.25,184.54,57
18350,3754,9,4353.44,0.44,0.25,5441.8,100
18351,3754,8,4276.62,0.45,0.25,5345.78,96
18352,3754,3,4276.62,0.14,0.25,5345.78,19
18353,3754,2,4174.19,0.36,0.25,5217.74,62
18354,2559,4,131.85,0.43,0.25,164.81,63
18355,2559,1,125.26,0.36,0.25,156.58,73
18356,2559,2,136.24,0.48,0.25,170.3,94
18357,5180,9,683.77,0.46,0.25,854.71,10
18358,5180,2,641.98,0.45,0.25,802.48,44
18359,5180,10,619.19,0.33,0.25,773.99,19
18360,5180,7,592.6,0.34,0.25,740.75,32
18361,4329,5,1979.04,0.13,0.25,2473.8,12
18362,4329,6,1919.43,0.35,0.25,2399.29,55
18363,4329,2,2026.72,0.35,0.25,2533.4,12
18364,4329,9,2229.4,0.49,0.25,2786.75,23
18365,4329,7,2038.64,0.44,0.25,2548.3,69
18366,2745,3,213.02,0.12,0.25,266.28,28
18367,2745,8,241.51,0.45,0.25,301.89,64
18368,2745,7,255.08,0.5,0.25,318.85,76
18369,2745,9,213.02,0.34,0.25,266.28,15
18370,2745,6,232.01,0.33,0.25,290.01,94
18371,2745,5,213.02,0.11,0.25,266.28,69
18372,5097,5,33.1,0.13,0.25,41.38,11
18373,5097,6,32.9,0.37,0.25,41.12,67
18374,5097,2,32.11,0.38,0.25,40.14,97
18375,5097,1,35.87,0.46,0.25,44.84,79
18376,3426,1,828.42,0.43,0.25,1035.52,62
18377,3426,9,769.6,0.33,0.25,962.0,14
18378,3426,5,823.52,0.13,0.25,1029.4,10
18379,2930,4,125.29,0.48,0.25,156.61,90
18380,2930,8,108.45,0.39,0.25,135.56,80
18381,2930,9,119.23,0.42,0.25,149.04,72
18382,1058,2,54.06,0.39,0.25,67.58,60
18383,1058,6,52.82,0.46,0.25,66.03,90
18384,1058,4,54.68,0.49,0.25,68.35,22
18385,55,10,956.38,0.4,0.25,1195.47,83
18386,55,6,904.52,0.33,0.25,1130.65,21
18387,55,3,979.42,0.1,0.25,1224.27,40
18388,185,6,2025.31,0.31,0.25,2531.64,85
18389,185,1,2280.07,0.42,0.25,2850.09,68
18390,185,5,1999.83,0.1,0.25,2499.79,33
18391,185,10,1948.88,0.32,0.25,2436.1,36
18392,185,4,2356.49,0.48,0.25,2945.61,11
18393,2733,6,270.27,0.34,0.25,337.84,32
18394,2733,3,260.2,0.1,0.25,325.25,72
18395,2733,5,290.42,0.15,0.25,363.02,55
18396,3570,3,441.36,0.13,0.25,551.7,38
18397,3570,8,404.8,0.32,0.25,506.0,88
18398,3570,7,430.91,0.39,0.25,538.64,86
18399,3570,10,467.48,0.5,0.25,584.35,27
18400,1095,8,24.62,0.45,0.25,30.78,83
18401,1095,1,26.18,0.49,0.25,32.72,63
18402,1095,9,25.9,0.46,0.25,32.38,66
18403,2779,6,24.64,0.46,0.25,30.8,72
18404,2779,2,25.46,0.46,0.25,31.83,55
18405,2779,10,22.73,0.38,0.25,28.41,63
18406,2259,7,102.46,0.38,0.25,128.07,18
18407,2259,5,103.07,0.13,0.25,128.84,33
18408,2259,8,114.05,0.49,0.25,142.56,20
18409,2259,1,109.78,0.4,0.25,137.22,35
18410,2259,10,103.07,0.35,0.25,128.84,85
18411,2362,9,97.24,0.48,0.25,121.55,93
18412,2362,7,87.3,0.34,0.25,109.12,14
18413,2362,8,90.06,0.36,0.25,112.58,11
18414,2362,1,95.03,0.48,0.25,118.79,19
18415,5285,5,167.96,0.12,0.25,209.95,98
18416,5285,3,156.17,0.15,0.25,195.21,18
18417,5285,7,158.13,0.33,0.25,197.66,25
18418,5285,2,164.03,0.38,0.25,205.04,16
18419,1938,6,30.01,0.44,0.25,37.51,75
18420,1938,2,31.37,0.49,0.25,39.21,40
18421,1938,7,28.64,0.42,0.25,35.8,34
18422,2542,1,34.26,0.34,0.25,42.82,13
18423,2542,6,36.4,0.31,0.25,45.5,33
18424,2542,10,37.25,0.36,0.25,46.56,88
18425,908,3,184.07,0.14,0.25,230.09,98
18426,908,9,188.36,0.37,0.25,235.45,67
18427,908,7,187.28,0.48,0.25,234.1,26
18428,908,5,174.44,0.14,0.25,218.05,88
18429,908,2,177.65,0.43,0.25,222.06,28
18430,205,5,1439.02,0.12,0.25,1798.78,40
18431,205,4,1388.23,0.39,0.25,1735.29,31
18432,205,2,1455.95,0.34,0.25,1819.94,99
18433,205,6,1439.02,0.33,0.25,1798.78,89
18434,117,5,1170.29,0.12,0.25,1462.86,37
18435,117,6,1121.82,0.35,0.25,1402.28,31
18436,117,10,1211.84,0.37,0.25,1514.8,51
18437,1573,4,612.11,0.42,0.25,765.14,57
18438,1573,10,558.0,0.35,0.25,697.5,22
18439,1573,5,581.67,0.13,0.25,727.09,64
18440,2472,4,97.65,0.49,0.25,122.06,72
18441,2472,3,90.06,0.12,0.25,112.58,11
18442,2472,1,100.36,0.45,0.25,125.45,83
18443,2472,5,90.06,0.13,0.25,112.58,87
18444,2472,7,85.17,0.31,0.25,106.46,78
18445,2472,8,88.43,0.31,0.25,110.54,93
18446,3177,2,7181.59,0.35,0.25,8976.99,30
18447,3177,6,7787.27,0.44,0.25,9734.09,76
18448,3177,4,7527.69,0.45,0.25,9409.61,89
18449,3177,10,7354.64,0.34,0.25,9193.3,94
18450,3177,9,7873.79,0.43,0.25,9842.24,22
18451,3177,8,7095.07,0.44,0.25,8868.84,97
18452,4790,7,431.77,0.32,0.25,539.71,86
18453,4790,10,494.62,0.47,0.25,618.28,87
18454,4790,6,480.96,0.37,0.25,601.2,64
18455,4093,1,683.34,0.47,0.25,854.18,59
18456,4093,3,594.21,0.15,0.25,742.76,53
18457,4093,10,657.34,0.47,0.25,821.68,30
18458,4093,2,646.2,0.42,0.25,807.75,43
18459,3121,5,2444.39,0.14,0.25,3055.49,35
18460,3121,9,2325.15,0.34,0.25,2906.44,12
18461,3121,6,2772.29,0.49,0.25,3465.36,74
18462,3121,8,2280.43,0.3,0.25,2850.54,59
18463,2080,8,18.6,0.42,0.25,23.25,84
18464,2080,1,18.29,0.45,0.25,22.86,88
18465,2080,7,18.5,0.39,0.25,23.12,65
18466,2080,5,17.13,0.11,0.25,21.41,43
18467,3477,8,577.9,0.4,0.25,722.38,94
18468,3477,3,503.65,0.12,0.25,629.56,15
18469,3477,9,545.62,0.34,0.25,682.02,25
18470,3477,10,513.33,0.32,0.25,641.66,98
18471,2810,10,17.95,0.39,0.25,22.44,91
18472,2810,2,18.82,0.45,0.25,23.52,29
18473,2810,8,20.13,0.47,0.25,25.16,12
18474,2342,2,113.9,0.39,0.25,142.38,28
18475,2342,9,111.9,0.33,0.25,139.88,44
18476,2342,5,103.25,0.13,0.25,129.06,43
18477,3649,7,6200.61,0.42,0.25,7750.76,65
18478,3649,5,5394.88,0.12,0.25,6743.6,47
18479,3649,2,5675.14,0.39,0.25,7093.92,24
18480,3649,4,5570.04,0.35,0.25,6962.55,49
18481,3649,1,6060.48,0.5,0.25,7575.6,71
18482,4442,7,2041.75,0.32,0.25,2552.19,24
18483,4442,2,2192.99,0.44,0.25,2741.24,61
18484,4442,6,2129.97,0.33,0.25,2662.46,53
18485,4442,9,2230.8,0.48,0.25,2788.5,19
18486,4442,1,2293.82,0.43,0.25,2867.28,15
18487,3767,8,3468.62,0.36,0.25,4335.77,11
18488,3767,5,3364.77,0.14,0.25,4205.96,70
18489,3767,3,3198.61,0.12,0.25,3998.26,72
18490,3767,9,3406.31,0.34,0.25,4257.89,60
18491,3893,7,278.38,0.33,0.25,347.98,10
18492,3893,1,298.01,0.31,0.25,372.51,69
18493,3893,9,310.5,0.35,0.25,388.12,18
18494,3893,2,292.66,0.34,0.25,365.83,85
18495,4154,10,1785.09,0.49,0.25,2231.36,19
18496,4154,6,1569.31,0.38,0.25,1961.64,70
18497,4154,2,1745.86,0.4,0.25,2182.32,33
18498,4075,10,1850.79,0.38,0.25,2313.49,88
18499,4075,7,1796.99,0.37,0.25,2246.24,24
18500,4075,4,1893.83,0.47,0.25,2367.29,72
18501,1825,2,4.42,0.45,0.25,5.52,35
18502,1825,9,4.66,0.49,0.25,5.82,93
18503,1825,6,4.73,0.47,0.25,5.91,79
18504,4542,6,104.53,0.38,0.25,130.66,69
18505,4542,2,103.92,0.46,0.25,129.9,38
18506,4542,8,102.69,0.44,0.25,128.36,51
18507,1332,5,48.36,0.13,0.25,60.45,75
18508,1332,8,51.67,0.44,0.25,64.59,49
18509,1332,10,53.17,0.4,0.25,66.46,74
18510,1332,4,46.86,0.34,0.25,58.58,46
18511,1332,7,51.37,0.39,0.25,64.21,17
18512,2482,2,9.49,0.44,0.25,11.86,99
18513,2482,1,9.55,0.36,0.25,11.94,98
18514,2482,9,9.89,0.49,0.25,12.36,72
18515,2482,4,9.72,0.33,0.25,12.15,34
18516,765,1,38.09,0.43,0.25,47.61,40
18517,765,9,41.47,0.47,0.25,51.84,87
18518,765,6,36.29,0.39,0.25,45.36,92
18519,3550,9,8355.2,0.38,0.25,10444.0,33
18520,3550,10,7785.52,0.41,0.25,9731.9,45
18521,3550,6,8782.45,0.46,0.25,10978.06,100
18522,3550,3,7880.47,0.12,0.25,9850.59,24
18523,3550,4,8687.5,0.48,0.25,10859.38,37
18524,3550,8,7405.74,0.35,0.25,9257.17,32
18525,5235,4,386.15,0.32,0.25,482.69,90
18526,5235,8,353.97,0.33,0.25,442.46,81
18527,5235,2,349.37,0.31,0.25,436.71,85
18528,5235,7,390.74,0.44,0.25,488.42,65
18529,5235,3,388.45,0.13,0.25,485.56,63
18530,342,5,45.12,0.12,0.25,56.4,25
18531,342,3,47.32,0.13,0.25,59.15,79
18532,342,10,47.32,0.49,0.25,59.15,55
18533,342,6,47.32,0.42,0.25,59.15,49
18534,342,4,44.84,0.37,0.25,56.05,52
18535,750,10,55.2,0.35,0.25,69.0,99
18536,750,7,52.6,0.42,0.25,65.75,29
18537,750,2,52.93,0.34,0.25,66.16,91
18538,750,3,55.2,0.11,0.25,69.0,52
18539,750,1,58.12,0.42,0.25,72.65,16
18540,750,4,50.0,0.32,0.25,62.5,86
18541,4675,1,113.68,0.31,0.25,142.1,60
18542,4675,5,110.84,0.12,0.25,138.55,57
18543,4675,10,113.68,0.33,0.25,142.1,54
18544,4675,8,119.36,0.36,0.25,149.2,25
18545,2501,1,96.68,0.46,0.25,120.85,69
18546,2501,7,98.41,0.37,0.25,123.01,34
18547,2501,4,106.47,0.46,0.25,133.09,79
18548,2501,8,104.17,0.48,0.25,130.21,87
18549,2501,5,90.35,0.11,0.25,112.94,29
18550,2501,2,97.26,0.43,0.25,121.58,50
18551,3193,1,2125.12,0.33,0.25,2656.4,34
18552,3193,4,2149.97,0.47,0.25,2687.46,61
18553,3193,2,2050.55,0.43,0.25,2563.19,25
18554,3714,3,2043.64,0.12,0.25,2554.55,10
18555,3714,8,2218.42,0.43,0.25,2773.02,23
18556,3714,5,2057.08,0.12,0.25,2571.35,95
18557,3714,9,2339.43,0.42,0.25,2924.29,56
18558,4193,5,463.46,0.13,0.25,579.32,97
18559,4193,9,444.49,0.33,0.25,555.61,32
18560,4193,4,482.43,0.49,0.25,603.04,80
18561,2089,7,9.13,0.38,0.25,11.41,80
18562,2089,3,9.3,0.11,0.25,11.62,25
18563,2089,1,9.52,0.4,0.25,11.9,51
18564,4483,10,944.49,0.41,0.25,1180.61,59
18565,4483,4,939.03,0.47,0.25,1173.79,28
18566,4483,7,917.2,0.44,0.25,1146.5,43
18567,4483,6,906.28,0.4,0.25,1132.85,29
18568,4483,1,895.36,0.41,0.25,1119.2,48
18569,4483,5,835.3,0.12,0.25,1044.12,11
18570,5143,1,467.14,0.43,0.25,583.92,21
18571,5143,9,511.63,0.48,0.25,639.54,30
18572,5143,7,506.07,0.45,0.25,632.59,74
18573,5143,8,475.48,0.42,0.25,594.35,100
18574,4269,8,1839.26,0.44,0.25,2299.07,25
18575,4269,7,1828.32,0.34,0.25,2285.4,53
18576,4269,10,1894.0,0.39,0.25,2367.5,20
18577,1442,5,15.45,0.11,0.25,19.31,33
18578,1442,4,17.9,0.42,0.25,22.38,91
18579,1442,10,16.37,0.38,0.25,20.46,54
18580,4132,1,1646.58,0.38,0.25,2058.22,98
18581,4132,2,1707.19,0.47,0.25,2133.99,76
18582,4132,4,1788.0,0.45,0.25,2235.0,31
18583,390,10,354.71,0.45,0.25,443.39,22
18584,390,7,356.78,0.36,0.25,445.98,89
18585,390,3,352.63,0.13,0.25,440.79,47
18586,390,5,319.44,0.11,0.25,399.3,72
18587,390,6,373.37,0.41,0.25,466.71,53
18588,390,9,333.96,0.39,0.25,417.45,64
18589,865,8,53.41,0.48,0.25,66.76,72
18590,865,7,47.41,0.46,0.25,59.26,100
18591,865,1,48.27,0.44,0.25,60.34,26
18592,865,6,47.98,0.31,0.25,59.97,44
18593,865,9,47.98,0.31,0.25,59.97,99
18594,5408,7,577.72,0.45,0.25,722.15,73
18595,5408,4,591.56,0.46,0.25,739.45,87
18596,5408,8,595.02,0.35,0.25,743.78,18
18597,2746,9,163.61,0.49,0.25,204.51,45
18598,2746,2,156.57,0.49,0.25,195.71,72
18599,2746,6,157.45,0.4,0.25,196.81,44
18600,2746,8,143.37,0.38,0.25,179.21,71
18601,2746,10,147.77,0.42,0.25,184.71,33
18602,2746,5,143.37,0.1,0.25,179.21,77
18603,3208,8,632.24,0.35,0.25,790.3,74
18604,3208,1,761.93,0.48,0.25,952.41,17
18605,3208,2,717.35,0.46,0.25,896.69,79
18606,5161,2,294.95,0.45,0.25,368.69,57
18607,5161,6,272.26,0.35,0.25,340.32,39
18608,5161,3,265.78,0.12,0.25,332.22,75
18609,5161,4,281.98,0.36,0.25,352.48,19
18610,5161,9,264.16,0.34,0.25,330.2,35
18611,735,6,78.17,0.4,0.25,97.71,66
18612,735,1,86.9,0.47,0.25,108.62,30
18613,735,10,83.02,0.33,0.25,103.78,42
18614,735,5,79.62,0.14,0.25,99.52,38
18615,1346,10,141.9,0.38,0.25,177.38,37
18616,1346,9,133.35,0.34,0.25,166.69,78
18617,1346,8,129.93,0.31,0.25,162.41,67
18618,1346,5,129.93,0.1,0.25,162.41,25
18619,4844,3,530.5,0.13,0.25,663.12,16
18620,4844,5,585.62,0.15,0.25,732.02,66
18621,4844,8,616.62,0.43,0.25,770.78,13
18622,4844,1,582.17,0.41,0.25,727.71,11
18623,4844,7,592.51,0.4,0.25,740.64,57
18624,4844,10,575.28,0.33,0.25,719.1,49
18625,296,1,257.17,0.47,0.25,321.46,100
18626,296,4,251.08,0.34,0.25,313.85,15
18627,296,7,272.38,0.49,0.25,340.48,40
18628,1696,7,85.77,0.44,0.25,107.21,38
18629,1696,10,79.33,0.36,0.25,99.16,99
18630,1696,9,75.86,0.31,0.25,94.82,87
18631,1696,1,90.73,0.5,0.25,113.41,31
18632,1696,5,83.29,0.12,0.25,104.11,43
18633,1737,3,237.01,0.14,0.25,296.26,99
18634,1737,10,273.47,0.41,0.25,341.84,59
18635,1737,2,264.36,0.41,0.25,330.45,36
18636,1737,1,253.72,0.32,0.25,317.15,37
18637,1737,7,258.28,0.34,0.25,322.85,51
18638,1623,2,807.01,0.32,0.25,1008.76,26
18639,1623,10,846.62,0.35,0.25,1058.28,70
18640,1623,5,782.26,0.12,0.25,977.82,92
18641,1623,9,856.52,0.48,0.25,1070.65,93
18642,4146,1,2477.6,0.39,0.25,3097.0,75
18643,4146,8,2378.49,0.39,0.25,2973.11,76
18644,4146,2,2364.34,0.43,0.25,2955.42,84
18645,4146,10,2420.97,0.37,0.25,3026.21,67
18646,2153,1,2.87,0.39,0.25,3.59,92
18647,2153,5,2.77,0.11,0.25,3.46,36
18648,2153,4,2.79,0.31,0.25,3.49,41
18649,79,4,282.9,0.43,0.25,353.62,99
18650,79,3,264.15,0.11,0.25,330.19,96
18651,79,2,243.83,0.31,0.25,304.79,13
18652,79,1,256.33,0.32,0.25,320.41,25
18653,79,10,250.08,0.32,0.25,312.6,69
18654,79,7,278.21,0.43,0.25,347.76,60
18655,25,8,2366.86,0.39,0.25,2958.58,74
18656,25,3,2544.38,0.13,0.25,3180.48,100
18657,25,10,2440.83,0.39,0.25,3051.04,31
18658,25,6,2707.1,0.49,0.25,3383.88,40
18659,2225,2,127.28,0.39,0.25,159.1,52
18660,2225,9,121.07,0.34,0.25,151.34,71
18661,2225,1,126.5,0.31,0.25,158.12,68
18662,2225,3,121.85,0.12,0.25,152.31,18
18663,80,2,684.5,0.4,0.25,855.62,82
18664,80,9,700.89,0.38,0.25,876.11,54
18665,80,3,643.51,0.14,0.25,804.39,64
18666,80,6,672.2,0.4,0.25,840.25,15
18667,80,4,659.91,0.3,0.25,824.89,99
18668,806,10,24.41,0.39,0.25,30.51,39
18669,806,1,25.17,0.44,0.25,31.46,70
18670,806,7,25.17,0.3,0.25,31.46,15
18671,564,10,26.32,0.35,0.25,32.9,15
18672,564,8,26.65,0.38,0.25,33.31,24
18673,564,5,27.8,0.13,0.25,34.75,47
18674,564,3,27.8,0.14,0.25,34.75,96
18675,1121,6,114.84,0.44,0.25,143.55,53
18676,1121,3,109.4,0.12,0.25,136.75,18
18677,1121,2,116.87,0.4,0.25,146.09,60
18678,1121,9,112.12,0.34,0.25,140.15,35
18679,3726,9,1125.04,0.43,0.25,1406.3,47
18680,3726,10,1032.39,0.33,0.25,1290.49,43
18681,3726,3,1058.86,0.13,0.25,1323.57,55
18682,3726,4,1065.48,0.35,0.25,1331.85,36
18683,3726,5,1144.9,0.13,0.25,1431.12,62
18684,2626,7,103.23,0.36,0.25,129.04,29
18685,2626,8,110.46,0.36,0.25,138.07,76
18686,2626,1,114.4,0.46,0.25,143.0,29
18687,2626,9,111.78,0.48,0.25,139.72,85
18688,2626,2,120.32,0.49,0.25,150.4,31
18689,2626,4,117.04,0.39,0.25,146.3,71
18690,2094,1,6.54,0.34,0.25,8.18,71
18691,2094,6,7.75,0.48,0.25,9.69,53
18692,2094,4,7.08,0.41,0.25,8.85,91
18693,2094,8,7.5,0.39,0.25,9.38,23
18694,2094,2,7.46,0.49,0.25,9.32,87
18695,2094,7,7.33,0.48,0.25,9.16,26
18696,2419,2,71.81,0.38,0.25,89.76,49
18697,2419,6,71.4,0.46,0.25,89.25,91
18698,2419,4,66.13,0.33,0.25,82.66,76
18699,4840,8,387.58,0.34,0.25,484.48,88
18700,4840,5,375.84,0.1,0.25,469.8,10
18701,4840,10,375.84,0.31,0.25,469.8,90
18702,4840,3,364.1,0.13,0.25,455.12,16
18703,4840,2,401.68,0.47,0.25,502.1,89
18704,4520,3,357.98,0.12,0.25,447.48,99
18705,4520,4,379.94,0.39,0.25,474.92,18
18706,4520,8,366.77,0.32,0.25,458.46,19
18707,4520,1,375.55,0.38,0.25,469.44,81
18708,4613,1,1101.59,0.39,0.25,1376.99,71
18709,4613,5,1134.77,0.11,0.25,1418.46,16
18710,4613,10,1181.23,0.4,0.25,1476.54,10
18711,1238,8,19.46,0.32,0.25,24.33,64
18712,1238,4,19.94,0.41,0.25,24.92,17
18713,1238,6,19.94,0.32,0.25,24.92,96
18714,1238,7,21.13,0.42,0.25,26.41,38
18715,3332,3,6234.8,0.15,0.25,7793.5,69
18716,3332,5,6313.23,0.11,0.25,7891.54,85
18717,3332,4,6705.35,0.46,0.25,8381.69,99
18718,3332,1,6626.93,0.33,0.25,8283.66,87
18719,3332,2,6979.84,0.47,0.25,8724.8,33
18720,4637,4,1381.86,0.37,0.25,1727.32,34
18721,4637,3,1241.33,0.11,0.25,1551.66,28
18722,4637,8,1280.36,0.38,0.25,1600.45,60
18723,2274,6,98.64,0.31,0.25,123.3,60
18724,2274,9,100.42,0.45,0.25,125.52,33
18725,2274,2,111.12,0.49,0.25,138.9,52
18726,2274,5,92.7,0.12,0.25,115.88,83
18727,2274,10,96.26,0.31,0.25,120.32,69
18728,2274,7,99.23,0.37,0.25,124.04,48
18729,5037,3,590.9,0.11,0.25,738.62,82
18730,5037,8,590.9,0.46,0.25,738.62,83
18731,5037,6,555.51,0.33,0.25,694.39,100
18732,5037,10,629.82,0.48,0.25,787.28,16
18733,5037,4,601.51,0.36,0.25,751.89,42
18734,4236,7,2094.08,0.35,0.25,2617.6,93
18735,4236,2,2094.08,0.4,0.25,2617.6,62
18736,4236,1,2144.24,0.41,0.25,2680.3,14
18737,4236,5,2018.84,0.14,0.25,2523.55,68
18738,1112,1,49.06,0.32,0.25,61.32,59
18739,1112,9,49.93,0.48,0.25,62.41,72
18740,1112,5,48.2,0.12,0.25,60.25,65
18741,1112,2,46.18,0.36,0.25,57.72,38
18742,1112,6,47.91,0.43,0.25,59.89,60
18743,3158,6,6817.9,0.47,0.25,8522.38,92
18744,3158,2,7140.64,0.37,0.25,8925.8,94
18745,3158,9,7261.67,0.4,0.25,9077.09,70
18746,4618,10,370.44,0.44,0.25,463.05,36
18747,4618,6,370.44,0.37,0.25,463.05,25
18748,4618,1,366.16,0.45,0.25,457.7,21
18749,4618,3,351.17,0.11,0.25,438.96,93
18750,1366,5,59.57,0.12,0.25,74.46,41
18751,1366,6,66.92,0.36,0.25,83.65,59
18752,1366,10,68.46,0.44,0.25,85.57,82
18753,1366,2,68.46,0.37,0.25,85.57,59
18754,510,8,477.68,0.48,0.25,597.1,63
18755,510,6,469.54,0.36,0.25,586.93,72
18756,510,3,431.54,0.11,0.25,539.43,56
18757,510,7,477.68,0.38,0.25,597.1,47
18758,2128,6,33.01,0.37,0.25,41.26,33
18759,2128,4,33.21,0.48,0.25,41.51,95
18760,2128,3,31.46,0.15,0.25,39.33,20
18761,2128,9,30.68,0.36,0.25,38.35,81
18762,2128,7,30.49,0.3,0.25,38.11,76
18763,3590,3,6329.27,0.15,0.25,7911.59,48
18764,3590,9,6516.53,0.4,0.25,8145.66,20
18765,3590,4,6778.69,0.5,0.25,8473.36,71
18766,3590,10,6816.14,0.46,0.25,8520.18,77
18767,4325,10,1317.04,0.33,0.25,1646.3,57
18768,4325,6,1350.6,0.39,0.25,1688.25,66
18769,4325,5,1275.1,0.1,0.25,1593.88,13
18770,525,2,220.53,0.37,0.25,275.66,33
18771,525,4,213.89,0.32,0.25,267.36,34
18772,525,9,241.79,0.46,0.25,302.24,79
18773,525,3,217.87,0.14,0.25,272.34,90
18774,2324,7,40.18,0.33,0.25,50.22,29
18775,2324,10,39.71,0.49,0.25,49.64,70
18776,2324,5,35.48,0.1,0.25,44.35,88
18777,2324,8,39.95,0.39,0.25,49.94,55
18778,2324,2,41.83,0.38,0.25,52.29,50
18779,2324,6,39.95,0.46,0.25,49.94,42
18780,706,1,68.26,0.4,0.25,85.32,73
18781,706,9,71.1,0.42,0.25,88.88,39
18782,706,6,73.95,0.46,0.25,92.44,35
18783,706,7,69.48,0.35,0.25,86.85,14
18784,706,3,68.66,0.11,0.25,85.82,38
18785,706,10,67.04,0.34,0.25,83.8,52
18786,3438,1,108.22,0.5,0.25,135.28,57
18787,3438,6,93.79,0.32,0.25,117.24,19
18788,3438,5,98.6,0.11,0.25,123.25,100
18789,3438,10,104.61,0.35,0.25,130.76,41
18790,4260,9,1222.29,0.33,0.25,1527.86,62
18791,4260,7,1222.29,0.31,0.25,1527.86,77
18792,4260,1,1252.28,0.4,0.25,1565.35,100
18793,3675,1,5068.04,0.38,0.25,6335.05,80
18794,3675,2,5414.3,0.4,0.25,6767.88,56
18795,3675,3,5068.04,0.1,0.25,6335.05,14
18796,3675,9,5068.04,0.35,0.25,6335.05,27
18797,3675,4,5634.65,0.46,0.25,7043.31,99
18798,3675,10,5508.74,0.38,0.25,6885.92,12
18799,3400,5,1309.76,0.13,0.25,1637.2,54
18800,3400,6,1246.64,0.3,0.25,1558.3,99
18801,3400,7,1317.65,0.45,0.25,1647.06,87
18802,3400,1,1286.09,0.38,0.25,1607.61,49
18803,669,2,63.44,0.36,0.25,79.3,87
18804,669,9,71.9,0.48,0.25,89.88,31
18805,669,10,66.9,0.48,0.25,83.62,56
18806,669,1,73.06,0.5,0.25,91.32,62
18807,558,1,13.22,0.43,0.25,16.53,56
18808,558,7,14.02,0.36,0.25,17.52,33
18809,558,10,13.14,0.42,0.25,16.42,67
18810,558,3,12.25,0.11,0.25,15.31,61
18811,558,9,13.46,0.46,0.25,16.83,84
18812,4029,4,2358.32,0.38,0.25,2947.9,32
18813,4029,6,2589.81,0.4,0.25,3237.26,35
18814,4029,10,2618.74,0.43,0.25,3273.42,30
18815,5251,7,274.05,0.48,0.25,342.56,91
18816,5251,6,291.89,0.43,0.25,364.86,10
18817,5251,3,265.94,0.14,0.25,332.42,22
18818,4526,9,1177.15,0.4,0.25,1471.44,46
18819,4526,4,1163.46,0.31,0.25,1454.32,70
18820,4526,8,1279.81,0.49,0.25,1599.76,80
18821,4526,3,1074.49,0.15,0.25,1343.11,78
18822,4526,10,1101.87,0.4,0.25,1377.34,87
18823,1788,5,693.85,0.11,0.25,867.31,60
18824,1788,10,702.31,0.42,0.25,877.89,59
18825,1788,3,672.7,0.12,0.25,840.88,52
18826,1788,1,651.54,0.32,0.25,814.42,58
18827,1788,6,727.7,0.42,0.25,909.62,22
18828,5329,3,431.81,0.13,0.25,539.76,82
18829,5329,10,461.49,0.38,0.25,576.86,65
18830,5329,9,491.18,0.48,0.25,613.98,86
18831,5329,4,456.1,0.45,0.25,570.12,55
18832,5329,7,477.69,0.42,0.25,597.11,31
18833,5329,5,448.0,0.13,0.25,560.0,100
18834,2311,2,101.06,0.43,0.25,126.32,41
18835,2311,8,95.55,0.31,0.25,119.44,95
18836,2311,1,103.51,0.31,0.25,129.39,31
18837,5192,9,431.59,0.36,0.25,539.49,76
18838,5192,5,410.66,0.12,0.25,513.33,88
18839,5192,7,449.9,0.42,0.25,562.38,16
18840,5192,1,418.51,0.31,0.25,523.14,15
18841,5192,8,436.82,0.44,0.25,546.02,21
18842,593,6,41.06,0.44,0.25,51.32,86
18843,593,7,39.39,0.42,0.25,49.24,20
18844,593,2,42.97,0.49,0.25,53.71,59
18845,593,9,42.97,0.41,0.25,53.71,83
18846,593,4,38.67,0.32,0.25,48.34,46
18847,1922,6,28.88,0.34,0.25,36.1,55
18848,1922,9,29.23,0.45,0.25,36.54,76
18849,1922,2,29.58,0.44,0.25,36.97,72
18850,1922,7,30.1,0.48,0.25,37.62,39
18851,2749,6,286.7,0.43,0.25,358.38,98
18852,2749,8,256.27,0.36,0.25,320.34,11
18853,2749,10,280.3,0.36,0.25,350.38,50
18854,2749,2,246.66,0.31,0.25,308.32,74
18855,2749,9,285.1,0.46,0.25,356.38,64
18856,2749,1,283.5,0.45,0.25,354.38,81
18857,3471,9,8783.09,0.46,0.25,10978.86,81
18858,3471,3,7535.49,0.11,0.25,9419.36,57
18859,3471,7,8982.7,0.44,0.25,11228.38,90
18860,3471,4,8433.76,0.35,0.25,10542.2,90
18861,960,4,243.33,0.34,0.25,304.16,75
18862,960,3,234.37,0.13,0.25,292.96,45
18863,960,10,244.82,0.39,0.25,306.02,22
18864,4995,1,151.82,0.42,0.25,189.77,12
18865,4995,8,139.6,0.36,0.25,174.5,63
18866,4995,9,144.84,0.31,0.25,181.05,96
18867,4995,7,151.82,0.34,0.25,189.77,64
18868,1080,2,62.22,0.48,0.25,77.78,64
18869,1080,7,62.95,0.41,0.25,78.69,59
18870,1080,3,59.66,0.11,0.25,74.57,19
18871,1080,8,60.76,0.31,0.25,75.95,69
18872,5061,10,556.32,0.44,0.25,695.4,67
18873,5061,4,568.82,0.43,0.25,711.03,100
18874,5061,9,556.32,0.48,0.25,695.4,44
18875,5061,8,512.57,0.44,0.25,640.71,23
18876,5061,5,506.31,0.14,0.25,632.89,70
18877,5061,7,496.94,0.36,0.25,621.17,34
18878,5258,10,59.07,0.34,0.25,73.84,81
18879,5258,4,65.16,0.46,0.25,81.45,53
18880,5258,1,63.37,0.38,0.25,79.21,84
18881,5258,9,64.44,0.42,0.25,80.55,66
18882,2275,1,85.39,0.46,0.25,106.74,77
18883,2275,10,85.9,0.42,0.25,107.38,30
18884,2275,7,77.26,0.31,0.25,96.58,75
18885,2275,9,85.39,0.48,0.25,106.74,77
18886,1530,2,653.12,0.45,0.25,816.4,42
18887,1530,5,611.35,0.12,0.25,764.19,80
18888,1530,10,668.31,0.38,0.25,835.39,42
18889,1530,6,649.32,0.43,0.25,811.65,42
18890,1530,3,599.96,0.12,0.25,749.95,82
18891,930,6,213.14,0.5,0.25,266.42,27
18892,930,8,198.24,0.5,0.25,247.8,24
18893,930,3,192.51,0.11,0.25,240.64,26
18894,930,5,179.91,0.12,0.25,224.89,96
18895,930,7,202.82,0.42,0.25,253.52,72
18896,930,9,208.55,0.42,0.25,260.69,39
18897,4379,4,1876.48,0.36,0.25,2345.6,37
18898,4379,6,1631.26,0.33,0.25,2039.08,27
18899,4379,1,1716.55,0.39,0.25,2145.69,33
18900,5286,7,157.9,0.31,0.25,197.38,100
18901,5286,6,162.54,0.45,0.25,203.18,95
18902,5286,5,158.82,0.15,0.25,198.52,31
18903,5286,1,156.04,0.37,0.25,195.05,58
18904,5286,2,159.75,0.35,0.25,199.69,46
18905,2376,6,125.07,0.49,0.25,156.34,76
18906,2376,8,116.82,0.44,0.25,146.02,92
18907,2376,4,111.33,0.33,0.25,139.16,22
18908,1039,3,209.71,0.15,0.25,262.14,89
18909,1039,6,207.15,0.32,0.25,258.94,92
18910,1039,5,194.36,0.1,0.25,242.95,67
18911,1039,1,213.54,0.4,0.25,266.92,71
18912,1671,9,437.49,0.36,0.25,546.86,77
18913,1671,7,421.48,0.3,0.25,526.85,17
18914,1671,1,456.16,0.34,0.25,570.2,55
18915,1671,4,453.49,0.35,0.25,566.86,94
18916,5070,7,189.87,0.34,0.25,237.34,38
18917,5070,8,187.64,0.46,0.25,234.55,39
18918,5070,9,206.63,0.49,0.25,258.29,14
18919,5070,4,202.16,0.46,0.25,252.7,99
18920,5070,10,183.17,0.43,0.25,228.96,18
18921,1664,3,734.48,0.11,0.25,918.1,12
18922,1664,8,774.07,0.36,0.25,967.59,66
18923,1664,2,774.07,0.43,0.25,967.59,23
18924,1664,6,743.28,0.33,0.25,929.1,50
18925,413,7,101.53,0.36,0.25,126.91,84
18926,413,10,96.34,0.3,0.25,120.43,24
18927,413,2,99.8,0.43,0.25,124.75,99
18928,413,9,99.8,0.37,0.25,124.75,73
18929,1336,6,12.58,0.45,0.25,15.72,73
18930,1336,8,12.44,0.4,0.25,15.55,81
18931,1336,9,11.24,0.36,0.25,14.05,12
18932,1336,10,11.95,0.48,0.25,14.94,47
18933,1336,7,11.38,0.32,0.25,14.23,80
18934,1755,6,766.7,0.37,0.25,958.38,93
18935,1755,7,712.26,0.35,0.25,890.32,10
18936,1755,8,716.8,0.34,0.25,896.0,67
18937,1755,9,807.53,0.4,0.25,1009.41,23
18938,3267,6,2373.78,0.38,0.25,2967.23,73
18939,3267,5,2277.74,0.1,0.25,2847.18,71
18940,3267,7,2332.62,0.41,0.25,2915.77,87
18941,3267,10,2167.97,0.36,0.25,2709.96,38
18942,3267,8,2277.74,0.44,0.25,2847.18,78
18943,52,4,785.42,0.37,0.25,981.78,58
18944,52,9,771.39,0.31,0.25,964.24,67
18945,52,8,752.69,0.38,0.25,940.86,11
18946,52,2,808.79,0.35,0.25,1010.99,23
18947,52,5,780.74,0.14,0.25,975.92,13
18948,52,6,841.52,0.42,0.25,1051.9,53
18949,1894,2,12.1,0.31,0.25,15.12,32
18950,1894,8,11.46,0.31,0.25,14.32,51
18951,1894,9,10.88,0.31,0.25,13.6,12
18952,1894,7,11.31,0.34,0.25,14.14,32
18953,1894,5,11.46,0.11,0.25,14.32,24
18954,1894,10,11.74,0.38,0.25,14.68,13
18955,5382,8,300.83,0.41,0.25,376.04,92
18956,5382,4,332.21,0.42,0.25,415.26,45
18957,5382,7,339.59,0.46,0.25,424.49,48
18958,5382,6,302.68,0.3,0.25,378.35,11
18959,4893,3,192.38,0.12,0.25,240.48,62
18960,4893,6,186.62,0.34,0.25,233.28,97
18961,4893,5,182.02,0.13,0.25,227.52,29
18962,4893,4,187.78,0.33,0.25,234.72,89
18963,5339,4,84.39,0.5,0.25,105.49,88
18964,5339,2,80.56,0.44,0.25,100.7,57
18965,5339,3,79.6,0.11,0.25,99.5,36
18966,5339,9,81.99,0.4,0.25,102.49,22
18967,5339,7,80.56,0.45,0.25,100.7,70
18968,1953,7,15.25,0.31,0.25,19.06,54
18969,1953,4,16.93,0.5,0.25,21.16,73
18970,1953,1,15.25,0.34,0.25,19.06,71
18971,1263,9,180.13,0.47,0.25,225.16,91
18972,1263,8,180.13,0.44,0.25,225.16,39
18973,1263,5,167.26,0.13,0.25,209.08,93
18974,1263,3,153.4,0.12,0.25,191.75,43
18975,1263,2,174.19,0.5,0.25,217.74,40
18976,1263,4,159.34,0.36,0.25,199.18,13
18977,1240,4,151.03,0.35,0.25,188.79,39
18978,1240,7,151.03,0.3,0.25,188.79,46
18979,1240,9,156.43,0.37,0.25,195.54,27
18980,1240,6,151.03,0.45,0.25,188.79,37
18981,2320,5,114.42,0.14,0.25,143.02,61
18982,2320,4,125.49,0.49,0.25,156.86,100
18983,2320,7,123.28,0.42,0.25,154.1,85
18984,2320,3,127.71,0.14,0.25,159.64,55
18985,2320,10,126.23,0.32,0.25,157.79,22
18986,2320,6,130.66,0.48,0.25,163.32,89
18987,784,5,56.84,0.11,0.25,71.05,71
18988,784,10,61.13,0.38,0.25,76.41,96
18989,784,6,57.92,0.4,0.25,72.4,71
18990,784,2,62.92,0.38,0.25,78.65,68
18991,784,4,61.13,0.36,0.25,76.41,79
18992,784,1,63.28,0.48,0.25,79.1,74
18993,4957,5,37.54,0.11,0.25,46.92,97
18994,4957,3,36.85,0.14,0.25,46.06,54
18995,4957,10,36.62,0.31,0.25,45.78,16
18996,4957,9,41.45,0.44,0.25,51.81,29
18997,4957,2,41.22,0.42,0.25,51.52,58
18998,2842,6,180.37,0.41,0.25,225.46,68
18999,2842,1,170.4,0.33,0.25,213.0,19
19000,2842,9,159.44,0.39,0.25,199.3,52
19001,2842,8,172.39,0.5,0.25,215.49,21
19002,2842,10,169.4,0.34,0.25,211.75,36
19003,2842,2,162.43,0.4,0.25,203.04,50
19004,464,7,288.4,0.46,0.25,360.5,17
19005,464,5,266.21,0.14,0.25,332.76,95
19006,464,8,274.14,0.47,0.25,342.67,39
19007,464,3,267.8,0.11,0.25,334.75,65
19008,464,4,277.3,0.4,0.25,346.62,79
19009,464,10,263.04,0.45,0.25,328.8,39
19010,4076,1,102.62,0.39,0.25,128.28,92
19011,4076,7,104.48,0.41,0.25,130.6,35
19012,4076,2,103.24,0.43,0.25,129.05,84
19013,2169,1,13.23,0.48,0.25,16.54,48
19014,2169,10,12.36,0.47,0.25,15.45,37
19015,2169,7,11.86,0.44,0.25,14.82,29
19016,2169,8,11.93,0.37,0.25,14.91,35
19017,4007,7,801.22,0.41,0.25,1001.53,47
19018,4007,3,755.44,0.13,0.25,944.3,66
19019,4007,1,814.96,0.41,0.25,1018.7,20
19020,3029,7,1069.58,0.36,0.25,1336.98,37
19021,3029,3,1055.95,0.1,0.25,1319.94,17
19022,3029,4,1049.14,0.34,0.25,1311.43,28
19023,3029,6,1062.77,0.36,0.25,1328.46,57
19024,3029,9,1226.27,0.42,0.25,1532.84,95
19025,3029,5,1178.58,0.13,0.25,1473.22,49
19026,1701,10,494.02,0.39,0.25,617.52,42
19027,1701,6,445.19,0.3,0.25,556.49,59
19028,1701,9,539.97,0.49,0.25,674.96,23
19029,5068,5,485.87,0.12,0.25,607.34,54
19030,5068,9,531.42,0.37,0.25,664.28,38
19031,5068,2,501.06,0.37,0.25,626.33,43
19032,5068,7,522.31,0.36,0.25,652.89,52
19033,4230,2,918.36,0.41,0.25,1147.95,89
19034,4230,1,951.75,0.38,0.25,1189.69,22
19035,4230,10,962.88,0.39,0.25,1203.6,10
19036,4230,9,968.45,0.44,0.25,1210.56,35
19037,4507,8,1265.63,0.43,0.25,1582.04,17
19038,4507,7,1280.88,0.33,0.25,1601.1,17
19039,4507,6,1258.01,0.42,0.25,1572.51,87
19040,4507,5,1258.01,0.1,0.25,1572.51,87
19041,4507,4,1296.13,0.33,0.25,1620.16,77
19042,4507,10,1166.52,0.3,0.25,1458.15,30
19043,3025,5,7495.8,0.13,0.25,9369.75,51
19044,3025,8,7171.91,0.31,0.25,8964.89,63
19045,3025,7,7264.45,0.33,0.25,9080.56,97
19046,3025,4,8051.05,0.49,0.25,10063.81,95
19047,3025,3,7588.35,0.15,0.25,9485.44,22
19048,271,3,271.5,0.12,0.25,339.38,79
19049,271,2,286.4,0.42,0.25,358.0,42
19050,271,1,269.85,0.31,0.25,337.31,49
19051,271,6,281.44,0.44,0.25,351.8,16
19052,3170,1,2695.83,0.44,0.25,3369.79,55
19053,3170,7,2599.55,0.36,0.25,3249.44,55
19054,3170,3,2727.92,0.15,0.25,3409.9,43
19055,3170,2,2920.48,0.5,0.25,3650.6,47
19056,3170,5,2487.22,0.12,0.25,3109.02,69
19057,976,8,44.13,0.32,0.25,55.16,11
19058,976,1,47.3,0.35,0.25,59.12,11
19059,976,7,51.34,0.41,0.25,64.18,86
19060,976,3,44.41,0.13,0.25,55.51,14
19061,1103,5,33.13,0.13,0.25,41.41,42
19062,1103,7,36.96,0.35,0.25,46.2,98
19063,1103,1,33.56,0.36,0.25,41.95,53
19064,1103,2,39.08,0.45,0.25,48.85,31
19065,1103,10,36.75,0.39,0.25,45.94,41
19066,1103,8,38.23,0.42,0.25,47.79,82
19067,3062,4,1720.22,0.34,0.25,2150.28,68
19068,3062,5,1853.4,0.15,0.25,2316.75,82
19069,3062,10,1764.61,0.36,0.25,2205.76,25
19070,3062,2,1842.3,0.39,0.25,2302.88,95
19071,1282,2,49.14,0.43,0.25,61.42,38
19072,1282,4,48.04,0.35,0.25,60.05,54
19073,1282,7,48.04,0.41,0.25,60.05,21
19074,1968,10,20.43,0.36,0.25,25.54,14
19075,1968,6,21.31,0.32,0.25,26.64,78
19076,1968,2,20.81,0.38,0.25,26.01,19
19077,1968,3,21.06,0.13,0.25,26.32,37
19078,1968,5,20.31,0.11,0.25,25.39,72
19079,1071,7,59.3,0.43,0.25,74.12,18
19080,1071,3,54.38,0.14,0.25,67.98,41
19081,1071,4,53.4,0.42,0.25,66.75,49
19082,1071,6,54.05,0.33,0.25,67.56,19
19083,1071,5,52.74,0.14,0.25,65.92,83
19084,2063,8,12.4,0.45,0.25,15.5,82
19085,2063,6,11.6,0.32,0.25,14.5,97
19086,2063,1,12.48,0.31,0.25,15.6,11
19087,4227,5,2008.05,0.13,0.25,2510.06,13
19088,4227,9,2071.6,0.4,0.25,2589.5,84
19089,4227,1,2008.05,0.31,0.25,2510.06,49
19090,4227,2,2300.37,0.45,0.25,2875.46,41
19091,4227,10,1982.64,0.31,0.25,2478.3,89
19092,4227,8,2274.95,0.44,0.25,2843.69,97
19093,474,5,418.72,0.13,0.25,523.4,87
19094,474,7,458.47,0.34,0.25,573.09,59
19095,474,6,479.67,0.45,0.25,599.59,81
19096,2636,6,75.79,0.36,0.25,94.74,34
19097,2636,9,79.58,0.33,0.25,99.48,38
19098,2636,4,84.79,0.46,0.25,105.99,92
19099,2636,8,75.32,0.35,0.25,94.15,56
19100,5338,6,553.51,0.39,0.25,691.89,30
19101,5338,10,569.06,0.49,0.25,711.32,58
19102,5338,4,534.85,0.35,0.25,668.56,31
19103,5338,5,534.85,0.13,0.25,668.56,30
19104,5338,3,497.54,0.13,0.25,621.93,72
19105,5338,8,562.84,0.43,0.25,703.55,14
19106,329,6,165.8,0.43,0.25,207.25,22
19107,329,1,157.27,0.36,0.25,196.59,66
19108,329,2,167.69,0.48,0.25,209.61,65
19109,456,2,271.04,0.39,0.25,338.8,72
19110,456,8,291.89,0.49,0.25,364.86,94
19111,456,6,296.7,0.48,0.25,370.88,69
19112,456,4,274.25,0.43,0.25,342.81,15
19113,456,1,271.04,0.31,0.25,338.8,28
19114,2308,2,131.14,0.33,0.25,163.92,55
19115,2308,5,123.99,0.12,0.25,154.99,81
19116,2308,8,131.94,0.35,0.25,164.92,26
19117,2308,7,127.96,0.39,0.25,159.95,22
19118,1718,2,543.14,0.43,0.25,678.92,58
19119,1718,7,472.56,0.33,0.25,590.7,43
19120,1718,10,518.59,0.31,0.25,648.24,30
19121,1718,1,546.21,0.44,0.25,682.76,54
19122,1718,3,500.18,0.14,0.25,625.22,16
19123,4765,7,480.5,0.48,0.25,600.62,12
19124,4765,4,448.64,0.39,0.25,560.8,54
19125,4765,2,456.61,0.49,0.25,570.76,92
19126,4765,10,430.06,0.37,0.25,537.58,76
19127,4765,1,475.19,0.48,0.25,593.99,100
19128,3646,5,3877.65,0.11,0.25,4847.06,92
19129,3646,1,3757.23,0.35,0.25,4696.54,20
19130,3646,3,4022.16,0.12,0.25,5027.7,12
19131,3646,6,4335.26,0.44,0.25,5419.08,19
19132,3646,4,4094.42,0.49,0.25,5118.02,45
19133,3646,9,4190.76,0.43,0.25,5238.45,95
19134,817,7,70.0,0.5,0.25,87.5,29
19135,817,10,65.98,0.35,0.25,82.48,95
19136,817,6,67.18,0.38,0.25,83.98,31
19137,817,2,63.56,0.35,0.25,79.45,19
19138,2487,10,102.65,0.39,0.25,128.31,33
19139,2487,1,113.91,0.42,0.25,142.39,21
19140,2487,5,99.52,0.11,0.25,124.4,93
19141,2487,4,107.65,0.48,0.25,134.56,76
19142,2487,7,108.91,0.35,0.25,136.14,59
19143,2740,1,203.7,0.31,0.25,254.62,88
19144,2740,8,213.88,0.46,0.25,267.35,74
19145,2740,2,207.52,0.34,0.25,259.4,99
19146,2740,4,212.61,0.37,0.25,265.76,66
19147,1048,5,195.9,0.13,0.25,244.88,39
19148,1048,10,212.42,0.45,0.25,265.52,69
19149,1048,6,199.44,0.48,0.25,249.3,19
19150,1048,8,221.86,0.5,0.25,277.33,10
19151,1048,3,184.1,0.12,0.25,230.12,63
19152,1822,6,5.63,0.38,0.25,7.04,48
19153,1822,1,5.26,0.36,0.25,6.57,11
19154,1822,9,5.99,0.48,0.25,7.49,24
19155,2364,3,87.36,0.12,0.25,109.2,70
19156,2364,10,94.29,0.47,0.25,117.86,32
19157,2364,4,87.36,0.35,0.25,109.2,47
19158,2364,9,83.63,0.37,0.25,104.54,50
19159,2364,6,86.83,0.39,0.25,108.54,90
19160,2364,2,92.69,0.46,0.25,115.86,43
19161,1995,1,25.24,0.33,0.25,31.55,87
19162,1995,6,29.01,0.45,0.25,36.26,49
19163,1995,10,26.66,0.49,0.25,33.33,100
19164,469,2,161.11,0.5,0.25,201.39,46
19165,469,9,159.21,0.47,0.25,199.01,89
19166,469,4,159.21,0.35,0.25,199.01,32
19167,469,3,163.0,0.15,0.25,203.75,65
19168,469,10,170.59,0.49,0.25,213.24,19
19169,469,1,154.48,0.34,0.25,193.1,87
19170,3876,5,382.73,0.12,0.25,478.41,18
19171,3876,4,364.62,0.37,0.25,455.78,61
19172,3876,9,396.32,0.39,0.25,495.4,85
19173,3876,2,366.88,0.3,0.25,458.6,47
19174,3876,1,373.68,0.44,0.25,467.1,68
19175,3876,6,391.79,0.45,0.25,489.74,77
19176,4077,1,1876.96,0.41,0.25,2346.2,70
19177,4077,9,1921.92,0.44,0.25,2402.4,48
19178,4077,7,1899.44,0.44,0.25,2374.3,67
19179,4077,2,1921.92,0.39,0.25,2402.4,98
19180,3455,9,7768.94,0.37,0.25,9711.17,75
19181,3455,7,8092.65,0.42,0.25,10115.81,99
19182,3455,8,7537.72,0.38,0.25,9422.15,65
19183,3455,1,8508.84,0.47,0.25,10636.05,78
19184,3455,2,8370.11,0.46,0.25,10462.64,96
19185,3455,6,7121.53,0.33,0.25,8901.91,97
19186,2948,9,107.73,0.42,0.25,134.66,50
19187,2948,8,107.73,0.32,0.25,134.66,73
19188,2948,1,114.07,0.47,0.25,142.59,76
19189,2948,10,115.97,0.44,0.25,144.96,84
19190,2948,7,110.26,0.45,0.25,137.83,55
19191,3127,9,5546.89,0.42,0.25,6933.61,51
19192,3127,7,6118.38,0.45,0.25,7647.98,27
19193,3127,8,5311.56,0.32,0.25,6639.45,26
19194,3127,5,5513.27,0.12,0.25,6891.59,54
19195,3127,6,5782.21,0.42,0.25,7227.76,76
19196,4209,8,1042.46,0.48,0.25,1303.08,79
19197,4209,7,1030.54,0.38,0.25,1288.18,61
19198,4209,6,1072.24,0.47,0.25,1340.3,85
19199,4209,9,965.02,0.31,0.25,1206.28,46
19200,4209,10,1030.54,0.38,0.25,1288.18,100
19201,4209,2,976.93,0.3,0.25,1221.16,36
19202,3759,1,2947.87,0.41,0.25,3684.84,19
19203,3759,9,2947.87,0.35,0.25,3684.84,13
19204,3759,6,3073.69,0.36,0.25,3842.11,42
19205,3759,3,3073.69,0.15,0.25,3842.11,84
19206,3759,4,2786.09,0.31,0.25,3482.61,94
19207,4687,7,84.56,0.44,0.25,105.7,42
19208,4687,5,85.05,0.13,0.25,106.31,92
19209,4687,3,82.59,0.15,0.25,103.24,48
19210,5120,10,415.41,0.35,0.25,519.26,11
19211,5120,3,391.53,0.11,0.25,489.41,28
19212,5120,6,398.7,0.43,0.25,498.38,61
19213,5120,1,410.63,0.34,0.25,513.29,69
19214,4620,6,388.93,0.48,0.25,486.16,64
19215,4620,7,332.44,0.33,0.25,415.55,54
19216,4620,5,362.86,0.15,0.25,453.58,28
19217,4440,9,2832.56,0.42,0.25,3540.7,90
19218,4440,3,2736.0,0.11,0.25,3420.0,54
19219,4440,2,2639.43,0.31,0.25,3299.29,88
19220,3060,1,3055.32,0.44,0.25,3819.15,54
19221,3060,8,3020.0,0.43,0.25,3775.0,17
19222,3060,6,3002.34,0.34,0.25,3752.92,60
19223,3060,3,2949.35,0.14,0.25,3686.69,68
19224,2856,5,261.42,0.15,0.25,326.78,33
19225,2856,10,274.41,0.39,0.25,343.01,62
19226,2856,8,285.77,0.49,0.25,357.21,39
19227,4027,3,732.83,0.14,0.25,916.04,44
19228,4027,1,781.1,0.38,0.25,976.38,83
19229,4027,4,715.28,0.32,0.25,894.1,83
19230,4027,2,767.94,0.46,0.25,959.92,61
19231,4027,10,719.66,0.37,0.25,899.58,78
19232,4027,7,789.88,0.41,0.25,987.35,85
19233,4291,2,2037.12,0.42,0.25,2546.4,29
19234,4291,6,1899.79,0.33,0.25,2374.74,94
19235,4291,7,2014.23,0.48,0.25,2517.79,14
19236,4291,8,2002.79,0.46,0.25,2503.49,18
19237,4291,5,1922.68,0.1,0.25,2403.35,92
19238,3325,6,500.54,0.48,0.25,625.68,68
19239,3325,7,492.01,0.41,0.25,615.01,15
19240,3325,9,489.17,0.34,0.25,611.46,11
19241,3325,8,449.35,0.34,0.25,561.69,82
19242,3325,10,492.01,0.48,0.25,615.01,62
19243,3325,5,457.88,0.11,0.25,572.35,86
19244,4117,1,844.32,0.31,0.25,1055.4,59
19245,4117,6,871.73,0.39,0.25,1089.66,86
19246,4117,4,921.08,0.39,0.25,1151.35,37
19247,4117,10,970.42,0.38,0.25,1213.02,24
19248,4117,2,1014.28,0.47,0.25,1267.85,15
19249,1015,6,94.27,0.37,0.25,117.84,13
19250,1015,10,93.09,0.32,0.25,116.36,37
19251,1015,1,92.51,0.35,0.25,115.64,40
19252,1015,7,92.51,0.34,0.25,115.64,37
19253,1015,3,92.51,0.15,0.25,115.64,15
19254,1015,2,105.98,0.48,0.25,132.48,96
19255,614,10,24.53,0.36,0.25,30.66,58
19256,614,8,26.0,0.5,0.25,32.5,44
19257,614,7,26.88,0.43,0.25,33.6,78
19258,614,9,23.06,0.3,0.25,28.82,49
19259,614,3,22.48,0.12,0.25,28.1,40
19260,614,4,27.18,0.48,0.25,33.98,63
19261,1236,2,117.66,0.36,0.25,147.07,46
19262,1236,10,120.43,0.46,0.25,150.54,46
19263,1236,7,125.27,0.5,0.25,156.59,52
19264,1236,1,116.96,0.38,0.25,146.2,76
19265,1236,3,119.04,0.13,0.25,148.8,17
19266,1236,6,114.2,0.38,0.25,142.75,68
19267,3481,8,6277.18,0.43,0.25,7846.48,16
19268,3481,2,6207.43,0.49,0.25,7759.29,17
19269,3481,6,6207.43,0.41,0.25,7759.29,92
19270,3481,9,5928.44,0.38,0.25,7410.55,76
19271,3481,10,6137.68,0.41,0.25,7672.1,24
19272,3481,5,5684.33,0.11,0.25,7105.41,12
19273,553,2,20.12,0.34,0.25,25.15,68
19274,553,1,23.88,0.45,0.25,29.85,55
19275,553,6,24.4,0.49,0.25,30.5,61
19276,553,8,21.29,0.39,0.25,26.61,99
19277,4728,5,565.92,0.14,0.25,707.4,96
19278,4728,9,590.22,0.34,0.25,737.78,43
19279,4728,6,562.45,0.37,0.25,703.06,55
19280,5171,10,427.87,0.38,0.25,534.84,94
19281,5171,6,459.96,0.37,0.25,574.95,29
19282,5171,4,462.64,0.4,0.25,578.3,44
19283,1828,9,5.81,0.48,0.25,7.26,37
19284,1828,10,4.99,0.34,0.25,6.24,74
19285,1828,2,5.4,0.46,0.25,6.75,69
19286,3784,3,4978.64,0.11,0.25,6223.3,83
19287,3784,7,5596.9,0.5,0.25,6996.12,43
19288,3784,9,5596.9,0.42,0.25,6996.12,31
19289,3784,1,5661.98,0.35,0.25,7077.48,73
19290,3784,10,5466.74,0.42,0.25,6833.42,41
19291,845,6,72.36,0.34,0.25,90.45,85
19292,845,3,76.51,0.14,0.25,95.64,67
19293,845,4,76.97,0.37,0.25,96.21,49
19294,4447,4,606.99,0.35,0.25,758.74,65
19295,4447,3,648.46,0.13,0.25,810.58,99
19296,4447,8,576.83,0.32,0.25,721.04,34
19297,4447,1,629.61,0.39,0.25,787.01,97
19298,4714,3,540.94,0.14,0.25,676.18,36
19299,4714,9,531.1,0.41,0.25,663.88,95
19300,4714,4,521.27,0.34,0.25,651.59,94
19301,4714,2,590.11,0.49,0.25,737.64,23
19302,1201,5,96.47,0.13,0.25,120.59,66
19303,1201,4,101.51,0.34,0.25,126.89,47
19304,1201,10,114.12,0.43,0.25,142.65,19
19305,1201,2,99.62,0.35,0.25,124.52,80
19306,1201,7,100.25,0.37,0.25,125.31,54
19307,1201,9,106.55,0.31,0.25,133.19,98
19308,5252,6,456.83,0.32,0.25,571.04,92
19309,5252,8,473.24,0.43,0.25,591.55,79
19310,5252,1,481.45,0.47,0.25,601.81,53
19311,5252,9,421.27,0.31,0.25,526.59,39
19312,1317,6,34.65,0.35,0.25,43.31,93
19313,1317,10,37.43,0.48,0.25,46.79,67
19314,1317,9,34.87,0.41,0.25,43.59,59
19315,1317,5,35.94,0.13,0.25,44.92,94
19316,1317,8,33.15,0.32,0.25,41.44,76
19317,1317,4,37.86,0.38,0.25,47.32,64
19318,2767,1,147.71,0.36,0.25,184.64,89
19319,2767,3,134.98,0.11,0.25,168.72,46
19320,2767,7,154.5,0.48,0.25,193.12,94
19321,2767,8,141.77,0.36,0.25,177.21,60
19322,3303,9,1042.78,0.45,0.25,1303.47,51
19323,3303,6,1097.66,0.44,0.25,1372.08,86
19324,3303,5,963.5,0.14,0.25,1204.38,22
19325,3303,1,1000.09,0.36,0.25,1250.11,15
19326,872,2,57.33,0.49,0.25,71.66,12
19327,872,1,58.66,0.44,0.25,73.32,29
19328,872,7,58.33,0.37,0.25,72.91,49
19329,872,8,58.33,0.45,0.25,72.91,80
19330,872,3,50.66,0.12,0.25,63.32,19
19331,872,6,57.66,0.35,0.25,72.07,78
19332,3725,6,3182.41,0.49,0.25,3978.01,70
19333,3725,8,2894.73,0.36,0.25,3618.41,13
19334,3725,9,2768.87,0.33,0.25,3461.09,50
19335,3725,10,3218.37,0.42,0.25,4022.96,87
19336,1744,3,278.93,0.12,0.25,348.66,29
19337,1744,6,294.05,0.49,0.25,367.56,31
19338,1744,7,295.73,0.41,0.25,369.66,23
19339,1744,10,285.65,0.43,0.25,357.06,24
19340,3763,9,4084.2,0.34,0.25,5105.25,40
19341,3763,10,4204.32,0.43,0.25,5255.4,59
19342,3763,3,4012.12,0.13,0.25,5015.15,31
19343,2607,4,64.97,0.31,0.25,81.21,18
19344,2607,10,60.59,0.32,0.25,75.74,94
19345,2607,8,67.36,0.31,0.25,84.2,85
19346,2607,3,66.17,0.12,0.25,82.71,92
19347,2607,9,68.56,0.43,0.25,85.7,70
19348,4553,7,2131.51,0.32,0.25,2664.39,47
19349,4553,9,2157.19,0.46,0.25,2696.49,78
19350,4553,8,2041.62,0.36,0.25,2552.02,49
19351,4635,4,1857.12,0.31,0.25,2321.4,78
19352,4635,8,2036.84,0.48,0.25,2546.05,34
19353,4635,7,2012.88,0.47,0.25,2516.1,65
19354,4635,2,1976.93,0.45,0.25,2471.16,70
19355,4635,1,2036.84,0.34,0.25,2546.05,85
19356,1348,1,108.38,0.48,0.25,135.48,42
19357,1348,7,100.0,0.41,0.25,125.0,48
19358,1348,6,100.0,0.44,0.25,125.0,20
19359,1612,9,505.59,0.42,0.25,631.99,31
19360,1612,2,488.83,0.38,0.25,611.04,63
19361,1612,6,488.83,0.49,0.25,611.04,30
19362,1612,4,500.0,0.46,0.25,625.0,38
19363,4384,4,1444.82,0.45,0.25,1806.02,56
19364,4384,5,1427.51,0.12,0.25,1784.39,12
19365,4384,10,1436.17,0.32,0.25,1795.21,65
19366,5360,6,166.04,0.35,0.25,207.55,82
19367,5360,2,176.49,0.39,0.25,220.61,67
19368,5360,4,166.04,0.36,0.25,207.55,86
19369,5360,8,196.33,0.49,0.25,245.41,92
19370,5360,1,167.09,0.36,0.25,208.86,82
19371,4822,5,436.32,0.1,0.25,545.4,51
19372,4822,8,436.32,0.4,0.25,545.4,55
19373,4822,1,472.9,0.48,0.25,591.12,34
19374,4822,4,425.87,0.37,0.25,532.34,78
19375,2458,1,21.74,0.31,0.25,27.17,77
19376,2458,3,20.7,0.13,0.25,25.88,55
19377,2458,9,23.16,0.45,0.25,28.95,10
19378,2458,7,21.87,0.41,0.25,27.34,29
19379,2458,2,22.26,0.37,0.25,27.83,93
19380,999,3,174.0,0.13,0.25,217.5,89
19381,999,6,197.58,0.46,0.25,246.98,14
19382,999,10,186.35,0.3,0.25,232.94,38
19383,999,1,193.09,0.33,0.25,241.36,60
19384,999,7,182.98,0.36,0.25,228.72,28
19385,999,4,190.84,0.32,0.25,238.55,57
19386,3849,2,2825.75,0.46,0.25,3532.19,80
19387,3849,6,2462.66,0.33,0.25,3078.32,21
19388,3849,5,2383.73,0.11,0.25,2979.66,37
19389,3849,9,2809.96,0.41,0.25,3512.45,40
19390,3849,10,2557.38,0.37,0.25,3196.73,16
19391,3849,7,2573.17,0.32,0.25,3216.46,40
19392,2118,8,20.33,0.42,0.25,25.41,11
19393,2118,5,19.96,0.13,0.25,24.95,87
19394,2118,10,20.45,0.34,0.25,25.56,42
19395,2917,1,66.66,0.46,0.25,83.32,59
19396,2917,7,64.05,0.34,0.25,80.06,90
19397,2917,10,62.56,0.34,0.25,78.2,96
19398,2917,8,62.56,0.36,0.25,78.2,79
19399,2917,3,58.47,0.14,0.25,73.09,25
19400,2917,6,61.82,0.31,0.25,77.28,17
19401,2485,3,143.68,0.1,0.25,179.6,84
19402,2485,4,151.15,0.31,0.25,188.94,70
19403,2485,1,162.34,0.41,0.25,202.92,93
19404,2485,10,147.41,0.32,0.25,184.26,98
19405,2485,7,151.15,0.35,0.25,188.94,36
19406,2485,9,154.88,0.41,0.25,193.6,55
19407,4225,7,2171.73,0.4,0.25,2714.66,98
19408,4225,1,2109.68,0.37,0.25,2637.1,55
19409,4225,9,2146.91,0.36,0.25,2683.64,83
19410,4225,3,2072.45,0.13,0.25,2590.56,59
19411,1836,5,7.81,0.11,0.25,9.76,53
19412,1836,9,7.67,0.32,0.25,9.59,32
19413,1836,10,7.72,0.41,0.25,9.65,31
19414,1836,6,7.99,0.36,0.25,9.99,52
19415,1836,2,7.35,0.37,0.25,9.19,68
19416,181,1,390.99,0.5,0.25,488.74,85
19417,181,4,336.38,0.32,0.25,420.48,42
19418,181,2,393.17,0.45,0.25,491.46,68
19419,181,5,358.23,0.1,0.25,447.79,65
19420,181,8,345.12,0.36,0.25,431.4,12
19421,181,9,351.67,0.31,0.25,439.59,73
19422,4048,8,2233.18,0.32,0.25,2791.48,26
19423,4048,6,2327.92,0.44,0.25,2909.9,83
19424,4048,9,2341.45,0.41,0.25,2926.81,80
19425,4048,1,2260.24,0.33,0.25,2825.3,28
19426,295,6,88.59,0.43,0.25,110.74,79
19427,295,7,90.04,0.48,0.25,112.55,20
19428,295,3,82.78,0.13,0.25,103.48,51
19429,295,8,80.36,0.38,0.25,100.45,92
19430,295,10,77.46,0.39,0.25,96.82,45
19431,2812,8,229.09,0.43,0.25,286.36,100
19432,2812,6,218.62,0.4,0.25,273.27,84
19433,2812,4,196.36,0.3,0.25,245.45,86
19434,1585,6,105.07,0.44,0.25,131.34,46
19435,1585,5,95.74,0.13,0.25,119.68,28
19436,1585,9,106.31,0.48,0.25,132.89,75
19437,1585,1,96.99,0.34,0.25,121.24,72
19438,4370,6,1236.82,0.47,0.25,1546.02,53
19439,4370,9,1195.12,0.36,0.25,1493.9,94
19440,4370,3,1195.12,0.13,0.25,1493.9,29
19441,4370,1,1146.49,0.34,0.25,1433.11,95
19442,4370,2,1181.23,0.44,0.25,1476.54,46
19443,951,3,150.84,0.11,0.25,188.55,62
19444,951,8,168.87,0.5,0.25,211.09,69
19445,951,10,167.92,0.39,0.25,209.9,31
19446,951,2,167.92,0.44,0.25,209.9,29
19447,951,9,161.28,0.41,0.25,201.6,59
19448,5267,3,554.91,0.12,0.25,693.64,45
19449,5267,7,499.42,0.31,0.25,624.28,32
19450,5267,5,538.59,0.13,0.25,673.24,60
19451,1077,10,206.52,0.45,0.25,258.15,90
19452,1077,7,186.69,0.32,0.25,233.36,13
19453,1077,9,192.52,0.45,0.25,240.65,64
19454,1077,6,219.36,0.49,0.25,274.2,86
19455,2739,2,150.04,0.33,0.25,187.55,89
19456,2739,7,149.16,0.33,0.25,186.45,94
19457,2739,6,135.21,0.34,0.25,169.01,11
19458,2739,4,148.29,0.46,0.25,185.36,18
19459,2739,3,136.95,0.14,0.25,171.19,55
19460,3013,1,2080.56,0.41,0.25,2600.7,44
19461,3013,4,2199.45,0.48,0.25,2749.31,80
19462,3013,9,1937.89,0.35,0.25,2422.36,49
19463,4237,8,2172.11,0.39,0.25,2715.14,90
19464,4237,1,2335.02,0.42,0.25,2918.78,51
19465,4237,10,2321.44,0.33,0.25,2901.8,17
19466,4237,7,2226.41,0.38,0.25,2783.01,74
19467,4237,2,2158.54,0.38,0.25,2698.18,81
19468,4254,3,726.16,0.12,0.25,907.7,49
19469,4254,8,735.59,0.36,0.25,919.49,80
19470,4254,9,745.02,0.3,0.25,931.28,39
19471,4254,4,778.02,0.43,0.25,972.52,24
19472,4254,1,815.75,0.5,0.25,1019.69,57
19473,4254,7,792.17,0.31,0.25,990.21,24
19474,4519,2,2496.25,0.47,0.25,3120.31,42
19475,4519,1,2481.82,0.48,0.25,3102.28,45
19476,4519,5,2380.82,0.14,0.25,2976.02,74
19477,4519,9,2424.11,0.4,0.25,3030.14,28
19478,1196,5,150.9,0.13,0.25,188.62,29
19479,1196,1,156.29,0.34,0.25,195.36,66
19480,1196,4,137.42,0.32,0.25,171.77,43
19481,3281,4,3220.75,0.32,0.25,4025.94,19
19482,3281,9,3342.29,0.45,0.25,4177.86,36
19483,3281,10,3565.11,0.36,0.25,4456.39,34
19484,3105,2,919.2,0.41,0.25,1149.0,25
19485,3105,10,882.44,0.35,0.25,1103.05,84
19486,3105,7,819.41,0.33,0.25,1024.26,47
19487,3105,6,903.45,0.46,0.25,1129.31,34
19488,3105,8,892.94,0.39,0.25,1116.18,69
19489,1599,3,458.97,0.11,0.25,573.71,69
19490,1599,7,450.82,0.37,0.25,563.52,37
19491,1599,6,439.96,0.3,0.25,549.95,47
19492,3511,2,7343.53,0.3,0.25,9179.41,44
19493,3511,3,7343.53,0.11,0.25,9179.41,71
19494,3511,4,8503.04,0.43,0.25,10628.8,17
19495,3511,7,7440.16,0.31,0.25,9300.2,15
19496,3511,1,7778.34,0.31,0.25,9722.92,15
19497,3511,6,7730.03,0.36,0.25,9662.54,38
19498,3150,8,5239.21,0.34,0.25,6549.01,30
19499,3150,3,5303.89,0.11,0.25,6629.86,74
19500,3150,6,5659.64,0.47,0.25,7074.55,34
19501,3150,4,5497.94,0.4,0.25,6872.42,76
19502,1527,7,744.35,0.36,0.25,930.44,59
19503,1527,10,714.41,0.41,0.25,893.01,32
19504,1527,3,663.07,0.11,0.25,828.84,41
19505,1527,5,663.07,0.11,0.25,828.84,97
19506,1797,6,55.52,0.42,0.25,69.4,54
19507,1797,1,58.35,0.47,0.25,72.94,74
19508,1797,10,55.84,0.48,0.25,69.8,52
19509,2951,6,285.81,0.48,0.25,357.26,19
19510,2951,3,260.89,0.12,0.25,326.11,55
19511,2951,7,275.84,0.41,0.25,344.8,93
19512,2951,2,269.2,0.39,0.25,336.5,92
19513,2951,8,275.84,0.36,0.25,344.8,15
19514,2951,9,277.5,0.35,0.25,346.88,34
19515,1329,1,161.84,0.46,0.25,202.3,86
19516,1329,8,154.22,0.39,0.25,192.78,95
19517,1329,2,160.89,0.32,0.25,201.11,70
19518,1329,7,162.79,0.35,0.25,203.49,33
19519,2697,9,402.31,0.48,0.25,502.89,69
19520,2697,8,389.4,0.46,0.25,486.75,57
19521,2697,7,380.8,0.43,0.25,476.0,64
19522,5318,4,301.46,0.3,0.25,376.82,83
19523,5318,10,346.97,0.45,0.25,433.71,69
19524,5318,3,293.88,0.14,0.25,367.35,38
19525,1207,6,23.08,0.31,0.25,28.85,54
19526,1207,5,22.39,0.1,0.25,27.99,62
19527,1207,2,22.66,0.42,0.25,28.32,86
19528,1207,10,23.08,0.36,0.25,28.85,33
19529,462,6,364.74,0.36,0.25,455.92,40
19530,462,5,356.06,0.13,0.25,445.08,97
19531,462,9,371.26,0.35,0.25,464.08,93
19532,462,3,356.06,0.13,0.25,445.08,52
19533,462,7,338.69,0.36,0.25,423.36,38
19534,292,9,266.97,0.39,0.25,333.71,79
19535,292,3,273.44,0.12,0.25,341.8,59
19536,292,7,304.18,0.48,0.25,380.22,74
19537,292,8,260.5,0.35,0.25,325.62,64
19538,292,2,265.35,0.43,0.25,331.69,70
19539,292,5,258.88,0.14,0.25,323.6,98
19540,2620,2,300.57,0.4,0.25,375.71,81
19541,2620,8,326.71,0.37,0.25,408.39,59
19542,2620,3,300.57,0.13,0.25,375.71,29
19543,2620,10,328.57,0.48,0.25,410.71,84
19544,2620,7,291.24,0.35,0.25,364.05,60
19545,2292,5,123.98,0.13,0.25,154.98,84
19546,2292,6,123.25,0.34,0.25,154.06,34
19547,2292,2,123.25,0.49,0.25,154.06,80
19548,2292,8,116.0,0.33,0.25,145.0,34
19549,2292,1,124.7,0.41,0.25,155.88,77
19550,2292,3,124.7,0.13,0.25,155.88,89
19551,2448,2,157.18,0.47,0.25,196.48,61
19552,2448,1,140.68,0.35,0.25,175.85,14
19553,2448,4,144.15,0.36,0.25,180.19,28
19554,2448,6,161.52,0.46,0.25,201.9,88
19555,2448,10,134.6,0.31,0.25,168.25,93
19556,1516,1,63.08,0.38,0.25,78.85,12
19557,1516,5,62.3,0.12,0.25,77.88,48
19558,1516,9,66.21,0.32,0.25,82.76,42
19559,1516,4,65.82,0.32,0.25,82.28,34
19560,1516,10,60.34,0.34,0.25,75.43,62
19561,1516,8,63.86,0.34,0.25,79.82,37
19562,1355,1,134.47,0.43,0.25,168.09,34
19563,1355,8,135.26,0.46,0.25,169.08,54
19564,1355,9,139.22,0.47,0.25,174.02,25
19565,4789,6,629.65,0.35,0.25,787.06,18
19566,4789,8,633.29,0.47,0.25,791.61,73
19567,4789,5,596.89,0.15,0.25,746.11,68
19568,4789,4,658.77,0.41,0.25,823.46,89
19569,4789,9,618.73,0.4,0.25,773.41,62
19570,4789,1,593.25,0.39,0.25,741.56,21
19571,4604,6,2024.35,0.47,0.25,2530.44,28
19572,4604,9,1931.28,0.43,0.25,2414.1,65
19573,4604,7,2105.79,0.48,0.25,2632.24,17
19574,1388,1,39.43,0.31,0.25,49.29,21
19575,1388,2,42.51,0.45,0.25,53.14,94
19576,1388,10,37.05,0.33,0.25,46.31,89
19577,3441,7,5875.78,0.33,0.25,7344.72,75
19578,3441,2,6528.65,0.48,0.25,8160.81,63
19579,3441,8,6413.43,0.41,0.25,8016.79,95
19580,3441,5,5875.78,0.12,0.25,7344.72,74
19581,3441,3,6144.61,0.11,0.25,7680.76,64
19582,3441,4,6874.28,0.48,0.25,8592.85,25
19583,4482,9,465.71,0.42,0.25,582.14,56
19584,4482,10,474.23,0.46,0.25,592.79,82
19585,4482,3,460.03,0.13,0.25,575.04,73
19586,4482,1,474.23,0.33,0.25,592.79,33
19587,4482,8,519.67,0.5,0.25,649.59,56
19588,4482,2,516.83,0.47,0.25,646.04,72
19589,3263,8,6262.47,0.45,0.25,7828.09,48
19590,3263,7,5664.37,0.38,0.25,7080.46,77
19591,3263,6,5910.64,0.41,0.25,7388.3,81
19592,3263,5,5734.73,0.11,0.25,7168.41,78
19593,3263,10,6156.92,0.44,0.25,7696.15,42
19594,3263,3,5664.37,0.11,0.25,7080.46,19
19595,4347,6,838.76,0.49,0.25,1048.45,47
19596,4347,2,838.76,0.4,0.25,1048.45,28
19597,4347,9,866.87,0.45,0.25,1083.59,73
19598,4347,4,777.84,0.45,0.25,972.3,46
19599,4347,7,740.36,0.31,0.25,925.45,33
19600,212,7,1038.4,0.44,0.25,1298.0,76
19601,212,2,1075.27,0.42,0.25,1344.09,44
19602,212,9,976.96,0.35,0.25,1221.2,48
19603,212,10,1007.68,0.4,0.25,1259.6,57
19604,212,3,1026.11,0.1,0.25,1282.64,27
19605,3868,5,2321.29,0.13,0.25,2901.61,84
19606,3868,1,2617.0,0.47,0.25,3271.25,63
19607,3868,7,2498.72,0.45,0.25,3123.4,63
19608,3868,6,2439.57,0.38,0.25,3049.46,42
19609,3868,8,2439.57,0.4,0.25,3049.46,84
19610,5130,9,96.06,0.39,0.25,120.08,35
19611,5130,8,88.37,0.3,0.25,110.46,11
19612,5130,4,97.16,0.49,0.25,121.45,16
19613,5130,7,97.7,0.4,0.25,122.12,63
19614,5130,3,91.12,0.1,0.25,113.9,98
19615,4432,6,1215.44,0.48,0.25,1519.3,31
19616,4432,4,1342.64,0.5,0.25,1678.3,43
19617,4432,8,1151.84,0.42,0.25,1439.8,81
19618,4432,5,1137.71,0.14,0.25,1422.14,43
19619,4432,1,1222.5,0.46,0.25,1528.12,58
19620,4307,6,882.77,0.39,0.25,1103.46,22
19621,4307,3,800.17,0.1,0.25,1000.21,82
19622,4307,7,836.31,0.36,0.25,1045.39,61
19623,4307,9,882.77,0.43,0.25,1103.46,85
19624,1586,2,645.72,0.32,0.25,807.15,97
19625,1586,3,649.85,0.1,0.25,812.31,16
19626,1586,9,740.92,0.47,0.25,926.15,19
19627,433,4,106.35,0.37,0.25,132.94,36
19628,433,2,107.57,0.48,0.25,134.46,14
19629,433,8,103.9,0.47,0.25,129.88,84
19630,433,5,104.52,0.11,0.25,130.65,79
19631,989,10,234.61,0.41,0.25,293.26,61
19632,989,5,219.06,0.14,0.25,273.82,48
19633,989,7,231.78,0.41,0.25,289.73,93
19634,989,1,261.46,0.5,0.25,326.82,74
19635,989,3,236.02,0.12,0.25,295.03,54
19636,5348,5,176.36,0.12,0.25,220.45,73
19637,5348,8,199.8,0.46,0.25,249.75,43
19638,5348,4,187.52,0.37,0.25,234.4,87
19639,5348,3,175.24,0.11,0.25,219.05,48
19640,5348,1,195.34,0.36,0.25,244.18,14
19641,471,8,462.08,0.38,0.25,577.6,64
19642,471,1,525.62,0.48,0.25,657.02,59
19643,471,10,490.96,0.43,0.25,613.7,48
19644,471,4,542.94,0.48,0.25,678.68,55
19645,471,6,499.62,0.4,0.25,624.52,20
19646,471,3,490.96,0.12,0.25,613.7,98
19647,4640,7,129.07,0.4,0.25,161.34,50
19648,4640,10,139.06,0.41,0.25,173.82,24
19649,4640,9,125.23,0.41,0.25,156.54,89
19650,4640,6,127.54,0.45,0.25,159.43,34
19651,1124,10,222.86,0.45,0.25,278.58,14
19652,1124,9,233.29,0.45,0.25,291.61,59
19653,1124,1,226.77,0.47,0.25,283.46,43
19654,2418,1,34.1,0.35,0.25,42.62,71
19655,2418,10,36.34,0.44,0.25,45.42,93
19656,2418,6,34.92,0.42,0.25,43.65,42
19657,1394,3,133.83,0.11,0.25,167.29,69
19658,1394,2,148.6,0.47,0.25,185.75,73
19659,1394,6,155.55,0.45,0.25,194.44,49
19660,1394,8,148.6,0.38,0.25,185.75,26
19661,3505,10,3176.09,0.37,0.25,3970.11,40
19662,3505,9,3480.39,0.46,0.25,4350.49,100
19663,3505,4,3138.05,0.37,0.25,3922.56,34
19664,3505,8,3480.39,0.5,0.25,4350.49,30
19665,3505,6,3100.02,0.33,0.25,3875.02,65
19666,3505,1,3061.98,0.37,0.25,3827.48,88
19667,2696,9,213.68,0.34,0.25,267.1,86
19668,2696,7,222.91,0.43,0.25,278.64,56
19669,2696,3,222.91,0.1,0.25,278.64,59
19670,2696,1,209.72,0.39,0.25,262.15,84
19671,2696,6,225.55,0.33,0.25,281.94,66
19672,4781,5,216.72,0.12,0.25,270.9,28
19673,4781,3,211.56,0.15,0.25,264.45,70
19674,4781,10,211.56,0.42,0.25,264.45,70
19675,4781,8,218.01,0.47,0.25,272.51,24
19676,601,6,20.66,0.44,0.25,25.82,63
19677,601,4,19.72,0.43,0.25,24.65,38
19678,601,3,18.32,0.11,0.25,22.9,77
19679,1446,1,135.51,0.48,0.25,169.39,87
19680,1446,4,135.51,0.49,0.25,169.39,31
19681,1446,10,130.81,0.31,0.25,163.51,19
19682,1446,6,123.76,0.35,0.25,154.7,68
19683,1446,3,128.46,0.15,0.25,160.58,19
19684,2790,8,350.08,0.5,0.25,437.6,66
19685,2790,2,335.11,0.4,0.25,418.89,40
19686,2790,9,327.62,0.4,0.25,409.52,11
19687,2790,3,314.51,0.15,0.25,393.14,46
19688,2790,1,335.11,0.49,0.25,418.89,57
19689,2790,10,331.36,0.42,0.25,414.2,73
19690,2229,10,120.32,0.45,0.25,150.4,71
19691,2229,2,116.02,0.32,0.25,145.02,78
19692,2229,9,131.78,0.48,0.25,164.72,60
19693,2229,5,117.46,0.12,0.25,146.82,50
19694,2229,3,122.47,0.15,0.25,153.09,45
19695,4272,4,2545.26,0.32,0.25,3181.58,14
19696,4272,7,2530.2,0.42,0.25,3162.75,75
19697,4272,8,2680.8,0.38,0.25,3351.0,26
19698,4272,2,2349.47,0.31,0.25,2936.84,67
19699,2003,10,30.75,0.34,0.25,38.44,58
19700,2003,3,31.88,0.14,0.25,39.85,21
19701,2003,5,29.06,0.14,0.25,36.32,52
19702,2003,1,32.81,0.36,0.25,41.01,48
19703,2546,10,123.54,0.35,0.25,154.43,16
19704,2546,7,127.11,0.41,0.25,158.89,29
19705,2546,3,120.68,0.13,0.25,150.85,70
19706,1973,7,14.32,0.47,0.25,17.9,32
19707,1973,10,13.05,0.39,0.25,16.31,69
19708,1973,1,12.18,0.31,0.25,15.22,64
19709,4897,2,229.44,0.33,0.25,286.8,31
19710,4897,6,241.13,0.37,0.25,301.41,94
19711,4897,3,235.29,0.12,0.25,294.11,35
19712,4897,8,273.28,0.49,0.25,341.6,98
19713,4897,5,227.98,0.12,0.25,284.97,58
19714,4897,9,251.36,0.42,0.25,314.2,63
19715,4463,10,2339.5,0.38,0.25,2924.38,43
19716,4463,9,2465.58,0.48,0.25,3081.98,32
19717,4463,7,2143.38,0.32,0.25,2679.23,74
19718,4463,4,2325.49,0.31,0.25,2906.86,89
19719,2054,2,18.45,0.42,0.25,23.06,42
19720,2054,9,19.13,0.38,0.25,23.91,78
19721,2054,6,19.7,0.37,0.25,24.62,26
19722,2054,5,17.66,0.11,0.25,22.08,25
19723,2054,8,19.47,0.44,0.25,24.34,82
19724,4404,9,966.96,0.36,0.25,1208.7,29
19725,4404,2,1028.55,0.43,0.25,1285.69,21
19726,4404,8,1053.19,0.33,0.25,1316.49,18
19727,4404,3,1003.92,0.11,0.25,1254.9,72
19728,4404,10,1065.51,0.38,0.25,1331.89,61
19729,4404,1,1083.98,0.37,0.25,1354.98,80
19730,945,5,26.78,0.12,0.25,33.48,62
19731,945,8,27.9,0.37,0.25,34.88,78
19732,945,10,29.2,0.43,0.25,36.5,57
19733,945,7,28.39,0.5,0.25,35.49,66
19734,945,4,26.78,0.37,0.25,33.48,38
19735,945,1,28.39,0.46,0.25,35.49,50
19736,2021,8,24.02,0.31,0.25,30.02,68
19737,2021,4,28.73,0.48,0.25,35.91,83
19738,2021,10,27.0,0.32,0.25,33.75,31
19739,2021,5,24.65,0.13,0.25,30.81,20
19740,2021,1,29.36,0.49,0.25,36.7,36
19741,2021,9,26.85,0.32,0.25,33.56,21
19742,4852,3,560.26,0.1,0.25,700.32,23
19743,4852,5,553.25,0.13,0.25,691.56,11
19744,4852,7,556.75,0.32,0.25,695.94,29
19745,4852,6,661.8,0.5,0.25,827.25,13
19746,4852,1,609.28,0.46,0.25,761.6,65
19747,1864,2,1.68,0.35,0.25,2.1,80
19748,1864,7,1.67,0.38,0.25,2.09,82
19749,1864,1,1.84,0.4,0.25,2.3,92
19750,1864,6,1.66,0.32,0.25,2.07,97
19751,91,9,498.06,0.47,0.25,622.58,20
19752,91,8,475.55,0.44,0.25,594.44,69
19753,91,5,478.36,0.13,0.25,597.95,94
19754,91,4,475.55,0.41,0.25,594.44,97
19755,91,3,438.97,0.1,0.25,548.71,65
19756,541,4,53.41,0.36,0.25,66.76,13
19757,541,6,54.96,0.46,0.25,68.7,80
19758,541,2,52.16,0.38,0.25,65.2,26
19759,541,10,56.51,0.42,0.25,70.64,56
19760,541,1,55.89,0.44,0.25,69.86,60
19761,4371,4,94.84,0.42,0.25,118.55,71
19762,4371,7,89.09,0.31,0.25,111.36,90
19763,4371,1,97.14,0.35,0.25,121.42,50
19764,4371,9,97.14,0.38,0.25,121.42,66
19765,4533,3,2271.22,0.12,0.25,2839.02,58
19766,4533,1,2215.82,0.33,0.25,2769.78,32
19767,4533,10,2395.86,0.39,0.25,2994.82,33
19768,3050,8,1826.78,0.33,0.25,2283.48,62
19769,3050,10,1925.82,0.38,0.25,2407.28,14
19770,3050,5,1859.79,0.12,0.25,2324.74,10
19771,3050,2,1914.82,0.43,0.25,2393.52,65
19772,90,5,1020.04,0.11,0.25,1275.05,82
19773,90,3,1020.04,0.12,0.25,1275.05,47
19774,90,8,1111.66,0.43,0.25,1389.58,38
19775,90,6,1062.79,0.48,0.25,1328.49,54
19776,90,7,1081.12,0.44,0.25,1351.4,48
19777,90,1,1068.9,0.44,0.25,1336.12,80
19778,1281,5,52.91,0.1,0.25,66.14,20
19779,1281,3,54.65,0.14,0.25,68.31,90
19780,1281,8,57.78,0.31,0.25,72.22,43
19781,1281,10,65.09,0.47,0.25,81.36,99
19782,1281,2,65.44,0.48,0.25,81.8,100
19783,1281,6,58.48,0.46,0.25,73.1,100
19784,901,7,136.33,0.31,0.25,170.41,55
19785,901,1,138.03,0.34,0.25,172.54,19
19786,901,5,131.25,0.13,0.25,164.06,29
19787,901,4,153.27,0.42,0.25,191.59,17
19788,1449,2,160.13,0.36,0.25,200.16,43
19789,1449,1,172.3,0.5,0.25,215.38,87
19790,1449,6,163.17,0.37,0.25,203.96,31
19791,1449,3,173.31,0.14,0.25,216.64,54
19792,3676,4,6768.44,0.44,0.25,8460.55,80
19793,3676,6,6730.2,0.41,0.25,8412.75,62
19794,3676,5,6156.61,0.11,0.25,7695.76,40
19795,3676,3,6577.25,0.13,0.25,8221.56,52
19796,3676,7,6424.29,0.36,0.25,8030.36,51
19797,3676,2,6271.33,0.39,0.25,7839.16,19
19798,1052,7,78.16,0.44,0.25,97.7,47
19799,1052,6,81.36,0.44,0.25,101.7,24
19800,1052,1,75.42,0.4,0.25,94.28,90
19801,1052,8,79.08,0.35,0.25,98.85,30
19802,1897,1,32.11,0.5,0.25,40.14,89
19803,1897,4,27.75,0.31,0.25,34.69,100
19804,1897,6,29.93,0.44,0.25,37.41,97
19805,1897,9,27.94,0.31,0.25,34.93,69
19806,2508,6,124.0,0.4,0.25,155.0,74
19807,2508,7,122.62,0.47,0.25,153.28,26
19808,2508,3,117.8,0.15,0.25,147.25,71
19809,2508,9,119.18,0.37,0.25,148.98,22
19810,2508,1,121.94,0.44,0.25,152.43,13
19811,2508,10,111.6,0.41,0.25,139.5,61
19812,4819,7,459.4,0.43,0.25,574.25,88
19813,4819,6,446.43,0.47,0.25,558.04,15
19814,4819,10,433.45,0.42,0.25,541.81,20
19815,4819,1,454.21,0.37,0.25,567.76,76
19816,4819,3,436.04,0.13,0.25,545.05,23
19817,4819,4,436.04,0.31,0.25,545.05,46
19818,2854,7,264.4,0.31,0.25,330.5,17
19819,2854,4,274.13,0.46,0.25,342.66,81
19820,2854,2,259.54,0.32,0.25,324.42,37
19821,2854,5,259.54,0.13,0.25,324.42,33
19822,2385,5,104.3,0.11,0.25,130.38,79
19823,2385,9,113.79,0.35,0.25,142.24,48
19824,2385,2,112.43,0.33,0.25,140.54,65
19825,2385,3,116.5,0.13,0.25,145.62,63
19826,2384,9,122.35,0.31,0.25,152.94,69
19827,2384,10,114.43,0.3,0.25,143.04,54
19828,2384,4,119.47,0.45,0.25,149.34,57
19829,2384,2,112.99,0.34,0.25,141.24,75
19830,2384,6,124.51,0.44,0.25,155.64,49
19831,2384,7,124.51,0.49,0.25,155.64,78
19832,5174,6,533.98,0.37,0.25,667.48,14
19833,5174,8,616.39,0.49,0.25,770.49,19
19834,5174,2,566.95,0.47,0.25,708.69,81
19835,5174,9,547.17,0.44,0.25,683.96,63
19836,5174,1,576.84,0.36,0.25,721.05,41
19837,5308,2,54.21,0.41,0.25,67.76,25
19838,5308,7,54.84,0.5,0.25,68.55,76
19839,5308,3,48.86,0.14,0.25,61.08,42
19840,5308,4,53.58,0.42,0.25,66.97,54
19841,561,10,70.73,0.49,0.25,88.41,25
19842,561,3,60.57,0.14,0.25,75.71,28
19843,561,5,62.53,0.13,0.25,78.16,30
19844,3577,7,3268.05,0.33,0.25,4085.06,44
19845,3577,9,3205.6,0.33,0.25,4007.0,31
19846,3577,4,3392.94,0.31,0.25,4241.18,40
19847,1520,4,595.67,0.37,0.25,744.59,25
19848,1520,6,691.86,0.48,0.25,864.82,14
19849,1520,2,573.47,0.33,0.25,716.84,74
19850,1520,3,595.67,0.11,0.25,744.59,33
19851,712,8,34.62,0.41,0.25,43.28,33
19852,712,1,34.2,0.38,0.25,42.75,47
19853,712,2,32.75,0.3,0.25,40.94,14
19854,2248,4,99.67,0.32,0.25,124.59,99
19855,2248,3,98.4,0.14,0.25,123.0,91
19856,2248,6,99.04,0.33,0.25,123.8,23
19857,2248,7,107.87,0.44,0.25,134.84,85
19858,2248,5,103.45,0.1,0.25,129.31,69
19859,2248,8,104.71,0.33,0.25,130.89,43
19860,2748,10,258.6,0.37,0.25,323.25,41
19861,2748,8,267.41,0.43,0.25,334.26,19
19862,2748,7,238.03,0.41,0.25,297.54,32
19863,5172,4,437.51,0.4,0.25,546.89,76
19864,5172,3,398.68,0.13,0.25,498.35,21
19865,5172,2,440.1,0.46,0.25,550.12,24
19866,5172,7,421.97,0.42,0.25,527.46,59
19867,5172,5,434.92,0.15,0.25,543.65,68
19868,5172,1,416.8,0.3,0.25,521.0,49
19869,534,6,33.32,0.36,0.25,41.65,58
19870,534,8,36.2,0.41,0.25,45.25,78
19871,534,9,36.0,0.48,0.25,45.0,53
19872,534,5,33.73,0.13,0.25,42.16,16
19873,534,10,35.79,0.37,0.25,44.74,44
19874,5081,4,615.46,0.36,0.25,769.32,43
19875,5081,6,607.62,0.34,0.25,759.52,66
19876,5081,7,701.7,0.46,0.25,877.12,48
19877,3935,6,2382.79,0.42,0.25,2978.49,33
19878,3935,3,2001.02,0.11,0.25,2501.28,54
19879,3935,4,2040.51,0.34,0.25,2550.64,42
19880,4598,9,2381.17,0.48,0.25,2976.46,83
19881,4598,8,2148.53,0.36,0.25,2685.66,77
19882,4598,6,2422.23,0.5,0.25,3027.79,50
19883,4598,4,2230.64,0.42,0.25,2788.3,34
19884,4598,1,2381.17,0.35,0.25,2976.46,38
19885,4598,5,2203.27,0.14,0.25,2754.09,81
19886,3968,7,1295.15,0.35,0.25,1618.94,74
19887,3968,2,1370.35,0.38,0.25,1712.94,29
19888,3968,4,1403.77,0.46,0.25,1754.71,80
19889,2331,4,76.96,0.38,0.25,96.2,54
19890,2331,2,85.14,0.49,0.25,106.42,65
19891,2331,8,81.29,0.43,0.25,101.61,84
19892,2331,10,80.33,0.4,0.25,100.41,23
19893,2331,1,79.36,0.44,0.25,99.2,97
19894,4083,3,1964.86,0.11,0.25,2456.07,68
19895,4083,8,2115.04,0.37,0.25,2643.8,56
19896,4083,2,2039.94,0.37,0.25,2549.93,34
19897,4083,9,2077.49,0.36,0.25,2596.86,17
19898,4083,7,1964.86,0.34,0.25,2456.07,24
19899,4532,4,224.57,0.46,0.25,280.71,65
19900,4532,9,212.37,0.46,0.25,265.46,48
19901,4532,6,213.59,0.46,0.25,266.99,85
19902,2677,9,273.8,0.34,0.25,342.25,38
19903,2677,1,280.44,0.45,0.25,350.55,15
19904,2677,2,263.84,0.38,0.25,329.8,22
19905,1006,3,214.99,0.12,0.25,268.74,81
19906,1006,9,237.0,0.43,0.25,296.25,66
19907,1006,4,220.17,0.41,0.25,275.21,40
19908,1006,5,216.28,0.14,0.25,270.35,88
19909,1006,8,211.1,0.33,0.25,263.88,18
19910,1032,7,160.98,0.48,0.25,201.22,56
19911,1032,3,141.94,0.14,0.25,177.42,86
19912,1032,10,136.75,0.36,0.25,170.94,88
19913,1032,2,145.4,0.32,0.25,181.75,29
19914,1032,9,149.73,0.4,0.25,187.16,19
19915,1032,1,160.12,0.47,0.25,200.15,91
19916,809,3,20.19,0.14,0.25,25.24,37
19917,809,2,23.11,0.47,0.25,28.89,25
19918,809,9,23.11,0.48,0.25,28.89,93
19919,809,8,23.11,0.44,0.25,28.89,83
19920,3443,3,781.47,0.11,0.25,976.84,77
19921,3443,1,832.04,0.44,0.25,1040.05,32
19922,3443,5,781.47,0.14,0.25,976.84,80
19923,3443,8,818.25,0.48,0.25,1022.81,18
19924,2801,6,211.83,0.32,0.25,264.79,97
19925,2801,8,205.53,0.42,0.25,256.91,72
19926,2801,10,206.79,0.38,0.25,258.49,14
19927,2801,5,190.4,0.1,0.25,238.0,70
19928,2860,2,102.5,0.4,0.25,128.12,92
19929,2860,6,99.47,0.35,0.25,124.34,53
19930,2860,9,108.56,0.47,0.25,135.7,59
19931,2860,1,106.74,0.46,0.25,133.42,19
19932,5256,2,615.04,0.43,0.25,768.8,15
19933,5256,3,570.85,0.14,0.25,713.56,28
19934,5256,1,662.92,0.43,0.25,828.65,54
19935,1881,3,24.27,0.14,0.25,30.34,75
19936,1881,2,23.42,0.31,0.25,29.28,67
19937,1881,10,23.99,0.33,0.25,29.99,82
19938,1881,4,22.86,0.33,0.25,28.58,100
19939,1881,7,24.97,0.45,0.25,31.21,62
19940,506,7,124.56,0.31,0.25,155.7,12
19941,506,3,135.81,0.15,0.25,169.76,97
19942,506,8,130.18,0.32,0.25,162.73,13
19943,506,10,126.97,0.32,0.25,158.71,37
19944,1501,5,642.05,0.1,0.25,802.56,84
19945,1501,2,661.39,0.41,0.25,826.74,75
19946,1501,1,700.07,0.42,0.25,875.09,89
19947,1501,10,707.81,0.48,0.25,884.76,11
19948,1501,6,638.19,0.39,0.25,797.74,55
19949,2439,1,18.65,0.4,0.25,23.31,75
19950,2439,8,17.66,0.33,0.25,22.08,62
19951,2439,9,18.54,0.33,0.25,23.17,35
19952,2439,4,18.87,0.43,0.25,23.59,67
19953,3111,1,7211.33,0.48,0.25,9014.16,70
19954,3111,9,6466.68,0.35,0.25,8083.35,24
19955,3111,5,6584.26,0.11,0.25,8230.33,57
19956,3111,8,7054.56,0.48,0.25,8818.2,71
19957,3111,6,6623.45,0.37,0.25,8279.31,43
19958,3111,4,6270.72,0.34,0.25,7838.4,71
19959,1148,10,177.08,0.44,0.25,221.35,65
19960,1148,5,168.7,0.13,0.25,210.88,40
19961,1148,2,189.65,0.46,0.25,237.06,81
19962,1148,8,188.6,0.49,0.25,235.75,97
19963,952,8,68.77,0.33,0.25,85.96,18
19964,952,2,71.21,0.48,0.25,89.01,91
19965,952,10,67.55,0.34,0.25,84.44,40
19966,952,7,63.07,0.3,0.25,78.84,50
19967,952,5,63.07,0.14,0.25,78.84,69
19968,3211,8,6401.71,0.4,0.25,8002.14,38
19969,3211,3,6128.46,0.13,0.25,7660.58,17
19970,3211,7,7182.4,0.49,0.25,8978.0,73
19971,3211,9,6948.19,0.47,0.25,8685.24,53
19972,3211,5,6831.09,0.15,0.25,8538.86,10
19973,4711,4,536.96,0.34,0.25,671.2,39
19974,4711,3,549.98,0.12,0.25,687.48,60
19975,4711,6,572.76,0.44,0.25,715.95,98
19976,4711,1,549.98,0.32,0.25,687.48,10
19977,4248,10,1574.49,0.31,0.25,1968.11,81
19978,4248,7,1647.0,0.37,0.25,2058.75,23
19979,4248,5,1781.66,0.15,0.25,2227.08,51
19980,4248,6,1812.74,0.47,0.25,2265.93,12
19981,4248,4,1833.45,0.45,0.25,2291.81,44
19982,4284,7,946.86,0.46,0.25,1183.58,31
19983,4284,2,929.96,0.42,0.25,1162.45,60
19984,4284,5,856.69,0.1,0.25,1070.86,67
19985,2530,5,102.12,0.11,0.25,127.65,53
19986,2530,6,107.2,0.4,0.25,134.0,86
19987,2530,3,107.83,0.13,0.25,134.79,53
19988,2530,10,109.73,0.44,0.25,137.16,63
19989,1686,3,553.88,0.13,0.25,692.35,37
19990,1686,10,511.52,0.33,0.25,639.4,19
19991,1686,7,583.2,0.5,0.25,729.0,80
19992,1686,9,576.68,0.4,0.25,720.85,31
19993,1686,5,505.01,0.13,0.25,631.26,29
19994,1686,4,524.55,0.34,0.25,655.69,98
19995,3079,2,2651.67,0.46,0.25,3314.59,30
19996,3079,3,2340.58,0.14,0.25,2925.72,94
19997,3079,8,2444.28,0.39,0.25,3055.35,19
19998,3079,1,2518.35,0.43,0.25,3147.94,12
19999,3079,10,2547.97,0.33,0.25,3184.96,68
20000,3079,7,2562.79,0.35,0.25,3203.49,74
20001,2711,3,124.44,0.11,0.25,155.55,89
20002,2711,4,122.18,0.37,0.25,152.73,19
20003,2711,1,119.16,0.31,0.25,148.95,77
20004,2711,5,119.16,0.11,0.25,148.95,15
20005,2711,9,124.44,0.45,0.25,155.55,39
20006,2711,6,118.41,0.35,0.25,148.01,80
20007,3336,2,4847.0,0.31,0.25,6058.75,48
20008,3336,6,5349.44,0.49,0.25,6686.8,25
20009,3336,5,4640.12,0.11,0.25,5800.15,30
20010,3336,4,4876.56,0.37,0.25,6095.7,95
20011,3336,10,5113.0,0.46,0.25,6391.25,90
20012,2550,4,21.5,0.43,0.25,26.88,55
20013,2550,2,20.12,0.33,0.25,25.15,94
20014,2550,9,21.0,0.34,0.25,26.25,21
20015,3692,9,2824.91,0.34,0.25,3531.14,57
20016,3692,7,2985.83,0.31,0.25,3732.29,73
20017,3692,3,3021.58,0.11,0.25,3776.98,90
20018,2401,2,89.04,0.47,0.25,111.3,27
20019,2401,9,90.11,0.39,0.25,112.64,18
20020,2401,3,91.71,0.14,0.25,114.64,14
20021,2401,1,88.51,0.41,0.25,110.64,72
20022,2751,4,355.43,0.46,0.25,444.29,67
20023,2751,9,351.32,0.31,0.25,439.15,98
20024,2751,3,326.67,0.11,0.25,408.34,99
20025,2751,7,338.99,0.35,0.25,423.74,94
20026,2751,5,351.32,0.14,0.25,439.15,36
20027,2751,2,312.28,0.31,0.25,390.35,34
20028,4426,5,82.27,0.13,0.25,102.84,75
20029,4426,1,93.35,0.37,0.25,116.69,30
20030,4426,7,91.24,0.46,0.25,114.05,88
20031,4426,10,83.86,0.37,0.25,104.82,94
20032,4426,8,89.13,0.37,0.25,111.41,53
20033,4085,5,1225.22,0.11,0.25,1531.52,87
20034,4085,3,1350.89,0.14,0.25,1688.61,21
20035,4085,7,1460.84,0.5,0.25,1826.05,20
20036,4085,9,1405.87,0.4,0.25,1757.34,34
20037,4085,6,1319.47,0.47,0.25,1649.34,33
20038,4085,8,1272.35,0.38,0.25,1590.44,79
20039,4833,3,484.19,0.12,0.25,605.24,41
20040,4833,8,484.19,0.42,0.25,605.24,72
20041,4833,1,504.13,0.39,0.25,630.16,48
20042,4833,2,538.31,0.5,0.25,672.89,59
20043,4833,7,506.98,0.45,0.25,633.72,64
20044,4833,6,450.02,0.33,0.25,562.52,62
20045,4246,3,976.54,0.12,0.25,1220.68,45
20046,4246,7,1041.64,0.4,0.25,1302.05,51
20047,4246,9,911.43,0.31,0.25,1139.29,15
20048,4246,4,1000.21,0.38,0.25,1250.26,33
20049,4246,10,976.54,0.43,0.25,1220.68,14
20050,707,8,18.77,0.31,0.25,23.46,35
20051,707,3,17.88,0.14,0.25,22.35,32
20052,707,1,17.66,0.36,0.25,22.08,88
20053,3191,9,7519.23,0.31,0.25,9399.04,44
20054,3191,4,8194.03,0.38,0.25,10242.54,89
20055,3191,6,8483.24,0.38,0.25,10604.05,76
20056,3191,1,8724.24,0.45,0.25,10905.3,64
20057,1896,4,25.7,0.5,0.25,32.12,31
20058,1896,2,21.6,0.35,0.25,27.0,46
20059,1896,9,21.6,0.31,0.25,27.0,77
20060,1896,7,21.46,0.3,0.25,26.83,23
20061,1896,1,22.97,0.4,0.25,28.71,35
20062,2467,5,146.76,0.14,0.25,183.45,100
20063,2467,1,145.03,0.44,0.25,181.29,38
20064,2467,3,149.35,0.14,0.25,186.69,94
20065,2467,6,146.76,0.39,0.25,183.45,59
20066,2743,3,141.96,0.15,0.25,177.45,20
20067,2743,7,157.36,0.47,0.25,196.7,51
20068,2743,4,135.98,0.39,0.25,169.98,46
20069,2743,1,153.08,0.47,0.25,191.35,32
20070,1652,2,261.02,0.32,0.25,326.27,29
20071,1652,7,247.2,0.34,0.25,309.0,15
20072,1652,1,251.81,0.31,0.25,314.76,100
20073,1652,10,279.44,0.46,0.25,349.3,76
20074,1652,3,247.2,0.11,0.25,309.0,66
20075,1652,9,257.95,0.44,0.25,322.44,50
20076,3459,6,4045.71,0.32,0.25,5057.14,76
20077,3459,9,4393.19,0.42,0.25,5491.49,97
20078,3459,7,4293.91,0.46,0.25,5367.39,86
20079,3459,10,4343.55,0.44,0.25,5429.44,24
20080,3459,3,4219.45,0.11,0.25,5274.31,57
20081,3459,5,4318.73,0.14,0.25,5398.41,45
20082,3011,10,896.6,0.49,0.25,1120.75,57
20083,3011,8,862.12,0.41,0.25,1077.65,66
20084,3011,7,842.41,0.4,0.25,1053.01,41
20085,3011,5,788.22,0.1,0.25,985.28,13
20086,3011,9,876.9,0.44,0.25,1096.12,97
20087,3593,8,4871.94,0.48,0.25,6089.92,12
20088,3593,7,4445.97,0.38,0.25,5557.46,73
20089,3593,5,4366.11,0.14,0.25,5457.64,87
20090,3593,9,4525.84,0.35,0.25,5657.3,61
20091,3593,2,4472.6,0.3,0.25,5590.75,32
20092,3593,6,4605.71,0.36,0.25,5757.14,24
20093,4301,10,1342.95,0.32,0.25,1678.69,84
20094,4301,8,1360.05,0.31,0.25,1700.06,66
20095,4301,4,1419.93,0.32,0.25,1774.91,20
20096,2907,9,40.61,0.38,0.25,50.76,80
20097,2907,6,43.62,0.49,0.25,54.52,49
20098,2907,5,38.61,0.1,0.25,48.26,48
20099,4550,4,521.24,0.48,0.25,651.55,33
20100,4550,2,511.93,0.32,0.25,639.91,31
20101,4550,9,515.03,0.32,0.25,643.79,85
20102,4550,10,524.34,0.45,0.25,655.42,50
20103,1643,5,465.97,0.12,0.25,582.46,84
20104,1643,8,454.24,0.31,0.25,567.8,54
20105,1643,3,501.13,0.14,0.25,626.41,70
20106,1643,1,504.06,0.48,0.25,630.08,75
20107,2348,3,119.72,0.1,0.25,149.65,43
20108,2348,5,123.37,0.11,0.25,154.21,13
20109,2348,7,126.29,0.4,0.25,157.86,86
20110,2348,6,124.1,0.33,0.25,155.12,97
20111,2348,9,123.37,0.48,0.25,154.21,71
20112,2150,1,3.29,0.42,0.25,4.11,62
20113,2150,6,3.37,0.33,0.25,4.21,48
20114,2150,2,3.19,0.39,0.25,3.99,81
20115,2150,5,3.27,0.15,0.25,4.09,25
20116,2150,4,3.27,0.35,0.25,4.09,44
20117,892,1,56.05,0.4,0.25,70.06,10
20118,892,6,51.76,0.37,0.25,64.7,79
20119,892,5,55.39,0.1,0.25,69.24,32
20120,892,4,59.02,0.43,0.25,73.78,38
20121,3044,1,5935.23,0.49,0.25,7419.04,67
20122,3044,5,5763.69,0.14,0.25,7204.61,94
20123,3044,10,5660.77,0.34,0.25,7075.96,68
20124,3044,4,5969.54,0.41,0.25,7461.92,79
20125,3044,6,6141.08,0.47,0.25,7676.35,31
20126,903,9,24.42,0.41,0.25,30.52,25
20127,903,2,26.07,0.49,0.25,32.59,14
20128,903,6,25.32,0.31,0.25,31.65,73
20129,903,5,26.07,0.14,0.25,32.59,97
20130,903,10,26.96,0.43,0.25,33.7,48
20131,4649,9,712.93,0.45,0.25,891.16,91
20132,4649,4,670.08,0.48,0.25,837.6,22
20133,4649,8,654.49,0.33,0.25,818.11,97
20134,151,3,951.49,0.11,0.25,1189.36,78
20135,151,1,991.86,0.44,0.25,1239.82,74
20136,151,2,1061.05,0.45,0.25,1326.31,69
20137,151,10,1043.75,0.46,0.25,1304.69,52
20138,151,5,963.02,0.13,0.25,1203.78,61
20139,1891,6,26.94,0.32,0.25,33.68,93
20140,1891,10,30.05,0.36,0.25,37.56,14
20141,1891,7,31.09,0.47,0.25,38.86,58
20142,1891,9,32.12,0.46,0.25,40.15,100
20143,1891,5,29.53,0.12,0.25,36.91,68
20144,788,9,16.48,0.49,0.25,20.6,20
20145,788,6,14.7,0.32,0.25,18.38,89
20146,788,3,14.79,0.11,0.25,18.49,100
20147,788,4,16.39,0.45,0.25,20.49,10
20148,788,7,15.59,0.4,0.25,19.49,97
20149,788,1,16.66,0.49,0.25,20.82,95
20150,3867,4,2368.11,0.32,0.25,2960.14,100
20151,3867,9,2451.2,0.48,0.25,3064.0,42
20152,3867,5,2326.56,0.11,0.25,2908.2,75
20153,3867,8,2285.02,0.38,0.25,2856.28,81
20154,3867,2,2437.35,0.45,0.25,3046.69,41
20155,3867,7,2257.32,0.36,0.25,2821.65,99
20156,68,7,1245.75,0.33,0.25,1557.19,51
20157,68,10,1421.44,0.4,0.25,1776.8,40
20158,68,9,1365.54,0.45,0.25,1706.92,37
20159,68,5,1317.62,0.14,0.25,1647.02,83
20160,5365,10,352.7,0.4,0.25,440.88,51
20161,5365,2,330.15,0.31,0.25,412.69,32
20162,5365,8,348.6,0.49,0.25,435.75,37
20163,5365,9,344.5,0.35,0.25,430.62,70
20164,5365,1,334.25,0.39,0.25,417.81,49
20165,5365,6,346.55,0.43,0.25,433.19,17
20166,4477,2,925.17,0.46,0.25,1156.46,18
20167,4477,4,941.6,0.32,0.25,1177.0,81
20168,4477,3,843.06,0.12,0.25,1053.82,48
20169,4477,9,952.55,0.39,0.25,1190.69,71
20170,4477,1,897.8,0.33,0.25,1122.25,68
20171,1107,10,160.4,0.43,0.25,200.5,92
20172,1107,6,155.14,0.49,0.25,193.92,37
20173,1107,9,163.91,0.48,0.25,204.89,99
20174,1107,7,160.4,0.5,0.25,200.5,36
20175,1107,4,135.86,0.33,0.25,169.82,16
20176,2789,10,209.9,0.44,0.25,262.38,59
20177,2789,4,202.7,0.43,0.25,253.38,49
20178,2789,7,193.1,0.34,0.25,241.38,56
20179,2789,1,214.69,0.5,0.25,268.36,54
20180,2789,2,202.7,0.31,0.25,253.38,46
20181,4901,3,475.94,0.14,0.25,594.92,17
20182,4901,10,525.88,0.4,0.25,657.35,40
20183,4901,8,514.13,0.4,0.25,642.66,62
20184,4901,5,461.25,0.11,0.25,576.56,17
20185,4901,4,475.94,0.41,0.25,594.92,31
20186,860,2,12.0,0.31,0.25,15.0,77
20187,860,5,11.35,0.12,0.25,14.19,65
20188,860,7,12.29,0.31,0.25,15.36,40
20189,860,3,11.57,0.13,0.25,14.46,51
20190,157,9,737.9,0.5,0.25,922.38,68
20191,157,10,733.61,0.45,0.25,917.01,69
20192,157,8,682.13,0.31,0.25,852.66,36
20193,896,6,191.45,0.31,0.25,239.31,11
20194,896,10,198.29,0.39,0.25,247.86,99
20195,896,3,196.01,0.13,0.25,245.01,69
20196,896,2,203.99,0.45,0.25,254.99,42
20197,896,1,194.87,0.44,0.25,243.59,42
20198,896,5,193.73,0.11,0.25,242.16,86
20199,328,9,322.23,0.35,0.25,402.79,35
20200,328,7,324.19,0.43,0.25,405.24,86
20201,328,3,322.23,0.13,0.25,402.79,27
20202,328,4,353.66,0.45,0.25,442.08,51
20203,328,8,304.54,0.34,0.25,380.68,77
20204,1959,4,14.16,0.43,0.25,17.7,48
20205,1959,8,13.83,0.41,0.25,17.29,33
20206,1959,9,15.14,0.49,0.25,18.92,40
20207,1959,3,13.25,0.1,0.25,16.56,87
20208,3009,1,6065.71,0.35,0.25,7582.14,62
20209,3009,10,6141.06,0.34,0.25,7676.33,68
20210,3009,9,6103.38,0.34,0.25,7629.22,92
20211,3009,8,5877.33,0.3,0.25,7346.66,48
20212,3009,2,6517.81,0.42,0.25,8147.26,24
20213,3009,6,6480.13,0.32,0.25,8100.16,90
20214,760,3,61.6,0.14,0.25,77.0,42
20215,760,5,63.51,0.13,0.25,79.39,28
20216,760,7,61.6,0.33,0.25,77.0,13
20217,760,2,64.66,0.33,0.25,80.82,49
20218,760,8,70.02,0.46,0.25,87.52,53
20219,1451,8,160.47,0.43,0.25,200.59,37
20220,1451,4,162.34,0.48,0.25,202.92,45
20221,1451,5,149.21,0.13,0.25,186.51,10
20222,1819,10,6.95,0.32,0.25,8.69,30
20223,1819,3,7.08,0.12,0.25,8.85,36
20224,1819,7,7.86,0.42,0.25,9.83,86
20225,1819,4,8.32,0.43,0.25,10.4,18
20226,1819,6,7.91,0.5,0.25,9.89,94
20227,417,4,129.48,0.33,0.25,161.85,95
20228,417,6,141.1,0.48,0.25,176.38,66
20229,417,10,128.7,0.33,0.25,160.88,69
20230,417,9,124.05,0.37,0.25,155.06,99
20231,1791,9,497.09,0.49,0.25,621.36,50
20232,1791,2,505.37,0.49,0.25,631.71,42
20233,1791,1,430.81,0.35,0.25,538.51,76
20234,1791,8,433.57,0.31,0.25,541.96,13
20235,1791,3,441.86,0.11,0.25,552.33,97
20236,5407,3,434.35,0.11,0.25,542.94,47
20237,5407,6,458.33,0.35,0.25,572.91,96
20238,5407,2,490.3,0.47,0.25,612.88,51
20239,5407,8,466.32,0.45,0.25,582.9,81
20240,5407,5,415.69,0.14,0.25,519.61,60
20241,3924,7,301.38,0.34,0.25,376.72,49
20242,3924,3,271.06,0.11,0.25,338.82,31
20243,3924,1,299.59,0.34,0.25,374.49,87
20244,1419,9,21.3,0.41,0.25,26.62,91
20245,1419,1,22.05,0.41,0.25,27.56,40
20246,1419,4,20.67,0.4,0.25,25.84,73
20247,1419,7,22.68,0.44,0.25,28.35,67
20248,1419,6,22.3,0.46,0.25,27.88,34
20249,1419,5,20.42,0.11,0.25,25.52,12
20250,670,9,35.03,0.43,0.25,43.79,94
20251,670,8,34.6,0.36,0.25,43.25,18
20252,670,4,35.24,0.37,0.25,44.05,53
20253,670,2,35.03,0.32,0.25,43.79,85
20254,670,3,34.18,0.12,0.25,42.72,51
20255,4115,3,1556.48,0.11,0.25,1945.6,56
20256,4115,6,1528.35,0.36,0.25,1910.44,72
20257,4115,9,1678.38,0.5,0.25,2097.98,14
20258,4115,10,1593.99,0.36,0.25,1992.49,77
20259,4115,2,1678.38,0.42,0.25,2097.98,55
20260,2768,5,118.45,0.14,0.25,148.06,47
20261,2768,10,126.59,0.42,0.25,158.24,54
20262,2768,8,117.71,0.31,0.25,147.14,19
20263,2768,2,124.37,0.31,0.25,155.46,42
20264,3758,4,7606.61,0.43,0.25,9508.26,54
20265,3758,9,7208.59,0.34,0.25,9010.74,18
20266,3758,2,6766.35,0.31,0.25,8457.94,78
20267,1992,9,33.67,0.38,0.25,42.09,51
20268,1992,2,37.51,0.4,0.25,46.89,26
20269,1992,8,37.93,0.47,0.25,47.41,10
20270,1992,6,35.16,0.35,0.25,43.95,46
20271,1992,4,34.95,0.33,0.25,43.69,34
20272,1992,5,36.87,0.14,0.25,46.09,80
20273,4030,4,2041.68,0.44,0.25,2552.1,64
20274,4030,5,1870.52,0.12,0.25,2338.15,75
20275,4030,1,2066.13,0.31,0.25,2582.66,33
20276,4030,7,2090.58,0.44,0.25,2613.22,79
20277,4030,8,2090.58,0.38,0.25,2613.22,48
20278,1986,5,24.68,0.13,0.25,30.85,85
20279,1986,1,23.94,0.38,0.25,29.92,51
20280,1986,8,25.42,0.44,0.25,31.78,59
20281,4130,4,2009.98,0.44,0.25,2512.48,62
20282,4130,8,1878.89,0.35,0.25,2348.61,54
20283,4130,6,1835.2,0.42,0.25,2294.0,80
20284,4130,10,1824.27,0.4,0.25,2280.34,53
20285,3742,10,4450.34,0.41,0.25,5562.92,62
20286,3742,7,4397.36,0.37,0.25,5496.7,43
20287,3742,3,4556.3,0.14,0.25,5695.38,41
20288,2786,10,147.73,0.49,0.25,184.66,75
20289,2786,5,132.8,0.12,0.25,166.0,40
20290,2786,4,143.02,0.42,0.25,178.78,12
20291,2786,7,144.59,0.46,0.25,180.74,12
20292,1436,5,57.0,0.14,0.25,71.25,98
20293,1436,6,56.01,0.43,0.25,70.01,59
20294,1436,4,60.31,0.45,0.25,75.39,83
20295,1490,8,48.44,0.49,0.25,60.55,44
20296,1490,10,44.2,0.38,0.25,55.25,23
20297,1490,6,47.38,0.45,0.25,59.22,42
20298,1490,9,44.47,0.34,0.25,55.59,80
20299,1490,7,47.65,0.47,0.25,59.56,72
20300,1490,4,42.88,0.33,0.25,53.6,22
20301,4698,10,608.41,0.42,0.25,760.51,19
20302,4698,9,656.94,0.49,0.25,821.18,74
20303,4698,4,589.75,0.37,0.25,737.19,99
20304,4698,1,634.54,0.32,0.25,793.18,33
20305,4425,10,2152.85,0.36,0.25,2691.06,72
20306,4425,7,2230.19,0.41,0.25,2787.74,27
20307,4425,5,2217.3,0.13,0.25,2771.62,54
20308,4425,9,2139.96,0.37,0.25,2674.95,45
20309,4425,1,2217.3,0.39,0.25,2771.62,58
20310,2829,4,280.13,0.32,0.25,350.16,27
20311,2829,9,323.51,0.43,0.25,404.39,53
20312,2829,8,292.78,0.36,0.25,365.98,79
20313,2829,10,328.93,0.43,0.25,411.16,27
20314,2829,2,298.2,0.39,0.25,372.75,13
20315,2829,6,307.24,0.49,0.25,384.05,79
20316,4883,3,450.9,0.12,0.25,563.62,43
20317,4883,2,450.9,0.35,0.25,563.62,40
20318,4883,4,442.44,0.32,0.25,553.05,29
20319,4883,1,510.08,0.43,0.25,637.6,50
20320,948,9,175.28,0.31,0.25,219.1,63
20321,948,8,178.65,0.38,0.25,223.31,60
20322,948,2,205.62,0.48,0.25,257.02,45
20323,948,1,193.26,0.46,0.25,241.58,42
20324,3560,4,1021.96,0.49,0.25,1277.45,44
20325,3560,9,1082.07,0.42,0.25,1352.59,84
20326,3560,8,919.76,0.3,0.25,1149.7,57
20327,3560,5,925.77,0.14,0.25,1157.21,71
20328,934,6,115.31,0.37,0.25,144.14,39
20329,934,4,111.35,0.4,0.25,139.19,28
20330,934,1,110.04,0.34,0.25,137.55,98
20331,981,6,97.72,0.45,0.25,122.15,68
20332,981,8,94.96,0.39,0.25,118.7,35
20333,981,7,95.51,0.48,0.25,119.39,94
20334,981,1,92.75,0.36,0.25,115.94,84
20335,380,6,421.93,0.38,0.25,527.41,13
20336,380,8,402.97,0.35,0.25,503.71,49
20337,380,10,424.3,0.41,0.25,530.38,54
20338,380,1,402.97,0.36,0.25,503.71,58
20339,380,2,384.0,0.3,0.25,480.0,93
20340,5078,4,412.18,0.44,0.25,515.22,58
20341,5078,3,379.76,0.11,0.25,474.7,82
20342,5078,2,398.28,0.49,0.25,497.85,42
20343,5078,6,407.55,0.48,0.25,509.44,43
20344,5160,2,238.63,0.33,0.25,298.29,85
20345,5160,1,246.28,0.35,0.25,307.85,22
20346,5160,5,249.34,0.1,0.25,311.68,54
20347,5160,8,267.7,0.39,0.25,334.62,74
20348,4339,9,1838.78,0.37,0.25,2298.48,38
20349,4339,4,1870.12,0.48,0.25,2337.65,62
20350,4339,7,1796.99,0.4,0.25,2246.24,21
20351,3728,10,7130.44,0.46,0.25,8913.05,17
20352,3728,8,7372.16,0.44,0.25,9215.2,69
20353,3728,2,6929.02,0.4,0.25,8661.28,54
20354,3728,1,6848.45,0.32,0.25,8560.56,77
20355,3728,3,6888.74,0.11,0.25,8610.92,80
20356,3728,9,6647.02,0.33,0.25,8308.78,52
20357,4969,6,452.18,0.34,0.25,565.22,36
20358,4969,5,469.69,0.1,0.25,587.11,70
20359,4969,2,507.61,0.42,0.25,634.51,33
20360,4969,3,501.78,0.15,0.25,627.22,70
20361,4969,4,495.94,0.43,0.25,619.92,65
20362,1562,2,593.06,0.36,0.25,741.32,24
20363,1562,5,578.68,0.13,0.25,723.35,21
20364,1562,1,636.19,0.47,0.25,795.24,17
20365,1562,4,675.73,0.48,0.25,844.66,47
20366,1562,10,546.33,0.3,0.25,682.91,46
20367,1562,7,661.35,0.48,0.25,826.69,10
20368,4838,5,308.6,0.14,0.25,385.75,10
20369,4838,1,346.43,0.39,0.25,433.04,18
20370,4838,3,316.57,0.11,0.25,395.71,76
20371,4838,10,354.4,0.46,0.25,443.0,66
20372,4838,4,332.5,0.33,0.25,415.62,75
20373,3978,4,1545.09,0.36,0.25,1931.36,61
20374,3978,3,1460.82,0.11,0.25,1826.02,75
20375,3978,10,1479.54,0.31,0.25,1849.42,75
20376,3978,5,1470.18,0.14,0.25,1837.72,53
20377,3109,7,8562.17,0.47,0.25,10702.71,12
20378,3109,2,7792.54,0.35,0.25,9740.67,50
20379,3109,3,7840.64,0.14,0.25,9800.8,94
20380,3562,6,1212.0,0.34,0.25,1515.0,87
20381,3562,9,1168.46,0.41,0.25,1460.58,37
20382,3562,7,1219.26,0.43,0.25,1524.08,30
20383,4415,5,366.65,0.13,0.25,458.31,83
20384,4415,2,384.42,0.41,0.25,480.52,66
20385,4415,9,373.31,0.46,0.25,466.64,45
20386,4415,4,366.65,0.3,0.25,458.31,68
20387,2328,3,39.48,0.1,0.25,49.35,64
20388,2328,6,41.61,0.44,0.25,52.01,63
20389,2328,5,40.19,0.13,0.25,50.24,94
20390,2328,4,42.55,0.49,0.25,53.19,92
20391,3373,9,2348.02,0.44,0.25,2935.02,82
20392,3373,3,2196.98,0.13,0.25,2746.22,73
20393,3373,5,2334.29,0.11,0.25,2917.86,18
20394,3373,2,2471.6,0.49,0.25,3089.5,33
20395,3373,7,2334.29,0.32,0.25,2917.86,33
20396,4479,8,830.72,0.31,0.25,1038.4,98
20397,4479,5,830.72,0.11,0.25,1038.4,70
20398,4479,9,860.21,0.42,0.25,1075.26,13
20399,4479,7,874.96,0.42,0.25,1093.7,15
20400,4479,2,815.97,0.43,0.25,1019.96,45
20401,4479,6,811.06,0.35,0.25,1013.82,92
20402,3637,6,315.33,0.46,0.25,394.16,22
20403,3637,7,355.23,0.48,0.25,444.04,99
20404,3637,8,319.13,0.47,0.25,398.91,49
20405,3637,10,294.44,0.34,0.25,368.05,58
20406,5110,5,163.19,0.14,0.25,203.99,39
20407,5110,3,151.0,0.12,0.25,188.75,95
20408,5110,6,156.63,0.35,0.25,195.79,23
20409,5110,8,168.82,0.44,0.25,211.02,98
20410,5110,9,146.31,0.34,0.25,182.89,30
20411,5110,7,166.01,0.47,0.25,207.51,58
20412,719,4,61.49,0.44,0.25,76.86,90
20413,719,3,52.42,0.11,0.25,65.53,48
20414,719,1,52.75,0.33,0.25,65.94,93
20415,3768,5,6831.98,0.11,0.25,8539.97,31
20416,3768,3,7441.2,0.11,0.25,9301.5,51
20417,3768,4,7397.69,0.41,0.25,9247.11,73
20418,3768,9,7919.88,0.45,0.25,9899.85,42
20419,3768,2,7049.56,0.39,0.25,8811.95,40
20420,3768,6,7702.3,0.46,0.25,9627.88,91
20421,646,6,53.04,0.38,0.25,66.3,98
20422,646,2,56.83,0.45,0.25,71.04,16
20423,646,1,54.62,0.42,0.25,68.27,16
20424,5301,9,310.32,0.38,0.25,387.9,56
20425,5301,2,287.4,0.35,0.25,359.25,62
20426,5301,5,299.74,0.11,0.25,374.68,69
20427,204,7,204.83,0.35,0.25,256.04,66
20428,204,5,198.77,0.12,0.25,248.46,58
20429,204,4,198.77,0.33,0.25,248.46,23
20430,204,10,209.68,0.44,0.25,262.1,28
20431,204,2,189.07,0.34,0.25,236.34,33
20432,204,9,224.22,0.49,0.25,280.27,79
20433,823,5,68.44,0.1,0.25,85.55,90
20434,823,7,70.46,0.35,0.25,88.07,70
20435,823,9,72.47,0.49,0.25,90.59,41
20436,823,10,62.4,0.32,0.25,78.0,61
20437,823,4,64.42,0.37,0.25,80.53,19
20438,823,1,65.62,0.32,0.25,82.02,38
20439,1766,5,457.08,0.12,0.25,571.35,50
20440,1766,8,490.16,0.34,0.25,612.7,29
20441,1766,1,529.25,0.37,0.25,661.56,71
20442,1766,6,544.29,0.43,0.25,680.36,89
20443,1766,10,496.17,0.35,0.25,620.21,84
20444,1766,7,535.26,0.43,0.25,669.08,96
20445,2869,5,304.79,0.12,0.25,380.99,30
20446,2869,8,306.63,0.37,0.25,383.29,58
20447,2869,10,319.48,0.41,0.25,399.35,60
20448,2869,4,315.81,0.42,0.25,394.76,28
20449,2869,9,323.15,0.4,0.25,403.94,80
20450,3421,4,7769.45,0.44,0.25,9711.81,97
20451,3421,5,7171.8,0.13,0.25,8964.75,85
20452,3421,10,7129.11,0.32,0.25,8911.39,62
20453,3421,9,6744.91,0.37,0.25,8431.14,92
20454,3421,8,7513.32,0.4,0.25,9391.65,77
20455,687,10,74.54,0.46,0.25,93.18,62
20456,687,6,72.79,0.42,0.25,90.99,43
20457,687,9,79.37,0.44,0.25,99.21,92
20458,3340,9,4269.26,0.38,0.25,5336.58,14
20459,3340,10,4737.84,0.48,0.25,5922.3,48
20460,3340,1,4685.78,0.46,0.25,5857.22,86
20461,3851,1,2550.23,0.39,0.25,3187.79,64
20462,3851,6,2609.88,0.49,0.25,3262.35,72
20463,3851,3,2490.57,0.14,0.25,3113.21,25
20464,3851,8,2684.45,0.4,0.25,3355.56,62
20465,3851,2,2445.83,0.36,0.25,3057.29,61
20466,3851,9,2475.66,0.4,0.25,3094.58,62
20467,2180,3,1.88,0.11,0.25,2.35,17
20468,2180,9,1.94,0.43,0.25,2.42,62
20469,2180,10,1.97,0.39,0.25,2.46,21
20470,5332,3,409.03,0.13,0.25,511.29,52
20471,5332,4,394.07,0.35,0.25,492.59,56
20472,5332,7,386.59,0.31,0.25,483.24,33
20473,5332,2,438.96,0.39,0.25,548.7,72
20474,5332,9,424.0,0.43,0.25,530.0,81
20475,1765,6,433.17,0.33,0.25,541.46,63
20476,1765,1,467.72,0.36,0.25,584.65,44
20477,1765,7,449.12,0.44,0.25,561.4,89
20478,3311,5,1770.69,0.13,0.25,2213.36,72
20479,3311,10,1941.36,0.44,0.25,2426.7,99
20480,3311,3,1813.36,0.13,0.25,2266.7,56
20481,3311,8,1749.36,0.4,0.25,2186.7,91
20482,3311,2,1749.36,0.35,0.25,2186.7,35
20483,3311,4,1738.69,0.41,0.25,2173.36,91
20484,5259,7,459.08,0.37,0.25,573.85,91
20485,5259,4,498.75,0.5,0.25,623.44,76
20486,5259,8,484.58,0.36,0.25,605.72,99
20487,5259,10,487.41,0.44,0.25,609.26,43
20488,5259,9,456.24,0.37,0.25,570.3,81
20489,5314,8,638.91,0.47,0.25,798.64,18
20490,5314,7,699.04,0.46,0.25,873.8,43
20491,5314,3,590.05,0.12,0.25,737.56,82
20492,5314,6,631.39,0.41,0.25,789.24,99
20493,5288,6,665.28,0.4,0.25,831.6,92
20494,5288,1,669.26,0.3,0.25,836.58,14
20495,5288,10,637.39,0.39,0.25,796.74,76
20496,5288,5,633.41,0.1,0.25,791.76,13
20497,1432,8,41.32,0.31,0.25,51.65,85
20498,1432,6,42.66,0.3,0.25,53.32,68
20499,1432,3,45.88,0.12,0.25,57.35,99
20500,1790,5,69.0,0.1,0.25,86.25,81
20501,1790,7,70.22,0.48,0.25,87.78,91
20502,1790,3,64.13,0.11,0.25,80.16,73
20503,1790,6,69.81,0.42,0.25,87.26,72
20504,1790,1,69.0,0.41,0.25,86.25,94
20505,1790,9,73.87,0.49,0.25,92.34,51
20506,2879,10,270.43,0.34,0.25,338.04,74
20507,2879,1,273.65,0.33,0.25,342.06,45
20508,2879,7,284.92,0.38,0.25,356.15,72
20509,2879,2,247.89,0.33,0.25,309.86,47
20510,2879,3,257.55,0.15,0.25,321.94,12
20511,1084,5,140.88,0.15,0.25,176.1,16
20512,1084,2,153.85,0.44,0.25,192.31,56
20513,1084,7,159.9,0.45,0.25,199.88,96
20514,1084,9,138.29,0.39,0.25,172.86,73
20515,1084,6,146.93,0.44,0.25,183.66,47
20516,1084,1,148.66,0.47,0.25,185.82,62
20517,1177,6,53.26,0.32,0.25,66.58,26
20518,1177,2,50.71,0.32,0.25,63.39,17
20519,1177,1,55.49,0.35,0.25,69.36,92
20520,1177,9,55.17,0.36,0.25,68.96,46
20521,180,3,162.34,0.12,0.25,202.92,45
20522,180,6,165.26,0.42,0.25,206.58,18
20523,180,9,172.06,0.49,0.25,215.08,26
20524,3668,10,8991.26,0.48,0.25,11239.08,86
20525,3668,9,8836.24,0.49,0.25,11045.3,14
20526,3668,6,8991.26,0.38,0.25,11239.08,80
20527,2073,8,3.0,0.39,0.25,3.75,37
20528,2073,5,2.95,0.12,0.25,3.69,46
20529,2073,9,3.26,0.44,0.25,4.07,31
20530,2073,1,3.0,0.33,0.25,3.75,33
20531,2073,2,3.04,0.36,0.25,3.8,99
20532,4035,10,342.74,0.44,0.25,428.42,93
20533,4035,8,366.93,0.45,0.25,458.66,48
20534,4035,2,348.79,0.38,0.25,435.99,25
20535,4035,3,332.66,0.15,0.25,415.83,69
20536,4035,1,336.69,0.37,0.25,420.86,33
20537,4850,2,295.94,0.47,0.25,369.92,23
20538,4850,4,311.43,0.44,0.25,389.29,55
20539,4850,3,283.9,0.14,0.25,354.88,12
20540,4850,7,273.58,0.33,0.25,341.98,46
20541,4850,10,297.66,0.33,0.25,372.08,64
20542,4850,9,287.34,0.43,0.25,359.17,71
20543,3468,10,1678.88,0.43,0.25,2098.6,53
20544,3468,4,1650.1,0.49,0.25,2062.62,98
20545,3468,3,1563.76,0.11,0.25,1954.7,39
20546,3468,1,1506.2,0.36,0.25,1882.75,39
20547,4636,6,2259.41,0.44,0.25,2824.26,91
20548,4636,2,2300.0,0.41,0.25,2875.0,45
20549,4636,1,2164.7,0.3,0.25,2705.88,69
20550,4636,8,2286.47,0.34,0.25,2858.09,25
20551,3388,7,4476.02,0.32,0.25,5595.02,57
20552,3388,2,4776.24,0.49,0.25,5970.3,95
20553,3388,5,4476.02,0.12,0.25,5595.02,86
20554,5124,9,230.25,0.45,0.25,287.81,63
20555,5124,4,223.52,0.32,0.25,279.4,96
20556,5124,2,219.48,0.39,0.25,274.35,90
20557,5124,10,228.9,0.49,0.25,286.12,84
20558,3988,10,1746.66,0.36,0.25,2183.33,51
20559,3988,7,1907.39,0.45,0.25,2384.24,64
20560,3988,1,1778.81,0.44,0.25,2223.51,81
20561,3988,3,1746.66,0.13,0.25,2183.33,17
20562,3988,4,1821.67,0.36,0.25,2277.09,100
20563,617,4,78.9,0.5,0.25,98.62,75
20564,617,10,74.68,0.38,0.25,93.35,91
20565,617,8,72.99,0.47,0.25,91.24,22
20566,617,2,68.77,0.4,0.25,85.96,82
20567,617,6,69.19,0.41,0.25,86.49,13
20568,2833,6,201.75,0.48,0.25,252.19,48
20569,2833,8,198.34,0.5,0.25,247.92,48
20570,2833,10,209.68,0.48,0.25,262.1,22
20571,3424,2,2705.84,0.47,0.25,3382.3,58
20572,3424,4,2313.05,0.31,0.25,2891.31,10
20573,3424,1,2502.17,0.48,0.25,3127.71,51
20574,3424,8,2618.55,0.48,0.25,3273.19,31
20575,3424,6,2269.41,0.33,0.25,2836.76,45
20576,3424,3,2473.07,0.13,0.25,3091.34,35
20577,4931,5,407.83,0.14,0.25,509.79,20
20578,4931,1,393.69,0.35,0.25,492.11,42
20579,4931,2,379.54,0.3,0.25,474.42,26
20580,4931,6,398.4,0.33,0.25,498.0,78
20581,4931,9,429.05,0.42,0.25,536.31,55
20582,4931,7,410.19,0.41,0.25,512.74,16
20583,840,9,56.64,0.41,0.25,70.8,99
20584,840,5,58.0,0.13,0.25,72.5,81
20585,840,10,53.91,0.31,0.25,67.39,84
20586,840,4,51.86,0.31,0.25,64.82,86
20587,840,3,54.59,0.1,0.25,68.24,42
20588,961,8,92.96,0.32,0.25,116.2,15
20589,961,9,92.96,0.31,0.25,116.2,80
20590,961,10,101.9,0.47,0.25,127.38,14
20591,961,1,109.65,0.46,0.25,137.06,42
20592,961,3,93.56,0.13,0.25,116.95,56
20593,961,2,94.15,0.37,0.25,117.69,69
20594,3657,4,1264.66,0.31,0.25,1580.82,33
20595,3657,10,1480.78,0.49,0.25,1850.98,56
20596,3657,8,1384.73,0.44,0.25,1730.91,10
20597,1913,9,7.85,0.43,0.25,9.81,91
20598,1913,4,7.58,0.38,0.25,9.48,39
20599,1913,8,7.99,0.46,0.25,9.99,25
20600,4205,4,918.61,0.31,0.25,1148.26,89
20601,4205,8,1018.71,0.4,0.25,1273.39,97
20602,4205,6,1095.26,0.5,0.25,1369.08,43
20603,4205,1,1065.82,0.41,0.25,1332.28,17
20604,5306,7,486.72,0.47,0.25,608.4,85
20605,5306,8,467.69,0.47,0.25,584.61,52
20606,5306,1,467.69,0.39,0.25,584.61,60
20607,5306,5,456.81,0.12,0.25,571.01,95
20608,5306,3,454.09,0.11,0.25,567.61,21
20609,5306,10,456.81,0.45,0.25,571.01,100
20610,346,4,65.07,0.36,0.25,81.34,97
20611,346,7,70.36,0.42,0.25,87.95,79
20612,346,2,62.63,0.32,0.25,78.29,45
20613,346,6,67.51,0.31,0.25,84.39,67
20614,346,5,69.14,0.14,0.25,86.42,17
20615,2604,5,40.04,0.12,0.25,50.05,99
20616,2604,4,46.88,0.49,0.25,58.6,35
20617,2604,2,46.12,0.48,0.25,57.65,26
20618,2604,1,42.82,0.38,0.25,53.52,71
20619,2604,10,43.58,0.33,0.25,54.47,67
20620,2592,7,197.8,0.36,0.25,247.25,86
20621,2592,2,202.62,0.38,0.25,253.28,33
20622,2592,1,224.33,0.48,0.25,280.41,57
20623,2592,3,190.56,0.14,0.25,238.2,83
20624,3958,4,1825.86,0.48,0.25,2282.32,94
20625,3958,7,1933.9,0.43,0.25,2417.38,45
20626,3958,2,1793.45,0.45,0.25,2241.81,100
20627,3958,1,1901.49,0.37,0.25,2376.86,45
20628,3958,3,1750.23,0.1,0.25,2187.79,33
20629,3958,9,1717.82,0.38,0.25,2147.28,25
20630,3130,9,4344.55,0.46,0.25,5430.69,64
20631,3130,5,4175.6,0.15,0.25,5219.5,47
20632,3130,10,3741.14,0.33,0.25,4676.42,87
20633,3130,8,3813.55,0.32,0.25,4766.94,33
20634,1347,7,79.49,0.42,0.25,99.36,25
20635,1347,3,81.43,0.13,0.25,101.79,37
20636,1347,5,82.88,0.13,0.25,103.6,70
20637,4448,6,1499.2,0.49,0.25,1874.0,95
20638,4448,9,1364.36,0.48,0.25,1705.45,48
20639,4448,2,1356.42,0.33,0.25,1695.52,86
20640,4448,3,1324.69,0.11,0.25,1655.86,23
20641,1470,8,36.89,0.45,0.25,46.11,64
20642,1470,5,37.77,0.15,0.25,47.21,77
20643,1470,4,34.27,0.35,0.25,42.84,65
20644,1470,9,39.51,0.48,0.25,49.39,61
20645,1470,6,39.29,0.46,0.25,49.11,73
20646,1470,3,34.93,0.11,0.25,43.66,100
20647,2469,2,60.26,0.41,0.25,75.32,29
20648,2469,10,61.01,0.41,0.25,76.26,84
20649,2469,6,67.7,0.47,0.25,84.62,88
20650,2469,1,62.5,0.35,0.25,78.12,51
20651,2469,9,62.87,0.37,0.25,78.59,19
20652,2469,4,60.26,0.38,0.25,75.32,76
20653,5188,6,416.13,0.44,0.25,520.16,19
20654,5188,9,441.05,0.39,0.25,551.31,49
20655,5188,3,416.13,0.15,0.25,520.16,13
20656,5188,2,421.11,0.35,0.25,526.39,91
20657,5188,10,451.02,0.44,0.25,563.78,70
20658,1844,1,4.36,0.34,0.25,5.45,26
20659,1844,2,4.67,0.46,0.25,5.84,94
20660,1844,4,4.34,0.32,0.25,5.42,17
20661,1844,3,3.98,0.13,0.25,4.97,11
20662,1844,10,4.23,0.4,0.25,5.29,78
20663,1844,5,4.05,0.15,0.25,5.06,44
20664,1402,2,63.69,0.43,0.25,79.61,41
20665,1402,4,63.69,0.33,0.25,79.61,65
20666,1402,8,63.31,0.36,0.25,79.14,27
20667,1402,7,64.84,0.47,0.25,81.05,41
20668,1402,9,59.12,0.3,0.25,73.9,20
20669,3107,6,155.97,0.43,0.25,194.96,88
20670,3107,4,148.04,0.38,0.25,185.05,38
20671,3107,1,157.73,0.42,0.25,197.16,13
20672,3107,5,138.35,0.1,0.25,172.94,73
20673,3107,2,147.16,0.38,0.25,183.95,78
20674,3107,10,149.8,0.42,0.25,187.25,20
20675,1467,4,78.8,0.4,0.25,98.5,37
20676,1467,10,74.32,0.39,0.25,92.9,21
20677,1467,2,77.9,0.49,0.25,97.38,48
20678,1467,9,84.62,0.49,0.25,105.78,62
20679,1467,1,75.21,0.38,0.25,94.01,65
20680,1467,8,73.42,0.37,0.25,91.78,43
20681,789,3,67.73,0.15,0.25,84.66,87
20682,789,6,75.17,0.46,0.25,93.96,38
20683,789,7,68.97,0.4,0.25,86.21,65
20684,789,2,75.17,0.49,0.25,93.96,55
20685,789,8,73.51,0.47,0.25,91.89,99
20686,789,10,73.51,0.48,0.25,91.89,73
20687,60,1,906.52,0.48,0.25,1133.15,66
20688,60,2,872.22,0.5,0.25,1090.28,34
20689,60,9,813.42,0.44,0.25,1016.78,92
20690,1746,8,689.4,0.44,0.25,861.75,47
20691,1746,6,701.64,0.37,0.25,877.05,19
20692,1746,2,681.24,0.4,0.25,851.55,88
20693,1746,1,746.51,0.46,0.25,933.14,87
20694,1746,3,673.08,0.15,0.25,841.35,26
20695,2434,3,69.34,0.12,0.25,86.68,15
20696,2434,9,70.17,0.46,0.25,87.71,57
20697,2434,6,71.43,0.39,0.25,89.29,19
20698,2434,4,77.27,0.48,0.25,96.59,23
20699,4603,4,417.5,0.38,0.25,521.88,66
20700,4603,2,388.54,0.38,0.25,485.68,13
20701,4603,10,395.78,0.3,0.25,494.72,87
20702,4603,5,366.82,0.12,0.25,458.52,39
20703,4009,10,2240.88,0.45,0.25,2801.1,48
20704,4009,3,2014.27,0.14,0.25,2517.84,26
20705,4009,1,2177.93,0.46,0.25,2722.41,97
20706,4009,4,2001.68,0.32,0.25,2502.1,81
20707,4009,5,2165.34,0.12,0.25,2706.68,65
20708,4009,8,2291.23,0.44,0.25,2864.04,33
20709,1144,2,191.84,0.38,0.25,239.8,71
20710,1144,4,179.78,0.33,0.25,224.72,82
20711,1144,1,207.18,0.5,0.25,258.98,11
20712,1144,6,188.55,0.45,0.25,235.69,45
20713,1144,5,179.78,0.13,0.25,224.72,61
20714,4860,2,533.0,0.35,0.25,666.25,77
20715,4860,5,500.1,0.11,0.25,625.12,56
20716,4860,1,513.26,0.35,0.25,641.58,97
20717,5080,9,630.78,0.45,0.25,788.47,59
20718,5080,4,572.19,0.32,0.25,715.24,77
20719,5080,6,592.87,0.42,0.25,741.09,51
20720,5080,5,544.61,0.11,0.25,680.76,89
20721,5080,8,589.42,0.42,0.25,736.78,76
20722,5080,2,592.87,0.35,0.25,741.09,43
20723,5178,5,577.74,0.11,0.25,722.18,86
20724,5178,1,605.25,0.42,0.25,756.56,86
20725,5178,8,584.61,0.46,0.25,730.76,91
20726,5178,7,601.81,0.44,0.25,752.26,54
20727,4182,1,1603.82,0.31,0.25,2004.78,58
20728,4182,5,1593.86,0.13,0.25,1992.32,18
20729,4182,6,1554.01,0.3,0.25,1942.51,42
20730,4182,2,1723.36,0.46,0.25,2154.2,67
20731,4182,7,1703.43,0.43,0.25,2129.29,34
20732,5164,4,225.14,0.49,0.25,281.42,89
20733,5164,8,212.84,0.4,0.25,266.05,81
20734,5164,7,216.53,0.5,0.25,270.66,52
20735,5164,5,196.85,0.1,0.25,246.06,60
20736,5164,2,214.07,0.48,0.25,267.59,64
20737,5164,1,215.3,0.42,0.25,269.12,84
20738,4331,7,1265.93,0.37,0.25,1582.41,92
20739,4331,6,1368.14,0.46,0.25,1710.18,13
20740,4331,10,1234.48,0.35,0.25,1543.1,58
20741,4331,4,1265.93,0.35,0.25,1582.41,30
20742,458,5,295.92,0.11,0.25,369.9,35
20743,458,2,310.9,0.37,0.25,388.62,95
20744,458,1,318.39,0.48,0.25,397.99,17
20745,458,10,305.28,0.36,0.25,381.6,99
20746,458,8,305.28,0.38,0.25,381.6,86
20747,458,4,305.28,0.32,0.25,381.6,94
20748,4558,7,1323.04,0.35,0.25,1653.8,54
20749,4558,2,1265.16,0.3,0.25,1581.45,85
20750,4558,3,1273.43,0.12,0.25,1591.79,81
20751,4558,5,1306.5,0.1,0.25,1633.12,89
20752,4558,4,1414.0,0.49,0.25,1767.5,65
20753,4887,10,289.65,0.48,0.25,362.06,79
20754,4887,1,281.08,0.35,0.25,351.35,47
20755,4887,3,287.94,0.11,0.25,359.92,97
20756,4887,8,289.65,0.41,0.25,362.06,35
20757,2271,2,147.5,0.39,0.25,184.38,44
20758,2271,6,150.12,0.48,0.25,187.65,17
20759,2271,10,151.87,0.4,0.25,189.84,93
20760,2271,3,138.78,0.13,0.25,173.48,20
20761,2271,7,153.61,0.47,0.25,192.01,26
20762,227,3,55.16,0.13,0.25,68.95,11
20763,227,5,58.39,0.14,0.25,72.99,82
20764,227,1,60.54,0.43,0.25,75.68,38
20765,1806,10,10.84,0.39,0.25,13.55,26
20766,1806,3,10.71,0.13,0.25,13.39,90
20767,1806,4,10.97,0.36,0.25,13.71,99
20768,1806,8,11.23,0.38,0.25,14.04,98
20769,1806,2,9.8,0.3,0.25,12.25,52
20770,1806,5,11.16,0.14,0.25,13.95,91
20771,5350,2,248.97,0.41,0.25,311.21,99
20772,5350,4,230.97,0.32,0.25,288.71,26
20773,5350,7,254.97,0.46,0.25,318.71,22
20774,5350,10,254.97,0.32,0.25,318.71,21
20775,4218,3,1737.03,0.1,0.25,2171.29,38
20776,4218,9,1814.97,0.31,0.25,2268.71,75
20777,4218,4,1848.38,0.34,0.25,2310.48,15
20778,4218,7,1926.32,0.43,0.25,2407.9,19
20779,1625,10,793.76,0.44,0.25,992.2,77
20780,1625,8,771.72,0.39,0.25,964.65,16
20781,1625,3,714.39,0.11,0.25,892.99,65
20782,1625,2,740.85,0.45,0.25,926.06,40
20783,1625,6,749.67,0.49,0.25,937.09,65
20784,1625,4,709.98,0.36,0.25,887.48,94
20785,1197,4,158.08,0.31,0.25,197.6,65
20786,1197,10,176.8,0.39,0.25,221.0,59
20787,1197,3,176.8,0.12,0.25,221.0,95
20788,1197,8,166.4,0.32,0.25,208.0,73
20789,1197,2,173.68,0.36,0.25,217.1,35
20790,2780,9,170.05,0.36,0.25,212.56,12
20791,2780,7,172.05,0.47,0.25,215.06,56
20792,2780,10,163.05,0.36,0.25,203.81,55
20793,3164,7,2621.02,0.48,0.25,3276.28,26
20794,3164,2,2544.83,0.42,0.25,3181.04,79
20795,3164,1,2788.65,0.47,0.25,3485.81,90
20796,3164,4,2621.02,0.41,0.25,3276.28,93
20797,3164,9,2651.5,0.39,0.25,3314.38,57
20798,4903,6,277.33,0.33,0.25,346.66,93
20799,4903,2,288.82,0.42,0.25,361.02,22
20800,4903,1,274.05,0.37,0.25,342.56,91
20801,4903,4,283.89,0.44,0.25,354.86,66
20802,4903,3,262.56,0.1,0.25,328.2,31
20803,4909,10,682.07,0.4,0.25,852.59,62
20804,4909,2,666.11,0.44,0.25,832.64,42
20805,4909,5,686.06,0.12,0.25,857.58,19
20806,4909,9,626.23,0.36,0.25,782.79,80
20807,837,6,23.44,0.39,0.25,29.3,98
20808,837,5,22.35,0.11,0.25,27.94,69
20809,837,8,23.44,0.39,0.25,29.3,16
20810,837,3,22.08,0.12,0.25,27.6,51
20811,4214,4,1449.98,0.43,0.25,1812.48,43
20812,4214,5,1342.88,0.14,0.25,1678.6,25
20813,4214,8,1458.21,0.47,0.25,1822.76,13
20814,101,6,1078.36,0.45,0.25,1347.95,34
20815,101,2,1007.75,0.33,0.25,1259.69,74
20816,101,4,1033.43,0.37,0.25,1291.79,66
20817,101,1,1046.26,0.39,0.25,1307.82,54
20818,101,3,1001.33,0.11,0.25,1251.66,50
20819,101,9,1059.1,0.38,0.25,1323.88,31
20820,4445,4,1557.19,0.41,0.25,1946.49,27
20821,4445,10,1585.85,0.35,0.25,1982.31,55
20822,4445,7,1671.83,0.36,0.25,2089.79,83
20823,4445,6,1738.7,0.44,0.25,2173.38,95
20824,4445,3,1643.17,0.14,0.25,2053.96,100
20825,4445,9,1471.21,0.32,0.25,1839.01,61
20826,650,6,46.27,0.36,0.25,57.84,16
20827,650,5,45.71,0.12,0.25,57.14,91
20828,650,2,46.83,0.37,0.25,58.54,46
20829,1767,3,166.09,0.14,0.25,207.61,16
20830,1767,8,183.85,0.36,0.25,229.81,43
20831,1767,10,180.72,0.37,0.25,225.9,77
20832,1767,1,177.58,0.47,0.25,221.98,38
20833,404,5,288.87,0.13,0.25,361.09,82
20834,404,6,296.38,0.35,0.25,370.48,22
20835,404,9,335.77,0.41,0.25,419.71,72
20836,404,8,333.89,0.45,0.25,417.36,55
20837,404,3,318.89,0.11,0.25,398.61,40
20838,404,10,288.87,0.32,0.25,361.09,79
20839,3264,9,3118.82,0.43,0.25,3898.52,26
20840,3264,1,3230.21,0.38,0.25,4037.76,90
20841,3264,2,3155.95,0.49,0.25,3944.94,84
20842,3264,4,3267.33,0.5,0.25,4084.16,36
20843,3264,7,3323.03,0.4,0.25,4153.79,57
20844,3264,8,2951.74,0.33,0.25,3689.68,14
20845,1387,8,118.19,0.39,0.25,147.74,53
20846,1387,3,110.22,0.12,0.25,137.78,58
20847,1387,7,130.52,0.46,0.25,163.15,38
20848,1387,4,129.79,0.45,0.25,162.24,17
20849,1387,5,120.37,0.14,0.25,150.46,81
20850,1387,2,114.57,0.36,0.25,143.21,13
20851,3962,1,130.53,0.43,0.25,163.16,26
20852,3962,5,122.33,0.13,0.25,152.91,82
20853,3962,4,122.33,0.3,0.25,152.91,98
20854,3962,10,126.8,0.35,0.25,158.5,29
20855,5307,1,270.97,0.35,0.25,338.71,60
20856,5307,6,266.27,0.37,0.25,332.84,97
20857,5307,3,256.87,0.11,0.25,321.09,74
20858,5307,2,286.63,0.45,0.25,358.29,60
20859,5307,10,274.1,0.49,0.25,342.62,91
20860,5307,9,285.07,0.49,0.25,356.34,47
20861,1257,8,57.25,0.36,0.25,71.56,100
20862,1257,4,57.6,0.41,0.25,72.0,46
20863,1257,9,55.53,0.38,0.25,69.41,50
20864,1257,3,60.01,0.15,0.25,75.01,54
20865,1257,10,58.29,0.36,0.25,72.86,20
20866,1257,6,59.32,0.36,0.25,74.15,31
20867,1241,10,166.16,0.35,0.25,207.7,48
20868,1241,9,163.23,0.37,0.25,204.04,42
20869,1241,7,176.91,0.42,0.25,221.14,39
20870,1848,7,13.77,0.39,0.25,17.21,22
20871,1848,1,13.85,0.41,0.25,17.31,21
20872,1848,2,14.34,0.45,0.25,17.92,72
20873,4653,6,358.83,0.46,0.25,448.54,100
20874,4653,5,331.55,0.14,0.25,414.44,97
20875,4653,9,386.11,0.45,0.25,482.64,91
20876,4332,5,1988.27,0.14,0.25,2485.34,50
20877,4332,3,1906.4,0.14,0.25,2383.0,96
20878,4332,6,1801.14,0.33,0.25,2251.43,74
20879,4332,4,1999.96,0.47,0.25,2499.95,22
20880,3869,9,2705.87,0.39,0.25,3382.34,83
20881,3869,4,2737.71,0.4,0.25,3422.14,12
20882,3869,1,2801.37,0.36,0.25,3501.71,85
20883,642,2,79.38,0.47,0.25,99.22,83
20884,642,8,73.11,0.34,0.25,91.39,71
20885,642,10,75.8,0.39,0.25,94.75,66
20886,642,7,78.04,0.37,0.25,97.55,95
20887,653,5,31.19,0.12,0.25,38.99,28
20888,653,9,34.09,0.49,0.25,42.61,43
20889,653,3,33.51,0.15,0.25,41.89,39
20890,653,2,32.35,0.42,0.25,40.44,45
20891,653,7,32.35,0.33,0.25,40.44,75
20892,459,7,346.01,0.37,0.25,432.51,73
20893,459,1,348.12,0.31,0.25,435.15,80
20894,459,5,341.79,0.12,0.25,427.24,35
20895,459,10,337.57,0.38,0.25,421.96,69
20896,459,3,329.13,0.11,0.25,411.41,93
20897,1914,8,25.33,0.43,0.25,31.66,46
20898,1914,7,24.43,0.35,0.25,30.54,91
20899,1914,9,25.03,0.44,0.25,31.29,100
20900,3171,1,3928.57,0.35,0.25,4910.71,26
20901,3171,5,3791.52,0.15,0.25,4739.4,35
20902,3171,9,4179.81,0.49,0.25,5224.76,86
20903,3171,7,4019.93,0.42,0.25,5024.91,57
20904,3171,2,4134.13,0.42,0.25,5167.66,15
20905,1677,4,109.2,0.34,0.25,136.5,36
20906,1677,7,107.87,0.37,0.25,134.84,22
20907,1677,1,112.51,0.39,0.25,140.64,91
20908,1677,10,110.52,0.36,0.25,138.15,29
20909,1677,3,109.2,0.11,0.25,136.5,78
20910,1677,6,112.51,0.45,0.25,140.64,74
20911,4365,3,1597.61,0.13,0.25,1997.01,63
20912,4365,7,1597.61,0.33,0.25,1997.01,54
20913,4365,4,1771.71,0.48,0.25,2214.64,63
20914,4365,1,1659.06,0.37,0.25,2073.82,35
20915,5347,4,309.5,0.5,0.25,386.88,51
20916,5347,2,264.82,0.36,0.25,331.02,92
20917,5347,10,268.13,0.41,0.25,335.16,14
20918,153,8,126.04,0.48,0.25,157.55,34
20919,153,3,114.11,0.12,0.25,142.64,44
20920,153,4,136.48,0.49,0.25,170.6,30
20921,153,10,123.8,0.46,0.25,154.75,14
20922,153,2,129.02,0.34,0.25,161.28,93
20923,153,6,126.79,0.32,0.25,158.49,37
20924,1662,6,372.89,0.34,0.25,466.11,19
20925,1662,2,391.89,0.34,0.25,489.86,55
20926,1662,3,368.14,0.15,0.25,460.17,66
20927,1662,4,382.39,0.39,0.25,477.99,90
20928,1662,9,377.64,0.36,0.25,472.05,35
20929,1662,7,422.77,0.43,0.25,528.46,40
20930,585,2,26.33,0.33,0.25,32.91,20
20931,585,10,28.15,0.45,0.25,35.19,70
20932,585,7,26.33,0.37,0.25,32.91,14
20933,869,3,72.24,0.13,0.25,90.3,86
20934,869,4,69.56,0.33,0.25,86.95,78
20935,869,5,68.67,0.12,0.25,85.84,32
20936,869,1,81.6,0.44,0.25,102.0,86
20937,869,7,70.45,0.36,0.25,88.06,44
20938,937,1,68.07,0.42,0.25,85.09,59
20939,937,4,61.71,0.41,0.25,77.14,67
20940,937,10,67.69,0.45,0.25,84.61,62
20941,3564,5,7925.67,0.11,0.25,9907.09,53
20942,3564,10,7785.81,0.43,0.25,9732.26,70
20943,3564,1,7692.56,0.34,0.25,9615.7,37
20944,3564,2,8065.54,0.38,0.25,10081.92,70
20945,3564,4,8485.13,0.49,0.25,10606.41,73
20946,194,2,550.18,0.32,0.25,687.72,33
20947,194,10,596.03,0.43,0.25,745.04,16
20948,194,1,560.76,0.31,0.25,700.95,81
20949,194,3,606.61,0.15,0.25,758.26,14
20950,194,7,606.61,0.46,0.25,758.26,58
20951,194,6,631.3,0.43,0.25,789.12,42
20952,381,8,142.08,0.43,0.25,177.6,31
20953,381,10,141.22,0.37,0.25,176.52,70
20954,381,5,132.61,0.13,0.25,165.76,57
20955,381,6,148.11,0.42,0.25,185.14,84
20956,381,4,144.66,0.47,0.25,180.82,93
20957,381,2,147.25,0.46,0.25,184.06,86
20958,115,6,1618.84,0.36,0.25,2023.55,59
20959,115,8,1507.2,0.4,0.25,1884.0,56
20960,115,2,1628.15,0.42,0.25,2035.19,14
20961,4668,1,437.51,0.4,0.25,546.89,80
20962,4668,3,391.07,0.13,0.25,488.84,20
20963,4668,10,422.85,0.4,0.25,528.56,45
20964,2747,6,108.95,0.46,0.25,136.19,55
20965,2747,3,98.51,0.11,0.25,123.14,74
20966,2747,1,108.95,0.34,0.25,136.19,51
20967,2747,4,105.69,0.31,0.25,132.11,94
20968,2747,7,112.87,0.33,0.25,141.09,42
20969,2747,10,111.56,0.41,0.25,139.45,68
20970,1421,2,17.32,0.43,0.25,21.65,78
20971,1421,7,16.8,0.35,0.25,21.0,13
20972,1421,3,16.48,0.14,0.25,20.6,32
20973,1813,1,22.26,0.36,0.25,27.83,48
20974,1813,8,24.27,0.45,0.25,30.34,40
20975,1813,3,23.2,0.14,0.25,29.0,99
20976,1813,10,22.26,0.45,0.25,27.83,27
20977,1813,6,22.26,0.39,0.25,27.83,39
20978,1229,5,53.6,0.13,0.25,67.0,72
20979,1229,3,57.31,0.15,0.25,71.64,57
20980,1229,6,62.03,0.49,0.25,77.54,59
20981,1474,10,87.63,0.39,0.25,109.54,33
20982,1474,7,90.33,0.44,0.25,112.91,15
20983,1474,3,87.63,0.14,0.25,109.54,38
20984,1474,4,91.41,0.38,0.25,114.26,32
20985,1474,1,87.63,0.38,0.25,109.54,57
20986,1474,8,91.41,0.3,0.25,114.26,14
20987,3716,4,406.86,0.47,0.25,508.58,66
20988,3716,6,380.33,0.4,0.25,475.41,95
20989,3716,2,349.37,0.33,0.25,436.71,95
20990,3716,7,398.02,0.49,0.25,497.52,91
20991,3716,10,362.64,0.33,0.25,453.3,99
20992,3716,3,375.9,0.12,0.25,469.88,91
20993,1323,6,23.19,0.37,0.25,28.99,29
20994,1323,9,23.48,0.37,0.25,29.35,54
20995,1323,2,24.19,0.36,0.25,30.24,61
20996,4707,2,490.4,0.43,0.25,613.0,13
20997,4707,6,458.48,0.37,0.25,573.1,51
20998,4707,10,487.5,0.37,0.25,609.38,95
20999,4707,9,510.72,0.39,0.25,638.4,71
21000,2397,8,140.32,0.46,0.25,175.4,44
21001,2397,5,137.86,0.13,0.25,172.32,61
21002,2397,1,128.83,0.37,0.25,161.04,21
21003,4356,6,934.97,0.33,0.25,1168.71,87
21004,4356,3,940.47,0.14,0.25,1175.59,19
21005,4356,5,934.97,0.13,0.25,1168.71,18
21006,4356,10,973.46,0.44,0.25,1216.82,34
21007,2268,6,83.99,0.42,0.25,104.99,32
21008,2268,8,80.11,0.31,0.25,100.14,18
21009,2268,2,81.08,0.36,0.25,101.35,61
21010,2104,9,29.19,0.48,0.25,36.49,18
21011,2104,2,28.23,0.42,0.25,35.29,51
21012,2104,10,26.64,0.41,0.25,33.3,73
21013,2104,4,26.8,0.34,0.25,33.5,91
21014,2104,1,26.48,0.43,0.25,33.1,37
21015,2104,6,28.87,0.41,0.25,36.09,19
21016,5272,4,276.81,0.48,0.25,346.01,30
21017,5272,3,275.17,0.14,0.25,343.96,40
21018,5272,10,271.89,0.32,0.25,339.86,10
21019,5272,1,288.27,0.41,0.25,360.34,62
21020,5272,2,257.15,0.34,0.25,321.44,61
21021,5272,5,268.62,0.13,0.25,335.78,45
21022,3835,6,778.31,0.47,0.25,972.89,42
21023,3835,2,756.2,0.41,0.25,945.25,49
21024,3835,10,778.31,0.41,0.25,972.89,87
21025,3835,4,720.82,0.34,0.25,901.03,96
21026,3835,5,734.09,0.14,0.25,917.61,20
21027,3333,9,7796.85,0.44,0.25,9746.06,95
21028,3333,8,7796.85,0.4,0.25,9746.06,80
21029,3333,1,8476.8,0.47,0.25,10596.0,29
21030,3333,2,7751.52,0.38,0.25,9689.4,77
21031,3333,5,7751.52,0.13,0.25,9689.4,18
21032,3333,4,7343.54,0.32,0.25,9179.42,89
21033,4990,4,518.45,0.46,0.25,648.06,100
21034,4990,8,509.14,0.42,0.25,636.42,49
21035,4990,2,502.93,0.32,0.25,628.66,70
21036,992,10,150.13,0.39,0.25,187.66,83
21037,992,5,139.16,0.15,0.25,173.95,32
21038,992,1,144.22,0.48,0.25,180.28,27
21039,992,3,146.75,0.14,0.25,183.44,90
21040,992,6,145.91,0.35,0.25,182.39,34
21041,992,4,152.66,0.41,0.25,190.82,68
21042,1531,5,592.21,0.11,0.25,740.26,63
21043,1531,2,585.28,0.47,0.25,731.6,63
21044,1531,1,619.91,0.44,0.25,774.89,93
21045,1531,4,595.67,0.45,0.25,744.59,25
21046,1531,6,547.19,0.3,0.25,683.99,25
21047,984,7,161.43,0.35,0.25,201.79,100
21048,984,2,176.19,0.42,0.25,220.24,36
21049,984,8,171.27,0.39,0.25,214.09,30
21050,984,9,168.32,0.32,0.25,210.4,44
21051,984,5,170.28,0.13,0.25,212.85,21
21052,984,6,184.06,0.47,0.25,230.08,80
21053,4674,10,694.48,0.43,0.25,868.1,46
21054,4674,4,683.03,0.39,0.25,853.79,99
21055,4674,7,660.13,0.42,0.25,825.16,93
21056,4674,2,629.61,0.38,0.25,787.01,95
21057,3136,5,1191.29,0.12,0.25,1489.11,40
21058,3136,7,1249.75,0.32,0.25,1562.19,39
21059,3136,1,1227.83,0.35,0.25,1534.79,96
21060,3136,2,1205.9,0.41,0.25,1507.38,50
21061,3136,9,1198.59,0.39,0.25,1498.24,52
21062,3136,6,1271.68,0.44,0.25,1589.6,13
21063,5373,6,298.96,0.38,0.25,373.7,88
21064,5373,9,302.42,0.49,0.25,378.02,34
21065,5373,7,300.69,0.39,0.25,375.86,90
21066,5373,5,269.58,0.11,0.25,336.98,28
21067,5373,10,283.41,0.31,0.25,354.26,71
21068,5373,4,293.78,0.47,0.25,367.22,46
21069,3071,2,639.45,0.42,0.25,799.31,11
21070,3071,9,671.78,0.49,0.25,839.72,92
21071,3071,3,564.01,0.14,0.25,705.01,17
21072,3071,7,578.38,0.37,0.25,722.98,68
21073,4827,10,257.31,0.3,0.25,321.64,36
21074,4827,9,244.52,0.3,0.25,305.65,54
21075,4827,3,247.72,0.15,0.25,309.65,69
21076,3469,9,3135.7,0.4,0.25,3919.62,80
21077,3469,8,3355.74,0.46,0.25,4194.67,54
21078,3469,4,2970.66,0.33,0.25,3713.32,74
21079,5260,4,351.05,0.33,0.25,438.81,90
21080,5260,7,340.91,0.35,0.25,426.14,91
21081,5260,3,316.56,0.14,0.25,395.7,59
21082,5260,9,365.26,0.46,0.25,456.58,63
21083,4669,8,136.17,0.36,0.25,170.21,83
21084,4669,1,142.47,0.48,0.25,178.09,57
21085,4669,7,131.45,0.37,0.25,164.31,88
21086,4669,2,134.59,0.45,0.25,168.24,98
21087,4669,6,147.97,0.48,0.25,184.96,32
21088,4669,4,127.51,0.32,0.25,159.39,91
21089,917,8,34.84,0.39,0.25,43.55,14
21090,917,4,32.22,0.37,0.25,40.28,32
21091,917,7,35.04,0.47,0.25,43.8,14
21092,917,1,34.24,0.4,0.25,42.8,23
21093,917,9,36.65,0.47,0.25,45.81,92
21094,917,6,34.44,0.48,0.25,43.05,75
21095,4330,2,1601.47,0.41,0.25,2001.84,34
21096,4330,3,1541.78,0.13,0.25,1927.22,19
21097,4330,6,1641.26,0.43,0.25,2051.57,97
21098,4330,7,1671.1,0.45,0.25,2088.88,38
21099,1012,4,165.92,0.46,0.25,207.4,97
21100,1012,10,170.85,0.43,0.25,213.56,14
21101,1012,7,168.88,0.32,0.25,211.1,49
21102,1012,1,167.89,0.45,0.25,209.86,29
21103,2735,8,274.72,0.36,0.25,343.4,19
21104,2735,7,300.0,0.5,0.25,375.0,65
21105,2735,10,300.0,0.46,0.25,375.0,49
21106,2735,1,281.46,0.46,0.25,351.82,56
21107,2735,6,301.69,0.49,0.25,377.11,12
21108,2735,5,256.18,0.11,0.25,320.23,49
21109,3664,10,3355.06,0.33,0.25,4193.82,82
21110,3664,9,3334.22,0.35,0.25,4167.77,16
21111,3664,8,3521.77,0.36,0.25,4402.21,87
21112,3664,2,3521.77,0.41,0.25,4402.21,14
21113,3664,6,3542.61,0.34,0.25,4428.26,25
21114,1352,8,90.39,0.32,0.25,112.99,87
21115,1352,4,89.84,0.43,0.25,112.3,80
21116,1352,1,95.83,0.37,0.25,119.79,94
21117,1352,5,85.49,0.14,0.25,106.86,18
21118,1352,7,95.83,0.47,0.25,119.79,22
21119,1352,9,96.38,0.47,0.25,120.48,61
21120,3070,4,4516.13,0.47,0.25,5645.16,56
21121,3070,8,4892.47,0.43,0.25,6115.59,67
21122,3070,1,4811.82,0.47,0.25,6014.78,80
21123,3810,4,2477.37,0.49,0.25,3096.71,69
21124,3810,9,2330.07,0.44,0.25,2912.59,91
21125,3810,7,2249.72,0.31,0.25,2812.15,12
21126,4916,2,505.5,0.32,0.25,631.88,84
21127,4916,4,496.52,0.32,0.25,620.65,24
21128,4916,6,499.51,0.44,0.25,624.39,45
21129,1626,9,400.41,0.42,0.25,500.51,27
21130,1626,5,364.61,0.12,0.25,455.76,31
21131,1626,8,360.14,0.32,0.25,450.17,58
21132,1626,7,398.17,0.44,0.25,497.71,63
21133,1626,4,393.69,0.44,0.25,492.11,91
21134,1626,10,389.22,0.41,0.25,486.52,35
21135,4017,6,818.36,0.36,0.25,1022.95,64
21136,4017,7,827.76,0.43,0.25,1034.7,64
21137,4017,1,766.62,0.31,0.25,958.28,93
21138,4017,5,719.59,0.12,0.25,899.49,87
21139,4017,9,794.84,0.38,0.25,993.55,73
21140,4017,3,738.4,0.12,0.25,923.0,19
21141,1122,8,137.18,0.38,0.25,171.48,14
21142,1122,6,139.5,0.5,0.25,174.38,65
21143,1122,3,122.54,0.12,0.25,153.18,64
21144,3175,6,1794.03,0.37,0.25,2242.54,70
21145,3175,4,1883.73,0.43,0.25,2354.66,44
21146,3175,8,2119.2,0.5,0.25,2649.0,94
21147,3175,5,1805.24,0.11,0.25,2256.55,98
21148,3175,1,1827.67,0.42,0.25,2284.59,89
21149,3175,9,1894.95,0.35,0.25,2368.69,44
21150,4631,6,570.93,0.41,0.25,713.66,26
21151,4631,5,493.07,0.1,0.25,616.34,17
21152,4631,4,567.68,0.41,0.25,709.6,61
21153,4631,8,564.44,0.46,0.25,705.55,36
21154,4631,3,538.49,0.15,0.25,673.11,82
21155,4631,10,551.46,0.33,0.25,689.32,53
21156,35,7,2618.83,0.39,0.25,3273.54,57
21157,35,3,2400.6,0.11,0.25,3000.75,78
21158,35,2,2681.19,0.5,0.25,3351.49,95
21159,35,4,2774.72,0.47,0.25,3468.4,36
21160,2279,3,117.37,0.14,0.25,146.71,34
21161,2279,5,124.02,0.14,0.25,155.02,96
21162,2279,9,124.02,0.37,0.25,155.02,44
21163,1123,10,213.26,0.38,0.25,266.58,91
21164,1123,7,224.82,0.41,0.25,281.02,35
21165,1123,8,214.54,0.43,0.25,268.18,97
21166,2754,3,142.79,0.1,0.25,178.49,86
21167,2754,4,157.34,0.47,0.25,196.68,74
21168,2754,2,151.89,0.31,0.25,189.86,11
21169,2815,4,202.59,0.49,0.25,253.24,35
21170,2815,6,179.6,0.36,0.25,224.5,25
21171,2815,9,187.26,0.34,0.25,234.08,60
21172,1690,7,212.66,0.34,0.25,265.82,46
21173,1690,10,225.87,0.44,0.25,282.34,19
21174,1690,4,213.99,0.33,0.25,267.49,92
21175,1690,3,225.87,0.15,0.25,282.34,13
21176,2544,1,145.87,0.46,0.25,182.34,72
21177,2544,10,133.05,0.39,0.25,166.31,60
21178,2544,9,142.67,0.42,0.25,178.34,18
21179,2544,3,124.23,0.15,0.25,155.29,31
21180,2544,5,136.26,0.11,0.25,170.32,86
21181,4457,9,458.07,0.37,0.25,572.59,42
21182,4457,7,480.28,0.4,0.25,600.35,92
21183,4457,2,480.28,0.41,0.25,600.35,40
21184,4457,1,435.86,0.3,0.25,544.83,56
21185,3122,10,2364.28,0.38,0.25,2955.35,25
21186,3122,3,2437.25,0.12,0.25,3046.56,11
21187,3122,5,2364.28,0.14,0.25,2955.35,66
21188,3122,6,2626.97,0.44,0.25,3283.71,11
21189,3122,4,2364.28,0.41,0.25,2955.35,63
21190,3122,1,2481.03,0.38,0.25,3101.29,86
21191,2436,5,120.84,0.14,0.25,151.05,70
21192,2436,10,119.34,0.37,0.25,149.18,13
21193,2436,6,123.82,0.41,0.25,154.77,81
21194,2436,8,123.82,0.39,0.25,154.77,79
21195,3236,4,6718.29,0.36,0.25,8397.86,82
21196,3236,7,7086.98,0.44,0.25,8858.72,73
21197,3236,3,6390.57,0.14,0.25,7988.21,64
21198,3236,9,7005.05,0.35,0.25,8756.31,76
21199,1803,9,7.1,0.3,0.25,8.88,78
21200,1803,1,8.33,0.45,0.25,10.41,99
21201,1803,2,7.92,0.43,0.25,9.9,87
21202,4174,6,1678.03,0.34,0.25,2097.54,37
21203,4174,3,1551.2,0.1,0.25,1939.0,94
21204,4174,7,1580.47,0.39,0.25,1975.59,19
21205,4174,5,1609.74,0.1,0.25,2012.18,62
21206,4174,2,1609.74,0.3,0.25,2012.18,15
21207,130,7,253.08,0.35,0.25,316.35,53
21208,130,6,291.53,0.43,0.25,364.41,43
21209,130,4,264.3,0.44,0.25,330.38,52
21210,130,10,241.87,0.31,0.25,302.34,50
21211,2655,8,235.99,0.32,0.25,294.99,53
21212,2655,6,238.99,0.37,0.25,298.74,53
21213,2655,10,282.58,0.48,0.25,353.22,84
21214,4775,4,458.4,0.31,0.25,573.0,11
21215,4775,7,467.39,0.35,0.25,584.24,30
21216,4775,6,551.28,0.47,0.25,689.1,36
21217,4775,5,482.37,0.12,0.25,602.96,47
21218,5092,1,85.82,0.35,0.25,107.28,91
21219,5092,7,89.44,0.42,0.25,111.8,65
21220,5092,9,88.41,0.33,0.25,110.51,35
21221,3057,1,1606.6,0.37,0.25,2008.25,69
21222,3057,3,1597.26,0.15,0.25,1996.58,21
21223,3057,8,1419.79,0.3,0.25,1774.74,91
21224,3467,6,1541.79,0.46,0.25,1927.24,32
21225,3467,1,1406.25,0.43,0.25,1757.81,35
21226,3467,7,1490.97,0.43,0.25,1863.71,79
21227,3467,2,1287.65,0.32,0.25,1609.56,34
21228,3467,5,1465.55,0.13,0.25,1831.94,48
21229,4304,1,450.38,0.44,0.25,562.98,83
21230,4304,10,406.88,0.3,0.25,508.6,44
21231,4304,9,412.0,0.31,0.25,515.0,73
21232,3230,2,7861.36,0.31,0.25,9826.7,68
21233,3230,6,8454.67,0.43,0.25,10568.34,100
21234,3230,1,7713.03,0.34,0.25,9641.29,94
21235,3230,5,7762.47,0.13,0.25,9703.09,40
21236,3230,9,7663.59,0.34,0.25,9579.49,82
21237,3916,4,1479.09,0.38,0.25,1848.86,98
21238,3916,6,1580.78,0.36,0.25,1975.98,64
21239,3916,3,1479.09,0.11,0.25,1848.86,24
21240,2145,7,30.05,0.36,0.25,37.56,52
21241,2145,6,28.77,0.31,0.25,35.96,72
21242,2145,2,29.14,0.34,0.25,36.42,97
21243,2145,1,29.32,0.37,0.25,36.65,33
21244,2145,9,32.6,0.4,0.25,40.75,61
21245,2145,8,31.87,0.45,0.25,39.84,81
21246,5331,9,174.98,0.3,0.25,218.72,38
21247,5331,10,180.44,0.34,0.25,225.55,34
21248,5331,2,180.44,0.37,0.25,225.55,60
21249,5331,5,184.82,0.14,0.25,231.02,92
21250,4444,8,819.79,0.35,0.25,1024.74,82
21251,4444,3,770.7,0.14,0.25,963.38,45
21252,4444,1,760.88,0.34,0.25,951.1,29
21253,4086,3,1997.54,0.12,0.25,2496.93,76
21254,4086,6,2109.21,0.33,0.25,2636.51,19
21255,4086,1,2282.91,0.49,0.25,2853.64,74
21256,4086,8,2084.39,0.31,0.25,2605.49,36
21257,4086,2,2233.28,0.42,0.25,2791.6,24
21258,1299,4,111.42,0.43,0.25,139.28,23
21259,1299,6,123.58,0.5,0.25,154.48,65
21260,1299,2,122.9,0.45,0.25,153.62,87
21261,1299,9,101.97,0.31,0.25,127.46,94
21262,1299,1,120.2,0.42,0.25,150.25,60
21263,1672,7,549.81,0.48,0.25,687.26,63
21264,1672,4,506.07,0.4,0.25,632.59,32
21265,1672,3,487.33,0.15,0.25,609.16,50
21266,1672,10,556.05,0.48,0.25,695.06,13
21267,1672,5,515.44,0.12,0.25,644.3,41
21268,2199,6,25.48,0.43,0.25,31.85,11
21269,2199,2,24.6,0.36,0.25,30.75,45
21270,2199,10,25.92,0.37,0.25,32.4,26
21271,2199,9,25.48,0.45,0.25,31.85,69
21272,449,5,403.23,0.12,0.25,504.04,66
21273,449,3,405.83,0.15,0.25,507.29,17
21274,449,4,431.85,0.31,0.25,539.81,97
21275,449,8,390.22,0.3,0.25,487.78,83
21276,449,2,463.07,0.43,0.25,578.84,36
21277,3005,5,72.08,0.11,0.25,90.1,34
21278,3005,2,81.72,0.41,0.25,102.15,91
21279,3005,1,76.67,0.45,0.25,95.84,17
21280,3005,8,80.8,0.43,0.25,101.0,67
21281,3005,6,81.26,0.43,0.25,101.58,89
21282,4563,3,583.74,0.14,0.25,729.68,26
21283,4563,10,617.48,0.47,0.25,771.85,40
21284,4563,7,576.99,0.4,0.25,721.24,30
21285,4563,1,610.73,0.49,0.25,763.41,77
21286,4563,6,556.74,0.33,0.25,695.92,36
21287,4563,9,573.61,0.4,0.25,717.01,89
21288,3155,9,325.89,0.31,0.25,407.36,83
21289,3155,7,370.04,0.47,0.25,462.55,39
21290,3155,6,386.86,0.47,0.25,483.58,69
21291,3155,10,380.55,0.49,0.25,475.69,85
21292,727,3,12.68,0.13,0.25,15.85,100
21293,727,5,13.41,0.11,0.25,16.76,28
21294,727,1,14.06,0.39,0.25,17.58,23
21295,727,10,14.06,0.47,0.25,17.58,17
21296,727,2,13.33,0.42,0.25,16.66,47
21297,764,4,27.97,0.41,0.25,34.96,85
21298,764,8,26.57,0.43,0.25,33.21,87
21299,764,6,28.44,0.49,0.25,35.55,36
21300,4107,4,271.21,0.3,0.25,339.01,47
21301,4107,7,315.82,0.41,0.25,394.78,14
21302,4107,10,297.98,0.31,0.25,372.48,36
21303,2958,1,119.53,0.31,0.25,149.41,45
21304,2958,10,122.36,0.45,0.25,152.95,81
21305,2958,9,112.46,0.34,0.25,140.57,23
21306,2958,2,112.46,0.33,0.25,140.57,92
21307,2958,5,115.29,0.12,0.25,144.11,35
21308,175,6,1123.81,0.36,0.25,1404.76,86
21309,175,8,1187.42,0.36,0.25,1484.28,72
21310,175,1,1137.95,0.34,0.25,1422.44,95
21311,175,9,1272.24,0.45,0.25,1590.3,100
21312,175,7,1229.83,0.35,0.25,1537.29,42
21313,3431,6,4006.72,0.46,0.25,5008.4,44
21314,3431,4,4291.22,0.49,0.25,5364.02,39
21315,3431,1,4291.22,0.43,0.25,5364.02,14
21316,3431,3,3745.93,0.12,0.25,4682.41,67
21317,3431,10,4338.64,0.44,0.25,5423.3,86
21318,3431,7,4314.93,0.5,0.25,5393.66,38
21319,4968,5,422.16,0.14,0.25,527.7,13
21320,4968,4,424.8,0.39,0.25,531.0,46
21321,4968,7,443.27,0.33,0.25,554.09,96
21322,4968,2,453.82,0.45,0.25,567.28,50
21323,4968,9,459.1,0.39,0.25,573.88,77
21324,4058,9,964.29,0.34,0.25,1205.36,83
21325,4058,6,1029.37,0.48,0.25,1286.71,38
21326,4058,10,982.04,0.42,0.25,1227.55,27
21327,2142,2,32.74,0.46,0.25,40.93,64
21328,2142,4,31.12,0.46,0.25,38.9,61
21329,2142,3,30.04,0.13,0.25,37.55,60
21330,2142,6,30.76,0.48,0.25,38.45,48
21331,2142,5,28.24,0.12,0.25,35.3,81
21332,4922,5,179.7,0.14,0.25,224.62,13
21333,4922,9,176.58,0.44,0.25,220.73,98
21334,4922,8,188.0,0.48,0.25,235.0,99
21335,4922,1,174.5,0.4,0.25,218.12,83
21336,4922,4,193.2,0.49,0.25,241.5,85
21337,4922,7,182.81,0.36,0.25,228.51,48
21338,5165,2,598.54,0.43,0.25,748.18,79
21339,5165,1,602.17,0.38,0.25,752.71,88
21340,5165,5,623.93,0.15,0.25,779.91,82
21341,5165,3,594.91,0.11,0.25,743.64,56
21342,5165,4,609.42,0.45,0.25,761.78,79
21343,3320,3,3026.98,0.14,0.25,3783.72,15
21344,3320,4,3420.09,0.5,0.25,4275.11,77
21345,3320,8,3479.06,0.43,0.25,4348.82,45
21346,3320,6,3400.44,0.35,0.25,4250.55,65
21347,3320,7,3400.44,0.47,0.25,4250.55,42
21348,1277,5,69.2,0.11,0.25,86.5,99
21349,1277,8,70.49,0.41,0.25,88.11,67
21350,1277,7,72.64,0.38,0.25,90.8,41
21351,3652,1,7910.02,0.37,0.25,9887.53,29
21352,3652,4,8046.4,0.38,0.25,10058.0,93
21353,3652,8,8137.32,0.43,0.25,10171.65,18
21354,3652,2,7591.8,0.41,0.25,9489.75,34
21355,4839,9,681.2,0.44,0.25,851.5,16
21356,4839,3,613.47,0.11,0.25,766.84,67
21357,4839,6,669.24,0.32,0.25,836.55,33
21358,4839,5,633.39,0.12,0.25,791.74,82
21359,4180,7,407.47,0.33,0.25,509.34,49
21360,4180,6,447.97,0.43,0.25,559.96,90
21361,4180,5,394.82,0.12,0.25,493.52,91
21362,4180,3,422.66,0.12,0.25,528.33,41
21363,5281,6,282.38,0.4,0.25,352.98,69
21364,5281,9,246.88,0.32,0.25,308.6,76
21365,5281,5,248.49,0.12,0.25,310.61,57
21366,3581,9,7862.15,0.37,0.25,9827.69,33
21367,3581,8,8657.72,0.48,0.25,10822.15,19
21368,3581,5,7768.55,0.14,0.25,9710.69,74
21369,3581,1,8049.34,0.46,0.25,10061.67,38
21370,388,6,552.22,0.45,0.25,690.28,52
21371,388,2,528.21,0.4,0.25,660.26,40
21372,388,1,498.2,0.44,0.25,622.75,73
21373,388,3,471.19,0.15,0.25,588.99,96
21374,388,5,519.21,0.15,0.25,649.01,76
21375,1853,9,15.55,0.45,0.25,19.44,90
21376,1853,1,15.64,0.43,0.25,19.55,46
21377,1853,7,17.02,0.47,0.25,21.28,46
21378,1853,4,15.36,0.42,0.25,19.2,70
21379,4978,10,502.73,0.34,0.25,628.41,70
21380,4978,2,554.62,0.38,0.25,693.28,100
21381,4978,7,522.19,0.3,0.25,652.74,31
21382,1792,7,619.05,0.46,0.25,773.81,59
21383,1792,8,607.99,0.37,0.25,759.99,81
21384,1792,3,589.57,0.15,0.25,736.96,97
21385,1792,4,589.57,0.34,0.25,736.96,99
21386,4165,6,1415.34,0.32,0.25,1769.18,95
21387,4165,3,1388.12,0.11,0.25,1735.15,54
21388,4165,4,1460.7,0.39,0.25,1825.88,54
21389,4165,1,1651.23,0.43,0.25,2064.04,35
21390,4165,10,1660.3,0.44,0.25,2075.38,72
21391,4165,2,1578.65,0.5,0.25,1973.31,91
21392,2707,2,107.15,0.46,0.25,133.94,41
21393,2707,7,95.31,0.38,0.25,119.14,17
21394,2707,4,101.82,0.42,0.25,127.28,18
21395,4474,7,447.91,0.36,0.25,559.89,99
21396,4474,8,471.08,0.49,0.25,588.85,77
21397,4474,1,447.91,0.49,0.25,559.89,93
21398,3816,8,1366.8,0.46,0.25,1708.5,75
21399,3816,6,1302.86,0.36,0.25,1628.57,33
21400,3816,9,1430.75,0.41,0.25,1788.44,19
21401,4283,7,1112.12,0.43,0.25,1390.15,70
21402,4283,2,1065.22,0.38,0.25,1331.52,58
21403,4283,8,1145.61,0.41,0.25,1432.01,78
21404,4283,9,1232.71,0.49,0.25,1540.89,46
21405,2492,5,59.52,0.12,0.25,74.4,81
21406,2492,2,65.76,0.42,0.25,82.2,90
21407,2492,9,62.83,0.35,0.25,78.54,32
21408,2450,7,151.68,0.38,0.25,189.6,34
21409,2450,4,157.96,0.47,0.25,197.45,48
21410,2450,3,145.4,0.14,0.25,181.75,37
21411,2450,1,148.09,0.33,0.25,185.11,19
21412,2996,7,64.8,0.45,0.25,81.0,70
21413,2996,3,59.21,0.12,0.25,74.01,34
21414,2996,1,64.43,0.38,0.25,80.54,33
21415,2996,10,61.82,0.33,0.25,77.28,34
21416,2996,4,65.17,0.48,0.25,81.46,61
21417,2996,8,65.17,0.41,0.25,81.46,50
21418,4197,3,2048.38,0.13,0.25,2560.48,78
21419,4197,2,2073.99,0.33,0.25,2592.49,15
21420,4197,6,2278.83,0.41,0.25,2848.54,94
21421,4197,9,2163.61,0.46,0.25,2704.51,81
21422,4197,5,2048.38,0.11,0.25,2560.48,20
21423,4197,1,2189.21,0.42,0.25,2736.51,19
21424,3528,2,7787.43,0.44,0.25,9734.29,56
21425,3528,6,7533.49,0.47,0.25,9416.86,62
21426,3528,8,7914.4,0.48,0.25,9893.0,100
21427,3528,4,7237.23,0.39,0.25,9046.54,72
21428,939,4,218.82,0.48,0.25,273.52,85
21429,939,1,199.89,0.49,0.25,249.86,44
21430,939,10,203.44,0.47,0.25,254.3,47
21431,939,9,190.43,0.32,0.25,238.04,72
21432,939,6,209.36,0.45,0.25,261.7,78
21433,939,2,210.54,0.45,0.25,263.18,92
21434,1619,6,309.84,0.38,0.25,387.3,82
21435,1619,5,302.37,0.12,0.25,377.96,42
21436,1619,7,343.44,0.45,0.25,429.3,59
21437,1619,9,313.57,0.38,0.25,391.96,79
21438,1619,8,322.9,0.34,0.25,403.62,97
21439,603,6,53.41,0.44,0.25,66.76,85
21440,603,9,52.22,0.37,0.25,65.28,29
21441,603,2,50.44,0.46,0.25,63.05,12
21442,603,1,52.52,0.41,0.25,65.65,94
21443,603,4,49.25,0.38,0.25,61.56,74
21444,603,3,49.25,0.11,0.25,61.56,10
21445,4754,10,308.21,0.34,0.25,385.26,87
21446,4754,1,330.09,0.43,0.25,412.61,35
21447,4754,3,302.73,0.13,0.25,378.41,45
21448,2359,9,135.45,0.4,0.25,169.31,18
21449,2359,7,125.03,0.35,0.25,156.29,95
21450,2359,6,132.25,0.36,0.25,165.31,68
21451,2359,1,146.67,0.49,0.25,183.34,69
21452,2359,5,130.64,0.13,0.25,163.3,60
21453,4973,8,91.02,0.48,0.25,113.78,91
21454,4973,7,95.22,0.49,0.25,119.02,75
21455,4973,3,88.91,0.14,0.25,111.14,30
21456,4973,9,91.54,0.37,0.25,114.43,76
21457,5209,2,608.55,0.38,0.25,760.69,55
21458,5209,6,648.63,0.38,0.25,810.79,89
21459,5209,10,575.75,0.37,0.25,719.69,51
21460,5209,9,593.97,0.38,0.25,742.46,27
21461,5209,7,630.41,0.48,0.25,788.01,63
21462,5209,5,604.9,0.1,0.25,756.12,96
21463,4966,1,419.02,0.35,0.25,523.78,36
21464,4966,3,399.42,0.1,0.25,499.28,40
21465,4966,6,433.72,0.42,0.25,542.15,95
21466,4966,8,372.46,0.31,0.25,465.58,67
21467,1129,5,42.07,0.12,0.25,52.59,99
21468,1129,1,41.81,0.37,0.25,52.26,89
21469,1129,8,45.73,0.44,0.25,57.16,68
21470,1129,10,43.64,0.32,0.25,54.55,53
21471,1129,2,45.2,0.38,0.25,56.5,61
21472,1129,9,48.34,0.49,0.25,60.42,23
21473,3124,1,367.54,0.33,0.25,459.42,54
21474,3124,2,397.4,0.46,0.25,496.75,10
21475,3124,10,369.83,0.31,0.25,462.29,93
21476,3124,4,399.7,0.47,0.25,499.62,62
21477,3124,6,418.07,0.43,0.25,522.59,12
21478,3124,3,399.7,0.14,0.25,499.62,56
21479,4842,5,44.43,0.11,0.25,55.54,100
21480,4842,10,52.03,0.48,0.25,65.04,59
21481,4842,6,53.2,0.48,0.25,66.5,44
21482,4842,2,45.31,0.34,0.25,56.64,60
21483,4842,7,52.61,0.5,0.25,65.76,69
21484,2079,3,29.74,0.12,0.25,37.17,94
21485,2079,7,29.22,0.42,0.25,36.52,51
21486,2079,9,26.95,0.34,0.25,33.69,49
21487,2079,4,28.52,0.39,0.25,35.65,84
21488,2079,6,28.0,0.3,0.25,35.0,46
21489,1807,6,6.53,0.48,0.25,8.16,100
21490,1807,1,5.37,0.3,0.25,6.71,63
21491,1807,3,5.37,0.11,0.25,6.71,71
21492,1807,9,5.44,0.34,0.25,6.8,43
21493,5105,5,605.51,0.12,0.25,756.89,46
21494,5105,10,646.62,0.45,0.25,808.28,48
21495,5105,4,586.82,0.36,0.25,733.53,41
21496,5105,7,642.88,0.33,0.25,803.6,33
21497,2474,10,68.01,0.3,0.25,85.01,50
21498,2474,6,74.72,0.49,0.25,93.4,54
21499,2474,5,72.63,0.14,0.25,90.79,68
21500,2474,1,73.88,0.42,0.25,92.35,24
21501,2430,7,160.17,0.38,0.25,200.21,71
21502,2430,6,172.64,0.44,0.25,215.8,17
21503,2430,8,174.56,0.44,0.25,218.2,85
21504,2168,3,29.7,0.12,0.25,37.12,18
21505,2168,4,28.84,0.46,0.25,36.05,43
21506,2168,9,28.67,0.33,0.25,35.84,30
21507,2168,5,28.5,0.14,0.25,35.62,39
21508,2168,1,30.91,0.39,0.25,38.64,17
21509,1597,4,727.72,0.38,0.25,909.65,100
21510,1597,1,807.1,0.5,0.25,1008.88,99
21511,1597,7,718.9,0.39,0.25,898.62,10
21512,1427,10,14.6,0.45,0.25,18.25,53
21513,1427,7,14.87,0.4,0.25,18.59,69
21514,1427,5,15.04,0.13,0.25,18.8,30
21515,716,5,14.87,0.14,0.25,18.59,70
21516,716,9,13.54,0.32,0.25,16.92,42
21517,716,4,15.13,0.34,0.25,18.91,32
21518,716,8,15.04,0.48,0.25,18.8,48
21519,716,7,15.4,0.47,0.25,19.25,71
21520,716,10,15.66,0.47,0.25,19.58,84
21521,1674,10,796.39,0.41,0.25,995.49,99
21522,1674,5,731.94,0.14,0.25,914.92,64
21523,1674,4,819.41,0.44,0.25,1024.26,65
21524,1674,1,750.35,0.33,0.25,937.94,77
21525,1674,9,810.2,0.45,0.25,1012.75,55
21526,1674,8,768.77,0.4,0.25,960.96,48
21527,1570,7,318.37,0.41,0.25,397.96,41
21528,1570,4,320.28,0.34,0.25,400.35,100
21529,1570,6,314.56,0.34,0.25,393.2,66
21530,1570,1,324.09,0.44,0.25,405.11,67
21531,1570,2,306.93,0.39,0.25,383.66,36
21532,1760,9,422.92,0.49,0.25,528.65,27
21533,1760,2,420.44,0.49,0.25,525.55,42
21534,1760,6,398.19,0.33,0.25,497.74,35
21535,1760,5,415.5,0.13,0.25,519.38,89
21536,3913,5,401.45,0.14,0.25,501.81,71
21537,3913,7,396.36,0.3,0.25,495.45,15
21538,3913,2,429.4,0.38,0.25,536.75,17
21539,3913,3,406.53,0.12,0.25,508.16,100
21540,3913,10,414.15,0.3,0.25,517.69,65
21541,3913,6,396.36,0.35,0.25,495.45,11
21542,4454,6,1825.8,0.31,0.25,2282.25,26
21543,4454,1,1869.8,0.44,0.25,2337.25,83
21544,4454,9,1902.79,0.46,0.25,2378.49,75
21545,4454,3,1693.82,0.13,0.25,2117.28,19
21546,4454,2,1803.8,0.3,0.25,2254.75,26
21547,4454,8,1935.79,0.43,0.25,2419.74,32
21548,509,3,376.36,0.1,0.25,470.45,47
21549,509,2,420.64,0.47,0.25,525.8,64
21550,509,5,376.36,0.13,0.25,470.45,58
21551,509,10,430.48,0.39,0.25,538.1,94
21552,509,4,445.24,0.47,0.25,556.55,21
21553,1658,1,236.12,0.42,0.25,295.15,29
21554,1658,10,220.47,0.31,0.25,275.59,11
21555,1658,3,230.43,0.12,0.25,288.04,41
21556,1658,6,248.92,0.43,0.25,311.15,10
21557,1269,8,88.82,0.39,0.25,111.02,69
21558,1269,3,84.3,0.13,0.25,105.38,76
21559,1269,7,90.83,0.49,0.25,113.54,21
21560,1269,9,87.82,0.39,0.25,109.78,29
21561,2541,1,42.19,0.37,0.25,52.74,79
21562,2541,5,42.19,0.15,0.25,52.74,16
21563,2541,2,42.69,0.41,0.25,53.36,11
21564,2541,3,39.46,0.14,0.25,49.32,56
21565,2541,4,45.67,0.46,0.25,57.09,13
21566,2541,6,42.69,0.33,0.25,53.36,84
21567,2028,9,15.53,0.41,0.25,19.41,65
21568,2028,7,14.54,0.32,0.25,18.17,55
21569,2028,8,14.72,0.38,0.25,18.4,14
21570,3280,7,820.02,0.43,0.25,1025.03,85
21571,3280,6,829.84,0.38,0.25,1037.3,96
21572,3280,10,810.2,0.35,0.25,1012.75,42
21573,3280,4,810.2,0.4,0.25,1012.75,57
21574,782,4,25.72,0.46,0.25,32.15,96
21575,782,9,25.58,0.46,0.25,31.98,14
21576,782,3,21.6,0.1,0.25,27.0,21
21577,2628,7,233.3,0.3,0.25,291.62,77
21578,2628,9,282.74,0.49,0.25,353.42,21
21579,2628,1,265.74,0.37,0.25,332.18,100
21580,2628,3,268.83,0.14,0.25,336.04,95
21581,4524,5,327.27,0.13,0.25,409.09,40
21582,4524,9,325.18,0.31,0.25,406.48,73
21583,4524,4,333.52,0.34,0.25,416.9,70
21584,4524,2,377.29,0.48,0.25,471.61,52
21585,4892,1,36.46,0.47,0.25,45.58,85
21586,4892,8,35.64,0.34,0.25,44.55,12
21587,4892,2,35.64,0.4,0.25,44.55,73
21588,3503,2,3281.76,0.38,0.25,4102.2,12
21589,3503,5,3404.06,0.15,0.25,4255.08,62
21590,3503,3,3383.68,0.14,0.25,4229.6,38
21591,3503,1,3261.38,0.36,0.25,4076.73,40
21592,953,10,124.47,0.45,0.25,155.59,74
21593,953,6,122.32,0.36,0.25,152.9,99
21594,953,1,122.32,0.45,0.25,152.9,55
21595,1579,5,591.4,0.12,0.25,739.25,94
21596,1579,3,628.6,0.14,0.25,785.75,71
21597,1579,10,669.51,0.42,0.25,836.89,72
21598,1579,6,673.23,0.41,0.25,841.54,62
21599,1579,2,598.84,0.4,0.25,748.55,48
21600,5005,2,406.39,0.35,0.25,507.99,26
21601,5005,8,394.43,0.3,0.25,493.04,58
21602,5005,4,394.43,0.42,0.25,493.04,32
21603,5005,3,394.43,0.12,0.25,493.04,45
21604,515,5,455.26,0.14,0.25,569.08,16
21605,515,1,449.57,0.37,0.25,561.96,77
21606,515,3,475.18,0.15,0.25,593.98,98
21607,515,6,483.72,0.35,0.25,604.65,26
21608,515,9,480.87,0.4,0.25,601.09,62
21609,1840,1,5.25,0.47,0.25,6.56,60
21610,1840,2,5.04,0.47,0.25,6.3,72
21611,1840,9,4.96,0.31,0.25,6.2,80
21612,4388,1,2137.19,0.48,0.25,2671.49,70
21613,4388,3,1968.14,0.14,0.25,2460.18,84
21614,4388,4,2016.44,0.44,0.25,2520.55,43
21615,4388,2,2064.74,0.48,0.25,2580.92,91
21616,4388,9,2197.56,0.5,0.25,2746.95,39
21617,4118,8,366.38,0.48,0.25,457.98,41
21618,4118,7,392.1,0.48,0.25,490.12,14
21619,4118,5,332.1,0.14,0.25,415.12,50
21620,4118,3,340.67,0.12,0.25,425.84,33
21621,3126,10,4535.56,0.41,0.25,5669.45,26
21622,3126,2,4255.28,0.38,0.25,5319.1,87
21623,3126,8,4204.32,0.41,0.25,5255.4,80
21624,3126,9,4357.2,0.33,0.25,5446.5,88
21625,3126,1,4331.72,0.31,0.25,5414.65,55
21626,148,4,956.34,0.33,0.25,1195.42,95
21627,148,9,1002.43,0.47,0.25,1253.04,86
21628,148,10,933.3,0.33,0.25,1166.62,18
21629,148,6,1002.43,0.43,0.25,1253.04,63
21630,1918,4,21.54,0.5,0.25,26.92,16
21631,1918,9,20.72,0.44,0.25,25.9,13
21632,1918,1,19.77,0.32,0.25,24.71,15
21633,1918,2,19.19,0.42,0.25,23.99,23
21634,1918,5,20.01,0.12,0.25,25.01,57
21635,4884,2,435.46,0.46,0.25,544.32,50
21636,4884,7,445.82,0.46,0.25,557.28,19
21637,4884,9,451.01,0.45,0.25,563.76,63
21638,4884,10,435.46,0.44,0.25,544.32,65
21639,4299,2,1393.66,0.38,0.25,1742.08,66
21640,4299,1,1410.06,0.4,0.25,1762.57,61
21641,4299,9,1287.09,0.31,0.25,1608.86,49
21642,4299,5,1336.27,0.11,0.25,1670.34,21
21643,4299,10,1442.85,0.45,0.25,1803.56,63
21644,4299,3,1426.45,0.14,0.25,1783.06,67
21645,17,6,3065.31,0.36,0.25,3831.64,55
21646,17,8,3065.31,0.33,0.25,3831.64,83
21647,17,3,3083.24,0.15,0.25,3854.05,57
21648,2158,8,25.22,0.47,0.25,31.52,100
21649,2158,1,24.66,0.39,0.25,30.82,50
21650,2158,10,23.39,0.46,0.25,29.24,47
21651,2158,9,24.52,0.45,0.25,30.65,52
21652,3532,5,2030.25,0.12,0.25,2537.81,70
21653,3532,6,1836.89,0.31,0.25,2296.11,31
21654,3532,8,2042.33,0.34,0.25,2552.91,84
21655,3532,1,2187.35,0.42,0.25,2734.19,23
21656,2562,9,290.07,0.3,0.25,362.59,13
21657,2562,10,327.5,0.49,0.25,409.38,76
21658,2562,3,299.42,0.12,0.25,374.28,28
21659,2562,6,299.42,0.38,0.25,374.28,54
21660,2562,4,301.3,0.3,0.25,376.62,66
21661,2562,2,314.4,0.42,0.25,393.0,85
21662,5300,7,557.04,0.36,0.25,696.3,48
21663,5300,1,518.18,0.35,0.25,647.72,63
21664,5300,9,566.76,0.45,0.25,708.45,74
21665,5300,2,563.52,0.37,0.25,704.4,89
21666,3487,5,2099.21,0.12,0.25,2624.01,95
21667,3487,1,2246.53,0.47,0.25,2808.16,38
21668,3487,9,2062.38,0.44,0.25,2577.98,34
21669,3487,8,2209.7,0.41,0.25,2762.12,77
21670,3487,2,2271.08,0.45,0.25,2838.85,39
21671,2926,2,57.46,0.33,0.25,71.82,15
21672,2926,8,53.93,0.32,0.25,67.41,36
21673,2926,6,57.46,0.33,0.25,71.82,21
21674,2926,7,55.34,0.37,0.25,69.18,51
21675,2926,1,63.45,0.48,0.25,79.31,51
21676,2729,9,249.14,0.44,0.25,311.42,73
21677,2729,5,225.97,0.11,0.25,282.46,78
21678,2729,7,257.83,0.45,0.25,322.29,93
21679,2729,6,228.86,0.36,0.25,286.08,41
21680,2729,1,249.14,0.48,0.25,311.42,96
21681,2729,10,257.83,0.5,0.25,322.29,57
21682,1444,1,74.7,0.36,0.25,93.38,55
21683,1444,3,77.04,0.14,0.25,96.3,30
21684,1444,10,79.84,0.36,0.25,99.8,100
21685,1444,6,75.17,0.38,0.25,93.96,97
21686,1444,9,86.84,0.49,0.25,108.55,99
21687,2138,9,19.65,0.41,0.25,24.56,86
21688,2138,1,18.78,0.43,0.25,23.48,95
21689,2138,3,18.34,0.13,0.25,22.92,49
21690,2138,2,18.89,0.47,0.25,23.61,56
21691,2614,5,78.8,0.14,0.25,98.5,81
21692,2614,9,85.32,0.37,0.25,106.65,92
21693,2614,1,81.81,0.38,0.25,102.26,64
21694,2614,10,80.3,0.39,0.25,100.38,31
21695,2614,7,88.33,0.41,0.25,110.41,76
21696,1424,7,48.11,0.38,0.25,60.14,83
21697,1424,10,48.11,0.45,0.25,60.14,30
21698,1424,8,47.54,0.34,0.25,59.42,40
21699,1424,9,47.54,0.43,0.25,59.42,75
21700,1424,3,45.85,0.15,0.25,57.31,13
21701,4433,8,313.7,0.45,0.25,392.12,23
21702,4433,1,336.51,0.46,0.25,420.64,82
21703,4433,4,321.3,0.44,0.25,401.62,83
21704,4433,5,290.88,0.13,0.25,363.6,65
21705,4433,10,306.09,0.36,0.25,382.61,66
21706,4858,5,69.63,0.12,0.25,87.04,92
21707,4858,3,73.5,0.13,0.25,91.88,46
21708,4858,4,71.78,0.46,0.25,89.72,20
21709,4858,1,69.63,0.35,0.25,87.04,90
21710,4858,6,69.63,0.37,0.25,87.04,67
21711,4858,8,76.93,0.4,0.25,96.16,47
21712,3889,10,1949.19,0.39,0.25,2436.49,27
21713,3889,7,2020.94,0.45,0.25,2526.18,55
21714,3889,4,2068.77,0.44,0.25,2585.96,49
21715,3889,1,1877.44,0.36,0.25,2346.8,29
21716,3889,3,2020.94,0.15,0.25,2526.18,63
21717,594,3,69.91,0.13,0.25,87.39,77
21718,594,10,67.77,0.33,0.25,84.71,30
21719,594,6,73.77,0.48,0.25,92.21,61
21720,594,9,69.48,0.4,0.25,86.85,75
21721,4213,6,1839.93,0.43,0.25,2299.91,76
21722,4213,3,1851.22,0.14,0.25,2314.02,80
21723,4213,4,1851.22,0.4,0.25,2314.02,97
21724,4213,8,1862.5,0.42,0.25,2328.12,30
21725,4213,5,1851.22,0.13,0.25,2314.02,16
21726,1194,2,112.74,0.31,0.25,140.92,35
21727,1194,4,117.44,0.46,0.25,146.8,20
21728,1194,5,112.07,0.15,0.25,140.09,95
21729,2440,6,167.58,0.32,0.25,209.48,23
21730,2440,3,176.95,0.13,0.25,221.19,48
21731,2440,2,171.75,0.33,0.25,214.69,36
21732,2440,10,177.99,0.35,0.25,222.49,77
21733,4873,7,374.88,0.41,0.25,468.6,53
21734,4873,4,379.37,0.49,0.25,474.21,90
21735,4873,9,374.88,0.44,0.25,468.6,71
21736,3483,1,5489.91,0.33,0.25,6862.39,72
21737,3483,10,5074.98,0.34,0.25,6343.72,85
21738,3483,2,5202.65,0.41,0.25,6503.31,82
21739,3483,6,5330.32,0.32,0.25,6662.9,46
21740,4312,8,2272.84,0.34,0.25,2841.05,25
21741,4312,6,2233.2,0.46,0.25,2791.5,36
21742,4312,4,2312.48,0.45,0.25,2890.6,76
21743,4312,7,2431.41,0.49,0.25,3039.26,72
21744,3679,10,1780.88,0.44,0.25,2226.1,96
21745,3679,7,1780.88,0.49,0.25,2226.1,97
21746,3679,6,1722.49,0.48,0.25,2153.11,20
21747,3679,5,1498.67,0.1,0.25,1873.34,37
21748,3679,3,1664.1,0.14,0.25,2080.12,50
21749,4954,6,246.4,0.43,0.25,308.0,23
21750,4954,2,236.2,0.31,0.25,295.25,75
21751,4954,9,246.4,0.36,0.25,308.0,44
21752,4954,7,246.4,0.47,0.25,308.0,87
21753,1859,6,13.77,0.47,0.25,17.21,91
21754,1859,8,13.28,0.31,0.25,16.6,91
21755,1859,5,12.64,0.13,0.25,15.8,76
21756,1859,7,13.12,0.39,0.25,16.4,31
21757,1859,10,14.49,0.47,0.25,18.11,23
21758,1859,4,14.89,0.47,0.25,18.61,57
21759,2701,7,190.48,0.35,0.25,238.1,55
21760,2701,6,202.24,0.38,0.25,252.8,46
21761,2701,2,192.83,0.31,0.25,241.04,15
21762,2701,9,189.3,0.35,0.25,236.62,10
21763,1456,5,167.84,0.1,0.25,209.8,26
21764,1456,2,171.89,0.31,0.25,214.86,43
21765,1456,1,169.86,0.42,0.25,212.32,19
21766,1456,9,161.78,0.36,0.25,202.22,32
21767,1456,10,173.91,0.35,0.25,217.39,53
21768,1456,4,158.74,0.36,0.25,198.42,85
21769,4562,7,1368.1,0.35,0.25,1710.12,40
21770,4562,8,1343.52,0.36,0.25,1679.4,91
21771,4562,3,1245.21,0.11,0.25,1556.51,87
21772,4562,1,1384.48,0.39,0.25,1730.6,74
21773,4562,2,1425.44,0.43,0.25,1781.8,94
21774,4562,6,1376.29,0.32,0.25,1720.36,47
21775,260,2,310.71,0.45,0.25,388.39,27
21776,260,5,312.52,0.12,0.25,390.65,29
21777,260,8,292.54,0.33,0.25,365.68,87
21778,260,1,327.06,0.45,0.25,408.82,62
21779,260,3,287.09,0.12,0.25,358.86,32
21780,260,4,332.51,0.44,0.25,415.64,39
21781,4552,8,528.76,0.35,0.25,660.95,31
21782,4552,9,558.31,0.32,0.25,697.89,11
21783,4552,7,597.72,0.46,0.25,747.15,14
21784,4552,10,564.88,0.41,0.25,706.1,31
21785,4552,6,587.87,0.49,0.25,734.84,96
21786,4552,4,551.75,0.37,0.25,689.69,16
21787,1979,5,25.16,0.11,0.25,31.45,32
21788,1979,6,24.12,0.35,0.25,30.15,43
21789,1979,9,27.82,0.49,0.25,34.78,57
21790,1979,1,25.31,0.43,0.25,31.64,32
21791,1979,3,25.46,0.14,0.25,31.83,64
21792,4785,3,317.95,0.15,0.25,397.44,54
21793,4785,9,339.81,0.32,0.25,424.76,78
21794,4785,7,329.88,0.34,0.25,412.35,37
21795,4785,10,351.73,0.43,0.25,439.66,44
21796,34,3,3049.62,0.11,0.25,3812.02,44
21797,34,4,2959.4,0.39,0.25,3699.25,92
21798,34,2,3103.76,0.42,0.25,3879.7,37
21799,493,2,79.18,0.37,0.25,98.98,31
21800,493,7,77.27,0.34,0.25,96.59,49
21801,493,9,79.66,0.38,0.25,99.57,42
21802,493,10,87.29,0.5,0.25,109.11,85
21803,493,8,87.77,0.45,0.25,109.71,64
21804,493,4,83.95,0.49,0.25,104.94,58
21805,3021,4,1636.71,0.38,0.25,2045.89,53
21806,3021,5,1501.13,0.1,0.25,1876.41,65
21807,3021,3,1588.29,0.12,0.25,1985.36,73
21808,3021,10,1568.92,0.39,0.25,1961.15,59
21809,3021,8,1714.19,0.5,0.25,2142.74,73
21810,2156,2,19.51,0.47,0.25,24.39,19
21811,2156,4,21.96,0.48,0.25,27.45,43
21812,2156,9,21.84,0.49,0.25,27.3,25
21813,2156,10,19.97,0.4,0.25,24.96,95
21814,2156,8,17.64,0.3,0.25,22.05,98
21815,4203,5,1091.19,0.1,0.25,1363.99,12
21816,4203,2,1264.62,0.47,0.25,1580.78,34
21817,4203,9,1221.26,0.46,0.25,1526.58,17
21818,4203,10,1199.58,0.35,0.25,1499.48,63
21819,4203,6,1170.68,0.38,0.25,1463.35,30
21820,4190,7,375.33,0.45,0.25,469.16,84
21821,4190,2,328.94,0.35,0.25,411.18,35
21822,4190,3,331.05,0.11,0.25,413.81,11
21823,4190,8,356.35,0.43,0.25,445.44,33
21824,4190,5,358.46,0.13,0.25,448.08,33
21825,4190,4,366.9,0.36,0.25,458.62,46
21826,2335,6,24.29,0.45,0.25,30.36,82
21827,2335,3,20.67,0.11,0.25,25.84,42
21828,2335,2,23.48,0.42,0.25,29.35,88
21829,2335,5,21.34,0.13,0.25,26.68,56
21830,3287,2,2264.33,0.42,0.25,2830.41,45
21831,3287,4,2346.67,0.31,0.25,2933.34,68
21832,3287,6,2538.79,0.46,0.25,3173.49,60
21833,3287,1,2236.88,0.34,0.25,2796.1,72
21834,3287,8,2305.5,0.43,0.25,2881.88,83
21835,3214,10,7355.77,0.37,0.25,9194.71,42
21836,3214,1,8188.5,0.44,0.25,10235.62,21
21837,3214,8,8188.5,0.41,0.25,10235.62,29
21838,3214,3,7309.51,0.14,0.25,9136.89,15
21839,3214,7,8281.02,0.48,0.25,10351.28,55
21840,4861,6,17.74,0.48,0.25,22.17,88
21841,4861,4,19.43,0.49,0.25,24.29,57
21842,4861,10,17.95,0.37,0.25,22.44,50
21843,3476,6,5671.03,0.33,0.25,7088.79,15
21844,3476,2,5738.14,0.32,0.25,7172.68,35
21845,3476,8,5503.25,0.38,0.25,6879.06,97
21846,3476,9,5234.8,0.34,0.25,6543.5,46
21847,3476,3,5637.48,0.12,0.25,7046.85,69
21848,3476,5,5738.14,0.11,0.25,7172.68,12
21849,4795,9,269.5,0.41,0.25,336.88,97
21850,4795,3,258.21,0.11,0.25,322.76,34
21851,4795,10,288.87,0.43,0.25,361.09,21
21852,4795,2,292.1,0.48,0.25,365.12,10
21853,4795,1,259.82,0.37,0.25,324.77,98
21854,1155,7,17.26,0.31,0.25,21.58,29
21855,1155,5,17.05,0.13,0.25,21.31,28
21856,1155,1,18.2,0.34,0.25,22.75,86
21857,1155,2,17.05,0.33,0.25,21.31,29
21858,1155,6,17.99,0.34,0.25,22.49,78
21859,2041,4,9.25,0.33,0.25,11.56,91
21860,2041,9,9.25,0.33,0.25,11.56,26
21861,2041,3,9.25,0.13,0.25,11.56,61
21862,6,6,531.04,0.31,0.25,663.8,86
21863,6,1,554.71,0.32,0.25,693.39,75
21864,6,7,541.18,0.3,0.25,676.47,85
21865,1249,7,16.19,0.34,0.25,20.24,92
21866,1249,2,16.75,0.45,0.25,20.94,81
21867,1249,3,14.3,0.11,0.25,17.88,33
21868,1249,6,15.34,0.42,0.25,19.18,100
21869,1249,1,15.43,0.38,0.25,19.29,64
21870,1249,10,16.84,0.4,0.25,21.05,57
21871,452,5,313.44,0.13,0.25,391.8,93
21872,452,10,356.54,0.49,0.25,445.68,17
21873,452,4,344.78,0.41,0.25,430.98,80
21874,452,6,334.99,0.33,0.25,418.74,16
21875,452,8,323.24,0.3,0.25,404.05,19
21876,452,2,356.54,0.43,0.25,445.68,66
21877,3235,8,8958.58,0.47,0.25,11198.22,15
21878,3235,10,8615.9,0.48,0.25,10769.88,13
21879,3235,5,8077.41,0.11,0.25,10096.76,78
21880,2714,9,288.04,0.32,0.25,360.05,78
21881,2714,4,303.75,0.34,0.25,379.69,52
21882,2714,2,298.51,0.38,0.25,373.14,16
21883,2714,6,286.29,0.37,0.25,357.86,51
21884,1099,9,105.45,0.38,0.25,131.81,18
21885,1099,8,107.45,0.37,0.25,134.31,69
21886,1099,3,108.12,0.11,0.25,135.15,57
21887,978,5,171.8,0.12,0.25,214.75,25
21888,978,6,186.31,0.47,0.25,232.89,64
21889,978,7,187.42,0.38,0.25,234.27,78
21890,978,4,181.84,0.39,0.25,227.3,64
21891,2612,6,162.04,0.3,0.25,202.55,40
21892,2612,2,178.34,0.4,0.25,222.92,15
21893,2612,1,177.32,0.45,0.25,221.65,78
21894,2612,7,175.29,0.49,0.25,219.11,87
21895,4831,5,590.92,0.13,0.25,738.65,36
21896,4831,10,598.26,0.33,0.25,747.82,43
21897,4831,3,576.24,0.12,0.25,720.3,41
21898,4831,2,664.32,0.47,0.25,830.4,82
21899,1011,10,224.96,0.33,0.25,281.2,41
21900,1011,1,210.4,0.31,0.25,263.0,40
21901,1011,7,223.64,0.36,0.25,279.55,28
21902,1011,6,220.99,0.43,0.25,276.24,57
21903,1011,9,239.52,0.49,0.25,299.4,12
21904,1011,2,230.25,0.37,0.25,287.81,70
21905,4703,7,640.52,0.5,0.25,800.65,32
21906,4703,10,644.02,0.48,0.25,805.02,96
21907,4703,5,553.02,0.15,0.25,691.28,28
21908,4232,6,797.66,0.31,0.25,997.08,25
21909,4232,5,837.05,0.11,0.25,1046.31,82
21910,4232,3,807.5,0.12,0.25,1009.38,10
21911,4232,7,797.66,0.36,0.25,997.08,61
21912,4232,4,856.74,0.37,0.25,1070.92,75
21913,4232,10,837.05,0.35,0.25,1046.31,71
21914,3843,1,2727.04,0.35,0.25,3408.8,53
21915,3843,6,2680.29,0.35,0.25,3350.36,30
21916,3843,3,2337.46,0.1,0.25,2921.82,46
21917,3843,7,2664.71,0.37,0.25,3330.89,81
21918,3843,2,2727.04,0.5,0.25,3408.8,31
21919,2849,1,275.04,0.48,0.25,343.8,57
21920,2849,9,252.91,0.31,0.25,316.14,17
21921,2849,5,265.56,0.11,0.25,331.95,75
21922,2849,8,276.62,0.41,0.25,345.78,17
21923,2849,10,284.53,0.41,0.25,355.66,90
21924,2849,6,248.17,0.34,0.25,310.21,47
21925,694,5,45.15,0.14,0.25,56.44,37
21926,694,6,52.43,0.43,0.25,65.54,47
21927,694,3,49.81,0.12,0.25,62.26,98
21928,694,7,46.9,0.41,0.25,58.62,36
21929,694,10,47.19,0.37,0.25,58.99,15
21930,2723,1,185.73,0.35,0.25,232.16,17
21931,2723,3,167.05,0.11,0.25,208.81,99
21932,2723,4,180.24,0.34,0.25,225.3,25
21933,2723,10,184.63,0.43,0.25,230.79,14
21934,4011,8,2508.38,0.4,0.25,3135.48,69
21935,4011,1,2363.39,0.39,0.25,2954.24,19
21936,4011,9,2334.39,0.36,0.25,2917.99,33
21937,4011,7,2450.38,0.31,0.25,3062.98,24
21938,4011,3,2334.39,0.12,0.25,2917.99,37
21939,608,1,24.62,0.31,0.25,30.78,27
21940,608,6,22.98,0.32,0.25,28.72,17
21941,608,4,23.87,0.34,0.25,29.84,78
21942,3272,4,5370.11,0.38,0.25,6712.64,28
21943,3272,3,4793.66,0.12,0.25,5992.08,48
21944,3272,2,4945.35,0.43,0.25,6181.69,27
21945,3272,10,5127.39,0.38,0.25,6409.24,44
21946,4434,6,301.76,0.35,0.25,377.2,73
21947,4434,2,291.18,0.41,0.25,363.98,38
21948,4434,10,312.35,0.45,0.25,390.44,88
21949,4434,5,280.59,0.12,0.25,350.74,43
21950,4434,4,298.23,0.4,0.25,372.79,84
21951,1997,10,18.45,0.45,0.25,23.06,18
21952,1997,7,18.45,0.44,0.25,23.06,54
21953,1997,5,15.72,0.14,0.25,19.65,46
21954,1997,6,17.54,0.43,0.25,21.92,21
21955,1997,1,17.74,0.47,0.25,22.17,34
21956,1997,4,18.65,0.5,0.25,23.31,94
21957,1725,6,592.94,0.42,0.25,741.18,65
21958,1725,8,585.97,0.32,0.25,732.46,11
21959,1725,4,613.87,0.42,0.25,767.34,61
21960,1725,3,558.06,0.12,0.25,697.58,96
21961,1725,9,568.53,0.34,0.25,710.66,42
21962,1725,2,544.11,0.34,0.25,680.14,42
21963,3494,5,4954.73,0.12,0.25,6193.41,84
21964,3494,9,4954.73,0.35,0.25,6193.41,37
21965,3494,1,5189.27,0.38,0.25,6486.59,70
21966,3494,10,5218.59,0.41,0.25,6523.24,52
21967,3494,8,4954.73,0.3,0.25,6193.41,85
21968,3494,2,4573.59,0.33,0.25,5716.99,91
21969,630,2,44.78,0.5,0.25,55.98,86
21970,630,3,44.52,0.13,0.25,55.65,93
21971,630,10,46.09,0.49,0.25,57.61,91
21972,630,8,41.9,0.39,0.25,52.38,32
21973,630,6,45.31,0.46,0.25,56.64,81
21974,291,9,280.37,0.36,0.25,350.46,53
21975,291,4,305.26,0.48,0.25,381.58,37
21976,291,2,273.74,0.3,0.25,342.18,69
21977,2611,1,14.55,0.32,0.25,18.19,49
21978,2611,2,15.58,0.49,0.25,19.48,75
21979,2611,3,14.04,0.11,0.25,17.55,78
21980,2611,7,15.15,0.48,0.25,18.94,23
21981,2611,5,13.87,0.13,0.25,17.34,90
21982,2611,10,14.38,0.47,0.25,17.98,35
21983,923,8,28.63,0.35,0.25,35.79,77
21984,923,10,30.63,0.5,0.25,38.29,53
21985,923,1,29.8,0.45,0.25,37.25,71
21986,923,9,29.63,0.5,0.25,37.04,78
21987,923,2,28.96,0.4,0.25,36.2,49
21988,1564,3,731.73,0.12,0.25,914.66,55
21989,1564,5,731.73,0.13,0.25,914.66,54
21990,1564,6,750.74,0.37,0.25,938.42,36
21991,2072,4,28.75,0.36,0.25,35.94,17
21992,2072,1,30.5,0.45,0.25,38.12,94
21993,2072,10,30.5,0.39,0.25,38.12,63
21994,565,1,28.24,0.31,0.25,35.3,29
21995,565,7,31.31,0.45,0.25,39.14,33
21996,565,5,30.77,0.14,0.25,38.46,56
21997,5289,1,669.91,0.44,0.25,837.39,12
21998,5289,3,625.74,0.12,0.25,782.18,52
21999,5289,7,655.18,0.42,0.25,818.97,95
22000,5289,2,647.82,0.43,0.25,809.78,20
22001,5289,4,666.22,0.46,0.25,832.78,79
22002,4761,3,113.52,0.14,0.25,141.9,45
22003,4761,4,125.51,0.5,0.25,156.89,73
22004,4761,6,122.69,0.42,0.25,153.36,99
22005,4761,7,112.11,0.36,0.25,140.14,54
22006,4261,8,1107.82,0.47,0.25,1384.78,69
22007,4261,9,1126.08,0.48,0.25,1407.6,32
22008,4261,5,943.47,0.11,0.25,1179.34,35
22009,4261,3,919.12,0.1,0.25,1148.9,27
22010,2014,8,10.27,0.39,0.25,12.84,10
22011,2014,3,9.63,0.14,0.25,12.04,17
22012,2014,9,9.45,0.35,0.25,11.81,94
22013,2014,2,10.74,0.47,0.25,13.42,37
22014,2014,10,10.04,0.33,0.25,12.55,78
22015,2014,7,9.8,0.4,0.25,12.25,43
22016,2685,3,195.08,0.13,0.25,243.85,57
22017,2685,5,202.72,0.14,0.25,253.4,88
22018,2685,4,215.48,0.38,0.25,269.35,83
22019,2685,2,219.3,0.36,0.25,274.12,74
22020,2685,6,220.58,0.45,0.25,275.73,76
22021,2129,1,9.51,0.31,0.25,11.89,88
22022,2129,5,9.27,0.12,0.25,11.59,88
22023,2129,10,9.86,0.33,0.25,12.32,38
22024,2129,3,9.04,0.11,0.25,11.3,42
22025,3001,1,43.83,0.43,0.25,54.79,47
22026,3001,3,38.63,0.1,0.25,48.29,64
22027,3001,10,43.08,0.42,0.25,53.85,89
22028,3001,9,39.62,0.32,0.25,49.52,76
22029,1016,1,132.71,0.44,0.25,165.89,70
22030,1016,9,120.24,0.38,0.25,150.3,25
22031,1016,2,126.84,0.46,0.25,158.55,37
22032,876,10,69.16,0.45,0.25,86.45,14
22033,876,2,69.16,0.39,0.25,86.45,36
22034,876,7,69.57,0.32,0.25,86.96,52
22035,876,6,77.07,0.47,0.25,96.34,45
22036,876,8,71.66,0.33,0.25,89.57,85
22037,4876,1,599.27,0.36,0.25,749.09,34
22038,4876,10,533.84,0.31,0.25,667.3,44
22039,4876,3,544.17,0.1,0.25,680.21,86
22040,4876,5,564.83,0.12,0.25,706.04,56
22041,4876,6,533.84,0.35,0.25,667.3,57
22042,4876,7,606.16,0.45,0.25,757.7,90
22043,2409,2,108.24,0.46,0.25,135.3,21
22044,2409,1,105.08,0.34,0.25,131.35,10
22045,2409,10,101.91,0.39,0.25,127.39,42
22046,2409,8,110.14,0.4,0.25,137.68,17
22047,2409,9,105.08,0.41,0.25,131.35,76
22048,3538,2,6040.26,0.34,0.25,7550.33,67
22049,3538,1,5962.82,0.33,0.25,7453.52,48
22050,3538,4,6543.61,0.37,0.25,8179.51,87
22051,1262,3,141.46,0.14,0.25,176.82,18
22052,1262,9,145.82,0.4,0.25,182.27,91
22053,1262,10,161.54,0.48,0.25,201.92,55
22054,1262,2,162.42,0.46,0.25,203.02,53
22055,1777,3,706.87,0.11,0.25,883.59,85
22056,1777,9,719.96,0.4,0.25,899.95,46
22057,1777,10,741.78,0.31,0.25,927.22,35
22058,1777,7,772.32,0.44,0.25,965.4,51
22059,3036,6,4046.77,0.38,0.25,5058.46,62
22060,3036,3,4046.77,0.13,0.25,5058.46,58
22061,3036,8,4146.08,0.39,0.25,5182.6,91
22062,3036,5,4121.25,0.15,0.25,5151.56,35
22063,3036,7,3872.98,0.34,0.25,4841.23,100
22064,3036,1,4493.65,0.45,0.25,5617.06,16
22065,3184,3,5700.6,0.1,0.25,7125.75,24
22066,3184,4,6212.62,0.46,0.25,7765.78,11
22067,3184,8,5666.46,0.44,0.25,7083.08,61
22068,3184,10,6178.49,0.48,0.25,7723.11,30
22069,3184,5,5803.0,0.1,0.25,7253.75,13
22070,4057,9,1287.5,0.37,0.25,1609.38,63
22071,4057,5,1213.08,0.15,0.25,1516.35,90
22072,4057,1,1168.43,0.31,0.25,1460.54,81
22073,4057,3,1175.87,0.13,0.25,1469.84,32
22074,4057,2,1190.75,0.39,0.25,1488.44,50
22075,1495,2,300.29,0.39,0.25,375.36,27
22076,1495,5,280.4,0.13,0.25,350.5,87
22077,1495,8,296.68,0.3,0.25,370.85,92
22078,4207,6,2655.82,0.37,0.25,3319.78,32
22079,4207,10,2776.54,0.47,0.25,3470.68,13
22080,4207,8,2535.1,0.35,0.25,3168.88,90
22081,3541,8,6054.78,0.39,0.25,7568.48,15
22082,3541,10,6528.95,0.49,0.25,8161.19,58
22083,3541,9,6383.06,0.36,0.25,7978.83,53
22084,3541,4,6127.73,0.4,0.25,7659.66,37
22085,4484,5,2085.1,0.1,0.25,2606.38,65
22086,4484,2,2149.46,0.3,0.25,2686.82,15
22087,4484,9,2213.81,0.43,0.25,2767.26,53
22088,4484,3,1995.0,0.13,0.25,2493.75,37
22089,4484,10,2303.91,0.45,0.25,2879.89,59
22090,4484,7,2226.68,0.42,0.25,2783.35,12
22091,1242,8,97.06,0.37,0.25,121.32,40
22092,1242,1,87.07,0.33,0.25,108.84,48
22093,1242,7,86.52,0.34,0.25,108.15,87
22094,1242,3,94.28,0.11,0.25,117.85,92
22095,1242,5,89.85,0.15,0.25,112.31,83
22096,1242,4,97.61,0.37,0.25,122.01,54
22097,3943,4,2008.71,0.47,0.25,2510.89,26
22098,3943,1,2031.8,0.49,0.25,2539.75,32
22099,3943,3,1997.16,0.13,0.25,2496.45,33
22100,3943,6,1985.62,0.49,0.25,2482.02,29
22101,2539,9,145.52,0.41,0.25,181.9,54
22102,2539,3,129.98,0.11,0.25,162.48,74
22103,2539,7,125.08,0.31,0.25,156.35,45
22104,5304,6,329.1,0.39,0.25,411.38,78
22105,5304,3,327.14,0.13,0.25,408.92,25
22106,5304,2,323.22,0.34,0.25,404.02,82
22107,5304,10,297.75,0.31,0.25,372.19,61
22108,5304,8,327.14,0.47,0.25,408.92,76
22109,5304,1,362.4,0.45,0.25,453.0,64
22110,106,2,932.17,0.45,0.25,1165.21,51
22111,106,7,895.09,0.49,0.25,1118.86,100
22112,106,5,836.83,0.11,0.25,1046.04,72
22113,106,9,873.91,0.37,0.25,1092.39,29
22114,1273,9,60.4,0.48,0.25,75.5,91
22115,1273,7,65.07,0.5,0.25,81.34,34
22116,1273,3,58.96,0.11,0.25,73.7,28
22117,1273,10,62.91,0.49,0.25,78.64,96
22118,3951,8,532.14,0.32,0.25,665.18,17
22119,3951,5,535.47,0.11,0.25,669.34,27
22120,3951,1,542.12,0.4,0.25,677.65,94
22121,3951,6,535.47,0.38,0.25,669.34,38
22122,3951,7,528.82,0.35,0.25,661.03,85
22123,4877,6,229.52,0.39,0.25,286.9,97
22124,4877,1,224.12,0.42,0.25,280.15,35
22125,4877,9,238.97,0.37,0.25,298.71,88
22126,4610,5,145.44,0.13,0.25,181.8,20
22127,4610,3,138.56,0.14,0.25,173.2,68
22128,4610,8,146.3,0.47,0.25,182.88,75
22129,4610,9,152.33,0.44,0.25,190.41,39
22130,4610,1,136.84,0.39,0.25,171.05,80
22131,3941,5,1542.35,0.15,0.25,1927.94,26
22132,3941,4,1619.95,0.36,0.25,2024.94,68
22133,3941,2,1590.85,0.39,0.25,1988.56,70
22134,3941,6,1629.65,0.36,0.25,2037.06,39
22135,3941,3,1590.85,0.14,0.25,1988.56,94
22136,5009,10,90.25,0.3,0.25,112.81,19
22137,5009,6,100.41,0.47,0.25,125.51,47
22138,5009,5,100.41,0.15,0.25,125.51,83
22139,3045,6,4512.99,0.35,0.25,5641.24,77
22140,3045,8,4725.37,0.46,0.25,5906.71,52
22141,3045,4,4194.43,0.36,0.25,5243.04,23
22142,3045,1,4805.01,0.43,0.25,6006.26,78
22143,325,8,216.34,0.46,0.25,270.42,59
22144,325,3,189.75,0.14,0.25,237.19,75
22145,325,2,193.38,0.39,0.25,241.72,78
22146,325,10,215.13,0.44,0.25,268.91,26
22147,325,9,206.67,0.34,0.25,258.34,72
22148,2143,2,12.1,0.44,0.25,15.12,30
22149,2143,5,12.02,0.1,0.25,15.02,25
22150,2143,10,11.38,0.3,0.25,14.23,47
22151,1279,9,91.16,0.33,0.25,113.95,57
22152,1279,5,95.03,0.13,0.25,118.79,39
22153,1279,2,94.48,0.48,0.25,118.1,58
22154,1279,4,85.64,0.31,0.25,107.05,28
22155,1279,10,96.14,0.45,0.25,120.18,99
22156,1279,8,96.14,0.34,0.25,120.18,79
22157,3837,2,2397.35,0.42,0.25,2996.69,90
22158,3837,7,2184.25,0.42,0.25,2730.31,79
22159,3837,3,2317.44,0.15,0.25,2896.8,37
22160,3837,5,2117.66,0.13,0.25,2647.08,25
22161,3837,9,2184.25,0.32,0.25,2730.31,94
22162,248,4,366.41,0.47,0.25,458.01,33
22163,248,1,345.11,0.37,0.25,431.39,23
22164,248,6,349.37,0.42,0.25,436.71,94
22165,248,10,347.24,0.3,0.25,434.05,51
22166,4470,2,2250.75,0.49,0.25,2813.44,31
22167,4470,5,1897.93,0.13,0.25,2372.41,90
22168,4470,8,1970.92,0.31,0.25,2463.65,75
22169,1358,2,151.49,0.3,0.25,189.36,78
22170,1358,4,142.58,0.32,0.25,178.23,13
22171,1358,8,163.96,0.5,0.25,204.95,90
22172,2414,3,23.57,0.13,0.25,29.46,27
22173,2414,5,24.62,0.13,0.25,30.78,30
22174,2414,4,26.56,0.44,0.25,33.2,53
22175,2151,3,25.59,0.1,0.25,31.99,38
22176,2151,6,24.82,0.37,0.25,31.02,21
22177,2151,9,26.37,0.37,0.25,32.96,32
22178,1808,6,19.35,0.42,0.25,24.19,41
22179,1808,1,20.26,0.45,0.25,25.33,53
22180,1808,5,17.87,0.13,0.25,22.34,55
22181,1808,9,18.09,0.38,0.25,22.61,25
22182,1808,10,18.89,0.44,0.25,23.61,20
22183,724,7,53.66,0.39,0.25,67.07,73
22184,724,4,52.38,0.36,0.25,65.48,44
22185,724,8,52.38,0.38,0.25,65.48,27
22186,724,2,54.3,0.45,0.25,67.88,65
22187,724,10,49.83,0.35,0.25,62.29,47
22188,724,5,51.42,0.15,0.25,64.28,95
22189,2144,7,7.64,0.44,0.25,9.55,97
22190,2144,4,7.55,0.37,0.25,9.44,99
22191,2144,1,7.81,0.48,0.25,9.76,64
22192,2144,9,7.46,0.37,0.25,9.32,36
22193,2144,6,7.29,0.34,0.25,9.11,70
22194,2144,2,7.51,0.33,0.25,9.39,76
22195,769,5,43.57,0.14,0.25,54.46,65
22196,769,8,41.9,0.3,0.25,52.38,17
22197,769,3,44.69,0.11,0.25,55.86,64
22198,769,1,51.39,0.45,0.25,64.24,28
22199,769,10,42.73,0.3,0.25,53.41,31
22200,982,8,109.16,0.35,0.25,136.45,43
22201,982,9,117.45,0.37,0.25,146.81,57
22202,982,6,112.62,0.32,0.25,140.78,19
22203,982,3,113.31,0.12,0.25,141.64,60
22204,982,4,126.43,0.48,0.25,158.04,43
22205,982,10,117.45,0.31,0.25,146.81,68
22206,4028,2,1783.17,0.44,0.25,2228.96,18
22207,4028,10,1639.7,0.32,0.25,2049.62,69
22208,4028,9,1721.68,0.32,0.25,2152.1,13
22209,4028,5,1731.93,0.12,0.25,2164.91,24
22210,1540,8,117.89,0.4,0.25,147.36,32
22211,1540,7,119.88,0.48,0.25,149.85,33
22212,1540,6,114.58,0.44,0.25,143.22,30
22213,1540,4,120.54,0.5,0.25,150.68,93
22214,3953,10,1947.94,0.35,0.25,2434.93,70
22215,3953,9,1803.24,0.36,0.25,2254.05,85
22216,3953,5,1847.76,0.13,0.25,2309.7,23
22217,3953,4,1925.68,0.37,0.25,2407.1,18
22218,3953,3,1881.16,0.12,0.25,2351.45,19
22219,3953,8,1792.11,0.37,0.25,2240.14,73
22220,906,10,159.75,0.39,0.25,199.69,55
22221,906,9,150.57,0.4,0.25,188.21,16
22222,906,1,171.68,0.5,0.25,214.6,32
22223,906,6,166.18,0.41,0.25,207.73,24
22224,906,3,157.0,0.12,0.25,196.25,49
22225,906,5,147.81,0.13,0.25,184.76,76
22226,3808,6,1271.13,0.47,0.25,1588.91,39
22227,3808,10,1367.21,0.49,0.25,1709.01,58
22228,3808,8,1160.28,0.3,0.25,1450.35,90
22229,2484,6,60.37,0.3,0.25,75.46,63
22230,2484,2,68.44,0.48,0.25,85.55,43
22231,2484,10,66.13,0.34,0.25,82.66,83
22232,5114,8,149.67,0.32,0.25,187.09,18
22233,5114,10,147.82,0.35,0.25,184.77,66
22234,5114,3,143.2,0.11,0.25,179.0,90
22235,861,1,61.15,0.38,0.25,76.44,29
22236,861,5,57.47,0.15,0.25,71.84,16
22237,861,4,65.21,0.42,0.25,81.51,35
22238,861,7,61.89,0.32,0.25,77.36,92
22239,2387,2,25.45,0.32,0.25,31.81,45
22240,2387,7,23.19,0.32,0.25,28.99,33
22241,2387,1,25.15,0.33,0.25,31.44,16
22242,96,1,790.87,0.47,0.25,988.59,93
22243,96,2,715.34,0.31,0.25,894.18,98
22244,96,5,728.67,0.13,0.25,910.84,16
22245,96,9,702.01,0.32,0.25,877.51,25
22246,3917,4,297.01,0.37,0.25,371.26,41
22247,3917,1,311.15,0.5,0.25,388.94,17
22248,3917,6,298.78,0.34,0.25,373.48,41
22249,21,8,3425.25,0.48,0.25,4281.56,56
22250,21,10,3220.48,0.34,0.25,4025.6,55
22251,21,4,2885.4,0.31,0.25,3606.75,52
22252,1743,3,532.54,0.12,0.25,665.68,35
22253,1743,2,549.19,0.38,0.25,686.49,36
22254,1743,4,605.77,0.46,0.25,757.21,77
22255,1356,3,143.01,0.13,0.25,178.76,93
22256,1356,9,150.96,0.45,0.25,188.7,82
22257,1356,4,160.67,0.48,0.25,200.84,16
22258,1356,8,156.26,0.48,0.25,195.32,28
22259,3075,7,5323.19,0.46,0.25,6653.99,32
22260,3075,8,5292.24,0.34,0.25,6615.3,17
22261,3075,10,5013.71,0.31,0.25,6267.14,50
22262,3075,9,5601.73,0.42,0.25,7002.16,71
22263,3075,5,5013.71,0.12,0.25,6267.14,55
22264,3931,8,1298.81,0.48,0.25,1623.51,60
22265,3931,2,1379.08,0.49,0.25,1723.85,14
22266,3931,6,1145.58,0.33,0.25,1431.98,50
22267,3931,5,1262.33,0.13,0.25,1577.91,79
22268,2002,1,10.66,0.31,0.25,13.32,69
22269,2002,2,10.2,0.34,0.25,12.75,27
22270,2002,9,11.05,0.39,0.25,13.81,46
22271,2002,3,10.59,0.14,0.25,13.24,44
22272,2002,6,10.26,0.34,0.25,12.82,36
22273,4828,4,335.91,0.5,0.25,419.89,39
22274,4828,2,291.76,0.31,0.25,364.7,83
22275,4828,6,335.91,0.45,0.25,419.89,18
22276,4828,9,351.27,0.44,0.25,439.09,92
22277,4828,7,341.67,0.39,0.25,427.09,48
22278,4828,5,312.88,0.11,0.25,391.1,94
22279,4414,7,670.85,0.44,0.25,838.56,31
22280,4414,1,674.77,0.43,0.25,843.46,61
22281,4414,8,682.62,0.35,0.25,853.28,33
22282,4414,10,639.47,0.33,0.25,799.34,96
22283,4414,2,678.7,0.42,0.25,848.38,65
22284,4414,9,694.39,0.38,0.25,867.99,41
22285,621,4,74.83,0.49,0.25,93.54,100
22286,621,2,72.69,0.45,0.25,90.86,66
22287,621,5,72.26,0.14,0.25,90.32,69
22288,621,6,74.83,0.37,0.25,93.54,47
22289,621,9,68.42,0.32,0.25,85.52,92
22290,621,8,75.69,0.49,0.25,94.61,53
22291,5361,10,66.3,0.49,0.25,82.88,23
22292,5361,4,62.69,0.48,0.25,78.36,51
22293,5361,6,61.61,0.39,0.25,77.01,68
22294,5361,7,64.49,0.46,0.25,80.61,96
22295,1265,5,54.38,0.12,0.25,67.98,33
22296,1265,7,54.72,0.37,0.25,68.4,59
22297,1265,6,54.05,0.31,0.25,67.56,59
22298,1265,10,59.42,0.41,0.25,74.28,77
22299,1265,2,55.73,0.38,0.25,69.66,55
22300,1265,9,50.69,0.3,0.25,63.36,70
22301,2174,9,10.15,0.34,0.25,12.69,18
22302,2174,5,10.87,0.14,0.25,13.59,99
22303,2174,3,10.55,0.14,0.25,13.19,86
22304,2174,8,9.96,0.31,0.25,12.45,82
22305,2174,1,10.28,0.31,0.25,12.85,57
22306,2174,2,11.46,0.38,0.25,14.32,92
22307,2250,6,76.29,0.31,0.25,95.36,54
22308,2250,10,74.47,0.35,0.25,93.09,63
22309,2250,3,78.11,0.12,0.25,97.64,79
22310,2250,2,80.38,0.49,0.25,100.48,13
22311,483,3,231.94,0.12,0.25,289.92,31
22312,483,6,241.54,0.45,0.25,301.92,59
22313,483,4,240.17,0.41,0.25,300.21,33
22314,2066,9,25.32,0.45,0.25,31.65,47
22315,2066,10,26.07,0.45,0.25,32.59,49
22316,2066,2,26.51,0.48,0.25,33.14,51
22317,2066,3,22.92,0.1,0.25,28.65,44
22318,2407,1,130.09,0.41,0.25,162.61,56
22319,2407,5,123.08,0.13,0.25,153.85,61
22320,2407,3,129.31,0.15,0.25,161.64,16
22321,2407,9,144.12,0.45,0.25,180.15,68
22322,1167,10,74.2,0.4,0.25,92.75,82
22323,1167,6,82.9,0.43,0.25,103.62,72
22324,1167,5,75.57,0.1,0.25,94.46,85
22325,1167,1,73.28,0.31,0.25,91.6,11
22326,3535,9,3375.42,0.32,0.25,4219.27,38
22327,3535,1,3256.29,0.34,0.25,4070.36,38
22328,3535,5,3196.72,0.13,0.25,3995.9,71
22329,5413,10,25.35,0.41,0.25,31.69,30
22330,5413,1,24.2,0.42,0.25,30.25,72
22331,5413,3,22.05,0.13,0.25,27.56,16
22332,5413,2,25.2,0.42,0.25,31.5,26
22333,5413,7,22.05,0.3,0.25,27.56,47
22334,5413,5,24.63,0.14,0.25,30.79,34
22335,3785,4,510.22,0.49,0.25,637.78,82
22336,3785,6,501.22,0.36,0.25,626.53,75
22337,3785,1,507.22,0.34,0.25,634.03,75
22338,3785,7,498.22,0.3,0.25,622.78,81
22339,1322,3,105.28,0.13,0.25,131.6,71
22340,1322,7,105.28,0.43,0.25,131.6,30
22341,1322,1,104.02,0.41,0.25,130.02,96
22342,1322,8,97.71,0.33,0.25,122.14,17
22343,1322,9,117.88,0.48,0.25,147.35,31
22344,1322,5,98.97,0.13,0.25,123.71,99
22345,4914,10,507.21,0.43,0.25,634.01,23
22346,4914,5,461.88,0.1,0.25,577.35,100
22347,4914,3,481.71,0.11,0.25,602.14,97
22348,4914,4,476.04,0.3,0.25,595.05,18
22349,1343,8,69.47,0.43,0.25,86.84,45
22350,1343,1,67.9,0.38,0.25,84.88,47
22351,1343,6,59.27,0.3,0.25,74.09,86
22352,1343,2,72.61,0.47,0.25,90.76,75
22353,2125,5,16.83,0.14,0.25,21.04,51
22354,2125,9,16.04,0.3,0.25,20.05,54
22355,2125,6,17.12,0.44,0.25,21.4,96
22356,3215,10,3737.38,0.32,0.25,4671.73,34
22357,3215,9,3472.01,0.35,0.25,4340.01,49
22358,3215,4,3582.58,0.35,0.25,4478.23,72
22359,1169,7,231.94,0.5,0.25,289.92,88
22360,1169,4,200.93,0.31,0.25,251.16,65
22361,1169,6,219.53,0.37,0.25,274.41,11
22362,1169,9,218.29,0.47,0.25,272.86,89
22363,1169,10,218.29,0.36,0.25,272.86,14
22364,1169,2,197.21,0.34,0.25,246.51,37
22365,1957,6,25.23,0.35,0.25,31.54,41
22366,1957,10,26.03,0.34,0.25,32.54,64
22367,1957,1,27.16,0.49,0.25,33.95,80
22368,3796,4,607.22,0.48,0.25,759.03,83
22369,3796,1,577.52,0.45,0.25,721.9,80
22370,3796,2,557.72,0.44,0.25,697.15,16
22371,3796,7,564.32,0.45,0.25,705.4,24
22372,3796,5,551.12,0.15,0.25,688.9,88
22373,3796,8,544.52,0.44,0.25,680.65,80
22374,276,1,164.63,0.44,0.25,205.79,47
22375,276,2,155.63,0.47,0.25,194.54,74
22376,276,9,137.64,0.33,0.25,172.05,89
22377,3948,8,306.47,0.43,0.25,383.09,85
22378,3948,4,293.39,0.31,0.25,366.74,42
22379,3948,1,327.02,0.49,0.25,408.78,100
22380,3948,5,289.65,0.13,0.25,362.06,61
22381,2827,7,163.52,0.34,0.25,204.4,12
22382,2827,5,169.58,0.12,0.25,211.98,42
22383,2827,6,175.64,0.45,0.25,219.55,33
22384,2827,3,171.6,0.13,0.25,214.5,30
22385,2827,9,164.53,0.41,0.25,205.66,56
22386,2827,1,173.62,0.48,0.25,217.02,27
22387,4936,6,199.6,0.37,0.25,249.5,98
22388,4936,2,223.01,0.45,0.25,278.76,60
22389,4936,8,205.76,0.38,0.25,257.2,38
22390,4936,3,206.99,0.13,0.25,258.74,32
22391,3897,3,216.78,0.13,0.25,270.98,49
22392,3897,8,214.13,0.34,0.25,267.66,69
22393,3897,10,223.38,0.31,0.25,279.23,63
22394,3897,1,220.74,0.38,0.25,275.92,15
22395,3897,2,237.92,0.49,0.25,297.4,64
22396,1538,6,345.03,0.32,0.25,431.29,94
22397,1538,10,363.19,0.49,0.25,453.99,72
22398,1538,2,306.69,0.32,0.25,383.36,39
22399,1538,5,322.83,0.14,0.25,403.54,42
22400,66,1,1158.8,0.42,0.25,1448.5,42
22401,66,8,1100.21,0.45,0.25,1375.26,86
22402,66,10,996.05,0.33,0.25,1245.06,63
22403,66,4,1197.86,0.49,0.25,1497.32,36
22404,997,10,227.09,0.37,0.25,283.86,11
22405,997,8,244.12,0.45,0.25,305.15,48
22406,997,3,225.67,0.11,0.25,282.09,36
22407,4294,7,1305.75,0.48,0.25,1632.19,49
22408,4294,8,1231.98,0.46,0.25,1539.98,89
22409,4294,3,1165.58,0.11,0.25,1456.98,68
22410,4294,6,1305.75,0.47,0.25,1632.19,54
22411,4294,9,1202.47,0.4,0.25,1503.09,44
22412,1884,7,3.9,0.39,0.25,4.88,72
22413,1884,4,3.9,0.37,0.25,4.88,78
22414,1884,8,4.24,0.4,0.25,5.3,62
22415,1884,5,3.83,0.11,0.25,4.79,42
22416,1884,6,3.88,0.3,0.25,4.85,87
22417,1884,3,3.95,0.11,0.25,4.94,56
22418,503,1,108.87,0.41,0.25,136.09,75
22419,503,7,114.08,0.41,0.25,142.6,90
22420,503,8,110.82,0.4,0.25,138.52,23
22421,2453,9,52.96,0.46,0.25,66.2,35
22422,2453,5,50.56,0.14,0.25,63.2,39
22423,2453,1,48.47,0.34,0.25,60.59,25
22424,2453,10,52.66,0.41,0.25,65.82,67
22425,2453,4,51.46,0.49,0.25,64.32,35
22426,2453,6,52.66,0.5,0.25,65.82,85
22427,1981,8,30.13,0.46,0.25,37.66,90
22428,1981,3,28.38,0.14,0.25,35.48,30
22429,1981,10,32.41,0.49,0.25,40.51,73
22430,331,1,242.96,0.47,0.25,303.7,83
22431,331,5,245.8,0.14,0.25,307.25,76
22432,331,4,247.22,0.37,0.25,309.02,97
22433,331,10,261.43,0.49,0.25,326.79,36
22434,331,3,230.17,0.13,0.25,287.71,10
22435,331,6,234.43,0.35,0.25,293.04,62
22436,269,10,92.62,0.46,0.25,115.78,93
22437,269,3,86.0,0.14,0.25,107.5,21
22438,269,6,85.5,0.44,0.25,106.88,91
22439,269,5,87.02,0.15,0.25,108.78,62
22440,3952,9,2140.5,0.38,0.25,2675.62,95
22441,3952,5,2001.18,0.13,0.25,2501.48,40
22442,3952,1,2140.5,0.36,0.25,2675.62,76
22443,3952,8,2140.5,0.42,0.25,2675.62,91
22444,1186,3,260.58,0.14,0.25,325.72,23
22445,1186,8,290.06,0.49,0.25,362.58,96
22446,1186,2,251.28,0.32,0.25,314.1,45
22447,1186,4,268.34,0.46,0.25,335.42,72
22448,559,2,72.69,0.42,0.25,90.86,95
22449,559,7,73.94,0.39,0.25,92.42,82
22450,559,5,71.45,0.14,0.25,89.31,20
22451,559,10,63.97,0.31,0.25,79.96,56
22452,559,3,66.05,0.13,0.25,82.56,22
22453,559,1,68.96,0.33,0.25,86.2,23
22454,4943,3,105.32,0.12,0.25,131.65,57
22455,4943,9,107.87,0.35,0.25,134.84,93
22456,4943,1,109.15,0.39,0.25,136.44,57
22457,4943,2,109.15,0.33,0.25,136.44,100
22458,4943,4,109.79,0.38,0.25,137.24,20
22459,2181,1,23.06,0.31,0.25,28.82,62
22460,2181,6,21.54,0.32,0.25,26.92,36
22461,2181,5,22.37,0.15,0.25,27.96,100
22462,2181,8,22.37,0.4,0.25,27.96,10
22463,2181,7,23.89,0.39,0.25,29.86,17
22464,2181,3,21.96,0.11,0.25,27.45,63
22465,173,2,286.58,0.46,0.25,358.22,85
22466,173,5,264.78,0.12,0.25,330.98,33
22467,173,9,275.68,0.43,0.25,344.6,82
22468,173,4,283.47,0.47,0.25,354.34,79
22469,173,3,242.97,0.11,0.25,303.71,79
22470,1413,8,91.85,0.31,0.25,114.81,35
22471,1413,2,88.61,0.4,0.25,110.76,53
22472,1413,6,91.85,0.41,0.25,114.81,35
22473,1413,7,86.99,0.33,0.25,108.74,47
22474,1413,3,84.83,0.13,0.25,106.04,77
22475,97,6,639.29,0.5,0.25,799.11,61
22476,97,3,628.2,0.15,0.25,785.25,37
22477,97,9,606.03,0.35,0.25,757.54,76
22478,710,7,36.21,0.43,0.25,45.26,71
22479,710,2,32.95,0.36,0.25,41.19,49
22480,710,6,33.76,0.43,0.25,42.2,39
22481,710,9,36.82,0.44,0.25,46.02,27
22482,710,3,32.34,0.13,0.25,40.43,75
22483,710,1,35.19,0.48,0.25,43.99,89
22484,310,2,111.5,0.44,0.25,139.38,23
22485,310,9,95.93,0.32,0.25,119.91,40
22486,310,3,99.04,0.12,0.25,123.8,37
22487,2334,9,132.56,0.45,0.25,165.7,88
22488,2334,4,125.07,0.44,0.25,156.34,24
22489,2334,6,131.06,0.45,0.25,163.82,76
22490,2334,10,121.32,0.37,0.25,151.65,25
22491,2334,5,120.57,0.1,0.25,150.71,13
22492,1206,8,201.25,0.33,0.25,251.56,64
22493,1206,4,198.71,0.35,0.25,248.39,16
22494,1206,5,202.51,0.11,0.25,253.14,15
22495,1400,9,95.45,0.37,0.25,119.31,99
22496,1400,7,96.63,0.35,0.25,120.79,56
22497,1400,3,94.86,0.13,0.25,118.58,10
22498,1400,10,101.93,0.49,0.25,127.41,88
22499,1400,8,94.86,0.32,0.25,118.58,20
22500,2606,2,307.41,0.44,0.25,384.26,34
22501,2606,4,305.6,0.42,0.25,382.0,47
22502,2606,5,285.71,0.11,0.25,357.14,38
22503,2606,3,298.37,0.13,0.25,372.96,57
22504,2606,8,325.49,0.49,0.25,406.86,29
22505,2606,6,321.88,0.44,0.25,402.35,65
22506,2536,3,106.71,0.11,0.25,133.39,84
22507,2536,10,110.79,0.39,0.25,138.49,67
22508,2536,6,122.35,0.41,0.25,152.94,18
22509,2536,4,127.1,0.5,0.25,158.88,44
22510,3294,1,2901.92,0.42,0.25,3627.4,54
22511,3294,2,2688.78,0.33,0.25,3360.98,59
22512,3294,10,2918.31,0.47,0.25,3647.89,44
22513,3294,7,2951.1,0.41,0.25,3688.88,86
22514,3294,8,2803.54,0.31,0.25,3504.42,65
22515,3294,6,2705.18,0.38,0.25,3381.48,48
22516,2506,9,140.39,0.36,0.25,175.49,28
22517,2506,7,157.38,0.39,0.25,196.72,16
22518,2506,10,158.27,0.39,0.25,197.84,92
22519,2506,5,145.75,0.14,0.25,182.19,83
22520,2506,4,151.12,0.31,0.25,188.9,51
22521,4564,7,1796.66,0.35,0.25,2245.83,77
22522,4564,8,1903.6,0.43,0.25,2379.5,59
22523,4564,2,1903.6,0.49,0.25,2379.5,40
22524,4564,6,1764.58,0.3,0.25,2205.72,26
22525,4564,10,1957.08,0.44,0.25,2446.35,31
22526,4564,9,1668.33,0.33,0.25,2085.41,46
22527,302,9,312.32,0.48,0.25,390.4,49
22528,302,4,292.34,0.38,0.25,365.42,48
22529,302,10,314.13,0.49,0.25,392.66,49
22530,302,2,310.5,0.31,0.25,388.12,90
22531,302,5,315.95,0.15,0.25,394.94,89
22532,302,1,312.32,0.42,0.25,390.4,63
22533,2623,10,326.67,0.47,0.25,408.34,18
22534,2623,4,304.27,0.36,0.25,380.34,36
22535,2623,6,321.07,0.33,0.25,401.34,48
22536,1070,1,84.32,0.37,0.25,105.4,71
22537,1070,8,83.36,0.39,0.25,104.2,69
22538,1070,4,75.22,0.31,0.25,94.02,28
22539,1070,2,86.24,0.49,0.25,107.8,12
22540,1070,10,81.93,0.39,0.25,102.41,71
22541,1381,7,115.26,0.37,0.25,144.08,35
22542,1381,8,118.79,0.38,0.25,148.49,81
22543,1381,9,121.62,0.46,0.25,152.02,11
22544,1381,3,120.91,0.15,0.25,151.14,55
22545,2069,1,30.28,0.42,0.25,37.85,77
22546,2069,10,27.49,0.36,0.25,34.36,12
22547,2069,8,27.32,0.3,0.25,34.15,39
22548,2069,2,30.97,0.49,0.25,38.71,96
22549,2069,3,29.23,0.14,0.25,36.54,11
22550,2069,9,30.62,0.49,0.25,38.28,81
22551,3389,2,3523.03,0.48,0.25,4403.79,79
22552,3389,10,3462.98,0.49,0.25,4328.73,61
22553,3389,9,3342.87,0.36,0.25,4178.59,30
22554,3389,3,3322.86,0.14,0.25,4153.58,33
22555,3389,8,3422.94,0.38,0.25,4278.68,99
22556,3389,5,3242.79,0.14,0.25,4053.49,46
22557,3275,5,3474.19,0.13,0.25,4342.74,47
22558,3275,8,4038.19,0.47,0.25,5047.74,25
22559,3275,7,3564.43,0.35,0.25,4455.54,66
22560,3275,9,3541.87,0.32,0.25,4427.34,31
22561,3275,10,3519.31,0.34,0.25,4399.14,89
22562,3275,2,3609.55,0.34,0.25,4511.94,35
22563,560,8,53.69,0.37,0.25,67.11,50
22564,560,1,51.46,0.39,0.25,64.32,58
22565,560,5,53.05,0.11,0.25,66.31,97
22566,560,4,50.18,0.31,0.25,62.72,94
22567,5262,1,150.19,0.39,0.25,187.74,43
22568,5262,9,167.69,0.49,0.25,209.61,14
22569,5262,3,145.58,0.13,0.25,181.98,57
22570,5262,8,153.87,0.4,0.25,192.34,58
22571,5262,5,152.95,0.14,0.25,191.19,68
22572,5262,4,152.95,0.42,0.25,191.19,96
22573,3497,1,6213.9,0.31,0.25,7767.38,45
22574,3497,5,6213.9,0.14,0.25,7767.38,43
22575,3497,3,6331.89,0.12,0.25,7914.86,23
22576,9,6,3134.45,0.3,0.25,3918.06,11
22577,9,9,3191.09,0.3,0.25,3988.86,14
22578,9,5,3172.21,0.12,0.25,3965.26,11
22579,5184,9,109.56,0.47,0.25,136.95,55
22580,5184,2,103.34,0.36,0.25,129.18,24
22581,5184,5,100.22,0.15,0.25,125.28,71
22582,5184,1,117.03,0.48,0.25,146.29,26
22583,5184,10,104.58,0.42,0.25,130.72,66
22584,5184,4,100.85,0.37,0.25,126.06,98
22585,3733,2,7605.94,0.32,0.25,9507.42,59
22586,3733,10,7560.12,0.37,0.25,9450.15,77
22587,3733,8,8201.58,0.46,0.25,10251.98,10
22588,1251,5,138.58,0.13,0.25,173.23,56
22589,1251,6,143.44,0.5,0.25,179.3,72
22590,1251,9,136.96,0.34,0.25,171.2,23
22591,1251,10,142.63,0.45,0.25,178.29,27
22592,4736,10,61.21,0.39,0.25,76.51,13
22593,4736,4,58.79,0.49,0.25,73.49,12
22594,4736,7,60.17,0.41,0.25,75.21,64
22595,4736,8,60.52,0.4,0.25,75.65,14
22596,1577,4,761.46,0.37,0.25,951.82,46
22597,1577,5,722.3,0.13,0.25,902.88,10
22598,1577,10,774.51,0.5,0.25,968.14,85
22599,1577,7,757.11,0.38,0.25,946.39,41
22600,3531,4,6827.63,0.45,0.25,8534.54,26
22601,3531,8,6498.59,0.37,0.25,8123.24,73
22602,3531,7,6992.15,0.43,0.25,8740.19,24
22603,3531,2,7033.28,0.35,0.25,8791.6,68
22604,4428,10,1143.17,0.4,0.25,1428.96,33
22605,4428,9,1071.72,0.31,0.25,1339.65,70
22606,4428,3,1123.69,0.14,0.25,1404.61,16
22607,1136,4,56.41,0.43,0.25,70.51,82
22608,1136,5,55.74,0.13,0.25,69.68,69
22609,1136,3,56.75,0.1,0.25,70.94,49
22610,1136,7,54.39,0.4,0.25,67.99,29
22611,5303,6,697.88,0.48,0.25,872.35,97
22612,5303,10,630.71,0.42,0.25,788.39,17
22613,5303,2,653.1,0.47,0.25,816.38,78
22614,5303,4,634.44,0.41,0.25,793.05,18
22615,5303,1,626.98,0.44,0.25,783.72,65
22616,4268,3,465.97,0.12,0.25,582.46,53
22617,4268,2,457.01,0.32,0.25,571.26,28
22618,4268,4,507.79,0.36,0.25,634.74,24
22619,4268,1,477.92,0.32,0.25,597.4,36
22620,4268,10,471.95,0.36,0.25,589.94,86
22621,4268,7,460.0,0.32,0.25,575.0,89
22622,345,1,117.94,0.47,0.25,147.43,43
22623,345,5,103.28,0.15,0.25,129.1,89
22624,345,10,103.91,0.36,0.25,129.89,18
22625,345,4,105.82,0.43,0.25,132.27,91
22626,345,6,115.39,0.41,0.25,144.24,56
22627,345,7,116.66,0.46,0.25,145.82,33
22628,31,5,3185.17,0.12,0.25,3981.46,61
22629,31,2,3281.11,0.42,0.25,4101.39,68
22630,31,1,3377.05,0.4,0.25,4221.31,82
22631,31,3,3242.74,0.1,0.25,4053.42,27
22632,31,10,3223.55,0.41,0.25,4029.44,27
22633,4712,9,133.48,0.33,0.25,166.85,94
22634,4712,6,157.9,0.47,0.25,197.38,44
22635,4712,3,133.48,0.1,0.25,166.85,26
22636,3812,6,2271.21,0.47,0.25,2839.01,36
22637,3812,2,2064.74,0.34,0.25,2580.92,37
22638,3812,7,2348.64,0.47,0.25,2935.8,74
22639,3812,8,2103.45,0.33,0.25,2629.31,17
22640,3812,10,2245.4,0.35,0.25,2806.75,35
22641,4185,7,2020.69,0.47,0.25,2525.86,100
22642,4185,5,1755.68,0.12,0.25,2194.6,69
22643,4185,4,1976.52,0.4,0.25,2470.65,94
22644,4185,2,1832.97,0.45,0.25,2291.21,74
22645,4185,10,1678.38,0.31,0.25,2097.98,13
22646,2545,2,169.3,0.48,0.25,211.62,66
22647,2545,5,170.28,0.15,0.25,212.85,19
22648,2545,3,160.54,0.15,0.25,200.68,32
22649,2545,1,167.36,0.33,0.25,209.2,52
22650,2545,4,178.06,0.48,0.25,222.58,17
22651,4748,9,568.06,0.31,0.25,710.08,95
22652,4748,7,574.74,0.37,0.25,718.42,37
22653,4748,4,588.1,0.45,0.25,735.12,95
22654,4748,5,558.03,0.14,0.25,697.54,31
22655,4748,8,581.42,0.44,0.25,726.78,32
22656,2838,3,149.48,0.12,0.25,186.85,42
22657,2838,1,139.81,0.34,0.25,174.76,42
22658,2838,8,153.0,0.45,0.25,191.25,48
22659,2838,2,156.52,0.42,0.25,195.65,30
22660,3265,9,2359.73,0.37,0.25,2949.66,11
22661,3265,7,2266.41,0.36,0.25,2833.01,43
22662,3265,5,2279.74,0.13,0.25,2849.68,62
22663,571,5,47.08,0.11,0.25,58.85,52
22664,571,2,46.78,0.33,0.25,58.48,71
22665,571,8,49.5,0.43,0.25,61.88,91
22666,571,3,47.99,0.13,0.25,59.99,64
22667,974,6,153.88,0.34,0.25,192.35,65
22668,974,2,166.08,0.38,0.25,207.6,48
22669,974,10,148.25,0.31,0.25,185.31,56
22670,974,4,160.45,0.41,0.25,200.56,36
22671,974,5,144.5,0.13,0.25,180.62,60
22672,2901,6,189.47,0.42,0.25,236.84,33
22673,2901,10,181.05,0.32,0.25,226.31,68
22674,2901,1,181.05,0.39,0.25,226.31,46
22675,2901,5,173.68,0.14,0.25,217.1,82
22676,3172,10,2008.18,0.3,0.25,2510.22,73
22677,3172,5,2061.38,0.13,0.25,2576.73,61
22678,3172,8,2074.68,0.33,0.25,2593.35,14
22679,3172,2,2314.06,0.43,0.25,2892.58,22
22680,3172,1,2247.56,0.42,0.25,2809.45,56
22681,4137,3,418.01,0.13,0.25,522.51,62
22682,4137,6,410.72,0.4,0.25,513.4,57
22683,4137,10,418.01,0.41,0.25,522.51,10
22684,4137,2,403.43,0.42,0.25,504.29,47
22685,2483,5,63.87,0.12,0.25,79.84,13
22686,2483,2,71.01,0.36,0.25,88.76,79
22687,2483,9,66.39,0.35,0.25,82.99,36
22688,2483,8,71.43,0.43,0.25,89.29,23
22689,2483,3,71.01,0.15,0.25,88.76,40
22690,2483,7,73.96,0.43,0.25,92.45,86
22691,1805,2,6.16,0.43,0.25,7.7,69
22692,1805,8,6.09,0.5,0.25,7.61,23
22693,1805,7,6.3,0.48,0.25,7.88,46
22694,1805,3,5.81,0.13,0.25,7.26,73
22695,1805,4,6.02,0.49,0.25,7.52,89
22696,4625,3,1994.67,0.13,0.25,2493.34,38
22697,4625,8,2017.86,0.43,0.25,2522.32,60
22698,4625,2,1867.1,0.37,0.25,2333.88,85
22699,4625,9,1936.68,0.39,0.25,2420.85,73
22700,4108,3,667.98,0.11,0.25,834.98,70
22701,4108,9,711.64,0.4,0.25,889.55,38
22702,4108,5,711.64,0.12,0.25,889.55,70
22703,4108,7,733.47,0.45,0.25,916.84,29
22704,4108,8,781.5,0.47,0.25,976.88,84
22705,13,6,2294.57,0.5,0.25,2868.21,30
22706,13,7,2065.11,0.37,0.25,2581.39,48
22707,13,3,2065.11,0.13,0.25,2581.39,68
22708,13,4,2065.11,0.32,0.25,2581.39,64
22709,13,10,2205.33,0.34,0.25,2756.66,95
22710,946,3,215.97,0.1,0.25,269.96,13
22711,946,1,234.29,0.48,0.25,292.86,76
22712,946,8,200.26,0.32,0.25,250.32,36
22713,946,4,217.28,0.36,0.25,271.6,65
22714,1117,10,125.58,0.31,0.25,156.98,22
22715,1117,9,129.48,0.39,0.25,161.85,93
22716,1117,8,144.3,0.45,0.25,180.38,10
22717,1117,6,141.96,0.45,0.25,177.45,11
22718,2030,6,24.39,0.36,0.25,30.49,43
22719,2030,9,27.2,0.45,0.25,34.0,44
22720,2030,7,24.68,0.35,0.25,30.85,68
22721,4324,8,1522.65,0.3,0.25,1903.31,66
22722,4324,7,1588.04,0.32,0.25,1985.05,27
22723,4324,4,1634.74,0.44,0.25,2043.42,61
22724,1222,7,90.73,0.32,0.25,113.41,65
22725,1222,1,91.82,0.33,0.25,114.78,95
22726,1222,10,93.99,0.39,0.25,117.49,82
22727,1222,8,87.47,0.31,0.25,109.34,14
22728,1222,5,88.56,0.11,0.25,110.7,78
22729,1222,2,93.99,0.39,0.25,117.49,76
22730,5384,8,19.36,0.39,0.25,24.2,67
22731,5384,5,20.33,0.12,0.25,25.41,63
22732,5384,9,21.42,0.45,0.25,26.78,91
22733,5384,2,20.57,0.46,0.25,25.71,88
22734,5384,10,19.36,0.33,0.25,24.2,21
22735,527,4,59.37,0.35,0.25,74.21,91
22736,527,9,65.38,0.49,0.25,81.72,31
22737,527,7,57.25,0.32,0.25,71.56,82
22738,527,8,61.85,0.46,0.25,77.31,11
22739,1365,6,66.38,0.38,0.25,82.98,90
22740,1365,5,68.03,0.1,0.25,85.04,23
22741,1365,1,65.14,0.36,0.25,81.42,54
22742,1365,9,69.27,0.4,0.25,86.59,93
22743,1365,10,69.68,0.35,0.25,87.1,51
22744,2269,8,93.29,0.47,0.25,116.61,20
22745,2269,2,78.26,0.31,0.25,97.82,25
22746,2269,3,80.34,0.12,0.25,100.43,84
22747,819,6,34.35,0.32,0.25,42.94,63
22748,819,10,35.0,0.3,0.25,43.75,64
22749,819,8,35.21,0.44,0.25,44.01,73
22750,819,5,33.92,0.11,0.25,42.4,92
22751,819,7,35.0,0.31,0.25,43.75,70
22752,188,5,994.32,0.12,0.25,1242.9,55
22753,188,2,1067.98,0.38,0.25,1334.98,81
22754,188,7,1141.63,0.48,0.25,1427.04,52
22755,188,8,1080.25,0.5,0.25,1350.31,77
22756,3971,4,824.49,0.39,0.25,1030.61,90
22757,3971,3,809.41,0.1,0.25,1011.76,87
22758,3971,7,874.77,0.42,0.25,1093.46,45
22759,470,7,105.21,0.48,0.25,131.51,16
22760,470,5,102.81,0.13,0.25,128.51,89
22761,470,2,100.4,0.35,0.25,125.5,89
22762,470,4,107.01,0.4,0.25,133.76,29
22763,470,10,108.22,0.48,0.25,135.28,71
22764,3004,9,254.72,0.41,0.25,318.4,44
22765,3004,6,244.17,0.36,0.25,305.21,46
22766,3004,5,230.6,0.11,0.25,288.25,48
22767,5084,10,329.56,0.49,0.25,411.95,27
22768,5084,4,322.07,0.49,0.25,402.59,73
22769,5084,9,348.28,0.5,0.25,435.35,32
22770,5084,7,305.22,0.41,0.25,381.52,15
22771,5084,1,308.96,0.4,0.25,386.2,65
22772,5084,2,323.94,0.41,0.25,404.92,56
22773,700,2,17.77,0.43,0.25,22.21,87
22774,700,6,18.64,0.43,0.25,23.3,54
22775,700,3,17.77,0.11,0.25,22.21,24
22776,700,10,19.62,0.46,0.25,24.52,74
22777,700,1,17.88,0.33,0.25,22.35,89
22778,700,7,19.08,0.46,0.25,23.85,41
22779,2997,5,347.27,0.14,0.25,434.09,75
22780,2997,2,323.32,0.32,0.25,404.15,14
22781,2997,8,361.24,0.44,0.25,451.55,99
22782,2997,4,339.29,0.36,0.25,424.11,41
22783,2997,7,319.33,0.39,0.25,399.16,88
22784,4149,7,583.57,0.31,0.25,729.46,16
22785,4149,8,643.7,0.43,0.25,804.62,36
22786,4149,6,569.42,0.33,0.25,711.78,75
22787,4149,9,569.42,0.33,0.25,711.78,46
22788,4149,3,558.81,0.11,0.25,698.51,17
22789,4149,1,541.13,0.33,0.25,676.41,82
22790,1476,3,11.86,0.11,0.25,14.82,30
22791,1476,5,12.53,0.15,0.25,15.66,46
22792,1476,10,12.01,0.37,0.25,15.01,95
22793,3825,3,862.92,0.15,0.25,1078.65,16
22794,3825,1,939.38,0.37,0.25,1174.22,42
22795,3825,10,955.76,0.39,0.25,1194.7,57
22796,3825,4,983.07,0.49,0.25,1228.84,39
22797,4320,3,1178.57,0.12,0.25,1473.21,38
22798,4320,4,1192.77,0.45,0.25,1490.96,36
22799,4320,10,1221.17,0.38,0.25,1526.46,87
22800,4320,1,1107.57,0.34,0.25,1384.46,23
22801,4320,6,1199.87,0.35,0.25,1499.84,50
22802,3212,9,4212.57,0.47,0.25,5265.71,37
22803,3212,7,3836.03,0.41,0.25,4795.04,90
22804,3212,6,4236.1,0.46,0.25,5295.12,66
22805,3212,2,4047.83,0.49,0.25,5059.79,97
22806,3212,10,4283.17,0.47,0.25,5353.96,60
22807,3212,1,4094.9,0.41,0.25,5118.62,80
22808,4461,1,1827.03,0.37,0.25,2283.79,62
22809,4461,5,1729.16,0.13,0.25,2161.45,69
22810,4461,9,1870.53,0.42,0.25,2338.16,31
22811,4461,3,1783.53,0.13,0.25,2229.41,24
22812,4461,7,1914.04,0.44,0.25,2392.55,95
22813,300,10,284.71,0.46,0.25,355.89,39
22814,300,3,253.25,0.15,0.25,316.56,11
22815,300,9,257.97,0.4,0.25,322.46,52
22816,300,7,265.84,0.34,0.25,332.3,96
22817,300,5,262.69,0.15,0.25,328.36,51
22818,300,4,248.53,0.31,0.25,310.66,96
22819,3348,6,996.35,0.48,0.25,1245.44,69
22820,3348,4,969.56,0.44,0.25,1211.95,89
22821,3348,1,851.72,0.31,0.25,1064.65,58
22822,3348,10,958.85,0.43,0.25,1198.56,32
22823,3348,8,910.64,0.49,0.25,1138.3,61
22824,3348,2,835.65,0.3,0.25,1044.56,21
22825,5290,10,122.28,0.44,0.25,152.85,72
22826,5290,6,125.76,0.46,0.25,157.2,83
22827,5290,2,110.47,0.31,0.25,138.09,67
22828,5290,4,113.25,0.35,0.25,141.56,22
22829,371,7,221.07,0.43,0.25,276.34,57
22830,371,2,218.43,0.39,0.25,273.04,49
22831,371,4,214.46,0.41,0.25,268.08,94
22832,371,8,202.54,0.33,0.25,253.18,85
22833,371,1,210.48,0.36,0.25,263.1,55
22834,4297,10,798.61,0.47,0.25,998.26,68
22835,4297,8,708.37,0.36,0.25,885.46,10
22836,4297,2,690.32,0.31,0.25,862.9,11
22837,4297,9,748.98,0.37,0.25,936.22,71
22838,4297,7,812.14,0.45,0.25,1015.18,88
22839,4297,1,812.14,0.43,0.25,1015.18,70
22840,3496,8,6387.4,0.41,0.25,7984.25,30
22841,3496,3,6125.92,0.12,0.25,7657.4,39
22842,3496,7,6499.46,0.39,0.25,8124.32,66
22843,3496,9,6237.98,0.37,0.25,7797.48,92
22844,3496,5,6350.04,0.1,0.25,7937.55,98
22845,2659,8,261.17,0.37,0.25,326.46,99
22846,2659,3,237.29,0.13,0.25,296.61,50
22847,2659,7,246.25,0.37,0.25,307.81,72
22848,1069,1,162.62,0.49,0.25,203.28,35
22849,1069,8,149.54,0.36,0.25,186.92,72
22850,1069,6,157.01,0.31,0.25,196.26,24
22851,1069,5,162.62,0.14,0.25,203.28,61
22852,3067,7,5385.2,0.46,0.25,6731.5,89
22853,3067,6,5323.3,0.49,0.25,6654.12,36
22854,3067,1,5199.5,0.42,0.25,6499.38,49
22855,3067,5,5168.55,0.12,0.25,6460.69,45
22856,244,5,108.7,0.12,0.25,135.88,47
22857,244,8,110.69,0.41,0.25,138.36,93
22858,244,1,110.69,0.32,0.25,138.36,70
22859,2667,8,249.75,0.35,0.25,312.19,39
22860,2667,10,286.52,0.49,0.25,358.15,96
22861,2667,5,262.01,0.14,0.25,327.51,23
22862,2667,7,251.28,0.38,0.25,314.1,26
22863,2667,3,260.47,0.14,0.25,325.59,29
22864,2667,2,254.35,0.41,0.25,317.94,70
22865,3786,9,5309.24,0.41,0.25,6636.55,90
22866,3786,4,5244.49,0.33,0.25,6555.61,39
22867,3786,5,5244.49,0.11,0.25,6555.61,48
22868,3786,2,5568.22,0.34,0.25,6960.28,52
22869,3786,3,5600.6,0.14,0.25,7000.75,80
22870,5201,4,360.38,0.3,0.25,450.48,38
22871,5201,3,374.6,0.1,0.25,468.25,18
22872,5201,8,410.17,0.37,0.25,512.71,16
22873,5201,1,422.02,0.45,0.25,527.52,94
22874,5201,10,372.23,0.37,0.25,465.29,91
22875,5201,9,414.91,0.37,0.25,518.64,99
22876,1482,1,24.8,0.4,0.25,31.0,91
22877,1482,2,23.39,0.44,0.25,29.24,69
22878,1482,9,24.09,0.38,0.25,30.11,59
22879,5044,3,251.05,0.14,0.25,313.81,73
22880,5044,1,270.11,0.47,0.25,337.64,88
22881,5044,2,266.94,0.41,0.25,333.68,65
22882,3012,8,477.7,0.41,0.25,597.12,44
22883,3012,3,452.99,0.12,0.25,566.24,77
22884,3012,2,469.46,0.33,0.25,586.82,29
22885,3561,10,4905.82,0.46,0.25,6132.28,67
22886,3561,2,5192.71,0.48,0.25,6490.89,45
22887,3561,1,4446.8,0.34,0.25,5558.5,10
22888,2429,3,80.89,0.13,0.25,101.11,16
22889,2429,9,82.9,0.4,0.25,103.62,100
22890,2429,5,83.4,0.11,0.25,104.25,81
22891,2429,8,87.42,0.38,0.25,109.28,39
22892,448,1,500.16,0.44,0.25,625.2,79
22893,448,9,481.03,0.39,0.25,601.29,98
22894,448,10,450.96,0.37,0.25,563.7,48
22895,448,3,442.76,0.11,0.25,553.45,67
22896,448,8,461.89,0.32,0.25,577.36,92
22897,4327,9,944.88,0.46,0.25,1181.1,29
22898,4327,8,939.32,0.43,0.25,1174.15,80
22899,4327,2,911.53,0.4,0.25,1139.41,52
22900,4327,5,900.41,0.13,0.25,1125.51,80
22901,4327,10,978.23,0.45,0.25,1222.79,87
22902,4327,4,950.44,0.35,0.25,1188.05,22
22903,3338,6,8048.79,0.43,0.25,10060.99,54
22904,3338,9,7563.93,0.33,0.25,9454.91,56
22905,3338,7,8145.77,0.39,0.25,10182.21,39
22906,3338,8,8727.61,0.49,0.25,10909.51,55
22907,3338,10,8194.25,0.37,0.25,10242.81,88
22908,2793,2,22.32,0.42,0.25,27.9,57
22909,2793,9,22.32,0.47,0.25,27.9,30
22910,2793,3,21.8,0.12,0.25,27.25,57
22911,2793,5,21.54,0.13,0.25,26.92,43
22912,94,6,1341.61,0.33,0.25,1677.01,85
22913,94,3,1252.71,0.11,0.25,1565.89,71
22914,94,5,1382.02,0.11,0.25,1727.52,43
22915,94,7,1390.1,0.35,0.25,1737.62,79
22916,94,2,1390.1,0.35,0.25,1737.62,41
22917,94,4,1309.28,0.33,0.25,1636.6,33
22918,5053,2,647.41,0.36,0.25,809.26,99
22919,5053,7,620.75,0.32,0.25,775.94,38
22920,5053,1,651.22,0.31,0.25,814.03,50
22921,5053,8,670.26,0.4,0.25,837.82,94
22922,708,2,56.7,0.47,0.25,70.88,43
22923,708,4,50.57,0.32,0.25,63.21,22
22924,708,9,53.64,0.37,0.25,67.05,20
22925,708,5,49.04,0.12,0.25,61.3,99
22926,2077,10,21.35,0.38,0.25,26.69,41
22927,2077,5,21.62,0.13,0.25,27.02,43
22928,2077,9,22.03,0.37,0.25,27.54,76
22929,2077,8,24.98,0.48,0.25,31.22,33
22930,2077,4,23.1,0.37,0.25,28.88,51
22931,3228,10,2084.13,0.43,0.25,2605.16,97
22932,3228,2,1908.5,0.39,0.25,2385.62,87
22933,3228,9,1990.46,0.46,0.25,2488.07,19
22934,2565,1,158.12,0.31,0.25,197.65,53
22935,2565,5,154.07,0.12,0.25,192.59,54
22936,2565,8,173.33,0.44,0.25,216.66,86
22937,836,3,23.89,0.1,0.25,29.86,86
22938,836,4,24.33,0.45,0.25,30.41,28
22939,836,6,23.02,0.3,0.25,28.78,26
22940,4801,9,449.01,0.48,0.25,561.26,25
22941,4801,5,407.75,0.11,0.25,509.69,87
22942,4801,1,373.77,0.32,0.25,467.21,55
22943,3821,2,1954.48,0.47,0.25,2443.1,36
22944,3821,10,1823.46,0.43,0.25,2279.32,85
22945,3821,5,1725.19,0.12,0.25,2156.49,82
22946,3821,9,1954.48,0.45,0.25,2443.1,54
22947,3821,3,1790.7,0.11,0.25,2238.38,69
22948,3821,7,1856.21,0.31,0.25,2320.26,57
22949,2630,7,12.86,0.46,0.25,16.08,62
22950,2630,8,11.74,0.32,0.25,14.68,77
22951,2630,5,12.02,0.15,0.25,15.02,50
22952,2630,6,12.23,0.42,0.25,15.29,17
22953,2630,1,11.32,0.37,0.25,14.15,91
22954,1261,3,151.49,0.13,0.25,189.36,47
22955,1261,1,165.18,0.5,0.25,206.48,35
22956,1261,9,152.4,0.43,0.25,190.5,19
22957,1261,6,157.88,0.46,0.25,197.35,26
22958,1261,8,154.23,0.39,0.25,192.79,22
22959,1261,5,139.63,0.11,0.25,174.54,72
22960,1382,1,173.41,0.47,0.25,216.76,71
22961,1382,3,155.77,0.13,0.25,194.71,16
22962,1382,7,161.65,0.4,0.25,202.06,88
22963,1939,5,5.74,0.11,0.25,7.18,27
22964,1939,10,6.62,0.41,0.25,8.28,58
22965,1939,9,5.85,0.31,0.25,7.31,94
22966,1939,4,5.89,0.4,0.25,7.36,14
22967,1939,1,6.04,0.32,0.25,7.55,25
22968,1939,7,6.04,0.42,0.25,7.55,40
22969,5229,7,44.96,0.35,0.25,56.2,86
22970,5229,5,46.03,0.13,0.25,57.54,79
22971,5229,3,44.69,0.13,0.25,55.86,77
22972,5229,4,48.17,0.43,0.25,60.21,21
22973,5229,6,43.08,0.39,0.25,53.85,77
22974,5229,2,47.1,0.45,0.25,58.88,78
22975,3698,2,7441.97,0.43,0.25,9302.46,34
22976,3698,1,7272.83,0.36,0.25,9091.04,24
22977,3698,5,6976.84,0.11,0.25,8721.05,31
22978,3698,10,7315.11,0.34,0.25,9143.89,68
22979,3698,4,7188.26,0.34,0.25,8985.33,91
22980,2803,5,324.72,0.11,0.25,405.9,35
22981,2803,9,365.06,0.46,0.25,456.32,94
22982,2803,1,371.11,0.49,0.25,463.89,38
22983,2803,7,359.01,0.42,0.25,448.76,31
22984,834,3,58.38,0.15,0.25,72.98,89
22985,834,5,58.38,0.15,0.25,72.98,44
22986,834,1,60.49,0.47,0.25,75.61,30
22987,3499,1,7582.2,0.44,0.25,9477.75,83
22988,3499,5,7005.29,0.14,0.25,8756.61,76
22989,3499,4,6552.01,0.37,0.25,8190.01,54
22990,3499,8,7705.82,0.48,0.25,9632.28,22
22991,3499,9,6222.35,0.3,0.25,7777.94,84
22992,4817,7,158.46,0.4,0.25,198.08,89
22993,4817,10,153.74,0.34,0.25,192.18,39
22994,4817,6,156.57,0.35,0.25,195.71,50
22995,4817,4,149.97,0.35,0.25,187.46,93
22996,4817,3,161.29,0.13,0.25,201.61,82
22997,4817,8,148.08,0.31,0.25,185.1,21
22998,3379,4,139.82,0.3,0.25,174.77,22
22999,3379,7,140.7,0.4,0.25,175.88,73
23000,3379,9,141.57,0.37,0.25,176.96,17
23001,3379,6,163.42,0.49,0.25,204.27,98
23002,3379,2,158.18,0.47,0.25,197.73,46
23003,3379,3,147.69,0.1,0.25,184.61,79
23004,3944,5,217.05,0.11,0.25,271.31,99
23005,3944,4,232.26,0.44,0.25,290.32,18
23006,3944,8,225.35,0.4,0.25,281.69,16
23007,3944,6,236.41,0.38,0.25,295.51,18
23008,2319,3,47.79,0.12,0.25,59.74,87
23009,2319,4,49.65,0.33,0.25,62.06,36
23010,2319,10,52.44,0.44,0.25,65.55,49
23011,2319,1,54.3,0.37,0.25,67.88,30
23012,2319,7,51.82,0.36,0.25,64.78,81
23013,2319,2,54.61,0.4,0.25,68.26,55
23014,5144,10,87.91,0.39,0.25,109.89,39
23015,5144,4,92.82,0.43,0.25,116.02,40
23016,5144,9,96.64,0.47,0.25,120.8,74
23017,5144,2,93.91,0.42,0.25,117.39,19
23018,5144,3,90.64,0.1,0.25,113.3,44
23019,4734,2,581.04,0.48,0.25,726.3,51
23020,4734,10,618.64,0.41,0.25,773.3,62
23021,4734,8,584.46,0.48,0.25,730.58,19
23022,4734,6,608.39,0.46,0.25,760.49,41
23023,2388,9,150.49,0.48,0.25,188.11,61
23024,2388,8,158.51,0.5,0.25,198.14,50
23025,2388,2,154.95,0.37,0.25,193.69,61
23026,2388,4,157.62,0.47,0.25,197.02,89
23027,1642,6,430.14,0.49,0.25,537.67,81
23028,1642,2,445.14,0.45,0.25,556.42,68
23029,1642,1,435.14,0.37,0.25,543.92,77
23030,1642,4,420.13,0.41,0.25,525.16,41
23031,1642,10,445.14,0.39,0.25,556.42,40
23032,4673,3,79.15,0.13,0.25,98.94,11
23033,4673,4,83.44,0.48,0.25,104.3,32
23034,4673,6,78.67,0.41,0.25,98.34,66
23035,1349,1,58.62,0.43,0.25,73.27,11
23036,1349,7,59.66,0.48,0.25,74.57,24
23037,1349,4,62.8,0.42,0.25,78.5,68
23038,1349,8,60.36,0.46,0.25,75.45,12
23039,1349,9,61.41,0.4,0.25,76.76,99
23040,1349,6,58.96,0.36,0.25,73.7,65
23041,713,3,41.36,0.15,0.25,51.7,78
23042,713,5,40.64,0.11,0.25,50.8,63
23043,713,7,37.49,0.32,0.25,46.86,42
23044,713,6,38.22,0.38,0.25,47.78,42
23045,713,9,41.61,0.36,0.25,52.01,59
23046,2512,7,27.82,0.33,0.25,34.78,57
23047,2512,3,28.53,0.14,0.25,35.66,62
23048,2512,2,30.64,0.5,0.25,38.3,55
23049,2512,8,31.52,0.43,0.25,39.4,100
23050,2512,10,27.65,0.37,0.25,34.56,34
23051,5402,2,50.48,0.45,0.25,63.1,11
23052,5402,10,47.82,0.4,0.25,59.78,64
23053,5402,3,44.87,0.11,0.25,56.09,45
23054,5402,1,51.96,0.49,0.25,64.95,59
23055,3300,6,785.63,0.46,0.25,982.04,96
23056,3300,3,704.36,0.14,0.25,880.45,72
23057,3300,7,826.26,0.45,0.25,1032.82,23
23058,3300,1,808.2,0.42,0.25,1010.25,73
23059,3300,8,740.48,0.37,0.25,925.6,45
23060,3300,10,749.51,0.37,0.25,936.89,66
23061,1634,4,188.95,0.48,0.25,236.19,39
23062,1634,10,165.59,0.31,0.25,206.99,61
23063,1634,7,169.84,0.31,0.25,212.3,35
23064,1634,1,191.07,0.49,0.25,238.84,86
23065,1634,8,185.76,0.35,0.25,232.2,54
23066,1634,9,165.59,0.31,0.25,206.99,45
23067,4964,3,385.68,0.13,0.25,482.1,60
23068,4964,7,349.8,0.31,0.25,437.25,52
23069,4964,1,383.43,0.32,0.25,479.29,47
23070,4421,10,2615.7,0.37,0.25,3269.62,96
23071,4421,3,2569.27,0.14,0.25,3211.59,83
23072,4421,6,2615.7,0.43,0.25,3269.62,95
23073,4421,2,2615.7,0.46,0.25,3269.62,20
23074,4757,1,351.86,0.48,0.25,439.83,66
23075,4757,10,319.87,0.46,0.25,399.84,11
23076,4757,8,321.75,0.35,0.25,402.19,28
23077,4757,3,323.64,0.15,0.25,404.55,15
23078,4757,7,327.4,0.47,0.25,409.25,82
23079,4757,2,331.16,0.38,0.25,413.95,23
23080,5228,8,471.2,0.42,0.25,589.0,85
23081,5228,5,409.06,0.13,0.25,511.32,31
23082,5228,4,466.02,0.48,0.25,582.52,63
23083,5228,1,437.54,0.37,0.25,546.93,53
23084,4222,6,2771.39,0.46,0.25,3464.24,88
23085,4222,5,2436.38,0.12,0.25,3045.48,49
23086,4222,10,2360.25,0.35,0.25,2950.31,18
23087,2990,10,334.63,0.44,0.25,418.29,30
23088,2990,9,325.43,0.38,0.25,406.79,26
23089,2990,6,314.4,0.4,0.25,393.0,21
23090,2990,4,316.24,0.33,0.25,395.3,81
23091,2990,5,303.37,0.1,0.25,379.21,68
23092,612,6,13.51,0.43,0.25,16.89,79
23093,612,8,13.84,0.41,0.25,17.3,52
23094,612,7,14.17,0.48,0.25,17.71,73
23095,612,4,12.86,0.32,0.25,16.08,16
23096,612,5,13.43,0.1,0.25,16.79,82
23097,3427,9,2247.62,0.34,0.25,2809.52,28
23098,3427,10,2434.92,0.39,0.25,3043.65,35
23099,3427,8,2622.22,0.44,0.25,3277.77,78
23100,3427,5,2391.69,0.14,0.25,2989.61,57
23101,3427,7,2521.36,0.37,0.25,3151.7,13
23102,1529,6,835.05,0.49,0.25,1043.81,77
23103,1529,8,740.16,0.35,0.25,925.2,80
23104,1529,9,863.52,0.46,0.25,1079.4,59
23105,1529,1,792.35,0.31,0.25,990.44,59
23106,1529,5,782.86,0.11,0.25,978.58,34
23107,1477,4,59.09,0.38,0.25,73.86,42
23108,1477,9,57.28,0.32,0.25,71.6,70
23109,1477,1,62.35,0.34,0.25,77.94,59
23110,1477,6,61.99,0.49,0.25,77.49,60
23111,1477,2,65.25,0.41,0.25,81.56,88
23112,4505,4,2298.81,0.4,0.25,2873.51,11
23113,4505,8,2216.21,0.35,0.25,2770.26,23
23114,4505,3,2147.39,0.11,0.25,2684.24,75
23115,4505,9,2450.22,0.39,0.25,3062.77,34
23116,4851,7,218.07,0.37,0.25,272.59,26
23117,4851,2,199.79,0.32,0.25,249.74,70
23118,4851,10,216.76,0.4,0.25,270.95,56
23119,4851,4,241.57,0.45,0.25,301.96,75
23120,4851,3,216.76,0.14,0.25,270.95,48
23121,430,6,258.05,0.47,0.25,322.56,66
23122,430,7,234.05,0.33,0.25,292.56,28
23123,430,4,253.55,0.33,0.25,316.94,23
23124,430,5,232.55,0.1,0.25,290.69,98
23125,430,10,274.55,0.47,0.25,343.19,87
23126,5316,8,337.38,0.32,0.25,421.72,83
23127,5316,3,351.96,0.13,0.25,439.95,31
23128,5316,2,366.54,0.49,0.25,458.18,85
23129,5316,5,351.96,0.13,0.25,439.95,20
23130,5316,7,364.46,0.41,0.25,455.58,98
23131,5316,1,362.37,0.37,0.25,452.96,39
23132,827,6,43.42,0.41,0.25,54.28,16
23133,827,2,41.5,0.45,0.25,51.88,93
23134,827,4,42.7,0.48,0.25,53.38,73
23135,827,7,41.74,0.38,0.25,52.18,97
23136,827,5,37.9,0.14,0.25,47.38,24
23137,827,10,40.3,0.31,0.25,50.38,13
23138,1676,1,715.31,0.46,0.25,894.14,10
23139,1676,4,666.26,0.31,0.25,832.82,14
23140,1676,8,698.96,0.38,0.25,873.7,48
23141,1676,5,645.83,0.14,0.25,807.29,57
23142,5167,2,383.89,0.32,0.25,479.86,21
23143,5167,9,393.2,0.32,0.25,491.5,63
23144,5167,5,358.3,0.13,0.25,447.88,95
23145,5167,8,397.85,0.36,0.25,497.31,87
23146,4338,1,1015.62,0.32,0.25,1269.53,60
23147,4338,3,991.86,0.14,0.25,1239.82,82
23148,4338,5,956.23,0.11,0.25,1195.29,77
23149,4338,4,1051.26,0.42,0.25,1314.08,44
23150,1430,7,131.76,0.48,0.25,164.7,83
23151,1430,3,117.45,0.15,0.25,146.81,72
23152,1430,4,124.98,0.38,0.25,156.22,42
23153,1919,1,29.65,0.38,0.25,37.06,25
23154,1919,9,30.73,0.32,0.25,38.41,24
23155,1919,8,31.63,0.36,0.25,39.54,24
23156,1983,8,36.67,0.49,0.25,45.84,50
23157,1983,7,34.24,0.36,0.25,42.8,76
23158,1983,9,34.24,0.32,0.25,42.8,93
23159,2284,8,25.53,0.41,0.25,31.91,20
23160,2284,5,26.63,0.13,0.25,33.29,55
23161,2284,9,26.63,0.43,0.25,33.29,50
23162,2284,4,26.16,0.35,0.25,32.7,85
23163,2284,1,25.37,0.4,0.25,31.71,88
23164,2284,2,26.48,0.35,0.25,33.1,52
23165,1962,9,8.59,0.35,0.25,10.74,21
23166,1962,8,9.48,0.42,0.25,11.85,32
23167,1962,4,8.96,0.36,0.25,11.2,67
23168,222,5,54.06,0.13,0.25,67.58,53
23169,222,7,58.12,0.46,0.25,72.65,87
23170,222,2,51.88,0.31,0.25,64.85,14
23171,222,4,52.19,0.47,0.25,65.24,99
23172,222,9,55.94,0.5,0.25,69.92,84
23173,222,1,55.31,0.43,0.25,69.14,11
23174,870,10,85.9,0.41,0.25,107.38,36
23175,870,5,79.73,0.12,0.25,99.66,78
23176,870,6,80.21,0.46,0.25,100.26,16
23177,870,3,75.94,0.13,0.25,94.92,59
23178,870,9,83.06,0.46,0.25,103.82,97
23179,870,8,78.78,0.3,0.25,98.48,83
23180,3410,7,6967.38,0.41,0.25,8709.22,51
23181,3410,2,7008.37,0.44,0.25,8760.46,89
23182,3410,5,6311.63,0.11,0.25,7889.54,30
23183,4036,4,2747.43,0.46,0.25,3434.29,40
23184,4036,2,2508.53,0.32,0.25,3135.66,16
23185,4036,6,2508.53,0.43,0.25,3135.66,92
23186,4036,10,2329.35,0.33,0.25,2911.69,85
23187,4036,8,2374.14,0.32,0.25,2967.68,31
23188,4036,7,2299.48,0.31,0.25,2874.35,14
23189,4776,4,380.94,0.49,0.25,476.18,19
23190,4776,2,327.97,0.4,0.25,409.96,52
23191,4776,8,376.86,0.49,0.25,471.08,78
23192,2759,2,201.56,0.33,0.25,251.95,25
23193,2759,10,207.39,0.47,0.25,259.24,52
23194,2759,5,189.91,0.15,0.25,237.39,11
23195,2759,1,215.54,0.49,0.25,269.42,26
23196,2759,4,180.59,0.34,0.25,225.74,67
23197,2759,7,187.58,0.35,0.25,234.48,64
23198,5087,1,494.87,0.43,0.25,618.59,61
23199,5087,7,471.72,0.33,0.25,589.65,70
23200,5087,3,468.83,0.11,0.25,586.04,41
23201,5087,4,457.25,0.34,0.25,571.56,10
23202,5087,6,526.71,0.43,0.25,658.39,37
23203,5087,9,520.92,0.42,0.25,651.15,81
23204,2339,5,19.3,0.1,0.25,24.12,54
23205,2339,9,20.14,0.39,0.25,25.18,16
23206,2339,2,18.46,0.34,0.25,23.08,37
23207,2339,8,22.66,0.49,0.25,28.32,42
23208,697,9,21.41,0.31,0.25,26.76,14
23209,697,6,23.55,0.45,0.25,29.44,94
23210,697,7,22.88,0.39,0.25,28.6,87
23211,697,1,23.55,0.41,0.25,29.44,27
23212,697,4,23.01,0.49,0.25,28.76,79
23213,697,3,21.27,0.15,0.25,26.59,94
23214,589,7,43.22,0.49,0.25,54.02,32
23215,589,9,41.35,0.4,0.25,51.69,91
23216,589,1,38.54,0.34,0.25,48.18,66
23217,589,5,36.21,0.11,0.25,45.26,29
23218,4962,9,652.78,0.41,0.25,815.97,53
23219,4962,1,634.74,0.4,0.25,793.42,68
23220,4962,6,555.4,0.33,0.25,694.25,100
23221,4962,2,638.35,0.45,0.25,797.94,47
23222,4962,10,613.1,0.4,0.25,766.38,89
23223,1147,5,268.19,0.12,0.25,335.24,86
23224,1147,1,263.28,0.34,0.25,329.1,73
23225,1147,10,261.65,0.32,0.25,327.06,94
23226,2616,2,179.81,0.36,0.25,224.76,29
23227,2616,9,188.58,0.42,0.25,235.73,41
23228,2616,7,175.42,0.33,0.25,219.27,87
23229,2616,5,171.04,0.11,0.25,213.8,55
23230,8,6,2799.64,0.49,0.25,3499.55,38
23231,8,8,2848.19,0.45,0.25,3560.24,95
23232,8,9,2751.09,0.32,0.25,3438.86,44
23233,4589,3,1291.0,0.15,0.25,1613.75,32
23234,4589,5,1208.91,0.11,0.25,1511.14,99
23235,4589,10,1164.13,0.31,0.25,1455.16,44
23236,4589,1,1335.77,0.48,0.25,1669.71,38
23237,4589,9,1208.91,0.36,0.25,1511.14,34
23238,4589,7,1373.08,0.47,0.25,1716.35,34
23239,4904,9,491.35,0.4,0.25,614.19,39
23240,4904,6,462.95,0.39,0.25,578.69,65
23241,4904,7,485.67,0.44,0.25,607.09,57
23242,4904,2,499.88,0.38,0.25,624.85,86
23243,4904,4,479.99,0.45,0.25,599.99,67
23244,4904,10,511.24,0.49,0.25,639.05,84
23245,5077,6,432.67,0.33,0.25,540.84,12
23246,5077,1,476.21,0.37,0.25,595.26,16
23247,5077,2,465.33,0.45,0.25,581.66,12
23248,3382,5,5148.05,0.11,0.25,6435.06,24
23249,3382,2,5808.05,0.46,0.25,7260.06,16
23250,3382,6,5313.05,0.3,0.25,6641.31,71
23251,3382,10,5610.05,0.33,0.25,7012.56,22
23252,3382,8,6204.06,0.48,0.25,7755.08,85
23253,4221,9,1850.77,0.41,0.25,2313.46,85
23254,4221,3,1793.65,0.14,0.25,2242.06,91
23255,4221,1,2056.41,0.48,0.25,2570.51,75
23256,4221,8,2079.26,0.44,0.25,2599.08,91
23257,4221,4,1999.29,0.45,0.25,2499.11,57
23258,4221,6,1999.29,0.38,0.25,2499.11,80
23259,393,2,300.62,0.33,0.25,375.78,94
23260,393,7,282.73,0.33,0.25,353.41,16
23261,393,4,291.67,0.35,0.25,364.59,37
23262,393,9,286.3,0.38,0.25,357.88,40
23263,2272,5,63.01,0.14,0.25,78.76,44
23264,2272,3,68.59,0.14,0.25,85.74,65
23265,2272,10,64.21,0.38,0.25,80.26,80
23266,2272,7,73.38,0.45,0.25,91.72,41
23267,2272,1,67.4,0.47,0.25,84.25,57
23268,2272,2,66.6,0.31,0.25,83.25,96
23269,4343,1,1728.07,0.43,0.25,2160.09,56
23270,4343,2,1657.74,0.41,0.25,2072.18,80
23271,4343,5,1607.5,0.1,0.25,2009.38,28
23272,4343,3,1687.88,0.13,0.25,2109.85,77
23273,4343,10,1607.5,0.35,0.25,2009.38,61
23274,4343,4,1637.64,0.35,0.25,2047.05,55
23275,2341,2,106.59,0.43,0.25,133.24,33
23276,2341,8,105.96,0.34,0.25,132.45,77
23277,2341,7,103.46,0.45,0.25,129.32,60
23278,2341,1,101.57,0.4,0.25,126.96,57
23279,158,3,1664.05,0.12,0.25,2080.06,38
23280,158,2,1735.95,0.46,0.25,2169.94,30
23281,158,8,1715.41,0.46,0.25,2144.26,48
23282,158,9,1715.41,0.35,0.25,2144.26,13
23283,3454,4,7575.22,0.47,0.25,9469.02,86
23284,3454,1,6271.96,0.32,0.25,7839.95,100
23285,3454,10,6964.32,0.42,0.25,8705.4,77
23286,3454,2,6964.32,0.35,0.25,8705.4,57
23287,5231,1,357.27,0.42,0.25,446.59,30
23288,5231,9,324.42,0.31,0.25,405.52,59
23289,5231,7,347.01,0.48,0.25,433.76,97
23290,5231,6,334.69,0.3,0.25,418.36,19
23291,4597,4,2064.88,0.46,0.25,2581.1,76
23292,4597,6,1921.65,0.31,0.25,2402.06,66
23293,4597,1,2112.62,0.5,0.25,2640.77,60
23294,4597,3,1826.16,0.11,0.25,2282.7,80
23295,63,9,388.46,0.4,0.25,485.58,75
23296,63,2,409.65,0.41,0.25,512.06,53
23297,63,6,381.4,0.37,0.25,476.75,59
23298,354,5,60.64,0.1,0.25,75.8,75
23299,354,7,68.7,0.48,0.25,85.88,28
23300,354,1,62.94,0.4,0.25,78.68,58
23301,354,6,59.87,0.34,0.25,74.84,95
23302,354,8,66.01,0.4,0.25,82.51,63
23303,1409,10,148.77,0.43,0.25,185.96,72
23304,1409,3,136.51,0.12,0.25,170.64,78
23305,1409,4,148.77,0.46,0.25,185.96,96
23306,1999,10,18.67,0.34,0.25,23.34,34
23307,1999,3,17.48,0.11,0.25,21.85,69
23308,1999,1,19.96,0.5,0.25,24.95,83
23309,4079,7,2074.43,0.43,0.25,2593.04,36
23310,4079,3,1831.06,0.15,0.25,2288.82,73
23311,4079,5,1900.6,0.14,0.25,2375.75,73
23312,4079,2,2086.02,0.41,0.25,2607.52,60
23313,5089,6,172.3,0.36,0.25,215.38,81
23314,5089,2,178.45,0.49,0.25,223.06,84
23315,5089,3,173.33,0.11,0.25,216.66,40
23316,5089,5,166.15,0.13,0.25,207.69,13
23317,5089,10,174.35,0.41,0.25,217.94,77
23318,5089,1,172.3,0.45,0.25,215.38,99
23319,4341,9,832.8,0.4,0.25,1041.0,84
23320,4341,5,809.14,0.14,0.25,1011.42,11
23321,4341,10,837.53,0.46,0.25,1046.91,28
23322,4341,1,865.92,0.48,0.25,1082.4,51
23323,1555,3,606.2,0.14,0.25,757.75,85
23324,1555,1,646.37,0.5,0.25,807.96,11
23325,1555,7,580.64,0.33,0.25,725.8,97
23326,1555,9,569.68,0.33,0.25,712.1,33
23327,2568,3,111.5,0.14,0.25,139.38,22
23328,2568,9,113.62,0.39,0.25,142.02,34
23329,2568,10,110.79,0.33,0.25,138.49,83
23330,2568,5,110.79,0.14,0.25,138.49,75
23331,2358,5,37.75,0.13,0.25,47.19,37
23332,2358,7,37.75,0.4,0.25,47.19,85
23333,2358,9,39.58,0.39,0.25,49.47,81
23334,2358,8,37.07,0.32,0.25,46.34,69
23335,2358,4,38.67,0.45,0.25,48.34,33
23336,2016,1,11.52,0.38,0.25,14.4,98
23337,2016,10,12.42,0.45,0.25,15.52,99
23338,2016,2,10.83,0.35,0.25,13.54,69
23339,2016,9,11.59,0.42,0.25,14.49,42
23340,2016,7,12.77,0.47,0.25,15.96,92
23341,1267,8,18.84,0.42,0.25,23.55,98
23342,1267,10,16.86,0.42,0.25,21.08,19
23343,1267,2,16.86,0.33,0.25,21.08,64
23344,2608,6,158.39,0.31,0.25,197.99,83
23345,2608,3,160.28,0.13,0.25,200.35,34
23346,2608,2,169.7,0.41,0.25,212.12,64
23347,2608,5,148.96,0.13,0.25,186.2,38
23348,2608,7,150.85,0.36,0.25,188.56,29
23349,2092,3,9.89,0.13,0.25,12.36,73
23350,2092,8,9.95,0.39,0.25,12.44,46
23351,2092,5,9.02,0.15,0.25,11.27,55
23352,2092,7,9.14,0.36,0.25,11.42,12
23353,2060,2,32.47,0.38,0.25,40.59,11
23354,2060,6,32.28,0.32,0.25,40.35,26
23355,2060,8,33.23,0.36,0.25,41.54,13
23356,2060,9,34.36,0.45,0.25,42.95,38
23357,4961,4,293.87,0.49,0.25,367.34,16
23358,4961,1,267.75,0.33,0.25,334.69,24
23359,4961,6,272.64,0.35,0.25,340.8,30
23360,4961,8,284.07,0.49,0.25,355.09,54
23361,4961,7,262.85,0.33,0.25,328.56,53
23362,320,3,38.05,0.14,0.25,47.56,63
23363,320,4,39.96,0.46,0.25,49.95,46
23364,320,9,41.64,0.38,0.25,52.05,20
23365,320,6,39.72,0.41,0.25,49.65,50
23366,5221,2,426.89,0.43,0.25,533.61,30
23367,5221,9,412.34,0.41,0.25,515.42,35
23368,5221,1,431.74,0.43,0.25,539.67,81
23369,5221,3,402.63,0.12,0.25,503.29,30
23370,1316,7,71.15,0.35,0.25,88.94,50
23371,1316,2,77.84,0.49,0.25,97.3,98
23372,1316,3,70.73,0.13,0.25,88.41,78
23373,1316,1,70.73,0.46,0.25,88.41,72
23374,1316,6,73.24,0.37,0.25,91.55,16
23375,1316,8,74.07,0.44,0.25,92.59,84
23376,3568,3,673.52,0.11,0.25,841.9,67
23377,3568,10,710.48,0.44,0.25,888.1,63
23378,3568,8,702.26,0.4,0.25,877.82,25
23379,3568,4,624.23,0.32,0.25,780.29,51
23380,3305,7,6092.21,0.41,0.25,7615.26,92
23381,3305,5,6017.46,0.14,0.25,7521.82,33
23382,3305,3,6465.96,0.14,0.25,8082.45,40
23383,3305,1,6017.46,0.4,0.25,7521.82,52
23384,3305,6,6690.21,0.42,0.25,8362.76,55
23385,3305,8,6353.84,0.41,0.25,7942.3,82
23386,4116,3,1439.37,0.14,0.25,1799.21,50
23387,4116,5,1422.14,0.12,0.25,1777.68,48
23388,4116,9,1473.85,0.34,0.25,1842.31,42
23389,4116,4,1534.18,0.48,0.25,1917.72,78
23390,3947,10,658.47,0.46,0.25,823.09,38
23391,3947,8,618.0,0.41,0.25,772.5,77
23392,3947,7,625.36,0.44,0.25,781.7,49
23393,3947,3,610.65,0.11,0.25,763.31,12
23394,44,1,1362.47,0.44,0.25,1703.09,13
23395,44,2,1235.21,0.34,0.25,1544.01,16
23396,44,3,1265.15,0.11,0.25,1581.44,81
23397,44,5,1220.23,0.11,0.25,1525.29,55
23398,3945,3,584.57,0.11,0.25,730.71,82
23399,3945,8,588.44,0.31,0.25,735.55,41
23400,3945,2,689.09,0.4,0.25,861.36,39
23401,3945,5,600.05,0.13,0.25,750.06,76
23402,3945,4,669.73,0.41,0.25,837.16,66
23403,3945,6,627.15,0.32,0.25,783.94,77
23404,3385,2,7651.82,0.46,0.25,9564.78,27
23405,3385,6,7141.7,0.32,0.25,8927.12,55
23406,3385,10,7269.23,0.39,0.25,9086.54,30
23407,3385,5,6971.66,0.14,0.25,8714.58,100
23408,3385,9,7056.68,0.42,0.25,8820.85,55
23409,1723,1,106.78,0.4,0.25,133.48,35
23410,1723,2,102.43,0.41,0.25,128.04,96
23411,1723,9,110.5,0.38,0.25,138.12,88
23412,1723,5,99.95,0.14,0.25,124.94,51
23413,3839,5,737.21,0.13,0.25,921.51,84
23414,3839,8,755.99,0.32,0.25,944.99,96
23415,3839,7,840.51,0.5,0.25,1050.64,87
23416,5345,5,473.56,0.14,0.25,591.95,49
23417,5345,3,506.74,0.13,0.25,633.42,14
23418,5345,9,524.84,0.5,0.25,656.05,74
23419,3198,1,947.2,0.38,0.25,1184.0,74
23420,3198,3,877.63,0.13,0.25,1097.04,12
23421,3198,5,915.09,0.11,0.25,1143.86,65
23422,3198,9,840.17,0.35,0.25,1050.21,86
23423,3198,2,824.12,0.31,0.25,1030.15,78
23424,3198,8,893.68,0.31,0.25,1117.1,78
23425,3803,10,1422.84,0.4,0.25,1778.55,66
23426,3803,6,1541.41,0.44,0.25,1926.76,37
23427,3803,1,1448.25,0.39,0.25,1810.31,54
23428,3803,5,1380.5,0.14,0.25,1725.62,92
23429,3803,8,1473.66,0.45,0.25,1842.08,27
23430,5277,9,637.05,0.45,0.25,796.31,26
23431,5277,8,604.1,0.3,0.25,755.12,63
23432,5277,2,637.05,0.48,0.25,796.31,50
23433,5277,7,618.74,0.37,0.25,773.42,59
23434,5277,6,644.37,0.44,0.25,805.46,43
23435,5277,10,637.05,0.37,0.25,796.31,29
23436,4770,1,659.06,0.39,0.25,823.82,46
23437,4770,5,663.05,0.14,0.25,828.81,89
23438,4770,9,730.96,0.49,0.25,913.7,96
23439,4770,2,691.01,0.33,0.25,863.76,66
23440,4770,7,679.03,0.43,0.25,848.79,44
23441,4770,4,671.04,0.31,0.25,838.8,33
23442,552,10,67.8,0.44,0.25,84.75,35
23443,552,5,61.02,0.11,0.25,76.28,92
23444,552,2,61.02,0.32,0.25,76.28,84
23445,552,9,68.59,0.47,0.25,85.74,25
23446,4167,8,1841.12,0.33,0.25,2301.4,90
23447,4167,6,1933.76,0.32,0.25,2417.2,11
23448,4167,3,1841.12,0.13,0.25,2301.4,77
23449,4167,5,1980.08,0.12,0.25,2475.1,88
23450,4167,9,2095.87,0.45,0.25,2619.84,22
23451,4167,4,1968.5,0.45,0.25,2460.62,71
23452,3059,6,5992.67,0.39,0.25,7490.84,55
23453,3059,4,6028.13,0.34,0.25,7535.16,95
23454,3059,7,5850.83,0.37,0.25,7313.54,61
23455,3059,10,6276.35,0.45,0.25,7845.44,43
23456,3059,3,5673.54,0.14,0.25,7091.92,57
23457,1234,7,28.8,0.4,0.25,36.0,22
23458,1234,8,31.4,0.43,0.25,39.25,69
23459,1234,6,26.72,0.32,0.25,33.4,30
23460,1234,3,27.07,0.13,0.25,33.84,59
23461,4063,8,1118.01,0.5,0.25,1397.51,70
23462,4063,1,970.58,0.36,0.25,1213.23,46
23463,4063,5,946.01,0.11,0.25,1182.51,43
23464,4063,4,1025.86,0.4,0.25,1282.32,23
23465,3640,2,4986.67,0.34,0.25,6233.34,89
23466,3640,3,5267.17,0.13,0.25,6583.96,28
23467,3640,5,5173.67,0.15,0.25,6467.09,62
23468,3640,10,5049.01,0.31,0.25,6311.26,75
23469,3640,4,5080.17,0.39,0.25,6350.21,20
23470,1996,6,27.4,0.48,0.25,34.25,66
23471,1996,9,24.9,0.32,0.25,31.12,86
23472,1996,10,25.68,0.32,0.25,32.1,59
23473,1996,7,25.37,0.32,0.25,31.71,88
23474,5230,4,32.39,0.42,0.25,40.49,24
23475,5230,8,29.36,0.34,0.25,36.7,74
23476,5230,5,28.79,0.1,0.25,35.99,74
23477,5230,7,32.77,0.39,0.25,40.96,19
23478,492,2,157.52,0.45,0.25,196.9,17
23479,492,6,148.52,0.37,0.25,185.65,45
23480,492,10,162.92,0.45,0.25,203.65,70
23481,492,5,146.72,0.13,0.25,183.4,43
23482,492,1,150.32,0.37,0.25,187.9,89
23483,1022,4,118.41,0.31,0.25,148.01,93
23484,1022,1,126.35,0.42,0.25,157.94,57
23485,1022,6,114.8,0.38,0.25,143.5,87
23486,1022,7,129.96,0.42,0.25,162.45,28
23487,4098,5,1548.43,0.12,0.25,1935.54,18
23488,4098,3,1530.42,0.15,0.25,1913.02,12
23489,4098,2,1467.41,0.33,0.25,1834.26,13
23490,358,1,37.15,0.41,0.25,46.44,90
23491,358,7,36.7,0.37,0.25,45.88,87
23492,358,3,38.49,0.14,0.25,48.11,36
23493,358,9,38.94,0.36,0.25,48.68,42
23494,363,5,219.64,0.11,0.25,274.55,82
23495,363,7,223.81,0.34,0.25,279.76,79
23496,363,1,233.54,0.46,0.25,291.92,90
23497,363,2,230.76,0.43,0.25,288.45,94
23498,363,9,232.15,0.42,0.25,290.19,31
23499,1253,7,106.57,0.47,0.25,133.21,49
23500,1253,9,102.38,0.31,0.25,127.98,45
23501,1253,2,96.39,0.4,0.25,120.49,95
23502,2403,6,84.93,0.44,0.25,106.16,25
23503,2403,3,81.93,0.11,0.25,102.41,10
23504,2403,8,81.93,0.43,0.25,102.41,62
23505,2516,8,17.87,0.46,0.25,22.34,56
23506,2516,4,16.34,0.34,0.25,20.42,100
23507,2516,9,15.93,0.33,0.25,19.91,94
23508,4452,5,1457.89,0.15,0.25,1822.36,70
23509,4452,3,1339.22,0.12,0.25,1674.02,77
23510,4452,1,1381.6,0.38,0.25,1727.0,86
23511,4452,6,1381.6,0.39,0.25,1727.0,36
23512,4452,2,1542.65,0.48,0.25,1928.31,40
23513,4452,9,1466.37,0.35,0.25,1832.96,75
23514,1368,5,77.25,0.11,0.25,96.56,57
23515,1368,6,78.16,0.48,0.25,97.7,28
23516,1368,8,74.96,0.37,0.25,93.7,65
23517,1368,3,76.34,0.13,0.25,95.43,48
23518,5245,1,52.17,0.36,0.25,65.21,23
23519,5245,9,52.17,0.43,0.25,65.21,11
23520,5245,8,55.63,0.42,0.25,69.54,53
23521,5245,6,52.17,0.31,0.25,65.21,88
23522,5245,10,58.46,0.46,0.25,73.08,38
23523,5245,7,57.2,0.49,0.25,71.5,60
23524,2249,1,120.64,0.32,0.25,150.8,74
23525,2249,9,116.96,0.34,0.25,146.2,74
23526,2249,4,127.26,0.48,0.25,159.08,51
23527,2249,5,115.49,0.13,0.25,144.36,63
23528,2249,2,122.11,0.31,0.25,152.64,84
23529,3969,7,821.99,0.39,0.25,1027.49,53
23530,3969,2,806.67,0.38,0.25,1008.34,58
23531,3969,8,888.36,0.49,0.25,1110.45,98
23532,3969,1,893.46,0.4,0.25,1116.82,37
23533,832,10,70.78,0.31,0.25,88.48,80
23534,832,1,71.23,0.31,0.25,89.04,92
23535,832,3,75.31,0.13,0.25,94.14,41
23536,3874,2,245.67,0.45,0.25,307.09,17
23537,3874,7,239.79,0.37,0.25,299.74,33
23538,3874,4,245.67,0.3,0.25,307.09,84
23539,3826,1,714.05,0.48,0.25,892.56,79
23540,3826,6,693.88,0.49,0.25,867.35,33
23541,3826,9,701.95,0.4,0.25,877.44,45
23542,3826,3,689.85,0.13,0.25,862.31,88
23543,3826,7,637.4,0.32,0.25,796.75,71
23544,2097,4,29.45,0.38,0.25,36.81,22
23545,2097,10,30.48,0.43,0.25,38.1,23
23546,2097,7,30.48,0.48,0.25,38.1,66
23547,1789,8,614.03,0.31,0.25,767.54,70
23548,1789,7,636.5,0.32,0.25,795.62,85
23549,1789,3,629.01,0.11,0.25,786.26,56
23550,1789,2,614.03,0.39,0.25,767.54,64
23551,1789,10,640.24,0.36,0.25,800.3,41
23552,1789,5,595.31,0.13,0.25,744.14,16
23553,3472,6,5878.11,0.33,0.25,7347.64,56
23554,3472,3,5696.68,0.13,0.25,7120.85,86
23555,3472,8,5950.67,0.32,0.25,7438.34,42
23556,3472,10,6277.24,0.47,0.25,7846.55,61
23557,476,9,347.01,0.44,0.25,433.76,16
23558,476,1,361.64,0.41,0.25,452.05,41
23559,476,8,361.64,0.4,0.25,452.05,63
23560,476,6,332.37,0.36,0.25,415.46,73
23561,476,10,336.55,0.32,0.25,420.69,40
23562,476,5,349.1,0.1,0.25,436.38,65
23563,4835,9,585.43,0.34,0.25,731.79,84
23564,4835,4,581.94,0.37,0.25,727.42,24
23565,4835,8,581.94,0.42,0.25,727.42,86
23566,4835,10,547.1,0.3,0.25,683.88,89
23567,5343,3,244.05,0.12,0.25,305.06,75
23568,5343,7,251.59,0.46,0.25,314.49,33
23569,5343,1,247.07,0.38,0.25,308.84,52
23570,815,7,59.05,0.45,0.25,73.81,76
23571,815,5,55.47,0.13,0.25,69.34,60
23572,815,6,63.35,0.39,0.25,79.19,50
23573,815,9,64.06,0.43,0.25,80.08,21
23574,815,3,60.49,0.11,0.25,75.61,70
23575,815,10,59.41,0.34,0.25,74.26,31
23576,5248,3,590.57,0.13,0.25,738.21,17
23577,5248,1,709.46,0.45,0.25,886.82,65
23578,5248,6,663.44,0.38,0.25,829.3,10
23579,5248,5,625.09,0.13,0.25,781.36,82
23580,5248,8,602.08,0.36,0.25,752.6,46
23581,3740,4,3694.33,0.38,0.25,4617.91,89
23582,3740,2,3545.71,0.41,0.25,4432.14,38
23583,3740,7,3418.32,0.34,0.25,4272.9,84
23584,3740,9,3482.02,0.41,0.25,4352.52,46
23585,3740,10,3588.17,0.42,0.25,4485.21,73
23586,3740,3,3354.62,0.14,0.25,4193.27,63
23587,1340,5,123.05,0.13,0.25,153.81,25
23588,1340,8,127.58,0.3,0.25,159.48,93
23589,1340,1,138.15,0.46,0.25,172.69,50
23590,3245,7,3715.74,0.41,0.25,4644.67,99
23591,3245,3,3605.15,0.11,0.25,4506.44,69
23592,3245,10,3715.74,0.36,0.25,4644.67,40
23593,3245,8,3649.39,0.44,0.25,4561.74,17
23594,3245,1,3649.39,0.43,0.25,4561.74,75
23595,1561,5,588.22,0.15,0.25,735.28,21
23596,1561,8,540.62,0.31,0.25,675.78,60
23597,1561,6,578.02,0.43,0.25,722.52,63
23598,1561,7,544.02,0.35,0.25,680.02,81
23599,2794,10,282.78,0.32,0.25,353.48,34
23600,2794,8,281.02,0.31,0.25,351.28,17
23601,2794,1,270.41,0.31,0.25,338.01,27
23602,2794,2,307.53,0.38,0.25,384.41,23
23603,2794,9,334.04,0.49,0.25,417.55,22
23604,3997,4,1690.05,0.4,0.25,2112.56,37
23605,3997,9,1650.75,0.41,0.25,2063.44,20
23606,3997,10,1729.36,0.47,0.25,2161.7,81
23607,3997,3,1631.1,0.11,0.25,2038.88,15
23608,3997,5,1513.19,0.13,0.25,1891.49,67
23609,3997,2,1690.05,0.36,0.25,2112.56,43
23610,441,4,180.05,0.34,0.25,225.06,45
23611,441,9,169.0,0.3,0.25,211.25,90
23612,441,6,202.14,0.45,0.25,252.68,80
23613,441,3,177.84,0.15,0.25,222.3,12
23614,1353,7,140.54,0.3,0.25,175.68,14
23615,1353,4,154.59,0.33,0.25,193.24,82
23616,1353,3,153.65,0.11,0.25,192.06,56
23617,402,5,368.42,0.13,0.25,460.52,27
23618,402,3,337.35,0.1,0.25,421.69,32
23619,402,7,352.88,0.3,0.25,441.1,85
23620,402,1,370.64,0.36,0.25,463.3,45
23621,2202,8,20.59,0.38,0.25,25.74,78
23622,2202,10,21.62,0.38,0.25,27.02,16
23623,2202,4,20.85,0.41,0.25,26.06,61
23624,581,6,70.51,0.3,0.25,88.14,53
23625,581,8,71.77,0.47,0.25,89.71,83
23626,581,4,71.35,0.42,0.25,89.19,10
23627,581,3,70.51,0.12,0.25,88.14,42
23628,581,2,68.4,0.33,0.25,85.5,93
23629,3892,2,1427.49,0.39,0.25,1784.36,28
23630,3892,1,1361.48,0.45,0.25,1701.85,17
23631,3892,6,1427.49,0.49,0.25,1784.36,89
23632,3892,8,1493.5,0.45,0.25,1866.88,65
23633,3892,9,1361.48,0.34,0.25,1701.85,27
23634,3892,3,1262.46,0.11,0.25,1578.08,36
23635,2110,10,24.95,0.35,0.25,31.19,40
23636,2110,3,24.38,0.11,0.25,30.48,73
23637,2110,8,25.67,0.39,0.25,32.09,79
23638,2110,5,22.51,0.11,0.25,28.14,47
23639,2110,1,22.23,0.33,0.25,27.79,79
23640,2110,4,24.09,0.3,0.25,30.11,61
23641,4764,8,661.47,0.39,0.25,826.84,16
23642,4764,9,672.61,0.46,0.25,840.76,32
23643,4764,1,657.75,0.4,0.25,822.19,15
23644,2108,1,14.16,0.41,0.25,17.7,70
23645,2108,5,14.67,0.14,0.25,18.34,98
23646,2108,8,14.84,0.36,0.25,18.55,18
23647,4521,8,1231.54,0.47,0.25,1539.42,64
23648,4521,5,1093.94,0.13,0.25,1367.43,32
23649,4521,10,1128.34,0.35,0.25,1410.42,90
23650,4521,7,1224.66,0.44,0.25,1530.82,29
23651,4521,6,1093.94,0.36,0.25,1367.43,42
23652,4521,4,1238.42,0.41,0.25,1548.02,33
23653,7,10,3111.35,0.47,0.25,3889.19,92
23654,7,9,2875.9,0.33,0.25,3594.88,84
23655,7,6,2892.71,0.35,0.25,3615.89,43
23656,7,5,2674.08,0.14,0.25,3342.6,40
23657,7,1,2774.99,0.37,0.25,3468.74,46
23658,3729,4,2276.51,0.31,0.25,2845.64,92
23659,3729,6,2223.25,0.34,0.25,2779.06,55
23660,3729,5,2209.94,0.14,0.25,2762.42,40
23661,3729,10,2383.01,0.49,0.25,2978.76,89
23662,3729,8,2369.7,0.43,0.25,2962.12,43
23663,1927,7,9.64,0.46,0.25,12.05,40
23664,1927,1,9.2,0.39,0.25,11.5,50
23665,1927,3,8.92,0.11,0.25,11.15,39
23666,1927,8,8.64,0.35,0.25,10.8,49
23667,4857,6,634.83,0.37,0.25,793.54,63
23668,4857,9,631.1,0.46,0.25,788.88,65
23669,4857,4,601.22,0.38,0.25,751.53,38
23670,4857,3,638.57,0.12,0.25,798.21,55
23671,4857,1,660.97,0.49,0.25,826.21,31
23672,4857,8,616.16,0.32,0.25,770.2,67
23673,3584,2,445.12,0.46,0.25,556.4,54
23674,3584,4,452.63,0.48,0.25,565.79,61
23675,3584,9,440.12,0.46,0.25,550.15,38
23676,3584,8,427.62,0.32,0.25,534.52,28
23677,3584,1,442.62,0.39,0.25,553.28,85
23678,3686,9,2032.85,0.36,0.25,2541.06,93
23679,3686,2,2403.62,0.48,0.25,3004.52,57
23680,3686,5,1930.57,0.1,0.25,2413.21,71
23681,3686,1,2211.84,0.42,0.25,2764.8,15
23682,5166,6,381.67,0.45,0.25,477.09,85
23683,5166,9,354.11,0.38,0.25,442.64,91
23684,5166,7,345.63,0.32,0.25,432.04,53
23685,5166,5,362.59,0.13,0.25,453.24,86
23686,5166,3,335.02,0.12,0.25,418.78,64
23687,5166,8,366.83,0.47,0.25,458.54,33
23688,4642,9,1775.39,0.43,0.25,2219.24,18
23689,4642,1,1689.83,0.35,0.25,2112.29,15
23690,4642,7,1871.64,0.4,0.25,2339.55,62
23691,4642,4,1893.03,0.42,0.25,2366.29,63
23692,2337,10,45.46,0.46,0.25,56.82,73
23693,2337,8,42.87,0.33,0.25,53.59,49
23694,2337,7,44.43,0.31,0.25,55.54,53
23695,2337,9,46.24,0.49,0.25,57.8,49
23696,5294,6,74.18,0.46,0.25,92.72,80
23697,5294,1,75.96,0.37,0.25,94.95,72
23698,5294,4,78.18,0.44,0.25,97.72,87
23699,5294,3,72.4,0.12,0.25,90.5,43
23700,5294,5,75.96,0.13,0.25,94.95,87
23701,5294,10,79.51,0.46,0.25,99.39,38
23702,95,3,261.81,0.11,0.25,327.26,74
23703,95,6,281.69,0.36,0.25,352.11,24
23704,95,4,296.6,0.44,0.25,370.75,86
23705,95,2,308.2,0.48,0.25,385.25,90
23706,95,1,289.97,0.41,0.25,362.46,14
23707,95,10,285.0,0.46,0.25,356.25,95
23708,2005,7,17.24,0.5,0.25,21.55,54
23709,2005,8,15.36,0.33,0.25,19.2,25
23710,2005,10,18.04,0.49,0.25,22.55,50
23711,2005,3,15.26,0.1,0.25,19.08,94
23712,2005,9,17.74,0.4,0.25,22.17,56
23713,2313,2,63.38,0.48,0.25,79.23,11
23714,2313,4,60.0,0.31,0.25,75.0,63
23715,2313,8,66.38,0.44,0.25,82.98,84
23716,2313,10,61.13,0.31,0.25,76.41,42
23717,2313,6,60.37,0.4,0.25,75.46,100
23718,3098,6,6395.83,0.49,0.25,7994.79,72
23719,3098,1,6149.83,0.45,0.25,7687.29,83
23720,3098,4,6220.12,0.38,0.25,7775.15,74
23721,3098,9,5833.56,0.38,0.25,7291.95,70
23722,3098,2,6325.54,0.46,0.25,7906.92,42
23723,938,7,189.72,0.35,0.25,237.15,94
23724,938,9,187.49,0.33,0.25,234.36,38
23725,938,4,200.88,0.47,0.25,251.1,82
23726,938,1,184.14,0.34,0.25,230.18,32
23727,938,5,169.63,0.12,0.25,212.04,94
23728,3609,10,6302.85,0.33,0.25,7878.56,48
23729,3609,6,7030.1,0.39,0.25,8787.62,100
23730,3609,7,6908.9,0.36,0.25,8636.12,70
23731,3609,2,7110.91,0.46,0.25,8888.64,22
23732,3609,4,6868.49,0.35,0.25,8585.61,47
23733,3609,9,7353.33,0.49,0.25,9191.66,34
23734,5022,8,334.52,0.32,0.25,418.15,78
23735,5022,9,364.93,0.43,0.25,456.16,97
23736,5022,5,344.66,0.11,0.25,430.83,74
23737,2787,6,254.69,0.43,0.25,318.36,98
23738,2787,2,260.64,0.42,0.25,325.8,13
23739,2787,7,274.05,0.44,0.25,342.56,48
23740,2787,1,254.69,0.41,0.25,318.36,20
23741,2787,3,251.71,0.11,0.25,314.64,83
23742,547,5,70.31,0.12,0.25,87.89,46
23743,547,10,80.04,0.45,0.25,100.05,51
23744,547,8,75.62,0.34,0.25,94.52,22
23745,547,9,74.73,0.33,0.25,93.41,31
23746,545,9,75.83,0.44,0.25,94.79,74
23747,545,4,76.29,0.31,0.25,95.36,89
23748,545,3,74.91,0.14,0.25,93.64,60
23749,545,7,79.97,0.43,0.25,99.96,80
23750,545,6,75.83,0.4,0.25,94.79,40
23751,545,5,71.7,0.12,0.25,89.62,79
23752,4150,10,556.15,0.37,0.25,695.19,42
23753,4150,9,519.73,0.32,0.25,649.66,76
23754,4150,6,579.32,0.45,0.25,724.15,42
23755,3813,8,2467.7,0.49,0.25,3084.62,30
23756,3813,5,2167.4,0.11,0.25,2709.25,27
23757,3813,6,2089.06,0.39,0.25,2611.32,24
23758,3813,10,2115.17,0.32,0.25,2643.96,47
23759,2670,3,25.85,0.14,0.25,32.31,88
23760,2670,5,24.95,0.14,0.25,31.19,31
23761,2670,10,25.85,0.38,0.25,32.31,18
23762,2670,6,24.65,0.41,0.25,30.81,66
23763,2165,5,21.67,0.15,0.25,27.09,62
23764,2165,4,20.38,0.32,0.25,25.48,59
23765,2165,8,21.67,0.32,0.25,27.09,65
23766,2243,5,96.21,0.14,0.25,120.26,13
23767,2243,1,104.08,0.39,0.25,130.1,97
23768,2243,7,101.66,0.37,0.25,127.07,84
23769,2243,9,101.66,0.32,0.25,127.07,93
23770,929,4,217.01,0.31,0.25,271.26,51
23771,929,9,209.31,0.4,0.25,261.64,81
23772,929,7,223.43,0.44,0.25,279.29,70
23773,929,6,204.17,0.31,0.25,255.21,35
23774,929,5,218.3,0.15,0.25,272.88,61
23775,4122,5,1583.87,0.11,0.25,1979.84,72
23776,4122,1,1798.97,0.47,0.25,2248.71,40
23777,4122,9,1779.41,0.45,0.25,2224.26,75
23778,4122,4,1808.74,0.5,0.25,2260.93,78
23779,4122,7,1593.65,0.41,0.25,1992.06,38
23780,738,6,79.43,0.34,0.25,99.29,22
23781,738,1,75.51,0.31,0.25,94.39,20
23782,738,2,86.78,0.44,0.25,108.48,36
23783,738,3,79.43,0.12,0.25,99.29,10
23784,2965,3,218.89,0.14,0.25,273.61,95
23785,2965,8,212.33,0.37,0.25,265.41,42
23786,2965,7,237.24,0.45,0.25,296.55,71
23787,1933,1,8.81,0.4,0.25,11.01,54
23788,1933,10,8.24,0.39,0.25,10.3,12
23789,1933,5,8.55,0.14,0.25,10.69,58
23790,1933,8,8.5,0.38,0.25,10.62,54
23791,1933,9,9.16,0.45,0.25,11.45,78
23792,5000,4,37.0,0.41,0.25,46.25,65
23793,5000,2,39.28,0.49,0.25,49.1,61
23794,5000,8,39.28,0.46,0.25,49.1,13
23795,5000,9,38.83,0.38,0.25,48.54,46
23796,5000,5,37.0,0.11,0.25,46.25,32
23797,5000,3,38.83,0.11,0.25,48.54,49
23798,3923,9,2021.75,0.48,0.25,2527.19,42
23799,3923,2,2043.96,0.44,0.25,2554.95,54
23800,3923,6,1910.66,0.44,0.25,2388.33,15
23801,3923,7,1832.9,0.37,0.25,2291.12,51
23802,3923,8,1821.79,0.35,0.25,2277.24,65
23803,3923,1,1899.55,0.49,0.25,2374.44,11
23804,3542,8,674.61,0.33,0.25,843.26,67
23805,3542,4,755.74,0.46,0.25,944.68,67
23806,3542,5,713.04,0.14,0.25,891.3,25
23807,3542,6,725.85,0.49,0.25,907.31,57
23808,2594,1,252.97,0.33,0.25,316.21,30
23809,2594,2,259.38,0.32,0.25,324.23,49
23810,2594,7,296.2,0.49,0.25,370.25,28
23811,1793,7,571.86,0.33,0.25,714.82,80
23812,1793,2,648.85,0.39,0.25,811.06,14
23813,1793,10,597.53,0.31,0.25,746.91,30
23814,1793,6,623.19,0.43,0.25,778.99,58
23815,1793,3,575.53,0.13,0.25,719.41,29
23816,3521,2,4070.85,0.36,0.25,5088.56,24
23817,3521,4,3790.1,0.35,0.25,4737.62,42
23818,3521,10,4070.85,0.34,0.25,5088.56,96
23819,3521,5,3883.69,0.11,0.25,4854.61,41
23820,3521,6,4304.81,0.49,0.25,5381.01,24
23821,3559,4,5280.4,0.41,0.25,6600.5,37
23822,3559,5,5120.38,0.1,0.25,6400.48,56
23823,3559,2,5376.4,0.41,0.25,6720.5,45
23824,722,2,21.5,0.42,0.25,26.88,20
23825,722,9,20.71,0.36,0.25,25.89,56
23826,722,10,21.63,0.3,0.25,27.04,82
23827,722,7,21.5,0.37,0.25,26.88,52
23828,722,6,21.76,0.32,0.25,27.2,88
23829,1660,4,734.96,0.36,0.25,918.7,18
23830,1660,5,650.97,0.13,0.25,813.71,33
23831,1660,6,709.77,0.45,0.25,887.21,18
23832,1660,2,743.36,0.38,0.25,929.2,24
23833,4023,5,1667.22,0.15,0.25,2084.02,60
23834,4023,1,1786.3,0.43,0.25,2232.88,26
23835,4023,3,1667.22,0.13,0.25,2084.02,25
23836,4023,4,1786.3,0.46,0.25,2232.88,14
23837,4023,9,1706.91,0.33,0.25,2133.64,34
23838,2811,8,59.47,0.49,0.25,74.34,81
23839,2811,4,60.52,0.48,0.25,75.65,60
23840,2811,9,63.65,0.49,0.25,79.56,21
23841,2811,6,55.3,0.37,0.25,69.12,19
23842,3460,7,8849.66,0.44,0.25,11062.08,24
23843,3460,3,8112.19,0.12,0.25,10140.24,46
23844,3460,1,8210.52,0.36,0.25,10263.15,49
23845,3460,10,9144.65,0.46,0.25,11430.81,95
23846,3460,6,8210.52,0.42,0.25,10263.15,14
23847,3460,4,8112.19,0.31,0.25,10140.24,80
23848,1801,3,306.83,0.13,0.25,383.54,94
23849,1801,9,341.74,0.49,0.25,427.18,39
23850,1801,6,332.55,0.44,0.25,415.69,57
23851,1801,5,317.85,0.13,0.25,397.31,78
23852,1801,7,303.15,0.34,0.25,378.94,79
23853,4018,8,134.05,0.35,0.25,167.56,56
23854,4018,3,134.9,0.1,0.25,168.62,35
23855,4018,6,148.56,0.45,0.25,185.7,82
23856,4018,4,137.46,0.37,0.25,171.82,67
23857,3139,8,5606.52,0.3,0.25,7008.15,59
23858,3139,6,5505.19,0.37,0.25,6881.49,76
23859,3139,10,6180.68,0.49,0.25,7725.85,29
23860,3139,7,5741.61,0.39,0.25,7177.01,96
23861,592,9,29.66,0.36,0.25,37.08,99
23862,592,5,28.93,0.11,0.25,36.16,36
23863,592,6,31.68,0.46,0.25,39.6,34
23864,592,2,27.83,0.31,0.25,34.79,14
23865,592,1,31.86,0.38,0.25,39.83,49
23866,2179,5,7.66,0.11,0.25,9.57,37
23867,2179,7,8.54,0.39,0.25,10.68,70
23868,2179,2,8.3,0.38,0.25,10.38,86
23869,1735,6,241.41,0.37,0.25,301.76,22
23870,1735,4,249.05,0.32,0.25,311.31,42
23871,1735,10,276.55,0.41,0.25,345.69,75
23872,1558,8,526.25,0.36,0.25,657.81,86
23873,1558,6,510.86,0.42,0.25,638.58,63
23874,1558,4,526.25,0.46,0.25,657.81,59
23875,1558,10,572.42,0.47,0.25,715.52,23
23876,4979,6,84.56,0.3,0.25,105.7,74
23877,4979,7,86.77,0.36,0.25,108.46,34
23878,4979,8,90.64,0.36,0.25,113.3,17
23879,4979,3,88.43,0.15,0.25,110.54,51
23880,4979,1,93.96,0.32,0.25,117.45,62
23881,4979,2,92.85,0.3,0.25,116.06,62
23882,2295,2,129.29,0.33,0.25,161.61,30
23883,2295,7,137.91,0.4,0.25,172.39,89
23884,2295,6,136.35,0.39,0.25,170.44,47
23885,2295,3,123.81,0.13,0.25,154.76,17
23886,2295,9,123.03,0.31,0.25,153.79,93
23887,2295,5,131.64,0.14,0.25,164.55,10
23888,4080,9,2163.03,0.34,0.25,2703.79,84
23889,4080,3,2083.41,0.1,0.25,2604.26,25
23890,4080,10,2388.62,0.46,0.25,2985.77,89
23891,1941,4,31.24,0.39,0.25,39.05,31
23892,1941,1,29.98,0.31,0.25,37.48,96
23893,1941,10,30.34,0.36,0.25,37.92,54
23894,1941,6,33.95,0.49,0.25,42.44,16
23895,1941,8,27.09,0.3,0.25,33.86,32
23896,2162,10,32.42,0.47,0.25,40.53,91
23897,2162,2,29.81,0.33,0.25,37.26,61
23898,2162,4,31.72,0.45,0.25,39.65,74
23899,2162,6,29.98,0.36,0.25,37.48,25
23900,2261,6,105.4,0.4,0.25,131.75,88
23901,2261,3,107.25,0.14,0.25,134.06,45
23902,2261,9,107.25,0.46,0.25,134.06,62
23903,2261,10,109.1,0.41,0.25,136.38,10
23904,2261,8,108.49,0.5,0.25,135.61,79
23905,2261,5,94.93,0.11,0.25,118.66,77
23906,3790,4,3089.55,0.39,0.25,3861.94,64
23907,3790,7,3071.05,0.44,0.25,3838.81,45
23908,3790,5,2960.05,0.12,0.25,3700.06,90
23909,3790,9,3274.55,0.47,0.25,4093.19,48
23910,43,4,1034.17,0.32,0.25,1292.71,90
23911,43,10,1159.33,0.38,0.25,1449.16,20
23912,43,7,1165.92,0.4,0.25,1457.4,29
23913,43,9,1106.63,0.37,0.25,1383.29,70
23914,4106,7,1120.0,0.47,0.25,1400.0,24
23915,4106,10,1185.11,0.49,0.25,1481.39,67
23916,4106,9,1139.53,0.35,0.25,1424.41,60
23917,4106,3,1015.81,0.13,0.25,1269.76,89
23918,4106,1,1061.39,0.41,0.25,1326.74,96
23919,4106,5,1061.39,0.14,0.25,1326.74,74
23920,1367,10,76.73,0.3,0.25,95.91,99
23921,1367,3,71.7,0.15,0.25,89.62,87
23922,1367,2,72.62,0.34,0.25,90.78,85
23923,1367,8,73.07,0.36,0.25,91.34,63
23924,3442,10,3752.31,0.47,0.25,4690.39,64
23925,3442,5,3175.03,0.1,0.25,3968.79,24
23926,3442,3,3216.27,0.1,0.25,4020.34,89
23927,3442,2,3504.91,0.37,0.25,4381.14,45
23928,3442,6,3175.03,0.33,0.25,3968.79,16
23929,3442,8,3752.31,0.49,0.25,4690.39,68
23930,1849,4,29.86,0.42,0.25,37.33,88
23931,1849,3,29.14,0.11,0.25,36.42,93
23932,1849,7,31.11,0.48,0.25,38.89,70
23933,1849,1,31.11,0.42,0.25,38.89,81
23934,4778,7,194.85,0.32,0.25,243.56,28
23935,4778,1,219.95,0.44,0.25,274.94,34
23936,4778,3,202.02,0.12,0.25,252.52,57
23937,3321,9,524.44,0.46,0.25,655.55,66
23938,3321,4,503.82,0.47,0.25,629.78,38
23939,3321,3,506.76,0.12,0.25,633.45,55
23940,2044,4,6.3,0.39,0.25,7.88,26
23941,2044,1,5.8,0.38,0.25,7.25,53
23942,2044,2,5.69,0.3,0.25,7.11,87
23943,2494,9,112.78,0.5,0.25,140.98,11
23944,2494,1,97.78,0.39,0.25,122.22,58
23945,2494,4,108.58,0.47,0.25,135.72,68
23946,2494,7,113.38,0.49,0.25,141.72,41
23947,2494,8,106.18,0.46,0.25,132.73,69
23948,2494,10,106.18,0.38,0.25,132.73,21
23949,1391,10,140.98,0.49,0.25,176.22,92
23950,1391,9,137.87,0.43,0.25,172.34,45
23951,1391,1,122.29,0.36,0.25,152.86,21
23952,1391,4,128.52,0.36,0.25,160.65,73
23953,1391,5,126.18,0.15,0.25,157.73,62
23954,2543,5,162.49,0.15,0.25,203.11,73
23955,2543,8,149.26,0.32,0.25,186.58,40
23956,2543,4,162.49,0.46,0.25,203.11,64
23957,2543,10,158.71,0.44,0.25,198.39,94
23958,4540,9,1708.21,0.34,0.25,2135.26,37
23959,4540,3,1666.8,0.14,0.25,2083.5,21
23960,4540,2,1749.62,0.31,0.25,2187.02,17
23961,4540,10,1811.74,0.48,0.25,2264.68,31
23962,4540,8,1759.98,0.32,0.25,2199.98,86
23963,4540,7,1863.5,0.43,0.25,2329.38,54
23964,4169,7,229.62,0.38,0.25,287.02,84
23965,4169,2,237.63,0.39,0.25,297.04,89
23966,4169,1,222.94,0.41,0.25,278.68,93
23967,4169,6,208.26,0.31,0.25,260.32,55
23968,4169,3,228.29,0.11,0.25,285.36,24
23969,2886,7,52.17,0.46,0.25,65.21,56
23970,2886,9,55.22,0.49,0.25,69.03,46
23971,2886,6,51.56,0.43,0.25,64.45,57
23972,2886,5,48.21,0.13,0.25,60.26,15
23973,2463,10,87.22,0.47,0.25,109.02,71
23974,2463,3,78.21,0.13,0.25,97.76,15
23975,2463,1,86.27,0.42,0.25,107.84,100
23976,2463,5,72.05,0.1,0.25,90.06,10
23977,2463,8,75.84,0.39,0.25,94.8,51
23978,1711,2,263.73,0.32,0.25,329.66,42
23979,1711,8,251.09,0.34,0.25,313.86,68
23980,1711,6,258.99,0.31,0.25,323.74,73
23981,1711,9,273.2,0.35,0.25,341.5,92
23982,4060,6,1576.61,0.32,0.25,1970.76,72
23983,4060,7,1595.72,0.4,0.25,1994.65,30
23984,4060,9,1748.6,0.46,0.25,2185.75,22
23985,4060,5,1481.06,0.11,0.25,1851.32,69
23986,4060,3,1528.83,0.13,0.25,1911.04,10
23987,4060,1,1586.16,0.39,0.25,1982.7,36
23988,3479,1,7718.82,0.39,0.25,9648.52,44
23989,3479,3,7574.09,0.12,0.25,9467.61,56
23990,3479,4,8345.97,0.49,0.25,10432.46,56
23991,3989,3,747.15,0.13,0.25,933.94,88
23992,3989,6,801.49,0.49,0.25,1001.86,75
23993,3989,4,747.15,0.39,0.25,933.94,36
23994,3989,10,801.49,0.49,0.25,1001.86,70
23995,4972,7,145.98,0.4,0.25,182.48,59
23996,4972,6,147.7,0.4,0.25,184.62,20
23997,4972,2,154.57,0.49,0.25,193.21,45
23998,4972,8,142.54,0.45,0.25,178.18,97
23999,2146,5,15.23,0.11,0.25,19.04,25
24000,2146,1,16.28,0.45,0.25,20.35,71
24001,2146,4,17.61,0.49,0.25,22.01,83
24002,2146,10,14.76,0.32,0.25,18.45,86
24003,3949,3,1233.54,0.14,0.25,1541.92,35
24004,3949,2,1384.89,0.44,0.25,1731.11,60
24005,3949,7,1309.21,0.48,0.25,1636.51,86
24006,4276,9,566.25,0.45,0.25,707.81,97
24007,4276,3,534.61,0.14,0.25,668.26,15
24008,4276,2,496.65,0.31,0.25,620.81,57
24009,4276,1,534.61,0.35,0.25,668.26,55
24010,4956,5,484.41,0.13,0.25,605.51,74
24011,4956,8,487.4,0.41,0.25,609.25,66
24012,4956,10,469.46,0.31,0.25,586.82,31
24013,1948,2,29.57,0.46,0.25,36.96,54
24014,1948,5,26.8,0.1,0.25,33.5,89
24015,1948,7,26.97,0.3,0.25,33.71,79
24016,1948,9,29.57,0.37,0.25,36.96,75
24017,1948,3,27.15,0.11,0.25,33.94,29
24018,1948,1,29.74,0.47,0.25,37.17,20
24019,298,8,66.95,0.43,0.25,83.69,37
24020,298,2,67.35,0.35,0.25,84.19,11
24021,298,3,65.75,0.14,0.25,82.19,32
24022,298,5,67.35,0.12,0.25,84.19,39
24023,4372,5,2147.89,0.13,0.25,2684.86,60
24024,4372,10,2252.03,0.42,0.25,2815.04,59
24025,4372,7,2095.82,0.38,0.25,2619.78,85
24026,4372,6,2291.08,0.44,0.25,2863.85,16
24027,1500,3,626.99,0.14,0.25,783.74,25
24028,1500,10,656.15,0.46,0.25,820.19,17
24029,1500,6,645.22,0.48,0.25,806.53,19
24030,1500,2,626.99,0.33,0.25,783.74,92
24031,1500,1,590.54,0.42,0.25,738.18,75
24032,1500,4,637.93,0.38,0.25,797.41,73
24033,5145,7,349.73,0.37,0.25,437.16,55
24034,5145,2,337.46,0.43,0.25,421.82,43
24035,5145,4,331.32,0.41,0.25,414.15,64
24036,4253,3,505.8,0.1,0.25,632.25,50
24037,4253,7,584.11,0.46,0.25,730.14,10
24038,4253,10,574.32,0.43,0.25,717.9,72
24039,4253,4,544.95,0.33,0.25,681.19,76
24040,4253,2,535.16,0.33,0.25,668.95,12
24041,5330,1,141.79,0.34,0.25,177.24,80
24042,5330,10,141.79,0.46,0.25,177.24,55
24043,5330,7,150.76,0.46,0.25,188.45,90
24044,4363,1,669.67,0.48,0.25,837.09,69
24045,4363,7,673.33,0.46,0.25,841.66,10
24046,4363,9,684.31,0.49,0.25,855.39,24
24047,4363,4,625.76,0.48,0.25,782.2,52
24048,4049,6,421.76,0.46,0.25,527.2,60
24049,4049,1,390.78,0.43,0.25,488.48,74
24050,4049,3,371.72,0.1,0.25,464.65,44
24051,654,7,27.01,0.3,0.25,33.76,40
24052,654,5,26.53,0.12,0.25,33.16,74
24053,654,4,28.6,0.41,0.25,35.75,10
24054,654,8,26.53,0.4,0.25,33.16,35
24055,4390,3,736.55,0.1,0.25,920.69,13
24056,4390,2,833.83,0.43,0.25,1042.29,34
24057,4390,4,801.41,0.43,0.25,1001.76,96
24058,4390,9,708.76,0.33,0.25,885.95,94
24059,4390,8,782.88,0.32,0.25,978.6,62
24060,5247,1,532.84,0.43,0.25,666.05,27
24061,5247,5,517.08,0.13,0.25,646.35,41
24062,5247,9,564.37,0.43,0.25,705.46,75
24063,5247,6,513.92,0.41,0.25,642.4,74
24064,4001,2,207.72,0.4,0.25,259.65,67
24065,4001,5,215.41,0.14,0.25,269.26,81
24066,4001,10,197.46,0.32,0.25,246.82,16
24067,4001,8,239.77,0.48,0.25,299.71,17
24068,4001,4,211.56,0.44,0.25,264.45,98
24069,4001,6,214.13,0.35,0.25,267.66,91
24070,563,5,40.98,0.14,0.25,51.22,61
24071,563,8,49.18,0.47,0.25,61.48,60
24072,563,9,44.15,0.43,0.25,55.19,64
24073,1300,6,43.23,0.33,0.25,54.04,13
24074,1300,7,44.89,0.35,0.25,56.11,45
24075,1300,8,44.34,0.32,0.25,55.42,10
24076,1300,1,42.4,0.3,0.25,53.0,81
24077,1300,2,45.44,0.34,0.25,56.8,96
24078,1485,5,51.38,0.13,0.25,64.23,83
24079,1485,2,52.87,0.42,0.25,66.09,19
24080,1485,9,46.0,0.34,0.25,57.5,35
24081,1485,7,52.87,0.47,0.25,66.09,43
24082,221,8,273.39,0.37,0.25,341.74,60
24083,221,3,251.14,0.14,0.25,313.92,51
24084,221,2,273.39,0.32,0.25,341.74,19
24085,221,5,270.22,0.1,0.25,337.78,58
24086,221,1,265.45,0.4,0.25,331.81,55
24087,221,10,267.04,0.4,0.25,333.8,96
24088,1703,6,58.26,0.32,0.25,72.82,19
24089,1703,5,59.77,0.15,0.25,74.71,25
24090,1703,3,58.64,0.12,0.25,73.3,31
24091,1703,7,65.82,0.49,0.25,82.28,87
24092,2280,7,86.73,0.34,0.25,108.41,22
24093,2280,2,98.8,0.48,0.25,123.5,64
24094,2280,6,94.41,0.41,0.25,118.01,45
24095,2280,9,86.18,0.35,0.25,107.72,64
24096,2280,1,90.02,0.43,0.25,112.52,35
24097,2280,3,86.73,0.12,0.25,108.41,99
24098,4005,5,710.15,0.12,0.25,887.69,13
24099,4005,3,676.34,0.13,0.25,845.42,99
24100,4005,8,701.7,0.31,0.25,877.12,51
24101,4768,9,256.0,0.43,0.25,320.0,71
24102,4768,5,230.7,0.12,0.25,288.38,55
24103,4768,4,264.94,0.43,0.25,331.18,85
24104,4768,6,253.03,0.48,0.25,316.29,95
24105,2309,3,29.3,0.14,0.25,36.62,57
24106,2309,1,30.04,0.36,0.25,37.55,65
24107,2309,8,31.33,0.36,0.25,39.16,52
24108,3887,1,1965.14,0.46,0.25,2456.43,50
24109,3887,2,1954.35,0.47,0.25,2442.94,91
24110,3887,5,1759.99,0.11,0.25,2199.99,28
24111,3887,8,2029.93,0.5,0.25,2537.41,52
24112,3887,7,1932.75,0.4,0.25,2415.94,36
24113,3887,3,1630.42,0.1,0.25,2038.02,35
24114,5356,7,277.44,0.48,0.25,346.8,50
24115,5356,8,240.65,0.36,0.25,300.81,61
24116,5356,5,231.45,0.11,0.25,289.31,100
24117,5356,4,259.04,0.41,0.25,323.8,32
24118,5356,3,246.78,0.12,0.25,308.48,58
24119,4528,3,836.48,0.1,0.25,1045.6,66
24120,4528,8,852.06,0.41,0.25,1065.07,47
24121,4528,2,846.87,0.35,0.25,1058.59,25
24122,4528,6,815.69,0.36,0.25,1019.61,67
24123,773,7,83.12,0.48,0.25,103.9,87
24124,773,4,72.22,0.32,0.25,90.28,13
24125,773,3,71.31,0.13,0.25,89.14,65
24126,3597,2,2509.84,0.32,0.25,3137.3,92
24127,3597,9,2359.55,0.36,0.25,2949.44,29
24128,3597,1,2509.84,0.43,0.25,3137.3,53
24129,3597,8,2494.81,0.34,0.25,3118.51,52
24130,3597,6,2810.42,0.48,0.25,3513.02,77
24131,488,9,212.92,0.45,0.25,266.15,31
24132,488,8,201.91,0.44,0.25,252.39,90
24133,488,1,203.13,0.45,0.25,253.91,10
24134,488,10,203.13,0.32,0.25,253.91,40
24135,3253,9,2274.13,0.44,0.25,2842.66,80
24136,3253,3,2044.16,0.12,0.25,2555.2,75
24137,3253,7,2069.71,0.4,0.25,2587.14,37
24138,3253,6,2338.01,0.46,0.25,2922.51,55
24139,3446,4,670.09,0.42,0.25,837.61,52
24140,3446,6,678.17,0.38,0.25,847.71,70
24141,3446,5,674.13,0.14,0.25,842.66,28
24142,1410,6,163.38,0.37,0.25,204.22,73
24143,1410,4,168.42,0.39,0.25,210.52,97
24144,1410,5,157.33,0.14,0.25,196.66,18
24145,3219,5,1471.02,0.14,0.25,1838.78,12
24146,3219,3,1490.13,0.11,0.25,1862.66,41
24147,3219,7,1604.75,0.33,0.25,2005.94,31
24148,3219,1,1623.86,0.4,0.25,2029.82,42
24149,4163,3,134.1,0.14,0.25,167.62,64
24150,4163,2,137.45,0.34,0.25,171.81,70
24151,4163,1,144.99,0.5,0.25,181.24,47
24152,4303,4,241.09,0.44,0.25,301.36,81
24153,4303,7,236.84,0.34,0.25,296.05,81
24154,4303,9,249.6,0.47,0.25,312.0,51
24155,4303,10,234.0,0.34,0.25,292.5,36
24156,4303,3,235.42,0.12,0.25,294.27,44
24157,1733,6,106.75,0.42,0.25,133.44,74
24158,1733,8,115.01,0.44,0.25,143.76,32
24159,1733,5,97.85,0.12,0.25,122.31,41
24160,1733,4,118.82,0.47,0.25,148.52,49
24161,1733,9,103.57,0.4,0.25,129.46,52
24162,2913,5,135.52,0.15,0.25,169.4,45
24163,2913,4,131.65,0.45,0.25,164.56,87
24164,2913,1,130.87,0.44,0.25,163.59,48
24165,2913,2,136.29,0.47,0.25,170.36,14
24166,4554,7,588.46,0.48,0.25,735.58,67
24167,4554,1,588.46,0.44,0.25,735.58,35
24168,4554,8,534.04,0.3,0.25,667.55,48
24169,4554,3,557.85,0.14,0.25,697.31,29
24170,4411,9,2277.82,0.36,0.25,2847.28,18
24171,4411,4,2469.92,0.48,0.25,3087.4,46
24172,4411,5,2113.16,0.13,0.25,2641.45,29
24173,4411,10,2442.48,0.43,0.25,3053.1,90
24174,753,9,41.88,0.37,0.25,52.35,89
24175,753,10,43.82,0.43,0.25,54.78,75
24176,753,5,40.43,0.12,0.25,50.54,42
24177,5353,3,487.78,0.1,0.25,609.72,22
24178,5353,1,481.6,0.35,0.25,602.0,48
24179,5353,4,512.48,0.37,0.25,640.6,67
24180,5353,5,512.48,0.11,0.25,640.6,37
24181,5353,6,515.56,0.42,0.25,644.45,20
24182,1636,9,238.12,0.39,0.25,297.65,65
24183,1636,6,239.46,0.44,0.25,299.32,82
24184,1636,7,205.83,0.31,0.25,257.29,24
24185,1636,3,219.28,0.12,0.25,274.1,93
24186,1636,8,244.84,0.47,0.25,306.05,59
24187,1636,2,226.01,0.47,0.25,282.51,70
24188,3323,1,4451.47,0.39,0.25,5564.34,16
24189,3323,7,4478.45,0.4,0.25,5598.06,17
24190,3323,4,4586.36,0.43,0.25,5732.95,47
24191,3323,5,4316.58,0.12,0.25,5395.72,16
24192,3323,9,4748.23,0.46,0.25,5935.29,15
24193,4471,2,1221.38,0.33,0.25,1526.72,22
24194,4471,10,1294.08,0.39,0.25,1617.6,86
24195,4471,6,1163.22,0.35,0.25,1454.02,99
24196,4471,8,1228.65,0.33,0.25,1535.81,95
24197,4471,3,1192.3,0.12,0.25,1490.38,85
24198,2215,8,2.47,0.35,0.25,3.09,49
24199,2215,2,2.7,0.5,0.25,3.38,43
24200,2215,4,2.46,0.4,0.25,3.08,19
24201,2215,10,2.49,0.39,0.25,3.11,17
24202,2215,1,2.66,0.49,0.25,3.32,94
24203,2215,3,2.5,0.12,0.25,3.12,57
24204,249,3,48.66,0.11,0.25,60.82,19
24205,249,9,49.59,0.3,0.25,61.99,81
24206,249,10,51.46,0.37,0.25,64.32,84
24207,2338,1,47.26,0.47,0.25,59.08,18
24208,2338,2,47.54,0.36,0.25,59.42,67
24209,2338,10,43.88,0.34,0.25,54.85,54
24210,2338,9,48.95,0.4,0.25,61.19,90
24211,3116,1,1360.83,0.32,0.25,1701.04,70
24212,3116,8,1393.23,0.37,0.25,1741.54,21
24213,3116,6,1336.53,0.36,0.25,1670.66,81
24214,3116,5,1360.83,0.11,0.25,1701.04,76
24215,3116,4,1401.33,0.45,0.25,1751.66,60
24216,3116,3,1377.03,0.11,0.25,1721.29,11
24217,2806,9,113.67,0.37,0.25,142.09,22
24218,2806,8,111.1,0.44,0.25,138.88,93
24219,2806,10,118.81,0.46,0.25,148.51,34
24220,4544,8,1064.5,0.4,0.25,1330.62,27
24221,4544,5,966.05,0.1,0.25,1207.56,77
24222,4544,1,1119.88,0.49,0.25,1399.85,32
24223,5082,6,706.21,0.48,0.25,882.76,15
24224,5082,1,672.98,0.35,0.25,841.22,28
24225,5082,3,689.6,0.11,0.25,862.0,10
24226,2537,5,140.84,0.12,0.25,176.05,78
24227,2537,8,156.18,0.36,0.25,195.23,77
24228,2537,3,139.93,0.14,0.25,174.91,73
24229,2537,10,151.67,0.37,0.25,189.59,14
24230,2839,6,170.38,0.39,0.25,212.98,72
24231,2839,7,176.57,0.42,0.25,220.71,82
24232,2839,3,162.12,0.14,0.25,202.65,29
24233,2839,5,176.57,0.12,0.25,220.71,74
